transaction_id,montant_eur,heure,anciennete_client_j,nb_articles,distance_domicile_km
TXS2-00001,65.27,15.05,27,7,119.74
TXS2-00002,21.96,22.72,250,4,14.41
TXS2-00003,65.13,11.65,1,4,2.75
TXS2-00004,47.46,18.74,32,4,3.14
TXS2-00005,130.13,7.43,268,4,21.66
TXS2-00006,103.81,9.95,297,4,6.46
TXS2-00007,103.17,18.55,310,4,5.34
TXS2-00008,76.51,11.22,117,3,4.15
TXS2-00009,53.0,21.39,124,5,19.58
TXS2-00010,21.18,18.68,110,4,69.42
TXS2-00011,30.45,16.06,117,8,6.26
TXS2-00012,46.73,18.4,201,3,27.53
TXS2-00013,280.83,21.3,170,7,13.29
TXS2-00014,74.21,21.41,74,5,3.28
TXS2-00015,36.86,13.05,5,3,13.58
TXS2-00016,272.5,10.29,865,4,4.79
TXS2-00017,120.47,20.85,174,2,7.29
TXS2-00018,111.85,17.91,152,4,48.62
TXS2-00019,56.42,18.93,167,5,9.17
TXS2-00020,37.48,10.88,191,4,15.79
TXS2-00021,95.03,20.06,4,6,6.35
TXS2-00022,249.65,20.59,382,4,11.3
TXS2-00023,31.56,10.78,75,3,3.06
TXS2-00024,52.63,10.38,5,5,7.61
TXS2-00025,51.94,9.52,400,5,7.2
TXS2-00026,128.2,21.81,13,3,2.11
TXS2-00027,53.76,23.15,171,3,16.98
TXS2-00028,135.06,9.02,178,5,28.95
TXS2-00029,21.78,18.46,464,3,5.62
TXS2-00030,31.41,15.72,26,3,1.44
TXS2-00031,121.8,18.73,391,1,5.96
TXS2-00032,16.5,19.58,281,6,2.36
TXS2-00033,57.0,12.08,119,6,7.87
TXS2-00034,134.72,23.73,175,5,7.42
TXS2-00035,82.35,10.38,222,2,6.26
TXS2-00036,16.27,18.17,246,5,9.21
TXS2-00037,74.06,12.82,15,3,7.94
TXS2-00038,76.15,13.44,33,1,4.13
TXS2-00039,36.66,21.17,158,4,1.1
TXS2-00040,48.52,14.87,445,4,36.4
TXS2-00041,46.87,12.76,34,3,2.32
TXS2-00042,34.41,21.91,14,5,12.1
TXS2-00043,22.5,15.71,95,1,3.0
TXS2-00044,58.95,20.35,70,6,11.25
TXS2-00045,19.32,15.83,398,2,4.67
TXS2-00046,109.94,13.7,121,3,10.39
TXS2-00047,110.2,14.88,261,4,2.37
TXS2-00048,52.21,23.18,301,9,4.94
TXS2-00049,131.61,20.72,26,2,5.46
TXS2-00050,166.78,19.93,46,2,12.23
TXS2-00051,62.04,20.31,231,7,3.44
TXS2-00052,58.99,21.1,559,2,38.53
TXS2-00053,121.04,14.92,403,4,2.5
TXS2-00054,126.02,20.79,270,4,35.43
TXS2-00055,122.55,13.52,23,4,15.05
TXS2-00056,122.39,13.56,46,5,9.21
TXS2-00057,58.51,10.87,118,4,2.6
TXS2-00058,25.85,19.25,744,4,4.51
TXS2-00059,47.75,9.01,29,1,19.62
TXS2-00060,57.67,23.22,58,2,31.94
TXS2-00061,17.31,13.81,716,1,54.13
TXS2-00062,175.53,18.26,619,6,5.92
TXS2-00063,47.42,19.8,37,3,1.37
TXS2-00064,187.43,0.02,45,1,1.29
TXS2-00065,41.54,15.06,4,7,8.44
TXS2-00066,99.55,19.5,14,6,13.11
TXS2-00067,115.94,10.96,93,4,1.45
TXS2-00068,49.48,11.82,106,6,8.01
TXS2-00069,38.63,15.7,254,1,13.52
TXS2-00070,23.68,20.73,65,5,3.48
TXS2-00071,91.05,19.08,120,4,10.15
TXS2-00072,70.87,17.38,23,1,3.54
TXS2-00073,87.74,21.26,52,3,54.41
TXS2-00074,21.0,20.63,17,5,16.54
TXS2-00075,199.32,9.05,81,3,1.25
TXS2-00076,95.13,17.13,31,8,2.02
TXS2-00077,40.2,14.23,39,4,9.3
TXS2-00078,92.42,21.36,235,3,5.94
TXS2-00079,58.99,13.9,416,2,18.38
TXS2-00080,37.46,15.27,341,4,1.97
TXS2-00081,305.63,19.52,233,3,5.19
TXS2-00082,58.26,16.69,498,2,7.43
TXS2-00083,30.74,17.85,22,3,3.7
TXS2-00084,30.03,21.53,152,5,4.37
TXS2-00085,18.74,21.63,124,2,71.37
TXS2-00086,13.74,16.69,431,4,62.92
TXS2-00087,133.45,14.79,440,4,3.75
TXS2-00088,52.51,10.75,56,4,4.57
TXS2-00089,47.16,12.35,261,2,7.2
TXS2-00090,79.99,20.6,62,7,2.67
TXS2-00091,71.83,20.93,82,5,26.59
TXS2-00092,101.35,17.67,193,4,2.81
TXS2-00093,27.17,22.73,75,3,1.91
TXS2-00094,41.21,22.41,27,4,15.69
TXS2-00095,33.36,15.54,70,2,9.15
TXS2-00096,60.11,23.77,195,3,1.71
TXS2-00097,45.18,19.45,52,3,2.49
TXS2-00098,117.04,18.75,40,1,1.81
TXS2-00099,39.65,14.35,32,2,8.99
TXS2-00100,25.94,9.69,158,2,4.85
TXS2-00101,15.13,22.83,167,3,9.8
TXS2-00102,171.41,12.01,122,3,5.91
TXS2-00103,100.5,15.08,26,4,60.47
TXS2-00104,12.18,12.45,628,2,2.22
TXS2-00105,25.16,16.26,4,2,17.31
TXS2-00106,413.85,20.46,189,5,4.1
TXS2-00107,28.58,19.31,298,3,1.05
TXS2-00108,33.95,11.77,24,1,14.22
TXS2-00109,20.99,15.46,562,3,11.48
TXS2-00110,45.85,20.8,110,2,63.66
TXS2-00111,82.92,8.35,387,5,2.87
TXS2-00112,43.68,20.54,69,2,24.46
TXS2-00113,28.25,11.69,200,3,3.61
TXS2-00114,88.13,17.8,46,5,5.22
TXS2-00115,113.79,15.66,92,4,20.88
TXS2-00116,178.45,20.91,445,2,5.45
TXS2-00117,37.57,21.06,175,2,27.97
TXS2-00118,74.59,21.02,528,4,13.57
TXS2-00119,68.53,18.55,122,3,3.86
TXS2-00120,179.0,17.05,279,3,38.39
TXS2-00121,20.18,13.92,106,4,11.52
TXS2-00122,42.86,14.96,110,2,1.64
TXS2-00123,218.17,13.82,536,3,1.5
TXS2-00124,41.18,21.25,526,2,9.1
TXS2-00125,25.59,19.56,465,4,2.88
TXS2-00126,147.36,18.27,139,3,4.63
TXS2-00127,61.37,14.16,1401,3,6.61
TXS2-00128,49.98,13.99,41,3,11.03
TXS2-00129,28.93,8.48,148,3,2.56
TXS2-00130,100.17,11.39,244,7,12.54
TXS2-00131,248.63,20.85,143,4,5.91
TXS2-00132,41.24,20.03,137,2,2.4
TXS2-00133,18.88,19.77,366,4,20.89
TXS2-00134,42.47,18.79,33,3,2.7
TXS2-00135,146.51,21.89,160,7,3.82
TXS2-00136,154.53,9.16,117,4,7.85
TXS2-00137,22.85,17.58,367,2,34.93
TXS2-00138,175.01,15.88,189,4,3.86
TXS2-00139,135.47,19.89,256,4,49.46
TXS2-00140,52.36,17.96,124,5,2.58
TXS2-00141,86.47,18.38,237,4,1.99
TXS2-00142,166.87,12.51,53,5,33.98
TXS2-00143,40.09,12.46,9,2,4.01
TXS2-00144,202.6,21.04,126,5,2.41
TXS2-00145,40.17,19.43,9,3,0.82
TXS2-00146,45.11,19.53,114,4,30.3
TXS2-00147,15.06,13.37,448,4,7.32
TXS2-00148,75.81,20.74,56,4,1.04
TXS2-00149,17.05,12.49,802,6,12.09
TXS2-00150,41.32,21.79,96,4,4.76
TXS2-00151,62.35,11.1,98,4,3.62
TXS2-00152,22.14,15.35,536,2,2.26
TXS2-00153,17.8,18.96,58,2,48.6
TXS2-00154,72.37,20.89,24,4,3.75
TXS2-00155,109.99,15.57,17,5,24.4
TXS2-00156,81.45,22.1,325,2,12.4
TXS2-00157,208.64,21.61,39,2,11.67
TXS2-00158,49.01,0.46,693,4,2.24
TXS2-00159,227.85,15.57,649,3,1.62
TXS2-00160,39.92,19.5,455,4,7.4
TXS2-00161,112.59,19.68,963,3,6.53
TXS2-00162,16.71,19.67,62,4,17.39
TXS2-00163,35.44,10.03,49,1,5.18
TXS2-00164,104.06,12.68,823,2,1.45
TXS2-00165,164.22,15.93,290,3,53.44
TXS2-00166,61.37,22.86,227,3,3.53
TXS2-00167,98.62,11.25,122,7,28.32
TXS2-00168,26.11,21.53,158,3,7.2
TXS2-00169,75.57,10.73,3,2,19.72
TXS2-00170,167.74,22.43,71,5,1.29
TXS2-00171,48.33,14.62,95,2,23.4
TXS2-00172,23.99,21.37,40,3,11.4
TXS2-00173,46.98,21.52,332,2,8.86
TXS2-00174,88.14,18.81,602,1,46.02
TXS2-00175,43.84,23.27,330,2,2.08
TXS2-00176,17.02,22.68,79,4,8.41
TXS2-00177,124.97,22.91,46,3,11.03
TXS2-00178,70.78,22.24,138,4,4.57
TXS2-00179,33.82,14.94,179,1,1.63
TXS2-00180,38.79,22.53,31,3,11.7
TXS2-00181,36.44,16.96,149,2,2.46
TXS2-00182,106.6,14.23,132,1,3.8
TXS2-00183,16.92,15.74,356,4,2.42
TXS2-00184,20.37,13.09,30,3,57.68
TXS2-00185,76.3,10.63,337,5,12.22
TXS2-00186,171.62,9.79,185,2,5.85
TXS2-00187,57.47,18.51,786,5,39.49
TXS2-00188,56.12,21.15,180,4,8.38
TXS2-00189,72.73,20.39,74,2,11.86
TXS2-00190,11.07,20.89,482,6,6.44
TXS2-00191,10.93,22.74,145,4,28.83
TXS2-00192,21.96,12.81,434,4,11.16
TXS2-00193,68.11,20.53,322,5,8.52
TXS2-00194,144.58,10.51,102,4,21.09
TXS2-00195,14.54,17.25,599,4,240.96
TXS2-00196,43.55,17.29,182,3,4.48
TXS2-00197,381.75,12.87,684,3,3.77
TXS2-00198,123.55,19.1,103,4,2.27
TXS2-00199,26.59,20.59,529,3,12.97
TXS2-00200,70.49,22.84,374,5,8.88
TXS2-00201,153.1,10.32,182,3,4.05
TXS2-00202,12.46,22.54,284,5,1.01
TXS2-00203,45.75,20.13,629,5,2.17
TXS2-00204,33.14,21.14,16,4,5.22
TXS2-00205,138.55,12.73,128,4,3.22
TXS2-00206,18.66,23.16,248,4,4.46
TXS2-00207,128.84,13.57,283,3,45.13
TXS2-00208,212.96,15.49,2,5,6.72
TXS2-00209,19.94,15.78,241,1,3.43
TXS2-00210,68.03,23.14,243,4,4.31
TXS2-00211,34.53,21.94,239,2,17.15
TXS2-00212,106.36,14.57,277,6,4.1
TXS2-00213,157.03,23.24,301,2,3.64
TXS2-00214,56.62,12.74,28,7,10.98
TXS2-00215,50.53,19.28,139,2,6.18
TXS2-00216,15.8,17.34,34,8,4.85
TXS2-00217,13.61,18.16,186,2,8.61
TXS2-00218,47.89,19.24,145,3,3.6
TXS2-00219,72.44,17.87,632,3,13.92
TXS2-00220,45.14,16.58,20,2,4.39
TXS2-00221,36.5,9.36,365,2,8.74
TXS2-00222,40.69,19.52,314,5,2.51
TXS2-00223,99.2,17.41,241,4,1.77
TXS2-00224,105.15,23.45,1,1,40.1
TXS2-00225,150.41,14.08,1070,5,16.3
TXS2-00226,62.75,18.88,559,4,11.33
TXS2-00227,117.37,22.94,459,1,7.15
TXS2-00228,81.63,16.18,580,4,15.71
TXS2-00229,126.57,0.08,126,2,1.65
TXS2-00230,26.51,17.22,87,1,7.64
TXS2-00231,101.54,15.41,134,3,18.08
TXS2-00232,76.74,15.36,211,2,10.51
TXS2-00233,56.05,11.52,436,4,1.82
TXS2-00234,37.11,15.45,209,7,11.21
TXS2-00235,89.05,10.72,20,6,129.73
TXS2-00236,223.36,10.49,24,6,11.8
TXS2-00237,48.76,23.8,156,8,10.93
TXS2-00238,170.83,23.37,114,6,7.75
TXS2-00239,89.0,12.2,85,4,18.98
TXS2-00240,22.06,21.59,194,1,4.1
TXS2-00241,307.73,13.32,59,3,57.44
TXS2-00242,42.75,10.96,89,6,10.13
TXS2-00243,89.4,8.38,27,4,4.44
TXS2-00244,24.58,19.83,445,2,7.64
TXS2-00245,107.06,13.09,94,3,1.46
TXS2-00246,72.22,21.81,710,2,13.88
TXS2-00247,104.43,0.46,370,1,7.09
TXS2-00248,18.36,0.14,470,4,25.71
TXS2-00249,53.85,21.62,1337,3,11.73
TXS2-00250,63.74,0.55,347,3,5.99
TXS2-00251,85.45,19.8,202,3,5.28
TXS2-00252,18.44,11.21,4,4,15.86
TXS2-00253,67.9,20.67,716,2,2.98
TXS2-00254,15.54,14.07,1010,4,41.15
TXS2-00255,43.12,22.93,466,6,2.99
TXS2-00256,26.13,14.73,27,3,27.55
TXS2-00257,102.08,12.27,192,4,2.14
TXS2-00258,186.76,19.17,593,4,6.01
TXS2-00259,111.32,22.21,871,2,4.14
TXS2-00260,74.1,19.64,111,4,2.63
TXS2-00261,51.68,22.95,491,5,11.55
TXS2-00262,51.29,22.07,417,3,8.21
TXS2-00263,17.88,22.05,347,2,17.19
TXS2-00264,183.42,10.48,20,3,1.9
TXS2-00265,93.93,9.32,69,6,12.34
TXS2-00266,93.44,14.47,789,3,23.32
TXS2-00267,13.13,23.38,424,3,6.75
TXS2-00268,178.58,16.75,23,1,2.01
TXS2-00269,127.31,0.44,283,7,4.51
TXS2-00270,57.53,23.9,58,6,6.87
TXS2-00271,940.83,16.75,70,3,5.8
TXS2-00272,49.9,11.86,130,6,2.2
TXS2-00273,57.38,18.86,60,3,1.88
TXS2-00274,11.39,13.64,546,4,3.51
TXS2-00275,22.66,19.25,23,3,1.49
TXS2-00276,242.97,21.29,598,4,36.78
TXS2-00277,77.02,22.59,297,3,4.55
TXS2-00278,305.83,20.24,130,7,10.1
TXS2-00279,26.32,11.84,36,1,35.25
TXS2-00280,23.8,23.01,1579,3,2.21
TXS2-00281,48.63,22.31,87,6,9.02
TXS2-00282,41.33,15.67,111,4,1.21
TXS2-00283,132.75,17.13,197,3,35.63
TXS2-00284,274.67,14.75,135,4,5.16
TXS2-00285,75.24,20.24,84,4,29.14
TXS2-00286,91.36,23.43,1003,7,12.6
TXS2-00287,84.49,13.81,457,5,1.94
TXS2-00288,26.54,21.51,517,6,1.58
TXS2-00289,50.36,13.93,120,6,3.11
TXS2-00290,257.49,22.15,12,4,2.1
TXS2-00291,17.97,14.45,602,5,28.78
TXS2-00292,29.21,21.35,783,5,0.88
TXS2-00293,148.46,19.5,141,6,0.55
TXS2-00294,62.44,20.97,87,4,10.95
TXS2-00295,22.11,13.98,67,2,15.45
TXS2-00296,198.96,12.97,721,4,4.22
TXS2-00297,14.32,18.13,411,4,26.03
TXS2-00298,43.22,14.68,99,3,8.24
TXS2-00299,72.6,13.5,13,3,8.74
TXS2-00300,16.76,15.49,455,4,0.54
TXS2-00301,71.99,11.83,606,1,7.14
TXS2-00302,120.1,15.65,115,3,15.42
TXS2-00303,81.11,11.0,140,3,3.33
TXS2-00304,17.77,17.11,474,2,4.02
TXS2-00305,36.2,22.34,156,8,10.93
TXS2-00306,25.13,16.36,210,3,3.07
TXS2-00307,109.91,21.39,538,5,19.29
TXS2-00308,21.98,12.66,1023,3,1.11
TXS2-00309,30.35,5.16,89,4,11.09
TXS2-00310,57.71,11.55,432,6,0.48
TXS2-00311,302.22,9.62,161,2,1.92
TXS2-00312,54.0,15.24,270,4,40.3
TXS2-00313,24.37,14.28,103,6,9.8
TXS2-00314,94.16,13.85,83,8,2.45
TXS2-00315,124.93,12.96,264,4,21.54
TXS2-00316,10.2,12.65,99,3,1.08
TXS2-00317,179.04,5.24,139,3,2.33
TXS2-00318,134.11,23.35,379,3,3.33
TXS2-00319,134.45,9.49,183,3,4.37
TXS2-00320,31.89,1.18,4,4,17.84
TXS2-00321,124.77,18.55,133,5,5.48
TXS2-00322,20.04,17.54,92,2,5.99
TXS2-00323,32.63,11.59,291,4,10.03
TXS2-00324,41.71,22.34,1044,4,4.82
TXS2-00325,29.17,23.04,25,5,6.95
TXS2-00326,94.61,21.86,189,6,26.04
TXS2-00327,21.19,20.56,266,6,4.78
TXS2-00328,25.46,11.86,597,3,1.45
TXS2-00329,29.73,19.7,1019,2,21.54
TXS2-00330,119.7,15.34,41,4,8.66
TXS2-00331,23.83,22.0,131,6,5.62
TXS2-00332,51.31,14.27,227,4,7.38
TXS2-00333,26.01,14.05,55,5,1.1
TXS2-00334,68.5,11.94,80,2,8.63
TXS2-00335,122.8,19.72,13,4,12.42
TXS2-00336,144.68,22.26,137,5,2.2
TXS2-00337,37.83,14.67,16,5,8.62
TXS2-00338,23.2,20.69,4,4,1.69
TXS2-00339,123.4,14.12,347,2,32.77
TXS2-00340,20.8,19.47,136,3,7.29
TXS2-00341,49.2,17.86,379,3,9.1
TXS2-00342,33.75,16.84,688,3,7.43
TXS2-00343,95.37,13.28,215,2,3.31
TXS2-00344,22.24,15.32,511,3,4.13
TXS2-00345,234.02,17.33,143,6,2.7
TXS2-00346,47.44,12.51,344,4,8.49
TXS2-00347,53.79,13.59,139,2,20.65
TXS2-00348,32.48,22.35,574,7,6.46
TXS2-00349,9.27,10.72,656,4,3.24
TXS2-00350,37.54,9.42,226,2,19.61
TXS2-00351,57.2,18.35,77,4,5.4
TXS2-00352,13.96,8.76,49,2,0.85
TXS2-00353,154.11,13.76,872,2,7.38
TXS2-00354,42.44,11.7,132,4,11.71
TXS2-00355,35.08,5.03,491,5,7.31
TXS2-00356,97.76,12.12,3,2,5.62
TXS2-00357,87.83,20.49,74,1,4.25
TXS2-00358,30.63,8.56,263,4,2.25
TXS2-00359,37.66,20.09,121,4,1.12
TXS2-00360,71.06,23.03,361,4,293.75
TXS2-00361,28.19,17.08,98,3,5.82
TXS2-00362,36.0,18.0,82,1,4.23
TXS2-00363,53.21,20.62,42,5,0.76
TXS2-00364,71.74,13.74,63,5,79.55
TXS2-00365,30.87,0.46,56,5,22.29
TXS2-00366,17.2,22.08,226,5,3.66
TXS2-00367,36.11,15.61,301,3,2.41
TXS2-00368,23.95,8.86,288,4,9.7
TXS2-00369,74.75,17.89,141,1,0.84
TXS2-00370,253.34,12.21,172,7,10.11
TXS2-00371,24.79,21.15,110,2,36.32
TXS2-00372,29.46,9.14,554,3,4.1
TXS2-00373,27.87,15.01,260,1,13.66
TXS2-00374,94.92,14.17,134,3,7.55
TXS2-00375,98.15,20.03,47,2,10.29
TXS2-00376,88.99,16.32,16,3,1.37
TXS2-00377,662.82,20.15,110,1,5.48
TXS2-00378,264.72,9.79,301,3,2.91
TXS2-00379,165.63,8.89,199,5,1.06
TXS2-00380,18.45,19.24,93,1,2.9
TXS2-00381,101.27,10.96,5,3,3.51
TXS2-00382,26.48,10.14,63,3,4.76
TXS2-00383,34.9,10.84,317,8,1.32
TXS2-00384,115.54,13.35,134,2,18.44
TXS2-00385,88.86,10.44,45,2,7.26
TXS2-00386,131.91,21.73,236,1,21.97
TXS2-00387,152.05,22.05,72,4,13.2
TXS2-00388,32.75,14.03,575,1,13.07
TXS2-00389,79.72,12.88,396,4,27.89
TXS2-00390,45.25,11.54,313,1,7.38
TXS2-00391,121.7,22.74,294,2,0.5
TXS2-00392,21.67,15.17,57,4,1.86
TXS2-00393,58.7,18.24,13,5,6.44
TXS2-00394,44.11,17.96,355,5,2.91
TXS2-00395,27.24,10.34,154,4,4.05
TXS2-00396,48.14,20.47,194,2,56.0
TXS2-00397,67.22,21.38,10,3,2.69
TXS2-00398,102.09,14.58,249,3,6.81
TXS2-00399,189.23,21.04,32,3,3.11
TXS2-00400,109.96,15.15,294,4,0.98
TXS2-00401,40.53,20.91,113,4,10.36
TXS2-00402,37.84,14.43,176,3,6.33
TXS2-00403,57.23,17.42,286,5,27.69
TXS2-00404,70.18,16.2,129,4,2.89
TXS2-00405,30.94,18.67,275,4,20.03
TXS2-00406,19.08,12.55,126,2,3.7
TXS2-00407,93.71,12.12,171,1,2.68
TXS2-00408,127.19,13.47,182,2,7.0
TXS2-00409,68.02,15.32,155,5,0.58
TXS2-00410,40.01,18.04,653,5,8.61
TXS2-00411,21.91,19.97,12,4,14.53
TXS2-00412,14.36,11.87,228,7,5.02
TXS2-00413,80.96,15.31,126,5,8.27
TXS2-00414,225.3,13.45,16,4,27.47
TXS2-00415,56.84,22.02,112,4,17.76
TXS2-00416,54.48,17.59,368,3,1.55
TXS2-00417,101.97,15.93,179,4,7.71
TXS2-00418,29.07,15.58,42,5,11.7
TXS2-00419,28.02,20.0,46,6,3.03
TXS2-00420,40.93,20.27,14,3,16.91
TXS2-00421,101.68,0.66,254,1,5.75
TXS2-00422,41.78,14.18,183,3,1.53
TXS2-00423,72.01,12.81,79,2,19.45
TXS2-00424,181.58,16.57,17,2,6.29
TXS2-00425,18.94,16.19,65,4,2.32
TXS2-00426,127.86,14.62,197,3,17.33
TXS2-00427,43.71,16.54,1088,6,24.47
TXS2-00428,23.53,15.66,267,5,13.83
TXS2-00429,77.8,14.9,108,7,2.96
TXS2-00430,168.77,21.73,120,3,11.6
TXS2-00431,41.13,18.89,68,2,6.33
TXS2-00432,40.9,23.71,90,2,8.26
TXS2-00433,72.23,19.43,486,1,11.85
TXS2-00434,30.92,22.74,390,5,2.98
TXS2-00435,137.69,18.26,124,6,39.09
TXS2-00436,26.03,20.91,621,2,3.82
TXS2-00437,25.5,23.54,77,4,7.7
TXS2-00438,57.74,15.65,171,4,4.7
TXS2-00439,45.86,14.1,139,7,7.45
TXS2-00440,19.79,19.47,290,4,26.4
TXS2-00441,28.18,19.19,53,2,7.34
TXS2-00442,38.72,13.51,490,3,1.89
TXS2-00443,112.14,21.92,86,3,11.93
TXS2-00444,74.03,17.29,682,4,2.72
TXS2-00445,103.94,20.0,76,3,1.8
TXS2-00446,38.72,14.52,276,3,4.91
TXS2-00447,55.66,20.66,124,2,5.68
TXS2-00448,44.69,13.3,68,4,3.51
TXS2-00449,72.43,17.94,232,3,1.62
TXS2-00450,167.5,22.73,225,2,2.57
TXS2-00451,23.82,19.12,208,5,3.36
TXS2-00452,29.67,22.56,274,1,12.78
TXS2-00453,108.57,12.9,246,4,22.9
TXS2-00454,60.41,19.29,258,4,4.26
TXS2-00455,127.28,20.62,177,1,4.71
TXS2-00456,65.47,17.46,205,1,0.9
TXS2-00457,44.73,13.63,3,6,2.81
TXS2-00458,48.62,13.84,7,3,17.89
TXS2-00459,81.0,12.3,102,4,6.87
TXS2-00460,55.98,0.2,59,6,7.31
TXS2-00461,42.74,21.36,465,3,41.53
TXS2-00462,53.18,23.58,38,3,1.09
TXS2-00463,31.98,13.96,650,4,4.59
TXS2-00464,37.27,18.35,213,2,1.07
TXS2-00465,43.62,14.72,252,5,19.23
TXS2-00466,48.06,18.97,44,5,2.0
TXS2-00467,80.77,11.54,365,2,1.91
TXS2-00468,34.43,21.82,1047,3,49.24
TXS2-00469,60.03,20.6,106,4,4.5
TXS2-00470,87.17,6.7,53,5,41.38
TXS2-00471,105.08,13.58,125,3,7.3
TXS2-00472,47.37,12.93,269,4,96.01
TXS2-00473,52.93,14.51,209,5,11.52
TXS2-00474,26.0,9.57,363,4,13.16
TXS2-00475,103.19,18.58,310,3,1.75
TXS2-00476,61.0,11.5,31,4,2.8
TXS2-00477,320.8,19.63,30,4,3.07
TXS2-00478,5.81,16.23,166,2,6.78
TXS2-00479,12.29,11.22,584,1,2.64
TXS2-00480,29.76,11.08,164,6,2.77
TXS2-00481,39.98,19.63,1069,8,1.16
TXS2-00482,94.85,11.92,271,5,2.82
TXS2-00483,84.05,10.09,259,5,6.97
TXS2-00484,81.01,13.1,491,3,7.65
TXS2-00485,121.21,15.32,56,3,10.95
TXS2-00486,31.77,14.73,40,2,14.67
TXS2-00487,25.83,14.36,114,5,4.66
TXS2-00488,63.22,23.46,504,4,4.23
TXS2-00489,97.45,19.38,96,7,11.01
TXS2-00490,45.73,12.44,208,5,17.88
TXS2-00491,176.43,16.13,77,3,0.78
TXS2-00492,36.32,19.41,125,3,1.9
TXS2-00493,17.5,11.96,357,4,7.83
TXS2-00494,29.8,16.3,290,5,9.05
TXS2-00495,36.99,10.57,45,3,1.38
TXS2-00496,64.15,18.08,490,7,7.76
TXS2-00497,92.93,23.26,17,4,33.17
TXS2-00498,70.04,17.69,16,5,4.69
TXS2-00499,386.07,19.71,248,1,42.61
TXS2-00500,34.07,14.78,39,5,5.81
TXS2-00501,92.65,20.45,373,4,6.23
TXS2-00502,57.27,17.4,570,1,5.25
TXS2-00503,51.83,12.21,248,5,4.65
TXS2-00504,64.82,18.49,145,3,5.67
TXS2-00505,31.24,10.41,332,5,7.9
TXS2-00506,247.24,11.44,313,3,2.77
TXS2-00507,60.81,18.93,596,7,2.7
TXS2-00508,107.34,12.08,19,2,7.55
TXS2-00509,46.29,11.34,86,3,2.05
TXS2-00510,190.54,17.29,210,4,11.86
TXS2-00511,93.25,21.73,149,3,2.57
TXS2-00512,154.92,22.58,829,4,10.28
TXS2-00513,68.61,22.71,19,4,3.33
TXS2-00514,47.89,18.22,55,3,38.99
TXS2-00515,112.55,15.8,1,3,49.82
TXS2-00516,42.12,10.22,1148,4,2.26
TXS2-00517,190.33,19.87,285,2,2.85
TXS2-00518,22.44,10.0,376,3,1.18
TXS2-00519,32.58,19.18,193,3,0.33
TXS2-00520,102.28,16.37,401,1,3.55
TXS2-00521,45.4,12.12,20,5,57.91
TXS2-00522,55.05,14.63,116,4,4.06
TXS2-00523,41.73,19.89,86,6,12.01
TXS2-00524,200.14,21.91,4,4,8.43
TXS2-00525,43.23,22.84,120,2,9.29
TXS2-00526,33.29,11.88,298,6,3.95
TXS2-00527,53.7,10.09,26,3,12.14
TXS2-00528,60.77,21.07,132,4,8.76
TXS2-00529,166.32,14.96,190,4,4.37
TXS2-00530,89.35,14.41,137,3,7.86
TXS2-00531,35.06,20.58,408,1,43.16
TXS2-00532,138.66,21.72,296,5,26.27
TXS2-00533,13.8,23.34,103,6,3.1
TXS2-00534,110.9,9.62,216,4,10.27
TXS2-00535,34.59,14.92,954,2,2.27
TXS2-00536,41.68,20.31,1006,3,2.04
TXS2-00537,83.46,20.13,13,2,19.54
TXS2-00538,68.03,15.82,282,6,8.69
TXS2-00539,3.16,20.81,526,6,5.77
TXS2-00540,71.97,16.52,123,5,27.31
TXS2-00541,25.57,20.66,45,8,0.91
TXS2-00542,103.41,19.57,354,5,3.59
TXS2-00543,56.18,13.01,263,5,18.4
TXS2-00544,37.91,20.73,281,2,14.18
TXS2-00545,96.81,15.74,264,3,33.64
TXS2-00546,128.91,13.6,265,5,4.16
TXS2-00547,40.67,22.51,282,5,11.62
TXS2-00548,91.55,16.53,208,4,5.41
TXS2-00549,112.32,21.74,1044,4,5.1
TXS2-00550,58.82,14.48,60,6,4.94
TXS2-00551,101.41,15.68,201,3,1.18
TXS2-00552,22.33,16.79,143,2,43.34
TXS2-00553,24.8,20.21,65,3,8.47
TXS2-00554,45.63,20.19,233,2,10.38
TXS2-00555,74.84,22.16,94,7,6.19
TXS2-00556,37.67,14.79,678,3,32.7
TXS2-00557,95.0,17.38,1340,2,5.49
TXS2-00558,9.83,17.52,121,2,7.75
TXS2-00559,187.56,14.96,451,3,3.73
TXS2-00560,175.9,19.58,101,3,1.96
TXS2-00561,115.69,22.31,69,1,6.12
TXS2-00562,40.36,20.22,429,2,17.18
TXS2-00563,70.65,14.55,121,2,5.07
TXS2-00564,21.77,19.67,165,5,41.46
TXS2-00565,66.06,19.4,96,4,10.19
TXS2-00566,16.7,18.96,60,5,0.48
TXS2-00567,40.44,12.89,135,4,1.65
TXS2-00568,20.72,20.81,310,3,1.74
TXS2-00569,59.68,6.96,98,2,50.54
TXS2-00570,95.44,15.73,196,3,3.8
TXS2-00571,242.83,15.08,36,3,3.86
TXS2-00572,32.81,11.32,262,5,7.67
TXS2-00573,110.94,20.39,208,1,4.31
TXS2-00574,177.49,21.74,1,3,1.66
TXS2-00575,47.15,14.94,21,3,7.35
TXS2-00576,44.35,18.78,35,4,2.75
TXS2-00577,57.37,12.52,22,4,18.53
TXS2-00578,364.11,22.72,1371,2,49.15
TXS2-00579,80.05,14.59,110,2,20.44
TXS2-00580,58.33,17.11,1049,1,2.84
TXS2-00581,53.89,21.54,571,2,8.69
TXS2-00582,78.4,11.84,6,3,3.88
TXS2-00583,50.58,21.03,631,4,12.42
TXS2-00584,113.42,16.76,178,4,16.32
TXS2-00585,21.89,19.25,209,4,21.65
TXS2-00586,77.1,23.38,347,5,2.38
TXS2-00587,30.07,18.59,575,4,7.47
TXS2-00588,53.76,17.35,109,2,2.15
TXS2-00589,38.47,6.69,191,1,12.86
TXS2-00590,82.08,21.3,93,2,18.94
TXS2-00591,10.92,17.64,257,7,1.91
TXS2-00592,204.93,22.14,106,10,3.89
TXS2-00593,69.56,21.01,29,2,14.18
TXS2-00594,121.8,19.51,645,1,14.39
TXS2-00595,63.92,12.38,378,3,13.49
TXS2-00596,166.3,11.35,7,8,23.47
TXS2-00597,18.06,19.68,435,4,20.05
TXS2-00598,196.6,14.15,75,2,5.62
TXS2-00599,48.34,20.58,55,2,1.74
TXS2-00600,119.37,17.3,49,5,6.61
TXS2-00601,21.24,14.92,174,3,5.92
TXS2-00602,73.46,12.72,242,3,3.79
TXS2-00603,31.24,22.28,225,5,6.62
TXS2-00604,30.92,19.44,15,5,20.09
TXS2-00605,83.51,16.77,200,6,5.02
TXS2-00606,77.15,13.59,151,5,29.01
TXS2-00607,19.1,20.75,55,4,2.68
TXS2-00608,35.48,18.97,8,4,7.78
TXS2-00609,31.57,17.75,359,3,49.74
TXS2-00610,46.16,1.12,1045,3,17.58
TXS2-00611,40.73,23.59,1,4,7.19
TXS2-00612,29.84,21.52,105,2,0.78
TXS2-00613,68.77,22.26,125,8,0.33
TXS2-00614,77.76,12.79,127,5,2.83
TXS2-00615,26.21,14.49,325,4,42.69
TXS2-00616,36.02,16.75,64,3,9.69
TXS2-00617,31.62,18.96,182,2,3.51
TXS2-00618,178.08,11.83,257,3,13.02
TXS2-00619,64.99,19.39,736,4,3.99
TXS2-00620,45.49,21.69,103,2,2.45
TXS2-00621,76.87,12.16,527,4,8.99
TXS2-00622,9.75,12.1,114,5,15.89
TXS2-00623,235.79,14.76,55,2,1.15
TXS2-00624,144.47,19.24,28,1,5.13
TXS2-00625,25.85,13.4,206,3,8.37
TXS2-00626,42.21,21.12,181,5,1.51
TXS2-00627,260.27,10.78,328,5,8.04
TXS2-00628,17.49,13.2,185,4,1.7
TXS2-00629,24.72,11.34,190,4,31.24
TXS2-00630,155.24,19.28,95,4,3.75
TXS2-00631,259.14,14.54,44,5,13.74
TXS2-00632,189.73,23.38,69,3,30.68
TXS2-00633,21.57,15.47,6,3,13.85
TXS2-00634,34.89,13.19,31,2,4.3
TXS2-00635,32.41,15.47,254,4,8.75
TXS2-00636,22.56,14.13,78,1,37.65
TXS2-00637,60.55,21.3,30,5,2.78
TXS2-00638,90.85,17.82,141,3,4.66
TXS2-00639,40.39,15.3,304,5,8.35
TXS2-00640,50.75,23.12,215,4,3.4
TXS2-00641,99.65,11.37,98,4,16.36
TXS2-00642,147.2,11.48,23,4,10.48
TXS2-00643,41.11,16.46,145,3,5.21
TXS2-00644,33.36,11.63,147,1,14.09
TXS2-00645,77.77,8.57,994,3,10.91
TXS2-00646,189.78,13.55,579,1,22.51
TXS2-00647,90.23,9.88,83,3,14.83
TXS2-00648,132.76,15.39,186,3,2.24
TXS2-00649,100.42,12.82,75,3,15.94
TXS2-00650,59.22,21.57,467,4,23.89
TXS2-00651,19.04,10.53,3,2,1.67
TXS2-00652,48.49,9.92,159,5,10.94
TXS2-00653,172.06,13.58,32,2,6.76
TXS2-00654,32.83,20.09,133,4,8.88
TXS2-00655,96.86,21.58,581,1,18.73
TXS2-00656,99.8,18.69,103,3,18.64
TXS2-00657,28.38,12.63,325,1,11.33
TXS2-00658,26.64,21.95,382,3,7.56
TXS2-00659,39.69,23.01,182,1,0.94
TXS2-00660,134.01,21.78,30,4,0.78
TXS2-00661,66.64,21.62,292,4,0.73
TXS2-00662,38.07,22.75,230,1,6.58
TXS2-00663,78.76,11.17,274,4,8.08
TXS2-00664,59.13,14.51,323,4,5.74
TXS2-00665,69.32,22.52,1187,5,12.64
TXS2-00666,65.88,21.94,68,2,12.39
TXS2-00667,44.31,22.74,18,1,3.88
TXS2-00668,23.48,14.96,161,4,2.25
TXS2-00669,24.96,20.77,34,1,6.58
TXS2-00670,13.56,18.27,11,5,1.19
TXS2-00671,85.46,21.51,421,2,13.58
TXS2-00672,107.09,21.06,674,2,0.8
TXS2-00673,93.63,14.24,12,4,10.73
TXS2-00674,37.15,13.99,118,2,14.86
TXS2-00675,68.59,20.75,192,4,2.84
TXS2-00676,90.49,21.65,355,3,17.45
TXS2-00677,28.9,22.34,149,2,30.29
TXS2-00678,19.2,20.69,768,4,3.3
TXS2-00679,29.37,16.91,66,2,13.72
TXS2-00680,325.65,10.62,279,2,2.2
TXS2-00681,24.22,21.1,355,2,6.43
TXS2-00682,100.84,19.76,205,7,4.72
TXS2-00683,25.25,11.54,147,2,6.9
TXS2-00684,24.51,11.49,515,5,1.26
TXS2-00685,38.53,16.61,6,3,8.14
TXS2-00686,13.53,23.85,137,3,16.39
TXS2-00687,33.52,19.54,78,4,14.92
TXS2-00688,48.99,10.88,174,3,5.44
TXS2-00689,39.7,20.4,173,2,0.99
TXS2-00690,48.97,16.72,85,5,2.79
TXS2-00691,100.38,21.78,213,2,6.81
TXS2-00692,26.69,14.71,63,6,5.75
TXS2-00693,44.44,8.09,61,3,1.79
TXS2-00694,72.86,19.66,291,1,4.26
TXS2-00695,96.8,22.34,77,3,29.31
TXS2-00696,96.36,17.68,494,3,9.62
TXS2-00697,141.47,11.15,56,2,30.02
TXS2-00698,273.97,14.04,170,2,31.65
TXS2-00699,71.15,23.38,174,3,21.13
TXS2-00700,49.59,16.71,329,2,2.35
TXS2-00701,13.2,19.37,647,5,1.27
TXS2-00702,91.06,20.35,15,2,10.3
TXS2-00703,108.49,11.03,87,2,1.88
TXS2-00704,49.81,6.82,2,2,69.3
TXS2-00705,292.82,8.23,19,3,20.1
TXS2-00706,84.4,15.44,78,7,11.72
TXS2-00707,33.36,18.75,470,1,1.42
TXS2-00708,41.6,13.39,176,4,14.42
TXS2-00709,79.96,20.34,135,5,18.38
TXS2-00710,147.36,19.91,63,2,3.33
TXS2-00711,41.81,22.13,109,2,42.22
TXS2-00712,57.54,11.16,68,3,3.18
TXS2-00713,101.01,20.7,419,4,14.39
TXS2-00714,96.75,18.26,281,2,7.59
TXS2-00715,41.03,16.77,647,4,23.86
TXS2-00716,70.79,16.37,144,4,7.85
TXS2-00717,99.35,12.89,802,5,24.92
TXS2-00718,41.67,13.11,177,1,2.77
TXS2-00719,171.72,13.0,145,2,3.88
TXS2-00720,238.95,16.95,29,5,6.59
TXS2-00721,63.04,12.74,116,1,48.17
TXS2-00722,126.34,13.04,458,6,2.87
TXS2-00723,122.93,11.4,173,2,3.09
TXS2-00724,64.66,21.43,242,4,0.87
TXS2-00725,45.6,12.23,184,4,11.74
TXS2-00726,32.15,14.48,38,3,17.85
TXS2-00727,999.29,8.89,54,3,4.64
TXS2-00728,18.53,19.15,737,2,10.87
TXS2-00729,107.54,21.84,125,2,53.06
TXS2-00730,70.82,19.12,282,3,1.73
TXS2-00731,33.16,10.68,48,2,13.91
TXS2-00732,38.69,12.85,30,2,2.0
TXS2-00733,34.33,21.2,115,4,6.68
TXS2-00734,48.95,7.39,124,1,5.95
TXS2-00735,65.59,14.82,22,2,0.9
TXS2-00736,86.83,21.79,398,3,0.86
TXS2-00737,76.13,22.62,806,2,7.96
TXS2-00738,59.58,14.17,312,5,5.25
TXS2-00739,32.7,13.57,117,5,6.86
TXS2-00740,25.82,10.16,45,4,1.6
TXS2-00741,33.15,22.41,327,3,9.23
TXS2-00742,33.85,21.55,163,4,14.69
TXS2-00743,35.26,18.51,39,3,16.06
TXS2-00744,173.08,17.23,758,3,4.27
TXS2-00745,65.84,13.69,347,2,1.03
TXS2-00746,61.45,20.32,73,1,3.71
TXS2-00747,25.1,9.61,30,3,2.11
TXS2-00748,110.7,16.29,419,4,8.45
TXS2-00749,51.67,17.34,118,1,2.96
TXS2-00750,7.89,13.3,781,2,6.66
TXS2-00751,34.12,17.23,238,2,1.41
TXS2-00752,231.38,14.53,21,5,32.56
TXS2-00753,45.54,21.35,172,6,2.38
TXS2-00754,77.45,12.61,9,1,5.04
TXS2-00755,49.08,16.54,237,5,5.4
TXS2-00756,155.55,20.91,244,2,16.76
TXS2-00757,146.27,14.23,379,4,40.51
TXS2-00758,7.88,21.1,15,1,1.02
TXS2-00759,14.53,21.18,185,2,5.13
TXS2-00760,67.01,21.03,280,3,25.42
TXS2-00761,67.46,13.47,3,3,4.24
TXS2-00762,92.63,12.47,270,3,4.14
TXS2-00763,37.27,17.19,131,6,7.51
TXS2-00764,94.34,20.71,93,2,20.77
TXS2-00765,45.2,12.83,290,4,9.43
TXS2-00766,56.77,18.9,191,3,9.32
TXS2-00767,42.11,19.83,350,2,5.37
TXS2-00768,29.37,15.96,341,6,2.28
TXS2-00769,19.96,14.22,204,4,6.63
TXS2-00770,99.26,18.81,31,2,2.41
TXS2-00771,120.53,18.55,1,5,1.95
TXS2-00772,163.44,13.42,140,2,2.05
TXS2-00773,64.42,14.34,67,6,22.85
TXS2-00774,39.54,21.39,256,4,5.06
TXS2-00775,43.52,19.59,203,1,5.2
TXS2-00776,97.09,13.87,431,5,21.23
TXS2-00777,33.34,15.49,225,5,4.5
TXS2-00778,379.32,20.38,206,9,6.85
TXS2-00779,57.52,12.21,2,4,2.88
TXS2-00780,157.6,0.11,306,2,2.64
TXS2-00781,268.38,2.21,516,6,1.5
TXS2-00782,53.13,21.14,157,1,14.6
TXS2-00783,83.73,16.21,871,5,3.82
TXS2-00784,30.7,22.65,1867,2,4.94
TXS2-00785,108.08,22.47,443,5,16.34
TXS2-00786,193.05,19.58,57,5,56.93
TXS2-00787,59.0,19.38,98,5,279.09
TXS2-00788,112.05,12.4,89,2,5.11
TXS2-00789,141.48,22.68,85,5,7.75
TXS2-00790,36.88,11.79,986,4,1.83
TXS2-00791,37.01,22.54,11,5,0.94
TXS2-00792,33.92,21.81,346,1,1.56
TXS2-00793,202.19,20.7,380,5,2.29
TXS2-00794,37.12,16.35,38,1,7.38
TXS2-00795,254.49,12.96,214,5,14.4
TXS2-00796,232.39,20.01,292,3,71.66
TXS2-00797,120.42,11.53,324,6,60.25
TXS2-00798,43.25,19.8,390,2,3.89
TXS2-00799,40.23,20.78,35,5,1.52
TXS2-00800,12.33,18.3,145,3,2.08
TXS2-00801,81.37,11.52,108,3,9.96
TXS2-00802,37.89,21.59,111,4,0.93
TXS2-00803,71.11,16.05,355,4,5.37
TXS2-00804,16.39,20.4,154,4,9.59
TXS2-00805,52.59,21.12,223,3,9.26
TXS2-00806,114.26,1.05,123,9,5.38
TXS2-00807,53.96,11.96,65,1,7.09
TXS2-00808,87.52,13.07,228,1,6.32
TXS2-00809,26.75,12.9,266,5,1.95
TXS2-00810,26.76,17.42,48,7,1.84
TXS2-00811,13.16,16.21,509,4,2.71
TXS2-00812,207.45,9.76,351,3,10.87
TXS2-00813,517.86,20.54,73,1,6.34
TXS2-00814,17.4,9.58,517,4,0.73
TXS2-00815,2.77,19.27,79,2,40.27
TXS2-00816,69.38,20.87,9,5,28.28
TXS2-00817,95.18,16.95,185,1,4.06
TXS2-00818,96.14,12.63,1460,2,6.94
TXS2-00819,39.9,19.57,484,4,10.77
TXS2-00820,85.89,16.64,86,2,7.05
TXS2-00821,115.31,21.38,1015,4,3.83
TXS2-00822,33.35,17.08,356,2,1.88
TXS2-00823,64.08,23.32,302,2,3.09
TXS2-00824,63.65,23.2,18,5,1.23
TXS2-00825,26.68,21.99,139,5,6.13
TXS2-00826,84.7,10.48,332,1,6.99
TXS2-00827,231.99,21.54,90,1,16.59
TXS2-00828,113.78,11.98,253,5,11.42
TXS2-00829,72.5,13.72,40,4,27.76
TXS2-00830,54.04,13.23,175,4,6.87
TXS2-00831,14.67,21.98,45,4,35.57
TXS2-00832,100.41,15.67,69,3,3.53
TXS2-00833,22.77,21.79,253,4,3.78
TXS2-00834,49.33,11.44,95,1,7.65
TXS2-00835,112.76,20.59,335,4,3.57
TXS2-00836,16.68,14.1,347,4,6.82
TXS2-00837,102.31,22.64,59,7,15.42
TXS2-00838,30.93,23.51,305,4,2.69
TXS2-00839,39.31,19.34,232,2,0.47
TXS2-00840,32.16,16.76,408,5,6.36
TXS2-00841,167.36,15.45,36,2,16.43
TXS2-00842,13.82,11.08,70,2,6.76
TXS2-00843,30.42,16.11,83,3,12.15
TXS2-00844,135.43,21.21,184,4,5.05
TXS2-00845,172.03,17.49,381,3,2.34
TXS2-00846,25.94,19.17,624,3,5.22
TXS2-00847,72.93,11.1,264,4,1.93
TXS2-00848,71.69,21.29,108,4,1.66
TXS2-00849,118.49,12.19,109,2,0.68
TXS2-00850,40.66,20.82,93,2,16.84
TXS2-00851,217.48,15.1,419,4,7.55
TXS2-00852,68.99,13.21,36,2,1.76
TXS2-00853,59.86,16.6,130,1,7.26
TXS2-00854,222.64,15.17,197,5,12.01
TXS2-00855,144.62,19.45,376,4,0.7
TXS2-00856,99.61,16.14,156,2,43.67
TXS2-00857,157.44,14.06,268,6,63.96
TXS2-00858,10.0,20.8,222,1,29.69
TXS2-00859,28.34,21.28,11,7,3.01
TXS2-00860,49.29,20.77,631,2,20.5
TXS2-00861,65.33,18.3,44,4,1.75
TXS2-00862,74.68,21.71,17,3,1.51
TXS2-00863,78.82,21.93,175,4,1.42
TXS2-00864,171.51,15.57,118,5,9.36
TXS2-00865,55.84,22.35,55,5,0.78
TXS2-00866,14.04,16.38,124,4,1.96
TXS2-00867,45.54,13.24,19,1,7.5
TXS2-00868,19.58,18.6,729,3,13.64
TXS2-00869,61.67,10.83,39,2,66.72
TXS2-00870,19.29,16.9,352,3,9.6
TXS2-00871,70.79,16.44,237,1,1.14
TXS2-00872,95.02,10.49,241,2,1.24
TXS2-00873,16.99,17.13,755,5,1.44
TXS2-00874,33.23,18.35,139,2,1.04
TXS2-00875,188.02,21.71,9,4,5.48
TXS2-00876,15.9,23.54,328,5,0.74
TXS2-00877,56.86,20.86,849,3,1.45
TXS2-00878,247.09,13.54,128,2,4.25
TXS2-00879,35.25,21.98,119,4,1.26
TXS2-00880,50.27,19.06,236,3,4.08
TXS2-00881,76.77,16.69,115,2,1.06
TXS2-00882,89.78,15.28,70,4,8.52
TXS2-00883,42.37,11.47,96,1,39.71
TXS2-00884,39.92,10.65,94,4,42.09
TXS2-00885,149.91,21.77,197,1,44.5
TXS2-00886,120.7,13.42,595,2,3.1
TXS2-00887,68.44,16.47,118,7,5.6
TXS2-00888,48.58,21.09,339,5,3.35
TXS2-00889,44.18,18.77,514,1,17.72
TXS2-00890,15.72,20.83,1,4,14.0
TXS2-00891,69.56,15.82,74,5,8.19
TXS2-00892,74.99,12.98,55,7,4.85
TXS2-00893,43.09,7.88,39,5,8.86
TXS2-00894,16.76,15.17,554,4,5.91
TXS2-00895,49.03,13.38,16,5,5.8
TXS2-00896,65.38,17.96,66,7,26.78
TXS2-00897,140.45,9.98,95,3,4.25
TXS2-00898,8.66,0.12,138,3,7.67
TXS2-00899,77.63,21.82,527,4,1.45
TXS2-00900,89.72,23.2,63,1,8.55
TXS2-00901,91.19,14.34,80,5,1.82
TXS2-00902,180.38,22.58,164,4,14.33
TXS2-00903,105.58,10.53,456,4,5.96
TXS2-00904,124.67,15.72,174,4,1.96
TXS2-00905,115.37,0.48,556,3,4.86
TXS2-00906,58.17,22.91,175,4,21.63
TXS2-00907,86.86,10.57,333,5,0.58
TXS2-00908,64.12,20.52,358,2,55.9
TXS2-00909,78.3,19.0,369,2,2.11
TXS2-00910,73.68,15.06,302,5,5.76
TXS2-00911,39.73,7.65,82,3,19.14
TXS2-00912,53.97,21.33,97,1,2.36
TXS2-00913,31.3,12.92,59,9,40.36
TXS2-00914,38.89,14.05,394,4,0.82
TXS2-00915,402.04,20.1,556,4,1.88
TXS2-00916,7.95,14.14,178,4,0.96
TXS2-00917,67.78,21.95,169,3,9.94
TXS2-00918,50.02,22.53,196,1,0.98
TXS2-00919,41.04,18.48,156,5,3.91
TXS2-00920,30.02,12.54,83,3,4.17
TXS2-00921,33.09,20.91,289,2,0.72
TXS2-00922,122.65,10.84,592,3,3.5
TXS2-00923,112.86,17.48,189,7,38.57
TXS2-00924,44.91,15.85,714,2,9.64
TXS2-00925,117.53,22.44,560,3,1.07
TXS2-00926,34.77,14.29,24,5,6.48
TXS2-00927,21.71,21.78,213,3,0.35
TXS2-00928,24.72,16.32,290,4,6.8
TXS2-00929,387.55,13.31,339,4,1.13
TXS2-00930,40.8,20.72,68,3,6.26
TXS2-00931,96.47,17.93,275,2,5.95
TXS2-00932,20.84,20.54,24,5,3.2
TXS2-00933,18.08,12.39,643,7,3.5
TXS2-00934,25.93,19.65,514,2,31.99
TXS2-00935,43.19,19.65,40,3,8.98
TXS2-00936,13.49,19.83,244,1,22.99
TXS2-00937,159.19,8.82,84,5,13.16
TXS2-00938,15.01,6.93,341,1,2.0
TXS2-00939,55.68,11.78,121,1,2.93
TXS2-00940,13.12,17.51,182,4,3.86
TXS2-00941,81.77,14.59,27,3,38.93
TXS2-00942,40.78,14.38,12,5,5.18
TXS2-00943,53.24,20.94,218,3,11.53
TXS2-00944,63.64,18.9,343,3,65.53
TXS2-00945,48.35,10.57,250,7,3.54
TXS2-00946,54.62,19.05,304,4,9.16
TXS2-00947,255.5,9.69,19,3,12.77
TXS2-00948,95.21,8.55,169,1,3.98
TXS2-00949,148.02,16.31,588,2,6.2
TXS2-00950,95.03,10.91,61,3,24.88
TXS2-00951,86.25,14.74,7,4,4.06
TXS2-00952,65.93,21.6,189,5,1.67
TXS2-00953,52.71,22.02,825,5,8.73
TXS2-00954,185.06,20.82,272,3,34.47
TXS2-00955,113.19,20.87,471,2,1.39
TXS2-00956,39.23,12.72,135,2,63.74
TXS2-00957,123.16,13.43,78,6,34.64
TXS2-00958,80.37,12.69,42,2,1.07
TXS2-00959,115.15,18.86,310,2,3.16
TXS2-00960,36.73,20.55,16,3,16.27
TXS2-00961,26.63,21.8,242,5,2.31
TXS2-00962,85.44,15.65,241,4,14.14
TXS2-00963,26.13,14.64,251,4,6.36
TXS2-00964,34.11,11.67,20,2,0.96
TXS2-00965,154.13,21.41,20,3,42.32
TXS2-00966,22.13,11.6,367,2,4.57
TXS2-00967,42.56,11.58,206,3,18.59
TXS2-00968,63.96,23.33,516,4,0.76
TXS2-00969,24.75,10.47,116,2,8.37
TXS2-00970,59.4,11.85,544,5,35.64
TXS2-00971,55.23,13.84,367,3,15.45
TXS2-00972,94.12,19.45,172,1,1.44
TXS2-00973,23.37,20.67,5,1,31.59
TXS2-00974,23.22,10.67,50,5,19.18
TXS2-00975,54.09,12.23,21,7,0.25
TXS2-00976,31.9,12.34,70,2,2.66
TXS2-00977,85.47,20.94,195,4,2.97
TXS2-00978,69.74,13.82,642,4,0.64
TXS2-00979,16.16,22.37,1215,6,15.48
TXS2-00980,27.33,14.87,27,4,52.67
TXS2-00981,20.52,13.42,1189,2,0.93
TXS2-00982,118.37,6.69,589,1,2.35
TXS2-00983,24.88,9.19,223,2,85.12
TXS2-00984,177.58,15.78,266,4,17.1
TXS2-00985,25.14,12.94,189,2,10.27
TXS2-00986,26.75,20.26,52,4,1.92
TXS2-00987,6.47,13.67,93,7,16.4
TXS2-00988,30.78,21.93,34,4,2.45
TXS2-00989,29.2,19.56,724,6,9.38
TXS2-00990,133.61,18.88,651,4,7.91
TXS2-00991,79.56,13.97,418,6,3.99
TXS2-00992,58.3,20.91,27,2,8.19
TXS2-00993,85.56,8.55,288,2,2.76
TXS2-00994,140.09,22.07,433,6,47.2
TXS2-00995,93.33,19.31,99,2,18.28
TXS2-00996,60.05,16.63,274,4,7.52
TXS2-00997,52.64,13.59,184,3,4.75
TXS2-00998,25.28,13.57,831,4,2.3
TXS2-00999,74.46,20.27,112,4,7.23
TXS2-01000,22.88,13.22,380,5,1.97
TXS2-01001,87.55,13.74,116,2,73.2
TXS2-01002,299.58,11.49,44,4,9.67
TXS2-01003,66.48,18.47,31,1,2.5
TXS2-01004,53.98,21.42,115,4,27.28
TXS2-01005,32.81,20.13,251,4,7.8
TXS2-01006,25.59,15.43,293,6,23.69
TXS2-01007,53.03,22.36,130,4,11.27
TXS2-01008,83.76,13.59,89,4,6.81
TXS2-01009,146.65,20.85,275,3,4.81
TXS2-01010,37.3,11.76,46,4,3.26
TXS2-01011,50.53,20.98,1,2,3.29
TXS2-01012,37.29,11.45,156,6,3.52
TXS2-01013,105.72,23.53,133,4,7.63
TXS2-01014,54.05,12.52,447,5,97.49
TXS2-01015,121.79,19.68,247,2,71.45
TXS2-01016,273.14,21.69,212,6,3.13
TXS2-01017,59.77,12.39,245,4,9.14
TXS2-01018,34.48,18.97,333,5,64.01
TXS2-01019,55.6,15.76,85,3,4.85
TXS2-01020,110.55,21.49,6,3,2.68
TXS2-01021,269.91,10.02,37,5,31.79
TXS2-01022,55.74,14.06,74,2,6.11
TXS2-01023,113.04,8.44,263,6,28.14
TXS2-01024,195.04,10.47,1072,4,1.66
TXS2-01025,30.9,20.69,122,1,14.55
TXS2-01026,31.54,22.96,725,3,2.42
TXS2-01027,34.29,17.96,11,5,7.53
TXS2-01028,81.49,14.52,75,5,3.37
TXS2-01029,18.91,18.41,102,3,1.48
TXS2-01030,16.2,16.4,9,4,99.42
TXS2-01031,53.07,11.38,377,9,4.38
TXS2-01032,56.72,12.95,41,6,2.05
TXS2-01033,42.2,15.86,411,3,11.57
TXS2-01034,63.56,21.57,363,3,8.06
TXS2-01035,140.85,14.72,474,5,3.17
TXS2-01036,63.03,11.63,108,4,38.43
TXS2-01037,45.44,19.55,186,3,16.27
TXS2-01038,99.86,16.28,263,5,2.04
TXS2-01039,34.36,1.36,297,1,1.64
TXS2-01040,70.18,14.68,63,3,27.36
TXS2-01041,104.94,12.46,213,1,46.38
TXS2-01042,30.62,1.46,49,4,4.71
TXS2-01043,179.89,22.21,239,1,10.53
TXS2-01044,71.53,22.55,412,2,6.9
TXS2-01045,52.55,21.73,102,4,7.19
TXS2-01046,119.34,14.66,1,3,5.33
TXS2-01047,116.89,19.45,78,5,5.54
TXS2-01048,39.38,23.07,150,4,7.56
TXS2-01049,80.24,11.42,13,4,3.81
TXS2-01050,30.82,22.23,442,2,14.06
TXS2-01051,15.37,20.98,105,4,1.16
TXS2-01052,81.14,0.17,164,3,6.21
TXS2-01053,82.72,12.03,312,2,13.47
TXS2-01054,130.94,13.68,39,5,10.12
TXS2-01055,41.92,21.37,462,3,1.41
TXS2-01056,194.74,12.39,194,4,5.33
TXS2-01057,86.67,21.75,177,4,2.12
TXS2-01058,32.04,17.11,120,3,7.08
TXS2-01059,63.49,7.28,693,4,8.0
TXS2-01060,44.86,14.56,152,4,8.3
TXS2-01061,165.65,17.57,217,3,13.46
TXS2-01062,48.55,11.55,839,5,1.59
TXS2-01063,49.73,12.53,132,4,21.13
TXS2-01064,52.55,12.41,204,3,0.84
TXS2-01065,90.95,18.9,575,1,1.14
TXS2-01066,41.29,13.31,73,4,65.85
TXS2-01067,22.89,14.36,112,4,4.57
TXS2-01068,67.37,14.16,131,3,7.23
TXS2-01069,66.53,11.66,222,5,2.84
TXS2-01070,321.66,14.63,121,2,1.8
TXS2-01071,89.94,12.88,37,3,8.77
TXS2-01072,63.96,13.38,713,3,0.58
TXS2-01073,87.4,17.35,43,3,10.99
TXS2-01074,83.11,15.74,218,8,40.28
TXS2-01075,46.57,15.83,33,5,3.94
TXS2-01076,105.64,18.97,1139,4,64.17
TXS2-01077,95.11,11.18,385,5,19.56
TXS2-01078,35.26,15.98,103,4,1.74
TXS2-01079,51.94,17.39,13,4,6.75
TXS2-01080,246.44,16.28,9,3,3.44
TXS2-01081,100.7,11.82,1064,2,2.22
TXS2-01082,61.84,21.21,30,2,8.84
TXS2-01083,73.12,16.27,411,2,2.72
TXS2-01084,15.3,20.22,297,8,5.14
TXS2-01085,87.45,20.5,272,6,9.45
TXS2-01086,14.74,15.43,283,2,4.66
TXS2-01087,107.08,11.97,10,3,1.23
TXS2-01088,10.78,14.78,434,4,3.72
TXS2-01089,16.4,15.7,399,3,10.48
TXS2-01090,59.73,12.66,4,1,15.7
TXS2-01091,95.58,21.17,332,4,12.98
TXS2-01092,81.29,15.0,176,3,1.08
TXS2-01093,125.7,13.59,587,3,5.64
TXS2-01094,37.56,13.35,137,3,11.68
TXS2-01095,25.65,9.14,286,4,17.48
TXS2-01096,53.07,19.97,146,2,2.6
TXS2-01097,197.75,17.65,44,3,7.84
TXS2-01098,61.37,23.47,21,4,3.02
TXS2-01099,33.69,23.5,450,3,6.42
TXS2-01100,19.29,21.69,605,4,5.28
TXS2-01101,58.41,13.31,491,3,35.86
TXS2-01102,249.65,9.46,382,5,0.74
TXS2-01103,101.2,9.79,273,4,4.26
TXS2-01104,80.64,9.61,694,3,5.61
TXS2-01105,71.13,8.05,197,1,0.62
TXS2-01106,29.06,1.43,165,4,1.73
TXS2-01107,97.34,13.98,71,6,2.43
TXS2-01108,95.11,20.08,505,7,1.15
TXS2-01109,81.73,13.02,321,3,2.27
TXS2-01110,91.73,21.02,79,3,7.99
TXS2-01111,48.59,14.95,113,5,26.69
TXS2-01112,113.03,22.43,129,5,30.14
TXS2-01113,37.5,13.92,124,7,20.13
TXS2-01114,11.95,13.03,10,6,5.12
TXS2-01115,50.9,19.99,3,4,11.41
TXS2-01116,24.76,17.85,158,6,16.61
TXS2-01117,37.84,18.63,424,2,9.61
TXS2-01118,130.5,9.08,226,4,2.02
TXS2-01119,31.13,22.22,202,7,1.96
TXS2-01120,149.36,21.46,454,3,8.53
TXS2-01121,76.85,21.89,74,4,2.72
TXS2-01122,17.97,15.84,143,2,0.64
TXS2-01123,36.78,20.51,108,3,7.94
TXS2-01124,90.36,21.08,152,8,0.59
TXS2-01125,140.01,18.85,172,5,4.64
TXS2-01126,7.36,11.22,217,3,7.6
TXS2-01127,72.07,22.93,133,5,17.12
TXS2-01128,15.58,13.55,750,3,100.7
TXS2-01129,26.61,23.82,47,2,63.07
TXS2-01130,6.92,18.27,305,3,67.98
TXS2-01131,36.62,13.98,277,6,11.34
TXS2-01132,201.53,13.93,36,2,21.25
TXS2-01133,197.31,22.74,595,8,9.51
TXS2-01134,16.78,19.37,240,2,45.59
TXS2-01135,118.34,13.72,434,3,3.27
TXS2-01136,77.45,23.16,97,3,7.43
TXS2-01137,19.49,16.07,104,4,27.63
TXS2-01138,56.64,22.4,130,5,3.1
TXS2-01139,131.36,16.04,772,2,1.73
TXS2-01140,110.36,20.84,63,7,2.9
TXS2-01141,50.89,19.05,236,2,1.33
TXS2-01142,93.63,17.51,365,4,3.76
TXS2-01143,57.66,19.33,335,2,15.65
TXS2-01144,7.42,19.37,20,3,15.13
TXS2-01145,84.7,19.96,188,3,2.03
TXS2-01146,95.04,12.75,19,5,16.95
TXS2-01147,47.66,1.51,157,3,2.23
TXS2-01148,25.96,13.78,80,2,4.52
TXS2-01149,56.88,22.71,241,4,6.81
TXS2-01150,174.33,10.69,76,6,12.81
TXS2-01151,119.43,22.98,379,5,4.69
TXS2-01152,13.83,18.13,68,3,7.46
TXS2-01153,123.4,20.33,393,2,1.41
TXS2-01154,128.4,22.61,46,3,15.53
TXS2-01155,42.75,13.41,131,2,2.33
TXS2-01156,25.64,20.5,103,2,3.23
TXS2-01157,207.1,12.86,33,3,7.44
TXS2-01158,48.34,15.75,83,6,44.02
TXS2-01159,17.23,8.54,902,4,24.91
TXS2-01160,39.37,14.55,55,2,11.06
TXS2-01161,94.6,23.01,458,2,25.23
TXS2-01162,23.74,8.22,65,3,6.89
TXS2-01163,67.91,13.51,81,4,35.28
TXS2-01164,14.57,17.29,567,5,47.3
TXS2-01165,146.68,8.07,69,7,2.32
TXS2-01166,26.79,16.83,56,3,20.45
TXS2-01167,61.81,12.24,1023,4,13.79
TXS2-01168,54.39,21.27,365,4,1.34
TXS2-01169,164.36,14.29,9,2,2.05
TXS2-01170,326.03,17.21,549,4,1.71
TXS2-01171,24.15,9.98,46,1,1.85
TXS2-01172,33.17,11.91,26,3,53.29
TXS2-01173,39.04,20.53,582,2,3.52
TXS2-01174,78.4,22.83,1,4,17.89
TXS2-01175,24.45,13.39,21,6,1.57
TXS2-01176,67.86,12.6,531,4,5.14
TXS2-01177,442.79,12.59,26,4,24.88
TXS2-01178,67.98,20.44,772,1,17.29
TXS2-01179,95.01,16.09,81,2,5.32
TXS2-01180,190.74,21.55,20,2,35.63
TXS2-01181,31.9,16.05,105,3,3.13
TXS2-01182,278.5,17.74,115,2,4.6
TXS2-01183,26.75,22.33,318,4,1.89
TXS2-01184,48.86,19.18,73,4,19.11
TXS2-01185,71.3,20.79,631,2,7.72
TXS2-01186,19.16,17.94,381,2,4.64
TXS2-01187,84.4,19.09,50,3,36.23
TXS2-01188,145.61,9.14,341,5,11.8
TXS2-01189,34.4,0.24,21,2,1.79
TXS2-01190,60.7,19.08,155,3,12.88
TXS2-01191,113.59,14.44,56,3,8.06
TXS2-01192,77.98,12.72,86,3,8.86
TXS2-01193,133.79,21.18,309,4,26.18
TXS2-01194,33.8,15.64,190,2,18.27
TXS2-01195,70.03,18.01,681,2,7.88
TXS2-01196,50.98,17.0,529,3,1.77
TXS2-01197,59.76,19.8,114,2,10.92
TXS2-01198,69.51,22.37,276,3,7.21
TXS2-01199,92.18,20.44,196,8,3.09
TXS2-01200,77.75,13.13,141,3,4.16
TXS2-01201,68.97,19.59,66,5,1.99
TXS2-01202,32.08,15.23,12,2,5.02
TXS2-01203,115.34,23.26,58,2,10.79
TXS2-01204,51.72,9.25,342,7,0.84
TXS2-01205,78.74,17.33,219,3,17.72
TXS2-01206,37.85,22.35,36,3,9.46
TXS2-01207,107.03,21.46,17,3,4.86
TXS2-01208,60.57,12.11,59,2,12.72
TXS2-01209,56.13,12.27,85,7,21.75
TXS2-01210,84.92,18.35,730,6,20.13
TXS2-01211,67.94,13.33,223,1,5.66
TXS2-01212,213.06,12.32,412,4,28.93
TXS2-01213,106.3,21.72,25,6,3.58
TXS2-01214,51.34,17.68,353,5,15.26
TXS2-01215,62.4,14.68,39,3,4.93
TXS2-01216,53.28,21.16,128,6,1.05
TXS2-01217,90.15,21.55,299,3,13.87
TXS2-01218,76.33,20.21,52,3,1.18
TXS2-01219,195.02,9.51,184,5,3.98
TXS2-01220,101.07,14.39,187,4,6.19
TXS2-01221,75.64,13.23,408,3,11.08
TXS2-01222,38.73,16.01,113,6,1.6
TXS2-01223,14.33,21.1,118,4,3.62
TXS2-01224,157.82,11.77,719,3,27.55
TXS2-01225,126.14,21.0,251,2,106.13
TXS2-01226,118.85,16.53,5,4,14.62
TXS2-01227,80.59,19.48,31,2,0.4
TXS2-01228,39.24,23.05,66,2,2.62
TXS2-01229,52.83,23.04,225,5,1.74
TXS2-01230,109.75,17.93,525,6,3.22
TXS2-01231,59.57,16.79,5,2,5.36
TXS2-01232,127.07,21.85,270,3,7.83
TXS2-01233,68.69,23.56,27,3,3.04
TXS2-01234,51.01,14.39,96,2,1.21
TXS2-01235,49.26,12.98,734,2,2.9
TXS2-01236,53.57,22.84,132,2,7.8
TXS2-01237,37.46,21.61,908,5,44.8
TXS2-01238,149.43,11.79,126,1,4.75
TXS2-01239,38.99,18.32,523,4,2.72
TXS2-01240,43.98,9.08,301,3,5.04
TXS2-01241,69.97,15.69,36,2,4.06
TXS2-01242,41.82,18.82,79,8,41.81
TXS2-01243,111.44,12.9,101,4,31.89
TXS2-01244,170.02,20.52,293,6,8.86
TXS2-01245,58.09,22.96,150,3,2.94
TXS2-01246,39.71,23.92,245,6,3.59
TXS2-01247,16.31,22.37,82,3,35.01
TXS2-01248,76.67,8.67,173,2,2.31
TXS2-01249,116.05,10.95,690,2,8.84
TXS2-01250,104.33,11.72,223,3,6.17
TXS2-01251,38.45,0.56,230,6,2.32
TXS2-01252,43.33,21.36,101,6,17.4
TXS2-01253,36.7,9.76,15,3,6.3
TXS2-01254,35.94,13.9,771,2,6.78
TXS2-01255,73.06,11.1,65,3,1.56
TXS2-01256,201.7,18.43,313,2,3.67
TXS2-01257,9.96,21.08,102,3,1.96
TXS2-01258,21.06,20.29,230,6,1.21
TXS2-01259,19.23,21.81,127,2,1.98
TXS2-01260,216.47,15.27,238,1,9.83
TXS2-01261,134.07,19.38,210,1,64.77
TXS2-01262,16.61,22.33,710,2,6.33
TXS2-01263,189.26,19.64,17,4,15.6
TXS2-01264,80.34,17.11,115,3,32.75
TXS2-01265,68.31,23.69,163,7,13.7
TXS2-01266,142.95,19.99,78,2,8.94
TXS2-01267,86.13,22.91,221,3,4.19
TXS2-01268,74.3,17.7,73,4,8.05
TXS2-01269,68.93,23.65,38,6,10.53
TXS2-01270,20.05,12.78,523,3,9.36
TXS2-01271,18.01,12.7,305,4,12.42
TXS2-01272,125.15,11.79,108,4,8.7
TXS2-01273,59.6,17.21,696,5,11.22
TXS2-01274,174.19,11.92,160,3,4.4
TXS2-01275,75.26,23.75,265,2,11.58
TXS2-01276,113.5,11.94,329,5,2.24
TXS2-01277,143.86,20.07,7,5,7.9
TXS2-01278,29.56,23.82,8,3,16.13
TXS2-01279,118.41,22.06,227,6,7.7
TXS2-01280,56.16,13.17,1132,1,26.13
TXS2-01281,30.19,18.77,292,2,3.09
TXS2-01282,16.31,15.91,87,3,8.79
TXS2-01283,25.63,13.11,95,4,0.6
TXS2-01284,85.64,22.54,187,2,21.55
TXS2-01285,11.55,23.85,103,3,22.69
TXS2-01286,118.45,13.89,760,1,11.36
TXS2-01287,47.21,19.49,461,5,3.83
TXS2-01288,43.05,23.74,228,3,1.56
TXS2-01289,337.23,11.78,1576,4,1.03
TXS2-01290,86.34,18.25,37,4,7.36
TXS2-01291,20.08,15.79,112,2,1.62
TXS2-01292,82.26,18.89,815,5,3.24
TXS2-01293,30.15,23.32,469,3,3.88
TXS2-01294,34.79,11.76,142,4,9.24
TXS2-01295,174.38,14.93,390,5,0.56
TXS2-01296,70.5,6.83,307,7,2.24
TXS2-01297,110.97,10.73,179,2,10.57
TXS2-01298,81.6,19.12,296,3,18.8
TXS2-01299,39.03,23.99,348,2,17.58
TXS2-01300,66.57,9.22,783,3,3.31
TXS2-01301,101.4,12.21,258,2,17.86
TXS2-01302,107.46,12.93,299,2,20.84
TXS2-01303,37.47,17.56,24,3,17.76
TXS2-01304,37.62,17.0,35,3,14.63
TXS2-01305,84.16,19.28,185,3,20.8
TXS2-01306,216.94,20.83,644,3,14.42
TXS2-01307,32.24,10.47,247,6,3.58
TXS2-01308,108.01,15.8,225,6,4.26
TXS2-01309,33.95,21.47,448,10,5.87
TXS2-01310,98.73,11.37,248,4,2.59
TXS2-01311,51.53,21.14,79,5,1.2
TXS2-01312,123.48,22.15,508,4,3.13
TXS2-01313,7.55,11.9,63,1,8.84
TXS2-01314,70.24,19.42,69,3,6.33
TXS2-01315,253.91,14.85,38,6,4.92
TXS2-01316,123.12,20.29,33,10,5.08
TXS2-01317,100.66,15.94,466,3,2.01
TXS2-01318,59.22,16.08,93,8,6.11
TXS2-01319,68.78,18.22,150,4,2.23
TXS2-01320,198.2,14.13,48,2,19.49
TXS2-01321,62.89,18.77,672,8,2.5
TXS2-01322,46.11,17.35,217,1,40.47
TXS2-01323,129.32,14.1,10,1,12.04
TXS2-01324,32.28,7.24,68,3,3.76
TXS2-01325,207.36,13.53,186,3,3.57
TXS2-01326,35.77,15.29,61,8,9.65
TXS2-01327,135.97,20.26,15,5,2.94
TXS2-01328,70.58,12.03,217,7,2.21
TXS2-01329,29.63,20.11,17,5,4.37
TXS2-01330,24.13,9.12,288,2,9.64
TXS2-01331,21.25,20.42,207,4,7.23
TXS2-01332,251.39,10.93,314,4,15.47
TXS2-01333,105.4,8.61,33,4,18.95
TXS2-01334,84.6,17.01,219,2,8.36
TXS2-01335,8.39,15.02,230,3,1.06
TXS2-01336,36.78,20.57,135,2,11.09
TXS2-01337,72.41,14.78,353,3,6.5
TXS2-01338,64.77,12.14,144,3,20.15
TXS2-01339,80.04,15.57,153,4,28.51
TXS2-01340,65.28,15.6,520,9,131.6
TXS2-01341,230.86,11.5,244,3,2.87
TXS2-01342,32.97,14.05,434,2,63.88
TXS2-01343,28.91,21.68,430,7,9.37
TXS2-01344,97.63,21.13,12,1,10.67
TXS2-01345,17.61,13.74,379,5,22.3
TXS2-01346,149.24,20.8,425,4,25.73
TXS2-01347,37.07,19.73,58,3,1.96
TXS2-01348,43.69,13.45,12,4,20.92
TXS2-01349,89.4,14.32,222,5,8.62
TXS2-01350,59.85,12.44,74,4,1.55
TXS2-01351,75.19,15.1,104,2,26.77
TXS2-01352,245.41,14.75,285,2,4.72
TXS2-01353,42.04,22.02,330,4,1.17
TXS2-01354,155.6,17.15,216,2,21.26
TXS2-01355,58.64,16.6,390,5,5.17
TXS2-01356,297.74,10.33,218,2,12.37
TXS2-01357,23.04,14.29,15,3,123.07
TXS2-01358,68.26,15.5,589,3,7.95
TXS2-01359,88.03,21.36,33,4,1.81
TXS2-01360,141.57,18.36,423,6,6.67
TXS2-01361,13.37,13.96,120,4,9.11
TXS2-01362,124.24,12.97,63,3,11.75
TXS2-01363,31.1,21.96,151,2,31.13
TXS2-01364,44.62,21.66,428,1,7.41
TXS2-01365,18.16,22.13,223,4,25.65
TXS2-01366,33.89,14.91,447,1,13.72
TXS2-01367,65.26,16.42,206,5,5.83
TXS2-01368,41.09,16.72,48,5,4.14
TXS2-01369,59.72,17.97,129,2,0.18
TXS2-01370,103.88,21.75,82,4,3.42
TXS2-01371,123.1,20.11,24,1,5.99
TXS2-01372,178.92,11.69,703,1,4.46
TXS2-01373,275.1,22.17,456,2,5.64
TXS2-01374,674.51,15.75,93,1,5.77
TXS2-01375,112.71,7.14,112,3,2.67
TXS2-01376,36.22,14.03,116,2,1.73
TXS2-01377,258.53,22.43,32,3,2.29
TXS2-01378,63.07,20.34,68,2,6.53
TXS2-01379,60.75,14.6,268,3,17.02
TXS2-01380,117.7,19.54,292,5,4.39
TXS2-01381,98.88,14.71,98,2,1.52
TXS2-01382,43.64,11.45,191,5,13.33
TXS2-01383,30.31,10.31,200,4,5.47
TXS2-01384,178.54,22.52,558,5,4.36
TXS2-01385,27.15,14.39,76,5,5.09
TXS2-01386,292.84,21.33,94,5,9.13
TXS2-01387,123.66,21.18,19,5,11.22
TXS2-01388,103.01,13.4,132,2,1.05
TXS2-01389,43.21,14.0,62,5,5.67
TXS2-01390,81.05,19.87,1016,4,17.17
TXS2-01391,92.83,7.68,321,4,4.78
TXS2-01392,23.8,11.93,95,9,7.61
TXS2-01393,21.64,16.03,24,2,7.26
TXS2-01394,246.17,15.38,144,4,3.24
TXS2-01395,60.28,10.61,13,3,3.54
TXS2-01396,35.68,10.3,36,3,14.8
TXS2-01397,52.85,9.65,321,3,27.65
TXS2-01398,39.71,12.01,37,3,31.87
TXS2-01399,57.67,21.85,62,4,5.88
TXS2-01400,19.81,14.84,58,2,6.31
TXS2-01401,30.51,21.31,477,3,5.55
TXS2-01402,62.49,17.31,783,3,2.54
TXS2-01403,121.36,13.75,38,2,2.23
TXS2-01404,13.15,21.92,191,6,7.65
TXS2-01405,73.56,12.47,67,3,4.59
TXS2-01406,119.0,12.38,31,6,24.91
TXS2-01407,29.15,20.29,42,4,17.69
TXS2-01408,62.66,11.53,915,2,10.64
TXS2-01409,35.86,14.48,48,5,5.85
TXS2-01410,37.18,13.31,348,3,15.5
TXS2-01411,95.34,15.01,169,1,0.48
TXS2-01412,43.16,12.15,219,6,1.37
TXS2-01413,37.65,10.07,171,2,41.36
TXS2-01414,14.91,21.98,124,6,31.11
TXS2-01415,43.05,20.8,79,3,7.95
TXS2-01416,133.04,21.78,460,4,3.39
TXS2-01417,21.63,20.77,455,3,4.67
TXS2-01418,72.46,14.57,157,1,22.16
TXS2-01419,75.2,11.15,1005,3,12.25
TXS2-01420,73.0,21.04,216,2,24.93
TXS2-01421,53.76,22.62,577,2,5.01
TXS2-01422,41.65,14.36,84,3,7.46
TXS2-01423,10.7,18.82,348,2,27.15
TXS2-01424,29.35,18.01,270,2,4.65
TXS2-01425,29.78,16.25,480,2,4.65
TXS2-01426,217.93,18.84,84,4,23.43
TXS2-01427,224.14,19.97,192,3,11.4
TXS2-01428,21.14,12.85,46,7,0.77
TXS2-01429,55.53,15.79,96,4,5.07
TXS2-01430,51.14,18.38,58,1,4.64
TXS2-01431,39.62,20.15,140,1,7.25
TXS2-01432,98.98,20.37,50,4,15.82
TXS2-01433,29.22,20.38,35,4,1.18
TXS2-01434,138.79,14.75,154,3,1.85
TXS2-01435,46.64,9.12,608,4,24.5
TXS2-01436,55.83,1.32,994,5,2.53
TXS2-01437,265.4,21.16,95,3,12.48
TXS2-01438,153.56,16.58,205,4,5.65
TXS2-01439,34.09,22.15,82,5,18.48
TXS2-01440,101.03,18.71,110,4,9.24
TXS2-01441,119.86,0.39,55,4,1.35
TXS2-01442,79.6,11.69,607,3,8.3
TXS2-01443,36.39,22.84,216,5,5.16
TXS2-01444,85.19,22.79,127,4,9.18
TXS2-01445,52.08,20.73,230,2,1.82
TXS2-01446,231.19,18.6,27,6,1.02
TXS2-01447,106.14,21.01,289,4,2.83
TXS2-01448,64.6,17.01,250,3,11.57
TXS2-01449,72.5,21.98,212,3,22.68
TXS2-01450,42.95,8.33,32,4,7.92
TXS2-01451,193.4,18.2,18,5,2.69
TXS2-01452,34.47,21.35,85,3,18.2
TXS2-01453,37.02,15.64,333,7,5.03
TXS2-01454,54.7,23.18,69,2,4.66
TXS2-01455,160.07,10.97,399,3,5.41
TXS2-01456,83.62,20.46,763,2,0.29
TXS2-01457,29.11,22.25,852,6,5.92
TXS2-01458,11.25,8.02,169,4,19.31
TXS2-01459,26.66,21.73,149,4,1.96
TXS2-01460,40.96,19.04,248,3,4.22
TXS2-01461,127.98,14.85,151,3,13.03
TXS2-01462,174.15,19.94,444,3,7.25
TXS2-01463,186.19,10.05,86,3,5.05
TXS2-01464,91.66,18.79,7,8,4.66
TXS2-01465,46.03,7.19,136,3,5.51
TXS2-01466,29.35,21.12,2,2,13.64
TXS2-01467,37.82,23.5,311,3,1.92
TXS2-01468,34.62,17.03,312,4,1.18
TXS2-01469,37.71,20.04,7,4,15.04
TXS2-01470,74.12,12.11,21,3,3.89
TXS2-01471,27.52,11.1,242,3,2.97
TXS2-01472,213.66,16.96,973,2,3.11
TXS2-01473,60.92,18.37,145,3,20.09
TXS2-01474,60.36,21.51,231,2,21.08
TXS2-01475,80.33,16.55,247,6,0.35
TXS2-01476,42.11,18.97,51,5,1.21
TXS2-01477,28.37,21.14,588,4,17.25
TXS2-01478,25.87,14.48,778,4,1.48
TXS2-01479,63.34,5.97,202,2,4.14
TXS2-01480,59.27,10.88,12,4,20.56
TXS2-01481,357.29,22.79,62,2,25.29
TXS2-01482,432.66,19.18,155,4,1.6
TXS2-01483,41.81,10.89,900,2,2.88
TXS2-01484,40.22,13.48,140,4,27.57
TXS2-01485,75.7,22.62,59,4,4.45
TXS2-01486,69.51,11.64,31,4,4.87
TXS2-01487,14.77,16.77,141,4,18.35
TXS2-01488,20.4,20.57,249,4,23.96
TXS2-01489,122.95,15.56,2037,5,1.97
TXS2-01490,55.84,13.1,334,4,1.44
TXS2-01491,5.0,12.3,566,2,2.24
TXS2-01492,57.56,6.46,67,6,1.21
TXS2-01493,82.16,15.77,206,3,2.71
TXS2-01494,42.5,19.62,329,3,4.72
TXS2-01495,68.8,19.1,160,5,17.95
TXS2-01496,93.11,23.54,38,2,21.13
TXS2-01497,74.44,16.26,618,4,2.43
TXS2-01498,9.83,21.23,805,3,12.81
TXS2-01499,95.3,14.58,112,1,9.66
TXS2-01500,69.44,21.57,607,2,6.02
TXS2-01501,53.29,12.22,352,2,21.1
TXS2-01502,46.17,13.27,920,4,1.14
TXS2-01503,152.74,7.16,39,6,6.31
TXS2-01504,18.36,12.35,188,3,28.61
TXS2-01505,32.53,11.61,88,2,8.4
TXS2-01506,141.68,14.98,64,3,0.7
TXS2-01507,52.95,21.83,802,5,9.12
TXS2-01508,41.21,21.35,249,4,4.03
TXS2-01509,12.33,13.55,110,6,3.58
TXS2-01510,36.44,12.68,99,5,2.37
TXS2-01511,63.42,19.43,20,3,13.95
TXS2-01512,100.81,12.22,108,4,4.97
TXS2-01513,33.71,21.52,313,5,4.5
TXS2-01514,69.34,17.04,376,2,0.42
TXS2-01515,113.41,15.13,109,3,16.93
TXS2-01516,126.45,15.05,779,3,4.28
TXS2-01517,37.39,21.33,59,4,3.15
TXS2-01518,121.74,8.95,4,7,0.85
TXS2-01519,13.86,12.43,299,5,4.07
TXS2-01520,77.71,8.7,15,5,2.3
TXS2-01521,103.91,22.72,46,5,34.09
TXS2-01522,18.92,20.09,25,7,2.31
TXS2-01523,40.35,11.43,10,3,9.35
TXS2-01524,147.3,16.13,166,4,6.84
TXS2-01525,35.6,15.56,55,3,1.78
TXS2-01526,76.0,13.1,12,4,17.77
TXS2-01527,37.19,16.4,498,3,4.9
TXS2-01528,12.62,19.83,8,2,1.42
TXS2-01529,78.75,18.67,34,6,4.77
TXS2-01530,38.56,1.33,242,5,0.96
TXS2-01531,71.1,23.06,215,3,3.25
TXS2-01532,35.38,13.4,110,3,7.37
TXS2-01533,78.39,16.4,159,3,5.11
TXS2-01534,81.01,22.93,318,9,1.67
TXS2-01535,42.85,16.83,89,2,8.77
TXS2-01536,87.92,14.65,605,7,2.79
TXS2-01537,31.66,9.77,142,3,2.93
TXS2-01538,104.52,18.16,76,4,38.08
TXS2-01539,88.15,10.91,707,4,23.36
TXS2-01540,152.92,20.59,496,3,4.77
TXS2-01541,82.77,12.57,310,4,4.74
TXS2-01542,49.7,10.54,377,5,11.95
TXS2-01543,73.18,12.75,166,1,1.52
TXS2-01544,63.43,18.51,406,3,6.35
TXS2-01545,16.39,9.66,95,3,1.17
TXS2-01546,39.5,18.12,329,3,1.66
TXS2-01547,145.73,14.45,1151,1,24.6
TXS2-01548,46.13,20.62,27,2,6.66
TXS2-01549,19.74,17.05,22,4,8.21
TXS2-01550,47.33,16.51,222,3,6.33
TXS2-01551,68.32,19.48,394,6,5.8
TXS2-01552,80.8,20.41,29,6,4.31
TXS2-01553,23.41,17.6,254,1,1.9
TXS2-01554,125.86,1.47,2,3,10.47
TXS2-01555,46.84,21.6,406,1,2.96
TXS2-01556,104.15,20.25,191,4,15.47
TXS2-01557,57.24,20.2,83,4,26.51
TXS2-01558,15.02,13.51,139,3,4.47
TXS2-01559,25.89,17.49,3,6,16.25
TXS2-01560,38.87,19.75,247,1,14.97
TXS2-01561,134.72,14.85,17,4,18.18
TXS2-01562,26.9,19.3,342,4,61.37
TXS2-01563,49.73,19.67,209,2,27.81
TXS2-01564,90.88,10.39,91,5,22.2
TXS2-01565,123.38,21.97,29,1,7.9
TXS2-01566,155.54,11.38,239,1,15.29
TXS2-01567,84.43,14.87,89,6,6.64
TXS2-01568,27.83,20.21,519,5,21.72
TXS2-01569,31.2,15.05,8,2,8.57
TXS2-01570,57.35,16.71,105,1,3.43
TXS2-01571,30.8,10.07,1913,1,0.91
TXS2-01572,45.61,18.75,181,5,4.23
TXS2-01573,88.46,14.13,379,5,5.89
TXS2-01574,21.76,10.72,286,3,4.1
TXS2-01575,20.64,15.59,353,2,2.05
TXS2-01576,300.15,16.45,10,4,2.41
TXS2-01577,47.33,15.24,37,4,4.14
TXS2-01578,53.36,18.27,375,2,8.4
TXS2-01579,48.0,12.86,145,5,3.96
TXS2-01580,60.03,7.84,77,4,2.2
TXS2-01581,217.33,13.94,108,3,14.03
TXS2-01582,20.23,16.36,162,1,7.87
TXS2-01583,118.49,12.65,7,7,3.43
TXS2-01584,56.51,16.11,404,1,13.25
TXS2-01585,117.27,10.76,934,4,1.69
TXS2-01586,29.37,13.45,42,6,1.68
TXS2-01587,71.03,16.46,13,2,2.59
TXS2-01588,64.63,11.35,184,4,9.56
TXS2-01589,25.99,16.32,126,2,5.11
TXS2-01590,24.69,11.92,25,4,12.01
TXS2-01591,65.14,9.12,184,6,0.5
TXS2-01592,23.61,13.4,540,3,2.76
TXS2-01593,118.3,21.79,87,2,4.08
TXS2-01594,35.06,1.34,117,2,3.66
TXS2-01595,51.76,12.85,121,6,0.59
TXS2-01596,18.07,22.96,90,3,4.31
TXS2-01597,55.1,20.63,180,2,6.91
TXS2-01598,269.15,19.32,146,1,19.09
TXS2-01599,135.63,13.42,183,3,7.17
TXS2-01600,47.72,17.6,136,1,14.4
TXS2-01601,52.98,13.16,114,4,11.55
TXS2-01602,111.19,13.69,230,4,31.17
TXS2-01603,42.61,10.96,73,3,1.6
TXS2-01604,31.58,21.1,133,4,41.89
TXS2-01605,123.46,15.45,476,4,4.76
TXS2-01606,45.72,23.88,380,1,18.22
TXS2-01607,163.65,13.27,163,5,1.18
TXS2-01608,62.6,17.45,20,6,4.59
TXS2-01609,32.9,22.36,448,4,3.85
TXS2-01610,58.02,13.22,112,4,20.09
TXS2-01611,36.59,11.01,833,3,7.07
TXS2-01612,36.14,10.67,412,3,3.11
TXS2-01613,45.71,13.94,238,5,7.99
TXS2-01614,60.71,21.55,121,2,11.34
TXS2-01615,146.75,12.54,22,3,2.38
TXS2-01616,48.36,20.01,590,5,21.34
TXS2-01617,64.43,23.54,22,4,1.2
TXS2-01618,18.96,22.43,101,4,12.55
TXS2-01619,31.99,19.54,484,4,1.53
TXS2-01620,104.79,19.48,58,5,5.62
TXS2-01621,153.58,15.8,38,4,8.01
TXS2-01622,29.11,21.8,290,3,7.3
TXS2-01623,62.76,21.26,158,1,4.2
TXS2-01624,70.08,14.8,5,2,2.69
TXS2-01625,33.73,21.96,280,3,1.5
TXS2-01626,36.99,17.07,44,2,7.59
TXS2-01627,28.3,20.64,17,2,3.25
TXS2-01628,87.47,8.67,173,3,6.08
TXS2-01629,15.14,14.15,808,5,6.09
TXS2-01630,65.11,9.47,35,3,13.33
TXS2-01631,83.82,19.5,383,6,2.3
TXS2-01632,51.29,16.19,34,2,26.84
TXS2-01633,26.44,20.99,79,7,6.38
TXS2-01634,52.22,19.6,27,2,22.19
TXS2-01635,25.05,15.49,147,4,0.87
TXS2-01636,64.39,18.96,314,3,5.0
TXS2-01637,58.91,12.53,489,3,41.03
TXS2-01638,23.0,12.46,233,6,42.39
TXS2-01639,125.32,11.06,251,4,22.85
TXS2-01640,55.76,12.05,144,5,1.74
TXS2-01641,48.43,21.98,53,2,1.42
TXS2-01642,155.95,22.04,162,1,3.2
TXS2-01643,32.19,0.33,32,1,2.31
TXS2-01644,29.56,18.44,953,3,11.88
TXS2-01645,45.54,21.79,12,2,32.83
TXS2-01646,149.71,19.97,528,3,2.27
TXS2-01647,31.81,12.99,227,4,3.75
TXS2-01648,38.1,20.33,635,2,2.03
TXS2-01649,5.94,16.5,225,2,14.07
TXS2-01650,37.97,16.97,283,3,1.0
TXS2-01651,19.28,20.2,11,4,11.39
TXS2-01652,20.9,20.84,60,2,39.54
TXS2-01653,269.73,19.41,453,1,14.78
TXS2-01654,51.21,17.07,114,3,3.78
TXS2-01655,225.65,19.26,154,5,12.99
TXS2-01656,28.83,7.35,364,5,3.57
TXS2-01657,174.35,10.55,360,4,17.25
TXS2-01658,104.5,12.6,371,3,2.31
TXS2-01659,84.88,20.85,448,2,3.35
TXS2-01660,68.55,10.35,982,2,15.85
TXS2-01661,95.77,14.07,587,5,41.2
TXS2-01662,11.78,20.01,34,6,18.02
TXS2-01663,41.75,15.48,217,6,0.78
TXS2-01664,38.16,16.51,62,3,4.15
TXS2-01665,54.08,10.78,830,3,16.92
TXS2-01666,219.56,17.59,195,4,8.53
TXS2-01667,143.91,22.41,427,5,13.84
TXS2-01668,385.75,19.95,369,1,11.68
TXS2-01669,66.02,17.73,616,3,6.22
TXS2-01670,37.17,13.57,280,2,14.63
TXS2-01671,41.37,22.67,930,5,11.41
TXS2-01672,56.28,13.89,11,2,9.45
TXS2-01673,30.39,20.15,728,5,7.66
TXS2-01674,36.55,0.79,101,2,3.35
TXS2-01675,369.97,13.02,1368,4,2.19
TXS2-01676,391.82,19.13,94,4,3.8
TXS2-01677,19.13,21.19,391,5,42.9
TXS2-01678,165.95,19.09,193,4,14.46
TXS2-01679,18.35,14.36,760,4,24.18
TXS2-01680,7.62,11.87,167,2,15.9
TXS2-01681,113.1,19.96,227,5,5.71
TXS2-01682,74.26,19.95,39,2,2.26
TXS2-01683,52.52,13.25,17,2,28.87
TXS2-01684,100.97,22.96,157,3,6.95
TXS2-01685,69.09,13.43,478,2,5.74
TXS2-01686,115.03,21.22,103,2,2.71
TXS2-01687,377.77,11.58,609,6,10.53
TXS2-01688,87.15,11.33,152,6,3.3
TXS2-01689,59.9,17.06,83,5,4.22
TXS2-01690,74.75,10.82,119,3,123.45
TXS2-01691,240.88,17.86,240,3,7.01
TXS2-01692,22.08,14.71,728,3,4.94
TXS2-01693,122.22,20.22,34,3,4.0
TXS2-01694,242.94,22.48,587,3,11.95
TXS2-01695,49.51,18.41,124,2,9.27
TXS2-01696,22.67,21.25,146,4,31.27
TXS2-01697,59.55,11.1,398,6,4.32
TXS2-01698,73.47,0.63,117,3,3.26
TXS2-01699,23.08,22.75,56,2,8.44
TXS2-01700,125.75,14.1,336,3,6.32
TXS2-01701,25.05,17.01,44,5,9.85
TXS2-01702,110.04,21.21,152,4,27.69
TXS2-01703,23.52,14.6,606,2,2.41
TXS2-01704,15.49,14.36,22,2,12.34
TXS2-01705,124.07,21.33,370,6,2.12
TXS2-01706,30.47,11.55,40,2,2.88
TXS2-01707,18.75,19.56,216,3,10.91
TXS2-01708,53.96,14.71,188,2,29.93
TXS2-01709,30.65,18.23,429,4,3.19
TXS2-01710,78.34,21.26,168,3,16.37
TXS2-01711,172.4,13.45,375,4,9.06
TXS2-01712,56.77,18.91,260,4,24.72
TXS2-01713,70.25,13.38,84,4,2.36
TXS2-01714,31.66,16.95,221,2,5.61
TXS2-01715,13.39,21.08,191,2,2.11
TXS2-01716,44.28,15.82,187,2,2.09
TXS2-01717,23.96,12.76,768,2,11.84
TXS2-01718,29.57,9.78,264,5,32.42
TXS2-01719,97.35,18.23,293,6,9.46
TXS2-01720,87.24,20.83,126,3,1.37
TXS2-01721,47.17,20.36,935,3,17.23
TXS2-01722,27.48,18.13,1180,4,10.44
TXS2-01723,131.56,10.35,388,4,17.07
TXS2-01724,400.18,16.46,193,6,61.06
TXS2-01725,42.71,19.79,367,4,14.71
TXS2-01726,47.98,17.13,339,1,3.3
TXS2-01727,296.52,23.29,149,3,4.14
TXS2-01728,29.27,0.62,63,4,5.5
TXS2-01729,395.3,20.79,328,1,4.9
TXS2-01730,50.68,18.18,320,2,9.39
TXS2-01731,128.47,13.97,46,2,3.97
TXS2-01732,32.51,17.16,138,2,7.48
TXS2-01733,56.18,21.27,178,2,34.9
TXS2-01734,39.57,14.73,34,7,11.97
TXS2-01735,12.51,11.51,83,4,12.38
TXS2-01736,162.83,18.32,3,3,0.83
TXS2-01737,80.41,13.51,109,5,33.97
TXS2-01738,19.67,9.25,59,2,14.38
TXS2-01739,28.77,18.78,34,1,1.57
TXS2-01740,18.23,15.53,142,4,6.76
TXS2-01741,50.71,15.61,81,7,4.12
TXS2-01742,51.96,16.92,687,3,2.11
TXS2-01743,80.16,15.93,88,7,5.22
TXS2-01744,49.62,22.5,219,3,25.77
TXS2-01745,88.43,13.99,507,3,8.24
TXS2-01746,44.73,13.52,402,2,1.34
TXS2-01747,75.88,19.73,138,4,29.12
TXS2-01748,61.44,13.65,279,3,10.48
TXS2-01749,12.72,22.15,678,3,17.92
TXS2-01750,66.5,13.99,261,3,14.31
TXS2-01751,21.83,19.26,1033,3,6.08
TXS2-01752,37.55,15.59,131,2,25.54
TXS2-01753,155.84,16.32,477,7,1.27
TXS2-01754,35.28,18.34,302,2,9.19
TXS2-01755,43.15,11.9,476,2,6.64
TXS2-01756,88.68,9.67,159,3,19.77
TXS2-01757,106.45,13.52,161,3,10.43
TXS2-01758,68.27,22.68,107,5,5.08
TXS2-01759,106.13,16.89,312,4,26.39
TXS2-01760,49.8,14.65,22,5,197.23
TXS2-01761,55.35,13.34,119,1,1.93
TXS2-01762,67.42,12.98,18,5,1.62
TXS2-01763,241.74,13.34,149,4,8.2
TXS2-01764,38.04,20.44,61,6,13.62
TXS2-01765,51.59,7.38,98,4,12.84
TXS2-01766,50.51,15.06,162,3,2.18
TXS2-01767,119.7,17.4,194,5,0.61
TXS2-01768,57.77,21.0,452,2,2.37
TXS2-01769,44.55,10.98,843,4,9.38
TXS2-01770,26.95,21.36,242,6,2.79
TXS2-01771,82.74,15.76,59,5,4.43
TXS2-01772,94.26,18.66,394,2,5.09
TXS2-01773,93.16,15.61,593,4,0.7
TXS2-01774,40.06,17.59,318,7,11.76
TXS2-01775,93.32,14.3,453,5,34.54
TXS2-01776,30.49,22.94,427,5,2.42
TXS2-01777,51.48,11.72,99,2,28.76
TXS2-01778,71.96,10.49,299,2,11.76
TXS2-01779,254.96,22.49,8,3,23.66
TXS2-01780,46.38,13.11,226,5,2.35
TXS2-01781,134.36,15.65,16,7,3.84
TXS2-01782,47.53,12.45,18,2,9.79
TXS2-01783,51.08,10.53,534,2,1.09
TXS2-01784,67.53,6.73,369,3,7.62
TXS2-01785,84.39,21.53,116,3,3.61
TXS2-01786,56.62,11.33,209,8,4.91
TXS2-01787,33.37,13.83,232,6,11.76
TXS2-01788,86.63,11.4,442,6,2.1
TXS2-01789,143.17,20.55,349,3,9.14
TXS2-01790,40.23,23.07,21,2,7.73
TXS2-01791,41.27,20.6,839,3,4.46
TXS2-01792,89.07,23.42,86,8,3.23
TXS2-01793,54.76,20.8,443,1,1.89
TXS2-01794,74.99,23.97,327,3,21.11
TXS2-01795,70.58,22.38,240,4,22.02
TXS2-01796,18.87,18.48,384,3,5.14
TXS2-01797,52.7,20.53,121,5,9.28
TXS2-01798,11.43,17.17,240,5,12.35
TXS2-01799,129.98,20.81,274,2,7.51
TXS2-01800,48.78,12.64,113,5,109.34
TXS2-01801,36.95,17.05,295,1,1.99
TXS2-01802,28.82,22.54,190,1,8.39
TXS2-01803,140.74,0.68,338,5,11.82
TXS2-01804,65.15,21.52,184,2,39.61
TXS2-01805,42.76,20.88,120,5,1.83
TXS2-01806,42.17,15.76,126,2,5.11
TXS2-01807,12.75,16.61,224,2,0.51
TXS2-01808,59.63,21.25,204,4,10.03
TXS2-01809,87.94,5.44,205,1,26.44
TXS2-01810,50.73,17.6,457,4,12.58
TXS2-01811,86.88,15.95,72,4,3.18
TXS2-01812,135.03,23.24,904,2,1.91
TXS2-01813,209.11,22.73,257,3,0.17
TXS2-01814,85.68,10.59,513,2,4.29
TXS2-01815,97.62,16.26,153,3,2.6
TXS2-01816,110.29,21.8,140,3,2.19
TXS2-01817,79.3,16.94,558,5,1.85
TXS2-01818,146.54,13.75,76,6,0.68
TXS2-01819,167.97,21.23,534,5,8.99
TXS2-01820,149.17,19.89,59,3,6.25
TXS2-01821,231.34,9.18,738,3,42.88
TXS2-01822,115.09,12.18,21,1,4.04
TXS2-01823,40.69,16.08,237,5,4.58
TXS2-01824,124.93,9.14,245,1,10.81
TXS2-01825,15.9,12.42,184,5,1.56
TXS2-01826,142.49,13.59,65,2,5.03
TXS2-01827,9.42,12.2,163,4,4.17
TXS2-01828,57.81,19.36,292,2,3.96
TXS2-01829,90.23,12.52,329,8,16.3
TXS2-01830,43.62,21.02,108,2,4.54
TXS2-01831,78.8,20.54,253,3,4.38
TXS2-01832,128.57,13.06,250,2,22.55
TXS2-01833,38.91,14.82,162,4,20.5
TXS2-01834,87.41,4.26,60,2,3.18
TXS2-01835,21.77,21.2,198,2,2.46
TXS2-01836,38.02,22.44,434,5,35.95
TXS2-01837,14.16,12.52,120,5,21.97
TXS2-01838,62.13,18.03,153,5,6.59
TXS2-01839,86.94,17.34,402,4,17.42
TXS2-01840,58.92,23.2,162,4,1.87
TXS2-01841,20.32,14.19,243,3,1.14
TXS2-01842,19.79,15.74,7,5,3.78
TXS2-01843,231.08,20.34,40,5,4.14
TXS2-01844,46.28,13.97,241,5,4.54
TXS2-01845,33.19,11.47,395,4,1.59
TXS2-01846,48.27,22.76,82,6,4.4
TXS2-01847,42.4,20.22,80,4,9.4
TXS2-01848,127.94,17.13,690,4,8.68
TXS2-01849,131.83,20.24,90,6,36.34
TXS2-01850,96.72,8.32,186,8,24.07
TXS2-01851,30.21,11.1,93,2,5.81
TXS2-01852,218.5,10.21,82,3,3.81
TXS2-01853,81.49,23.01,60,2,0.52
TXS2-01854,37.16,18.06,60,4,6.04
TXS2-01855,193.07,20.17,23,3,8.78
TXS2-01856,93.97,12.57,195,6,7.05
TXS2-01857,11.08,18.75,109,3,4.05
TXS2-01858,48.88,20.18,506,3,3.29
TXS2-01859,32.09,12.53,13,5,14.85
TXS2-01860,42.49,20.62,592,2,10.05
TXS2-01861,58.18,20.77,124,5,5.48
TXS2-01862,48.39,21.94,172,5,11.42
TXS2-01863,76.25,16.64,149,6,74.23
TXS2-01864,13.62,9.64,290,4,3.11
TXS2-01865,53.3,18.2,709,4,9.85
TXS2-01866,114.01,19.11,151,4,16.81
TXS2-01867,113.92,14.56,19,4,9.8
TXS2-01868,154.5,22.03,162,4,1.82
TXS2-01869,296.86,21.63,253,5,10.89
TXS2-01870,32.28,9.52,809,1,27.91
TXS2-01871,30.73,12.45,355,2,13.07
TXS2-01872,74.98,12.59,60,7,3.63
TXS2-01873,50.94,23.45,463,3,11.91
TXS2-01874,37.53,0.84,183,3,2.74
TXS2-01875,57.36,18.35,101,5,2.97
TXS2-01876,25.66,17.91,132,1,1.5
TXS2-01877,41.77,21.06,304,3,4.09
TXS2-01878,53.93,9.98,57,3,13.06
TXS2-01879,552.22,18.64,118,3,34.11
TXS2-01880,42.14,21.0,227,2,12.93
TXS2-01881,109.39,19.82,192,2,7.22
TXS2-01882,21.34,18.08,2,4,1.23
TXS2-01883,51.21,20.95,160,4,1.46
TXS2-01884,69.21,19.3,315,4,20.13
TXS2-01885,9.6,20.29,89,4,5.62
TXS2-01886,71.79,21.83,149,2,36.78
TXS2-01887,75.26,21.31,16,4,20.7
TXS2-01888,17.58,9.56,194,3,17.27
TXS2-01889,25.09,22.4,226,2,10.48
TXS2-01890,77.1,16.53,175,3,9.08
TXS2-01891,108.58,8.45,226,8,3.22
TXS2-01892,71.21,14.7,140,4,20.06
TXS2-01893,33.41,18.05,14,4,11.55
TXS2-01894,36.02,21.67,309,3,15.84
TXS2-01895,162.29,18.17,97,6,1.3
TXS2-01896,21.49,16.65,318,5,5.05
TXS2-01897,139.01,21.61,382,3,5.04
TXS2-01898,67.57,11.55,137,3,3.41
TXS2-01899,180.57,10.38,495,5,2.86
TXS2-01900,78.21,13.75,198,1,2.28
TXS2-01901,9.98,18.98,290,3,8.55
TXS2-01902,166.93,22.94,296,1,28.45
TXS2-01903,54.71,20.55,76,3,8.25
TXS2-01904,195.72,16.36,106,5,7.0
TXS2-01905,55.35,16.9,237,3,4.47
TXS2-01906,45.19,14.22,95,6,4.13
TXS2-01907,51.08,23.82,829,5,29.19
TXS2-01908,81.85,12.7,38,4,10.8
TXS2-01909,69.19,21.28,49,3,4.23
TXS2-01910,69.28,21.71,687,9,30.61
TXS2-01911,21.12,22.98,144,2,3.15
TXS2-01912,23.64,13.69,257,4,10.47
TXS2-01913,41.28,14.73,60,1,3.3
TXS2-01914,24.06,21.97,82,4,14.37
TXS2-01915,146.02,9.18,99,3,1.51
TXS2-01916,163.69,18.93,29,6,4.93
TXS2-01917,116.43,15.36,13,3,11.78
TXS2-01918,43.47,10.68,180,2,17.04
TXS2-01919,60.71,11.92,824,4,0.49
TXS2-01920,102.37,13.71,77,5,7.78
TXS2-01921,71.71,22.63,234,4,21.39
TXS2-01922,91.05,19.91,255,3,34.47
TXS2-01923,20.48,14.4,240,3,15.69
TXS2-01924,16.47,22.37,301,2,5.0
TXS2-01925,81.88,10.83,299,4,0.8
TXS2-01926,61.81,8.48,68,5,35.87
TXS2-01927,23.0,13.05,383,3,2.11
TXS2-01928,68.64,17.62,1211,6,2.47
TXS2-01929,35.91,16.52,280,2,7.91
TXS2-01930,28.59,17.18,289,3,45.54
TXS2-01931,10.62,0.84,173,2,16.61
TXS2-01932,93.62,22.57,8,5,43.07
TXS2-01933,171.22,16.05,155,1,12.73
TXS2-01934,189.26,15.42,137,5,21.96
TXS2-01935,93.54,12.04,151,1,4.91
TXS2-01936,31.16,19.83,710,3,22.96
TXS2-01937,27.02,22.4,78,3,12.21
TXS2-01938,78.31,12.31,316,3,4.5
TXS2-01939,21.92,13.46,348,5,7.94
TXS2-01940,176.43,10.06,17,3,11.15
TXS2-01941,166.91,16.56,149,2,5.22
TXS2-01942,32.23,0.35,103,4,22.79
TXS2-01943,59.38,11.94,225,2,26.07
TXS2-01944,19.15,14.65,87,7,5.59
TXS2-01945,346.2,14.18,93,4,0.66
TXS2-01946,77.11,16.7,64,3,3.7
TXS2-01947,34.67,15.12,67,2,127.03
TXS2-01948,75.69,9.2,562,4,11.83
TXS2-01949,158.19,12.27,155,4,24.17
TXS2-01950,29.61,16.18,51,6,3.06
TXS2-01951,89.23,17.01,279,7,47.73
TXS2-01952,209.04,15.09,1178,4,3.78
TXS2-01953,29.53,22.08,192,2,15.0
TXS2-01954,52.8,23.78,244,3,8.61
TXS2-01955,31.57,23.23,67,2,2.2
TXS2-01956,74.4,14.27,283,5,2.6
TXS2-01957,45.11,14.82,7,3,19.83
TXS2-01958,39.63,23.2,228,3,22.13
TXS2-01959,81.65,20.36,280,2,9.44
TXS2-01960,39.71,23.25,737,2,134.06
TXS2-01961,11.82,21.78,55,2,2.05
TXS2-01962,81.62,21.66,197,1,29.96
TXS2-01963,152.85,11.48,416,6,1.46
TXS2-01964,53.04,8.22,174,5,6.86
TXS2-01965,109.11,17.08,127,4,36.84
TXS2-01966,45.78,16.98,315,1,23.35
TXS2-01967,243.63,19.07,20,5,2.16
TXS2-01968,39.96,14.18,418,9,2.52
TXS2-01969,37.59,18.22,235,3,6.52
TXS2-01970,54.35,18.97,44,3,5.83
TXS2-01971,165.71,19.94,320,6,1.83
TXS2-01972,24.11,12.4,168,4,10.29
TXS2-01973,86.56,20.71,386,4,3.77
TXS2-01974,39.74,22.33,76,6,0.47
TXS2-01975,84.99,11.29,430,5,7.1
TXS2-01976,45.18,22.46,279,4,5.13
TXS2-01977,20.75,11.84,974,5,0.47
TXS2-01978,7.91,15.36,943,1,3.86
TXS2-01979,105.51,23.57,2,4,3.52
TXS2-01980,50.52,16.3,194,9,70.57
TXS2-01981,122.49,15.46,2,2,8.5
TXS2-01982,197.55,14.63,237,2,1.29
TXS2-01983,38.55,16.36,311,2,3.68
TXS2-01984,18.21,12.33,235,5,2.69
TXS2-01985,46.44,14.1,138,2,1.89
TXS2-01986,46.81,11.73,2,2,35.86
TXS2-01987,25.56,18.26,152,10,15.92
TXS2-01988,26.42,15.63,98,3,16.22
TXS2-01989,54.95,12.63,785,3,72.02
TXS2-01990,33.74,20.29,63,4,17.05
TXS2-01991,37.88,14.23,40,4,5.3
TXS2-01992,112.66,21.19,253,1,27.44
TXS2-01993,130.73,15.65,36,4,16.72
TXS2-01994,17.13,19.58,236,3,10.47
TXS2-01995,61.19,20.45,32,4,3.48
TXS2-01996,199.41,23.17,414,2,2.19
TXS2-01997,67.0,17.71,342,2,0.29
TXS2-01998,27.98,18.82,20,4,3.86
TXS2-01999,54.84,20.23,32,5,1.92
TXS2-02000,177.99,22.05,150,6,3.87
TXS2-02001,20.09,14.06,175,1,21.25
TXS2-02002,108.37,15.41,424,1,14.61
TXS2-02003,49.95,18.94,15,7,6.15
TXS2-02004,143.85,13.42,245,2,4.69
TXS2-02005,32.87,18.85,42,7,7.25
TXS2-02006,93.36,14.89,65,4,11.66
TXS2-02007,62.99,13.2,333,3,1.44
TXS2-02008,72.16,9.81,422,4,19.16
TXS2-02009,26.34,5.68,210,3,4.37
TXS2-02010,19.44,9.25,497,3,4.02
TXS2-02011,33.61,20.37,87,2,4.1
TXS2-02012,70.98,16.5,133,6,6.47
TXS2-02013,129.08,8.88,45,3,9.68
TXS2-02014,76.08,11.99,252,5,1.42
TXS2-02015,101.06,15.36,158,1,2.2
TXS2-02016,74.71,17.06,68,5,13.92
TXS2-02017,26.92,19.97,21,4,5.4
TXS2-02018,40.23,13.57,43,3,4.85
TXS2-02019,350.28,20.48,103,5,34.59
TXS2-02020,98.76,16.02,101,4,0.68
TXS2-02021,24.79,15.87,289,6,7.72
TXS2-02022,29.7,20.82,289,4,8.88
TXS2-02023,133.98,12.03,56,4,2.83
TXS2-02024,353.47,19.25,320,2,3.64
TXS2-02025,19.77,13.11,229,3,1.19
TXS2-02026,209.62,17.67,343,4,1.84
TXS2-02027,44.55,0.32,56,6,92.7
TXS2-02028,42.46,19.32,105,4,7.91
TXS2-02029,68.38,21.39,147,2,0.22
TXS2-02030,54.43,12.28,24,3,3.42
TXS2-02031,347.51,20.49,188,2,9.87
TXS2-02032,79.65,12.98,12,6,4.64
TXS2-02033,35.68,20.38,46,3,25.64
TXS2-02034,140.16,20.47,170,2,8.5
TXS2-02035,386.41,17.17,67,4,8.6
TXS2-02036,110.38,20.25,33,4,0.66
TXS2-02037,119.96,21.1,544,4,19.16
TXS2-02038,113.97,17.04,240,2,5.72
TXS2-02039,94.48,9.99,458,5,0.94
TXS2-02040,25.58,6.11,23,4,22.43
TXS2-02041,52.02,15.96,1,3,6.36
TXS2-02042,14.09,18.72,619,1,20.83
TXS2-02043,66.44,20.5,31,3,4.17
TXS2-02044,44.37,20.4,156,3,4.32
TXS2-02045,118.67,21.43,462,3,13.68
TXS2-02046,56.68,18.13,610,4,4.14
TXS2-02047,44.49,17.17,512,2,1.89
TXS2-02048,100.01,21.51,1132,3,20.8
TXS2-02049,106.59,12.12,1,3,13.99
TXS2-02050,44.57,11.47,53,3,11.78
TXS2-02051,35.61,18.36,75,4,2.42
TXS2-02052,86.73,14.19,490,4,5.1
TXS2-02053,102.57,22.63,9,3,1.06
TXS2-02054,32.9,19.47,469,4,2.94
TXS2-02055,25.36,20.17,474,4,2.03
TXS2-02056,92.41,17.33,295,3,20.35
TXS2-02057,43.69,11.79,157,4,10.29
TXS2-02058,160.75,17.02,359,3,1.83
TXS2-02059,114.55,12.25,117,3,5.4
TXS2-02060,82.9,22.15,1,4,1.51
TXS2-02061,81.7,9.44,9,3,2.99
TXS2-02062,138.66,14.6,323,3,3.41
TXS2-02063,72.45,12.81,408,2,3.89
TXS2-02064,124.35,14.01,227,2,156.78
TXS2-02065,349.86,13.89,195,6,3.56
TXS2-02066,215.09,13.08,233,3,4.41
TXS2-02067,95.12,22.79,139,2,20.36
TXS2-02068,28.98,19.66,127,5,2.9
TXS2-02069,56.18,19.11,295,4,14.68
TXS2-02070,59.13,21.74,105,4,0.85
TXS2-02071,86.54,15.26,15,4,0.54
TXS2-02072,220.7,18.22,308,2,6.75
TXS2-02073,443.94,22.82,82,6,11.84
TXS2-02074,25.76,15.28,58,2,1.1
TXS2-02075,252.29,8.92,425,9,7.87
TXS2-02076,71.22,15.37,368,5,2.53
TXS2-02077,190.31,15.22,374,3,5.57
TXS2-02078,68.86,20.32,380,3,5.63
TXS2-02079,115.92,18.96,37,4,1.89
TXS2-02080,93.4,10.9,297,6,63.34
TXS2-02081,59.6,9.87,336,3,2.18
TXS2-02082,16.8,19.92,3,3,1.56
TXS2-02083,71.3,17.32,270,5,1.13
TXS2-02084,26.82,21.78,50,4,11.54
TXS2-02085,18.08,16.36,18,1,0.7
TXS2-02086,22.64,19.54,379,4,1.97
TXS2-02087,97.63,12.99,165,4,8.27
TXS2-02088,50.52,14.61,361,5,6.94
TXS2-02089,43.31,21.11,93,5,5.27
TXS2-02090,78.75,13.75,194,2,9.06
TXS2-02091,88.79,21.14,107,1,8.96
TXS2-02092,72.42,15.58,941,5,1.02
TXS2-02093,95.53,11.83,10,4,5.32
TXS2-02094,277.33,12.77,96,4,13.93
TXS2-02095,58.94,14.77,65,4,3.69
TXS2-02096,18.49,18.85,110,4,0.63
TXS2-02097,59.31,17.08,176,1,10.83
TXS2-02098,32.17,7.89,464,3,1.29
TXS2-02099,69.45,14.03,282,5,8.58
TXS2-02100,25.92,8.0,251,3,6.15
TXS2-02101,95.77,19.23,372,5,2.61
TXS2-02102,201.46,21.94,2,2,3.6
TXS2-02103,115.81,15.57,353,2,5.16
TXS2-02104,26.15,15.33,101,3,3.58
TXS2-02105,60.33,9.3,82,4,1.92
TXS2-02106,41.94,22.27,185,2,21.19
TXS2-02107,132.24,23.73,183,3,3.96
TXS2-02108,75.8,20.33,24,1,1.48
TXS2-02109,244.13,15.62,277,4,5.95
TXS2-02110,130.02,21.46,1,3,9.95
TXS2-02111,47.09,19.72,59,3,0.81
TXS2-02112,33.13,21.65,56,5,4.17
TXS2-02113,58.37,20.8,38,3,1.23
TXS2-02114,200.58,10.94,529,3,5.44
TXS2-02115,125.29,18.0,309,3,0.69
TXS2-02116,81.74,14.81,6,2,5.03
TXS2-02117,10.74,16.8,41,3,16.87
TXS2-02118,173.9,15.37,694,4,2.05
TXS2-02119,43.03,18.79,533,3,19.97
TXS2-02120,34.5,17.06,295,3,6.19
TXS2-02121,46.31,20.14,290,5,12.72
TXS2-02122,27.61,22.63,20,2,10.79
TXS2-02123,112.65,18.74,67,7,8.77
TXS2-02124,54.17,11.69,134,4,0.46
TXS2-02125,163.53,23.17,57,3,0.9
TXS2-02126,90.42,20.24,17,6,3.01
TXS2-02127,37.68,18.73,51,3,24.29
TXS2-02128,16.5,12.45,156,2,7.14
TXS2-02129,114.47,12.19,61,1,50.12
TXS2-02130,118.77,22.12,282,4,4.16
TXS2-02131,46.19,18.29,161,4,17.42
TXS2-02132,143.17,18.81,68,3,3.18
TXS2-02133,56.46,23.38,17,2,3.52
TXS2-02134,114.9,15.22,375,2,4.1
TXS2-02135,111.91,13.16,213,4,4.53
TXS2-02136,65.03,20.39,74,5,13.45
TXS2-02137,40.22,18.53,126,2,2.48
TXS2-02138,38.91,0.62,334,9,47.29
TXS2-02139,190.47,14.15,420,4,7.39
TXS2-02140,49.89,13.82,128,2,11.69
TXS2-02141,19.22,21.5,60,4,29.39
TXS2-02142,67.5,12.9,143,3,11.24
TXS2-02143,15.74,15.38,24,4,7.89
TXS2-02144,73.76,20.89,602,1,36.53
TXS2-02145,78.25,12.44,21,1,7.21
TXS2-02146,88.71,6.16,307,1,1.97
TXS2-02147,43.49,16.57,81,1,7.91
TXS2-02148,36.68,21.9,440,3,9.15
TXS2-02149,14.41,12.18,1,2,1.99
TXS2-02150,9.69,13.43,197,3,8.2
TXS2-02151,138.9,21.61,401,4,13.12
TXS2-02152,56.11,14.62,71,4,5.29
TXS2-02153,55.3,13.39,35,1,6.53
TXS2-02154,52.67,21.44,81,4,20.94
TXS2-02155,50.61,18.65,377,2,9.11
TXS2-02156,52.53,21.23,125,3,13.84
TXS2-02157,38.44,14.61,41,2,10.43
TXS2-02158,37.09,9.85,756,1,6.65
TXS2-02159,50.59,10.19,65,6,6.2
TXS2-02160,84.07,21.88,316,5,6.6
TXS2-02161,28.73,14.01,25,2,5.79
TXS2-02162,30.71,10.68,76,3,2.7
TXS2-02163,41.27,10.66,198,7,16.44
TXS2-02164,45.59,14.87,432,3,1.51
TXS2-02165,20.16,15.16,414,6,4.02
TXS2-02166,71.52,0.02,86,5,17.26
TXS2-02167,21.76,16.27,479,5,4.49
TXS2-02168,27.0,14.33,33,4,9.54
TXS2-02169,65.98,20.73,146,4,8.2
TXS2-02170,27.22,15.19,139,3,2.5
TXS2-02171,65.4,16.87,580,1,18.27
TXS2-02172,17.11,9.56,445,3,3.09
TXS2-02173,139.55,20.86,78,3,0.94
TXS2-02174,104.2,11.67,122,4,11.53
TXS2-02175,126.36,17.52,23,2,30.48
TXS2-02176,31.75,9.85,259,5,4.28
TXS2-02177,41.13,23.18,5,3,11.66
TXS2-02178,53.81,13.65,312,4,1.55
TXS2-02179,28.17,8.75,75,5,20.39
TXS2-02180,98.22,21.68,598,5,2.62
TXS2-02181,72.52,12.98,507,4,57.98
TXS2-02182,8.44,14.18,56,4,4.73
TXS2-02183,21.01,22.82,377,4,3.74
TXS2-02184,172.91,20.06,5,2,3.83
TXS2-02185,50.22,14.52,46,4,5.68
TXS2-02186,215.13,21.91,218,7,9.65
TXS2-02187,8.3,13.54,55,2,8.56
TXS2-02188,57.25,13.23,229,3,3.0
TXS2-02189,90.85,18.73,115,5,8.2
TXS2-02190,45.67,22.15,101,4,3.7
TXS2-02191,70.53,16.83,95,8,0.56
TXS2-02192,33.06,21.6,422,3,18.11
TXS2-02193,87.87,10.6,76,4,4.26
TXS2-02194,5.73,21.48,13,2,13.37
TXS2-02195,270.93,15.66,280,4,42.72
TXS2-02196,26.02,22.45,30,1,2.32
TXS2-02197,194.79,9.43,65,5,2.35
TXS2-02198,173.16,16.47,11,3,25.06
TXS2-02199,25.45,15.87,399,4,2.51
TXS2-02200,31.33,17.16,337,1,1.37
TXS2-02201,16.31,21.26,41,4,4.0
TXS2-02202,55.73,22.59,85,4,3.77
TXS2-02203,134.73,17.77,185,3,2.97
TXS2-02204,46.49,10.54,106,5,8.08
TXS2-02205,85.01,23.33,512,3,9.36
TXS2-02206,104.07,14.6,476,8,3.94
TXS2-02207,63.93,15.01,796,6,9.66
TXS2-02208,94.33,18.76,314,4,14.18
TXS2-02209,54.88,12.0,106,4,4.04
TXS2-02210,43.66,19.66,186,3,0.85
TXS2-02211,111.62,8.94,67,5,7.15
TXS2-02212,50.33,14.6,2,6,15.21
TXS2-02213,72.43,14.99,593,3,6.15
TXS2-02214,104.79,6.66,36,5,2.13
TXS2-02215,86.43,13.67,179,4,31.84
TXS2-02216,62.16,15.44,147,6,2.6
TXS2-02217,60.9,18.36,174,4,15.76
TXS2-02218,23.23,14.97,140,2,3.26
TXS2-02219,36.41,21.34,420,4,3.88
TXS2-02220,64.39,15.85,361,6,9.14
TXS2-02221,9.17,23.55,117,3,8.54
TXS2-02222,203.02,10.38,128,4,1.35
TXS2-02223,168.76,13.79,63,3,5.3
TXS2-02224,22.71,12.03,236,6,6.38
TXS2-02225,25.14,18.31,448,3,0.79
TXS2-02226,85.44,16.64,178,4,11.27
TXS2-02227,180.65,21.13,261,2,3.45
TXS2-02228,58.88,14.23,349,3,15.71
TXS2-02229,31.65,17.52,357,4,1.58
TXS2-02230,172.71,15.37,64,5,55.49
TXS2-02231,25.14,23.87,527,1,0.73
TXS2-02232,59.91,16.95,222,6,3.0
TXS2-02233,116.57,20.28,11,1,5.75
TXS2-02234,50.46,20.22,75,3,6.35
TXS2-02235,44.49,13.44,212,2,0.86
TXS2-02236,58.73,12.43,480,2,1.47
TXS2-02237,18.48,11.51,144,3,14.46
TXS2-02238,153.79,20.24,42,7,0.92
TXS2-02239,97.19,0.78,31,3,19.49
TXS2-02240,54.15,14.96,816,5,10.24
TXS2-02241,62.43,14.22,251,3,6.45
TXS2-02242,27.91,23.75,512,4,35.15
TXS2-02243,147.44,14.84,172,6,3.98
TXS2-02244,109.29,21.27,97,1,1.63
TXS2-02245,120.64,21.44,240,6,8.56
TXS2-02246,53.05,16.27,58,5,32.78
TXS2-02247,172.86,18.01,1021,6,2.79
TXS2-02248,57.25,19.11,29,4,19.76
TXS2-02249,31.69,21.3,11,6,8.16
TXS2-02250,6.83,9.0,15,7,16.47
TXS2-02251,94.64,12.17,22,4,15.05
TXS2-02252,62.07,21.93,222,4,23.37
TXS2-02253,43.44,20.67,406,2,5.02
TXS2-02254,37.91,12.1,44,3,6.35
TXS2-02255,157.32,21.02,249,1,23.75
TXS2-02256,33.21,15.97,152,3,35.73
TXS2-02257,50.18,9.79,249,1,1.3
TXS2-02258,109.2,13.04,19,2,5.34
TXS2-02259,60.47,9.26,112,2,10.49
TXS2-02260,81.36,21.19,345,2,1.08
TXS2-02261,32.38,16.66,89,3,4.86
TXS2-02262,63.27,9.04,37,3,44.02
TXS2-02263,164.84,20.51,64,1,23.7
TXS2-02264,38.11,12.71,280,6,5.22
TXS2-02265,27.39,15.36,172,4,27.11
TXS2-02266,28.95,14.17,91,3,3.18
TXS2-02267,98.93,18.32,54,5,5.55
TXS2-02268,32.4,22.87,15,2,5.16
TXS2-02269,105.93,17.09,253,5,3.47
TXS2-02270,53.64,13.18,246,3,6.64
TXS2-02271,14.78,12.9,9,1,17.22
TXS2-02272,20.78,21.45,221,7,4.16
TXS2-02273,30.26,21.37,14,4,4.14
TXS2-02274,229.78,17.03,127,9,11.04
TXS2-02275,186.66,11.85,159,10,14.23
TXS2-02276,34.91,9.51,302,6,7.68
TXS2-02277,166.27,18.95,436,1,23.28
TXS2-02278,18.89,23.97,814,3,4.02
TXS2-02279,64.83,9.35,49,3,5.11
TXS2-02280,47.33,13.48,56,4,1.72
TXS2-02281,51.48,18.82,6,7,10.54
TXS2-02282,25.27,19.62,365,2,14.3
TXS2-02283,53.83,17.34,48,2,12.69
TXS2-02284,185.02,18.21,66,4,7.74
TXS2-02285,43.52,13.55,204,2,19.55
TXS2-02286,48.93,14.16,575,3,5.54
TXS2-02287,36.6,17.34,457,5,37.11
TXS2-02288,21.13,14.5,267,3,2.5
TXS2-02289,36.66,20.41,295,4,128.06
TXS2-02290,17.41,18.28,504,5,38.51
TXS2-02291,51.66,18.16,941,5,14.28
TXS2-02292,264.02,10.67,28,4,4.01
TXS2-02293,99.9,10.03,92,1,9.88
TXS2-02294,23.88,12.74,76,2,22.9
TXS2-02295,68.63,21.85,137,3,13.76
TXS2-02296,68.74,14.56,218,5,11.78
TXS2-02297,33.58,20.87,198,4,27.15
TXS2-02298,50.41,20.74,23,3,0.86
TXS2-02299,31.02,20.12,69,1,6.9
TXS2-02300,7.5,19.73,190,3,14.56
TXS2-02301,74.18,20.54,623,3,2.56
TXS2-02302,49.3,10.25,646,2,9.36
TXS2-02303,71.71,18.5,113,3,9.08
TXS2-02304,397.86,15.21,37,5,7.21
TXS2-02305,216.97,21.59,315,3,1.3
TXS2-02306,71.71,13.75,17,2,1.29
TXS2-02307,124.65,12.66,74,7,1.29
TXS2-02308,80.74,22.84,226,2,7.94
TXS2-02309,43.69,17.7,169,5,3.21
TXS2-02310,43.47,21.76,166,4,3.09
TXS2-02311,63.24,9.42,134,6,1.78
TXS2-02312,335.27,13.75,37,4,17.97
TXS2-02313,27.66,12.42,379,3,8.09
TXS2-02314,80.56,14.02,169,3,9.37
TXS2-02315,103.09,17.0,52,4,7.61
TXS2-02316,7.59,19.99,224,4,10.14
TXS2-02317,65.24,22.56,16,6,17.76
TXS2-02318,83.86,20.95,232,6,1.93
TXS2-02319,101.28,12.94,559,2,15.45
TXS2-02320,57.75,12.95,103,4,32.49
TXS2-02321,314.75,17.42,19,2,5.37
TXS2-02322,142.68,21.05,140,3,22.26
TXS2-02323,53.15,15.0,694,2,3.3
TXS2-02324,11.44,21.11,401,5,9.07
TXS2-02325,22.6,6.27,362,4,12.38
TXS2-02326,66.98,22.48,19,4,6.03
TXS2-02327,78.96,21.77,129,3,3.51
TXS2-02328,85.27,14.66,244,3,18.89
TXS2-02329,41.53,14.12,383,1,7.84
TXS2-02330,23.58,8.34,92,7,18.28
TXS2-02331,91.15,13.88,43,5,5.08
TXS2-02332,122.48,9.94,18,2,0.94
TXS2-02333,23.75,10.55,36,3,4.23
TXS2-02334,61.93,19.32,64,4,28.95
TXS2-02335,27.33,17.4,245,3,4.59
TXS2-02336,59.67,22.35,94,4,1.02
TXS2-02337,46.79,18.7,143,4,10.06
TXS2-02338,66.95,11.29,214,3,16.78
TXS2-02339,123.26,9.16,217,2,1.61
TXS2-02340,55.01,15.68,1,4,9.09
TXS2-02341,94.77,13.63,724,5,3.47
TXS2-02342,190.09,23.1,54,4,87.65
TXS2-02343,8.44,13.52,207,3,50.18
TXS2-02344,66.22,15.35,13,2,1.72
TXS2-02345,23.35,11.17,315,3,21.34
TXS2-02346,70.63,15.89,333,4,3.6
TXS2-02347,102.55,18.29,726,3,5.96
TXS2-02348,20.02,19.99,416,5,4.18
TXS2-02349,22.73,16.54,71,5,14.95
TXS2-02350,84.53,16.23,203,6,16.13
TXS2-02351,149.2,20.55,723,7,1.19
TXS2-02352,21.9,19.4,99,4,2.24
TXS2-02353,157.91,21.1,66,1,24.07
TXS2-02354,38.89,15.1,573,4,18.63
TXS2-02355,54.76,13.98,140,2,12.46
TXS2-02356,257.64,17.48,225,2,6.7
TXS2-02357,35.73,14.32,125,1,1.1
TXS2-02358,10.87,14.39,340,5,4.2
TXS2-02359,18.91,23.0,34,4,2.07
TXS2-02360,21.52,20.72,232,4,3.6
TXS2-02361,59.54,14.7,753,3,0.84
TXS2-02362,41.83,14.12,28,3,8.11
TXS2-02363,127.61,13.41,312,4,40.1
TXS2-02364,53.06,19.7,85,2,5.77
TXS2-02365,15.59,9.21,165,6,5.74
TXS2-02366,129.61,14.55,44,3,6.08
TXS2-02367,59.3,21.14,38,2,12.96
TXS2-02368,48.76,12.91,336,3,4.13
TXS2-02369,61.29,18.8,222,4,8.3
TXS2-02370,63.38,16.18,290,2,3.19
TXS2-02371,21.81,21.99,1614,3,1.48
TXS2-02372,25.61,17.15,50,4,12.48
TXS2-02373,76.99,15.71,129,7,6.63
TXS2-02374,141.37,18.64,609,4,2.95
TXS2-02375,65.46,12.35,49,5,12.3
TXS2-02376,58.86,21.88,408,8,0.67
TXS2-02377,58.01,14.95,283,3,7.84
TXS2-02378,23.78,12.49,33,2,0.35
TXS2-02379,25.73,20.04,104,2,0.95
TXS2-02380,81.69,22.01,96,5,4.75
TXS2-02381,16.38,20.59,1478,4,8.14
TXS2-02382,15.39,3.16,102,4,2.37
TXS2-02383,29.19,22.93,309,1,2.43
TXS2-02384,49.96,14.91,38,2,1.22
TXS2-02385,74.29,9.95,353,4,13.29
TXS2-02386,31.73,6.43,31,4,4.28
TXS2-02387,84.48,17.21,333,3,7.16
TXS2-02388,73.61,12.8,24,1,34.88
TXS2-02389,224.98,20.16,411,4,0.14
TXS2-02390,40.01,12.48,3,4,18.37
TXS2-02391,20.8,15.83,190,6,24.57
TXS2-02392,57.02,20.74,296,3,24.99
TXS2-02393,228.38,12.79,677,2,3.38
TXS2-02394,48.27,14.98,80,6,16.47
TXS2-02395,77.9,1.83,83,4,3.5
TXS2-02396,131.45,12.2,178,4,1.99
TXS2-02397,230.17,14.91,46,5,26.08
TXS2-02398,100.1,19.95,8,5,0.4
TXS2-02399,79.1,22.0,89,2,7.13
TXS2-02400,44.62,19.84,7,3,14.13
TXS2-02401,131.16,13.13,396,2,17.22
TXS2-02402,194.03,22.76,329,4,4.13
TXS2-02403,72.88,14.49,155,1,2.15
TXS2-02404,8.59,19.96,339,4,12.1
TXS2-02405,23.86,23.9,97,3,23.78
TXS2-02406,74.5,19.12,154,2,1.65
TXS2-02407,26.35,19.12,353,6,11.28
TXS2-02408,86.26,16.63,226,1,8.22
TXS2-02409,16.08,17.53,511,7,20.41
TXS2-02410,28.46,19.53,624,2,7.38
TXS2-02411,24.05,14.89,80,3,8.22
TXS2-02412,23.96,14.21,359,7,4.86
TXS2-02413,75.49,21.75,336,4,9.29
TXS2-02414,70.17,12.11,705,7,2.53
TXS2-02415,59.93,10.89,257,4,10.35
TXS2-02416,50.27,13.18,345,2,41.32
TXS2-02417,55.49,18.84,98,1,5.16
TXS2-02418,82.0,21.71,33,2,1.23
TXS2-02419,92.11,18.3,21,9,11.04
TXS2-02420,60.91,16.45,189,2,1.24
TXS2-02421,292.03,17.89,90,2,5.04
TXS2-02422,93.16,9.4,9,3,5.83
TXS2-02423,75.28,15.87,33,3,6.61
TXS2-02424,40.92,22.83,26,5,4.9
TXS2-02425,87.82,14.71,124,5,14.64
TXS2-02426,21.12,23.92,410,3,11.77
TXS2-02427,70.74,20.75,14,3,8.51
TXS2-02428,32.51,8.04,158,3,7.18
TXS2-02429,21.08,16.36,118,1,2.97
TXS2-02430,56.0,16.2,194,2,17.27
TXS2-02431,26.46,17.62,323,7,9.5
TXS2-02432,69.05,18.37,405,2,3.1
TXS2-02433,98.1,16.96,20,2,73.01
TXS2-02434,36.03,11.03,293,6,5.39
TXS2-02435,39.14,0.3,46,3,0.99
TXS2-02436,137.17,16.51,112,1,5.75
TXS2-02437,79.61,8.16,31,2,23.37
TXS2-02438,30.45,15.28,888,1,41.31
TXS2-02439,41.01,20.14,98,6,12.31
TXS2-02440,13.46,22.13,144,4,16.73
TXS2-02441,118.88,15.01,66,3,1.99
TXS2-02442,76.0,20.38,207,3,10.73
TXS2-02443,220.18,21.51,174,2,3.19
TXS2-02444,231.88,22.54,420,5,1.84
TXS2-02445,28.8,9.95,20,5,4.48
TXS2-02446,19.7,15.63,391,3,4.75
TXS2-02447,57.95,18.0,107,3,2.44
TXS2-02448,54.76,13.33,34,2,4.19
TXS2-02449,108.89,19.92,296,3,6.8
TXS2-02450,34.49,22.12,10,4,1.56
TXS2-02451,99.0,16.27,307,3,17.96
TXS2-02452,38.66,23.44,274,2,9.9
TXS2-02453,49.06,23.11,17,4,5.23
TXS2-02454,121.32,23.17,266,2,2.84
TXS2-02455,53.18,10.16,432,3,7.88
TXS2-02456,48.51,16.03,440,5,3.9
TXS2-02457,17.59,12.78,445,1,12.72
TXS2-02458,57.39,21.09,50,1,6.94
TXS2-02459,47.36,7.15,136,4,5.33
TXS2-02460,110.93,23.25,138,6,17.17
TXS2-02461,82.8,22.69,93,5,3.03
TXS2-02462,102.56,10.89,5,2,2.77
TXS2-02463,103.24,16.32,157,2,3.08
TXS2-02464,74.86,21.89,50,1,11.84
TXS2-02465,35.63,20.15,334,5,11.63
TXS2-02466,85.76,19.46,235,3,4.59
TXS2-02467,94.42,14.23,539,3,3.64
TXS2-02468,130.45,15.54,190,2,12.74
TXS2-02469,63.69,22.3,206,6,5.84
TXS2-02470,44.8,21.76,31,5,8.18
TXS2-02471,59.95,22.41,36,3,51.85
TXS2-02472,22.77,18.41,523,3,30.51
TXS2-02473,88.75,20.71,124,3,4.04
TXS2-02474,4.22,22.71,112,5,9.53
TXS2-02475,33.46,11.23,382,3,8.89
TXS2-02476,79.11,15.85,41,3,0.83
TXS2-02477,209.99,0.35,222,5,3.59
TXS2-02478,74.81,13.95,2,7,40.55
TXS2-02479,19.91,15.71,254,5,1.98
TXS2-02480,191.52,19.68,646,4,4.18
TXS2-02481,60.03,22.89,560,4,3.62
TXS2-02482,131.48,21.6,302,5,29.97
TXS2-02483,50.93,9.27,209,3,12.29
TXS2-02484,52.33,11.0,3,3,1.47
TXS2-02485,117.78,13.2,236,5,1.12
TXS2-02486,39.98,13.03,142,5,3.69
TXS2-02487,39.19,13.14,301,2,2.27
TXS2-02488,111.57,7.43,119,5,52.57
TXS2-02489,27.61,11.11,8,5,1.93
TXS2-02490,27.87,8.9,57,5,15.83
TXS2-02491,34.54,18.73,88,6,0.23
TXS2-02492,50.93,15.28,106,2,6.13
TXS2-02493,263.64,12.69,314,2,4.17
TXS2-02494,57.66,13.98,48,4,2.17
TXS2-02495,31.78,20.83,188,3,5.05
TXS2-02496,51.9,11.83,128,3,31.5
TXS2-02497,179.85,22.98,603,2,4.41
TXS2-02498,133.56,8.73,32,5,2.03
TXS2-02499,48.14,19.21,168,5,2.43
TXS2-02500,50.32,20.15,193,1,18.07
TXS2-02501,120.96,15.27,754,4,2.24
TXS2-02502,19.86,19.03,195,4,31.2
TXS2-02503,49.51,20.23,48,7,14.24
TXS2-02504,39.92,20.7,95,2,5.48
TXS2-02505,40.34,15.64,7,1,0.69
TXS2-02506,143.81,14.8,1098,2,17.75
TXS2-02507,166.73,10.57,214,2,4.58
TXS2-02508,57.91,19.19,157,5,4.55
TXS2-02509,46.03,22.19,239,5,7.34
TXS2-02510,48.5,8.07,212,4,74.5
TXS2-02511,68.07,12.83,192,2,5.67
TXS2-02512,78.56,13.83,508,2,0.72
TXS2-02513,57.96,20.61,264,1,13.91
TXS2-02514,128.29,18.62,121,6,26.11
TXS2-02515,25.14,11.65,321,7,2.79
TXS2-02516,163.99,14.68,40,6,4.32
TXS2-02517,57.35,11.6,426,3,40.79
TXS2-02518,57.13,20.71,113,2,2.03
TXS2-02519,90.37,20.78,167,3,1.44
TXS2-02520,19.74,22.83,291,3,3.11
TXS2-02521,103.59,13.85,201,4,10.29
TXS2-02522,32.18,11.66,589,9,2.46
TXS2-02523,123.19,9.49,346,4,6.77
TXS2-02524,12.06,19.31,183,5,27.03
TXS2-02525,30.07,18.47,124,6,3.53
TXS2-02526,23.42,19.37,90,3,25.1
TXS2-02527,280.23,13.97,53,4,2.21
TXS2-02528,48.42,21.92,368,6,24.88
TXS2-02529,55.24,16.91,101,3,2.45
TXS2-02530,37.26,19.19,175,3,19.52
TXS2-02531,30.55,14.37,90,4,1.67
TXS2-02532,43.53,12.5,164,4,8.02
TXS2-02533,106.36,15.47,98,3,14.79
TXS2-02534,173.2,15.54,1027,4,3.74
TXS2-02535,35.65,12.89,281,2,11.83
TXS2-02536,28.78,11.31,922,6,0.71
TXS2-02537,86.85,13.0,73,3,5.52
TXS2-02538,62.87,20.21,152,2,1.51
TXS2-02539,54.36,20.04,71,1,51.87
TXS2-02540,52.35,22.12,86,1,16.08
TXS2-02541,81.23,13.88,605,5,24.64
TXS2-02542,69.9,11.29,80,5,6.21
TXS2-02543,69.13,14.71,122,3,5.66
TXS2-02544,133.34,18.87,269,5,2.72
TXS2-02545,35.61,20.68,286,1,1.71
TXS2-02546,46.91,20.99,153,1,7.66
TXS2-02547,18.48,17.79,27,4,2.43
TXS2-02548,34.14,15.56,208,4,1.89
TXS2-02549,72.01,18.57,186,3,1.82
TXS2-02550,39.86,13.2,161,3,22.65
TXS2-02551,30.03,19.44,327,4,10.07
TXS2-02552,161.97,22.57,64,3,62.5
TXS2-02553,161.73,21.04,394,3,22.51
TXS2-02554,30.93,20.79,261,6,4.67
TXS2-02555,27.92,10.79,66,4,6.59
TXS2-02556,77.11,22.07,349,5,3.48
TXS2-02557,47.13,13.47,572,1,4.83
TXS2-02558,10.77,19.04,303,5,4.88
TXS2-02559,33.75,13.47,292,3,23.43
TXS2-02560,20.7,14.7,896,6,11.37
TXS2-02561,122.15,12.12,11,2,17.09
TXS2-02562,46.42,21.76,93,4,6.26
TXS2-02563,52.39,20.31,605,7,5.5
TXS2-02564,63.0,21.9,286,5,1.86
TXS2-02565,25.91,21.47,49,9,13.6
TXS2-02566,25.64,22.56,125,4,10.08
TXS2-02567,28.6,19.47,194,3,14.98
TXS2-02568,19.5,8.21,72,2,11.71
TXS2-02569,447.75,9.06,96,3,11.34
TXS2-02570,143.53,16.26,132,4,7.17
TXS2-02571,14.19,20.34,258,3,1.21
TXS2-02572,128.78,19.8,101,2,10.41
TXS2-02573,97.77,13.41,23,2,2.32
TXS2-02574,198.84,20.19,37,3,5.76
TXS2-02575,37.31,19.37,142,3,5.47
TXS2-02576,22.93,18.22,34,3,1.51
TXS2-02577,22.31,15.62,206,3,2.63
TXS2-02578,30.48,21.42,108,6,20.43
TXS2-02579,23.76,14.22,235,4,34.13
TXS2-02580,164.84,21.78,429,4,2.41
TXS2-02581,36.2,21.22,252,3,5.31
TXS2-02582,14.3,13.9,34,5,13.97
TXS2-02583,29.47,17.25,64,2,2.37
TXS2-02584,46.56,22.69,360,2,4.29
TXS2-02585,121.1,12.39,824,6,20.58
TXS2-02586,113.15,8.1,323,4,14.84
TXS2-02587,29.22,6.89,386,7,9.7
TXS2-02588,16.34,21.1,119,4,11.57
TXS2-02589,64.86,12.36,392,4,16.23
TXS2-02590,19.85,16.36,145,4,10.08
TXS2-02591,16.05,22.36,359,1,11.22
TXS2-02592,28.45,15.1,43,3,1.0
TXS2-02593,26.65,10.02,146,4,1.09
TXS2-02594,82.95,17.73,91,2,32.48
TXS2-02595,63.8,16.23,209,4,5.0
TXS2-02596,155.65,16.4,13,1,1.1
TXS2-02597,65.92,10.67,20,4,12.9
TXS2-02598,27.92,20.06,121,5,5.12
TXS2-02599,9.43,19.83,219,2,9.92
TXS2-02600,89.59,21.62,171,5,1.0
TXS2-02601,48.3,18.42,436,4,9.19
TXS2-02602,23.16,21.24,67,6,9.56
TXS2-02603,38.37,20.02,314,5,9.26
TXS2-02604,48.2,13.37,398,5,25.08
TXS2-02605,19.52,9.42,26,4,1.2
TXS2-02606,69.07,23.99,161,4,10.4
TXS2-02607,70.84,17.33,169,4,26.4
TXS2-02608,95.32,13.82,232,4,2.66
TXS2-02609,59.26,15.86,973,4,2.34
TXS2-02610,17.71,21.35,187,4,7.7
TXS2-02611,19.88,18.03,177,1,4.45
TXS2-02612,34.79,13.43,121,3,2.35
TXS2-02613,62.73,22.63,154,4,4.21
TXS2-02614,56.74,19.41,47,3,0.36
TXS2-02615,13.03,19.41,133,5,33.87
TXS2-02616,74.12,19.3,819,7,6.4
TXS2-02617,95.78,14.28,327,3,11.75
TXS2-02618,124.58,16.97,116,3,15.33
TXS2-02619,32.09,17.83,381,2,1.75
TXS2-02620,48.96,21.59,107,4,5.72
TXS2-02621,81.2,17.35,334,2,16.68
TXS2-02622,27.75,23.68,183,5,1.72
TXS2-02623,22.76,19.28,279,4,8.45
TXS2-02624,34.18,23.75,25,4,20.5
TXS2-02625,116.36,21.61,218,3,11.18
TXS2-02626,380.97,12.78,672,2,16.08
TXS2-02627,57.09,12.78,88,2,8.64
TXS2-02628,60.87,0.42,298,3,3.0
TXS2-02629,142.5,20.45,6,3,2.23
TXS2-02630,37.08,0.03,277,5,24.15
TXS2-02631,19.08,18.02,951,3,10.66
TXS2-02632,125.88,21.62,69,3,1.28
TXS2-02633,39.28,22.26,361,5,19.77
TXS2-02634,168.71,12.33,434,5,11.06
TXS2-02635,284.63,5.04,22,2,5.52
TXS2-02636,87.85,12.86,13,4,1.91
TXS2-02637,26.31,20.21,111,2,3.17
TXS2-02638,124.28,22.87,13,1,3.95
TXS2-02639,56.52,21.54,413,4,16.01
TXS2-02640,107.73,12.51,108,2,6.51
TXS2-02641,35.9,19.76,228,3,4.49
TXS2-02642,90.96,10.71,148,5,3.78
TXS2-02643,122.8,13.51,309,5,1.78
TXS2-02644,150.63,12.14,79,4,18.32
TXS2-02645,28.31,23.92,63,5,5.86
TXS2-02646,38.8,15.59,80,6,15.64
TXS2-02647,26.14,20.16,11,2,11.35
TXS2-02648,17.18,22.81,51,3,4.41
TXS2-02649,83.62,11.26,203,5,28.01
TXS2-02650,77.51,17.4,183,4,10.47
TXS2-02651,62.96,9.88,90,4,1.19
TXS2-02652,16.68,23.67,294,1,6.83
TXS2-02653,124.6,10.45,201,2,2.66
TXS2-02654,52.91,23.32,561,7,19.02
TXS2-02655,22.5,18.91,124,4,16.76
TXS2-02656,193.29,18.18,41,1,4.02
TXS2-02657,28.64,18.97,437,3,4.61
TXS2-02658,146.83,20.17,673,5,6.21
TXS2-02659,39.55,19.12,862,3,16.18
TXS2-02660,108.93,21.5,595,3,2.07
TXS2-02661,17.98,12.64,114,3,10.85
TXS2-02662,23.86,7.56,155,3,1.54
TXS2-02663,94.48,21.96,201,4,6.11
TXS2-02664,137.26,0.31,33,5,14.41
TXS2-02665,89.38,21.88,167,2,10.98
TXS2-02666,212.79,14.62,2,6,10.22
TXS2-02667,216.52,21.04,172,2,6.71
TXS2-02668,69.06,22.22,212,2,12.89
TXS2-02669,65.06,20.42,284,4,1.58
TXS2-02670,48.06,13.73,492,4,3.17
TXS2-02671,158.67,20.12,39,2,8.95
TXS2-02672,148.84,15.29,621,7,10.91
TXS2-02673,141.37,20.8,35,4,4.22
TXS2-02674,175.81,19.57,18,2,5.89
TXS2-02675,51.07,17.59,284,6,28.44
TXS2-02676,23.59,9.92,239,3,8.31
TXS2-02677,51.27,20.52,184,3,4.22
TXS2-02678,101.73,18.41,470,3,2.26
TXS2-02679,23.22,10.74,190,2,66.63
TXS2-02680,111.54,20.12,50,1,5.25
TXS2-02681,70.26,18.11,129,4,2.74
TXS2-02682,112.28,22.71,87,2,7.64
TXS2-02683,43.14,16.17,162,1,67.56
TXS2-02684,23.4,21.97,77,6,4.78
TXS2-02685,35.41,19.23,3,4,13.42
TXS2-02686,21.1,12.02,109,3,5.94
TXS2-02687,58.9,14.68,800,3,8.42
TXS2-02688,36.17,12.92,284,3,2.27
TXS2-02689,78.46,14.43,56,5,8.47
TXS2-02690,125.29,12.29,47,6,2.46
TXS2-02691,45.98,14.94,785,4,19.55
TXS2-02692,14.61,21.54,389,3,6.45
TXS2-02693,124.85,10.92,103,5,24.44
TXS2-02694,91.42,0.03,41,7,22.11
TXS2-02695,53.08,11.2,558,5,7.01
TXS2-02696,167.79,21.88,189,3,11.22
TXS2-02697,30.75,20.08,525,8,2.88
TXS2-02698,21.6,19.85,263,5,5.21
TXS2-02699,159.28,21.3,526,5,6.79
TXS2-02700,75.65,20.77,68,3,1.65
TXS2-02701,24.52,15.39,46,8,4.16
TXS2-02702,34.76,17.23,86,3,20.57
TXS2-02703,16.85,15.19,261,5,8.75
TXS2-02704,72.65,22.99,177,2,5.07
TXS2-02705,74.41,22.64,309,2,15.07
TXS2-02706,51.95,10.93,126,1,2.45
TXS2-02707,425.08,23.32,56,3,14.06
TXS2-02708,113.0,11.37,65,4,6.03
TXS2-02709,23.11,17.68,110,7,2.64
TXS2-02710,99.09,0.38,725,5,15.24
TXS2-02711,239.13,15.79,524,3,23.83
TXS2-02712,28.33,11.32,191,5,10.2
TXS2-02713,93.81,23.4,63,5,5.26
TXS2-02714,98.46,10.01,337,2,2.29
TXS2-02715,45.23,9.63,63,4,12.02
TXS2-02716,80.26,14.47,22,3,16.35
TXS2-02717,97.13,14.93,4,1,8.05
TXS2-02718,137.16,21.8,322,6,13.93
TXS2-02719,46.49,22.64,36,4,2.57
TXS2-02720,85.38,11.0,399,2,7.73
TXS2-02721,23.38,22.21,178,1,19.25
TXS2-02722,133.59,17.03,149,4,6.23
TXS2-02723,31.75,1.29,6,5,1.27
TXS2-02724,144.08,13.41,126,5,19.71
TXS2-02725,105.01,14.25,127,1,5.27
TXS2-02726,128.95,19.23,500,6,0.9
TXS2-02727,110.74,16.79,270,3,45.26
TXS2-02728,56.25,10.88,612,3,14.06
TXS2-02729,89.8,17.64,647,2,6.81
TXS2-02730,71.93,12.62,238,2,10.44
TXS2-02731,21.99,17.26,348,4,0.98
TXS2-02732,87.59,8.94,191,2,6.18
TXS2-02733,58.35,15.75,209,6,25.87
TXS2-02734,14.75,16.15,473,3,8.8
TXS2-02735,16.01,10.08,209,2,0.99
TXS2-02736,38.9,18.36,31,5,1.6
TXS2-02737,36.68,22.67,339,2,17.69
TXS2-02738,56.87,9.28,423,3,29.88
TXS2-02739,86.38,17.92,18,2,27.17
TXS2-02740,75.49,11.88,62,4,18.02
TXS2-02741,43.35,12.06,254,2,1.31
TXS2-02742,47.11,11.67,937,1,5.31
TXS2-02743,28.87,17.95,362,3,11.23
TXS2-02744,178.88,11.33,144,3,8.38
TXS2-02745,10.71,11.36,5,3,73.87
TXS2-02746,549.13,20.82,207,1,5.42
TXS2-02747,53.87,20.64,337,2,2.04
TXS2-02748,59.65,21.4,95,1,3.17
TXS2-02749,54.48,15.44,203,5,4.11
TXS2-02750,86.35,1.19,159,3,9.64
TXS2-02751,31.91,19.98,675,3,20.31
TXS2-02752,153.06,16.44,122,5,2.15
TXS2-02753,139.97,21.36,72,3,2.83
TXS2-02754,49.2,20.87,70,5,7.04
TXS2-02755,64.53,3.64,25,7,1.45
TXS2-02756,42.11,21.04,120,1,3.76
TXS2-02757,132.4,15.26,216,4,4.85
TXS2-02758,62.26,13.23,546,1,26.33
TXS2-02759,22.02,18.03,523,6,4.75
TXS2-02760,50.4,17.18,9,2,3.66
TXS2-02761,30.79,19.13,265,3,2.95
TXS2-02762,99.9,19.75,149,1,5.94
TXS2-02763,19.19,18.06,169,2,3.92
TXS2-02764,55.44,15.54,36,6,16.64
TXS2-02765,13.13,12.21,64,5,2.45
TXS2-02766,82.35,20.5,27,3,23.14
TXS2-02767,60.34,15.8,96,1,3.61
TXS2-02768,35.87,7.91,92,2,15.15
TXS2-02769,179.07,15.22,433,3,11.42
TXS2-02770,88.25,13.48,243,2,10.42
TXS2-02771,164.23,13.55,126,1,3.98
TXS2-02772,175.16,15.17,161,6,7.72
TXS2-02773,84.53,20.15,400,7,68.04
TXS2-02774,47.14,16.24,14,5,1.01
TXS2-02775,102.43,17.46,41,4,2.04
TXS2-02776,85.24,14.22,278,4,0.96
TXS2-02777,307.12,9.53,1300,6,2.24
TXS2-02778,33.86,17.83,100,1,2.77
TXS2-02779,47.05,17.16,415,5,4.58
TXS2-02780,30.77,13.5,166,8,7.77
TXS2-02781,95.46,13.15,249,5,11.68
TXS2-02782,63.08,13.67,155,4,2.16
TXS2-02783,38.57,22.02,32,4,4.58
TXS2-02784,41.44,21.39,207,3,18.82
TXS2-02785,65.44,20.0,207,3,10.02
TXS2-02786,52.34,10.31,830,3,9.83
TXS2-02787,60.79,9.1,548,7,1.42
TXS2-02788,26.89,22.08,612,3,8.5
TXS2-02789,83.2,13.66,710,4,1.9
TXS2-02790,57.21,21.37,132,7,4.35
TXS2-02791,52.33,18.42,1057,5,8.13
TXS2-02792,35.19,11.68,124,3,5.04
TXS2-02793,93.3,12.23,121,6,1.56
TXS2-02794,19.8,22.92,532,3,5.72
TXS2-02795,45.51,20.13,12,2,1.67
TXS2-02796,34.81,12.04,137,2,2.8
TXS2-02797,31.78,19.84,51,2,33.5
TXS2-02798,56.98,14.24,309,6,76.19
TXS2-02799,45.22,12.11,283,3,3.17
TXS2-02800,27.48,21.45,236,3,1.27
TXS2-02801,34.21,12.64,574,6,15.0
TXS2-02802,17.23,15.82,396,7,4.76
TXS2-02803,142.46,11.01,364,1,5.74
TXS2-02804,121.11,12.67,238,3,2.12
TXS2-02805,59.04,19.89,106,2,6.99
TXS2-02806,23.04,20.65,517,5,23.41
TXS2-02807,208.7,16.66,124,3,3.15
TXS2-02808,52.45,16.18,138,1,3.97
TXS2-02809,36.27,10.1,71,2,4.45
TXS2-02810,40.07,17.41,199,4,60.33
TXS2-02811,114.37,14.47,314,6,13.28
TXS2-02812,36.79,17.76,132,4,25.03
TXS2-02813,200.41,15.51,53,6,15.66
TXS2-02814,23.66,21.35,662,3,11.1
TXS2-02815,36.4,16.88,404,2,6.7
TXS2-02816,20.38,10.96,72,3,0.71
TXS2-02817,88.87,20.4,10,3,4.97
TXS2-02818,93.33,16.36,908,3,65.91
TXS2-02819,56.46,12.94,84,3,5.53
TXS2-02820,207.88,17.15,65,5,10.21
TXS2-02821,40.04,12.84,589,4,2.08
TXS2-02822,142.23,13.79,101,2,6.73
TXS2-02823,58.25,23.12,53,1,9.58
TXS2-02824,66.22,21.78,196,3,13.35
TXS2-02825,68.29,13.27,47,3,91.66
TXS2-02826,145.35,21.36,117,6,12.25
TXS2-02827,38.87,19.91,278,2,1.8
TXS2-02828,55.62,12.86,76,6,17.06
TXS2-02829,38.46,11.6,266,3,2.65
TXS2-02830,153.66,15.66,497,2,4.03
TXS2-02831,29.9,10.53,607,1,1.2
TXS2-02832,187.05,12.42,54,6,6.79
TXS2-02833,107.53,14.11,15,4,4.18
TXS2-02834,67.47,13.68,189,2,23.27
TXS2-02835,64.73,16.68,392,3,3.6
TXS2-02836,62.29,17.53,618,3,2.23
TXS2-02837,107.29,16.3,219,5,26.97
TXS2-02838,72.11,15.27,21,1,8.95
TXS2-02839,27.33,14.93,453,7,0.81
TXS2-02840,27.25,16.81,65,3,0.79
TXS2-02841,53.21,19.16,1188,4,1.69
TXS2-02842,60.33,23.8,335,3,42.44
TXS2-02843,158.89,13.72,424,3,25.07
TXS2-02844,49.63,23.5,42,2,13.71
TXS2-02845,48.22,11.92,271,6,1.11
TXS2-02846,46.78,20.42,71,2,1.3
TXS2-02847,72.54,15.09,109,5,5.01
TXS2-02848,28.62,12.55,344,4,11.3
TXS2-02849,76.79,22.74,4,1,29.41
TXS2-02850,42.81,22.03,212,5,11.66
TXS2-02851,102.63,18.02,591,2,10.5
TXS2-02852,273.3,19.91,4,2,9.37
TXS2-02853,20.89,15.46,89,7,0.89
TXS2-02854,125.09,17.53,711,3,8.03
TXS2-02855,112.61,22.23,484,2,9.47
TXS2-02856,57.06,21.87,334,7,0.94
TXS2-02857,70.16,0.32,205,5,5.85
TXS2-02858,88.3,17.35,174,1,2.43
TXS2-02859,86.75,7.42,286,2,5.45
TXS2-02860,265.7,20.92,534,5,9.23
TXS2-02861,35.66,9.18,748,3,15.91
TXS2-02862,13.19,17.19,113,2,14.01
TXS2-02863,42.69,10.75,364,3,4.9
TXS2-02864,150.29,9.6,170,2,8.19
TXS2-02865,46.47,21.32,54,5,1.06
TXS2-02866,148.4,21.3,1,5,107.5
TXS2-02867,111.52,10.85,82,4,1.74
TXS2-02868,33.94,15.13,37,4,9.91
TXS2-02869,19.76,22.58,111,3,8.37
TXS2-02870,17.1,13.38,45,3,4.86
TXS2-02871,78.71,11.66,5,3,0.75
TXS2-02872,167.48,22.0,133,2,5.29
TXS2-02873,80.46,11.98,255,3,1.66
TXS2-02874,33.14,16.32,34,1,8.7
TXS2-02875,93.68,19.2,110,3,9.28
TXS2-02876,96.62,12.1,197,4,7.26
TXS2-02877,52.05,22.05,77,2,5.17
TXS2-02878,17.24,9.55,764,2,7.12
TXS2-02879,166.33,6.31,140,5,4.81
TXS2-02880,154.84,18.57,254,2,8.32
TXS2-02881,132.11,22.62,310,6,2.88
TXS2-02882,65.95,21.21,795,3,2.03
TXS2-02883,67.45,15.23,4,4,0.21
TXS2-02884,139.03,8.41,1479,3,15.24
TXS2-02885,140.84,15.79,59,2,15.65
TXS2-02886,67.83,19.16,65,3,0.4
TXS2-02887,39.9,16.67,104,3,8.11
TXS2-02888,108.63,14.71,1036,3,5.15
TXS2-02889,51.24,14.4,178,6,17.31
TXS2-02890,145.24,13.88,183,2,4.19
TXS2-02891,64.07,15.87,188,6,11.01
TXS2-02892,52.62,23.85,422,2,26.09
TXS2-02893,285.86,13.35,20,3,6.09
TXS2-02894,79.98,13.07,133,4,2.39
TXS2-02895,67.61,19.08,191,5,25.82
TXS2-02896,110.7,12.02,866,3,4.24
TXS2-02897,34.45,19.48,604,5,0.98
TXS2-02898,59.32,17.36,392,3,24.21
TXS2-02899,113.59,22.97,16,7,1.57
TXS2-02900,57.3,21.42,886,2,4.25
TXS2-02901,31.23,18.73,102,3,39.89
TXS2-02902,141.51,20.81,15,4,8.68
TXS2-02903,43.6,18.99,233,4,4.36
TXS2-02904,57.25,16.23,255,4,5.44
TXS2-02905,38.41,21.14,761,1,2.53
TXS2-02906,22.27,10.73,374,6,4.82
TXS2-02907,48.19,21.02,280,2,2.65
TXS2-02908,143.23,0.05,139,4,0.83
TXS2-02909,289.41,10.15,52,5,1.64
TXS2-02910,39.32,20.12,33,5,9.44
TXS2-02911,125.09,10.85,374,6,5.68
TXS2-02912,41.77,23.55,664,3,2.31
TXS2-02913,93.6,15.38,86,1,2.99
TXS2-02914,67.28,10.65,280,4,3.21
TXS2-02915,28.65,10.93,30,4,1.44
TXS2-02916,34.13,20.96,185,5,8.33
TXS2-02917,65.27,16.2,39,4,7.68
TXS2-02918,42.8,20.1,273,2,6.78
TXS2-02919,115.98,19.57,188,4,2.78
TXS2-02920,99.18,21.26,14,1,12.57
TXS2-02921,53.02,21.2,325,6,3.96
TXS2-02922,54.88,16.53,145,2,2.0
TXS2-02923,18.56,6.95,555,3,1.5
TXS2-02924,52.18,18.45,340,7,17.07
TXS2-02925,29.54,17.24,55,2,3.55
TXS2-02926,161.62,22.93,174,4,29.82
TXS2-02927,171.36,18.29,112,5,15.42
TXS2-02928,295.15,17.84,891,2,10.94
TXS2-02929,57.82,11.73,139,3,3.22
TXS2-02930,174.46,20.11,81,4,16.66
TXS2-02931,25.97,15.79,43,4,6.63
TXS2-02932,87.04,21.38,230,2,18.51
TXS2-02933,65.63,21.58,352,3,12.87
TXS2-02934,73.65,12.63,179,3,4.83
TXS2-02935,101.56,16.29,203,3,18.5
TXS2-02936,28.53,14.4,207,3,11.71
TXS2-02937,399.12,10.59,780,2,1.44
TXS2-02938,27.15,19.32,195,3,23.03
TXS2-02939,127.51,19.48,15,5,6.96
TXS2-02940,52.97,8.05,707,2,7.08
TXS2-02941,29.55,15.29,11,2,12.14
TXS2-02942,73.61,17.67,652,3,1.36
TXS2-02943,111.85,19.36,461,3,1.38
TXS2-02944,51.14,21.09,285,6,1.4
TXS2-02945,129.73,12.44,156,2,2.12
TXS2-02946,55.74,22.52,127,3,30.72
TXS2-02947,31.44,20.68,159,3,2.05
TXS2-02948,45.24,20.98,84,1,22.94
TXS2-02949,135.07,18.75,325,3,2.55
TXS2-02950,155.6,5.8,198,2,2.69
TXS2-02951,27.42,20.07,40,7,1.74
TXS2-02952,84.25,9.05,479,4,1.39
TXS2-02953,136.92,17.76,5,2,9.61
TXS2-02954,144.51,15.08,59,5,5.98
TXS2-02955,24.2,21.77,207,3,5.87
TXS2-02956,19.46,13.06,105,3,20.24
TXS2-02957,69.07,22.39,121,3,12.28
TXS2-02958,71.83,17.56,477,3,12.41
TXS2-02959,105.95,14.93,445,6,25.24
TXS2-02960,52.8,22.5,79,4,2.28
TXS2-02961,37.93,22.91,457,2,19.95
TXS2-02962,108.87,15.19,207,4,3.63
TXS2-02963,199.52,13.61,210,4,32.37
TXS2-02964,61.6,12.4,157,5,2.95
TXS2-02965,206.76,19.24,268,4,0.91
TXS2-02966,159.01,15.93,8,2,3.35
TXS2-02967,128.44,6.73,328,3,7.16
TXS2-02968,51.86,16.41,645,2,7.44
TXS2-02969,53.77,11.61,319,2,28.84
TXS2-02970,149.41,8.66,49,3,7.39
TXS2-02971,120.71,10.49,242,6,18.39
TXS2-02972,70.63,13.29,176,4,9.71
TXS2-02973,114.41,13.93,194,5,2.24
TXS2-02974,29.48,10.47,591,5,10.06
TXS2-02975,130.76,22.98,683,3,8.78
TXS2-02976,100.95,23.19,10,5,23.68
TXS2-02977,78.59,11.18,169,3,10.39
TXS2-02978,68.2,14.15,299,2,32.49
TXS2-02979,33.15,23.04,512,5,10.53
TXS2-02980,72.13,21.0,261,3,7.66
TXS2-02981,79.8,11.41,348,2,5.3
TXS2-02982,75.24,11.79,704,1,1.07
TXS2-02983,18.69,18.96,251,4,16.16
TXS2-02984,124.82,23.12,354,4,13.16
TXS2-02985,107.17,21.09,401,1,12.19
TXS2-02986,55.88,23.07,279,3,5.11
TXS2-02987,65.61,12.23,258,3,3.91
TXS2-02988,99.73,10.23,24,6,1.2
TXS2-02989,186.74,19.97,79,5,3.15
TXS2-02990,172.32,13.9,75,2,32.2
TXS2-02991,49.65,21.12,394,2,25.4
TXS2-02992,280.43,17.16,245,2,0.3
TXS2-02993,154.35,22.45,19,3,2.76
TXS2-02994,91.53,17.78,172,1,0.53
TXS2-02995,101.03,18.25,136,1,4.07
TXS2-02996,6.01,0.53,122,6,2.34
TXS2-02997,128.1,17.79,492,2,18.06
TXS2-02998,78.23,9.17,635,2,1.43
TXS2-02999,28.93,17.66,284,4,5.88
TXS2-03000,196.36,14.52,157,3,4.17
