transaction_id,montant_eur,heure,anciennete_client_j,nb_articles,distance_domicile_km
TXS3-00001,17.96,22.26,283,3,5.51
TXS3-00002,36.79,22.96,49,1,33.74
TXS3-00003,53.63,19.95,135,2,2.78
TXS3-00004,67.45,9.96,278,3,3.54
TXS3-00005,43.81,14.22,21,2,2.12
TXS3-00006,22.31,15.17,311,1,6.0
TXS3-00007,87.12,16.91,228,1,1.9
TXS3-00008,56.14,12.52,15,2,9.08
TXS3-00009,32.89,7.08,22,3,2.53
TXS3-00010,248.48,23.42,77,4,12.64
TXS3-00011,9.25,14.84,325,4,23.61
TXS3-00012,103.96,22.03,949,3,3.55
TXS3-00013,20.78,7.64,1104,1,10.82
TXS3-00014,28.12,15.26,363,7,6.65
TXS3-00015,38.05,19.38,437,3,11.32
TXS3-00016,62.85,15.72,30,3,6.47
TXS3-00017,17.62,23.48,400,4,3.76
TXS3-00018,15.07,15.19,335,4,1.61
TXS3-00019,64.37,12.97,23,2,34.25
TXS3-00020,85.68,13.84,144,1,0.3
TXS3-00021,68.04,15.11,329,3,71.59
TXS3-00022,33.9,12.51,547,4,4.71
TXS3-00023,40.16,20.8,76,2,68.17
TXS3-00024,28.93,9.26,15,2,1.75
TXS3-00025,29.7,15.93,241,1,2.39
TXS3-00026,28.53,17.32,123,1,16.91
TXS3-00027,18.2,14.7,251,2,0.28
TXS3-00028,26.85,14.34,291,2,7.91
TXS3-00029,42.33,11.36,42,2,1.54
TXS3-00030,32.62,12.81,86,4,7.16
TXS3-00031,57.48,16.66,23,4,2.82
TXS3-00032,69.05,11.01,626,1,0.87
TXS3-00033,185.53,15.26,205,1,4.42
TXS3-00034,64.23,13.19,764,2,4.48
TXS3-00035,117.01,21.14,88,2,9.82
TXS3-00036,49.05,13.23,7,2,52.34
TXS3-00037,214.04,15.24,120,4,26.25
TXS3-00038,21.47,12.15,525,3,3.76
TXS3-00039,29.02,19.46,698,3,12.38
TXS3-00040,20.29,20.58,332,1,19.01
TXS3-00041,13.08,11.86,265,2,3.62
TXS3-00042,19.85,17.67,61,1,4.0
TXS3-00043,41.85,12.69,74,2,14.1
TXS3-00044,32.77,17.84,613,2,5.55
TXS3-00045,23.82,17.04,53,1,1.67
TXS3-00046,11.94,13.49,21,3,7.65
TXS3-00047,79.97,17.84,297,1,0.82
TXS3-00048,45.94,18.08,404,4,1.9
TXS3-00049,14.63,9.92,429,2,13.55
TXS3-00050,46.15,20.15,1060,4,16.26
TXS3-00051,27.91,20.62,38,2,4.0
TXS3-00052,140.95,20.29,195,2,20.42
TXS3-00053,12.95,9.25,376,4,8.97
TXS3-00054,41.37,16.1,303,5,6.88
TXS3-00055,18.25,12.43,221,2,4.88
TXS3-00056,80.04,7.16,52,3,6.83
TXS3-00057,30.09,22.63,174,1,0.86
TXS3-00058,108.08,11.49,776,2,3.18
TXS3-00059,8.21,23.24,2289,3,64.66
TXS3-00060,10.9,10.16,2144,4,4.82
TXS3-00061,6.41,16.49,1377,3,4.03
TXS3-00062,79.57,12.09,2227,1,28.71
TXS3-00063,31.25,11.54,408,2,2.17
TXS3-00064,40.27,8.71,331,6,36.53
TXS3-00065,33.5,20.06,809,2,17.19
TXS3-00066,43.21,23.02,562,3,14.7
TXS3-00067,23.88,14.84,319,1,11.89
TXS3-00068,26.11,8.81,452,2,11.53
TXS3-00069,14.57,19.17,180,5,13.46
TXS3-00070,22.11,15.57,788,2,4.43
TXS3-00071,276.57,14.19,423,5,7.99
TXS3-00072,51.67,16.65,446,2,9.87
TXS3-00073,11.71,19.75,873,2,2.82
TXS3-00074,59.43,12.95,98,2,36.52
TXS3-00075,12.35,14.57,303,3,8.27
TXS3-00076,25.76,17.49,706,4,17.15
TXS3-00077,64.51,19.41,101,1,66.76
TXS3-00078,55.14,6.05,111,4,1.88
TXS3-00079,28.92,14.56,82,3,35.58
TXS3-00080,71.19,14.96,82,4,46.18
TXS3-00081,32.18,16.85,205,3,28.83
TXS3-00082,14.97,16.36,395,2,16.21
TXS3-00083,22.11,22.5,145,1,3.06
TXS3-00084,31.21,20.08,69,2,2.93
TXS3-00085,16.12,9.46,65,1,7.85
TXS3-00086,19.86,9.59,315,3,5.59
TXS3-00087,50.23,12.37,948,1,1.6
TXS3-00088,13.67,21.79,453,3,2.3
TXS3-00089,55.44,21.83,123,2,9.22
TXS3-00090,64.72,16.71,423,1,7.76
TXS3-00091,21.24,12.88,976,1,6.33
TXS3-00092,28.81,9.71,292,3,4.33
TXS3-00093,77.75,19.82,268,2,6.71
TXS3-00094,108.78,17.36,183,3,1.51
TXS3-00095,83.17,14.19,281,2,6.61
TXS3-00096,23.98,17.07,244,2,13.01
TXS3-00097,16.0,19.8,139,4,15.01
TXS3-00098,18.94,11.02,69,1,5.57
TXS3-00099,121.21,11.77,232,1,0.76
TXS3-00100,92.36,15.36,1239,2,1.12
TXS3-00101,12.3,18.39,231,1,1.92
TXS3-00102,18.06,18.93,134,1,9.38
TXS3-00103,20.79,21.64,574,2,8.59
TXS3-00104,16.41,11.34,1154,2,0.88
TXS3-00105,51.72,15.72,491,1,5.19
TXS3-00106,29.11,21.88,34,2,4.39
TXS3-00107,47.55,15.73,196,2,10.92
TXS3-00108,51.39,10.62,493,5,12.68
TXS3-00109,82.6,13.41,1,2,5.66
TXS3-00110,64.05,21.78,1210,2,2.76
TXS3-00111,38.22,14.41,69,2,1.43
TXS3-00112,40.84,19.55,906,4,0.38
TXS3-00113,27.73,21.68,29,3,1.0
TXS3-00114,66.43,19.84,178,4,3.17
TXS3-00115,25.36,7.1,826,2,3.72
TXS3-00116,31.53,20.09,241,2,10.49
TXS3-00117,28.38,16.86,528,2,2.19
TXS3-00118,42.35,18.16,243,3,22.04
TXS3-00119,43.25,11.27,1136,1,7.15
TXS3-00120,49.58,12.54,133,5,2.33
TXS3-00121,242.45,19.38,588,1,0.71
TXS3-00122,22.84,14.35,871,3,1.46
TXS3-00123,14.83,21.64,3452,3,6.86
TXS3-00124,34.06,14.49,196,2,3.65
TXS3-00125,17.69,18.27,141,1,11.73
TXS3-00126,22.64,7.5,5,4,3.3
TXS3-00127,15.27,10.26,710,2,12.71
TXS3-00128,37.89,10.8,361,1,5.41
TXS3-00129,18.41,17.57,224,1,0.91
TXS3-00130,34.13,22.12,483,1,1.23
TXS3-00131,29.89,21.57,585,1,7.44
TXS3-00132,19.3,13.07,113,1,0.6
TXS3-00133,17.86,12.25,179,1,3.67
TXS3-00134,48.26,19.97,13,2,4.27
TXS3-00135,15.98,8.12,565,3,2.03
TXS3-00136,25.99,21.02,605,3,5.12
TXS3-00137,35.79,20.93,696,1,17.39
TXS3-00138,29.4,16.89,415,1,0.97
TXS3-00139,70.55,14.28,508,3,20.28
TXS3-00140,27.32,14.28,667,2,6.13
TXS3-00141,28.61,17.13,558,4,1.41
TXS3-00142,28.57,6.62,849,2,6.28
TXS3-00143,43.44,17.64,15,3,8.73
TXS3-00144,56.88,13.44,219,2,44.25
TXS3-00145,50.7,11.83,33,1,13.75
TXS3-00146,85.59,11.46,78,5,7.62
TXS3-00147,46.63,19.7,73,1,3.92
TXS3-00148,23.78,9.14,1551,1,3.92
TXS3-00149,34.81,10.11,24,2,15.33
TXS3-00150,30.76,20.81,1117,3,37.64
TXS3-00151,35.62,19.43,638,2,2.45
TXS3-00152,55.31,18.07,271,1,1.26
TXS3-00153,32.36,21.66,294,4,4.0
TXS3-00154,38.74,9.49,233,7,2.23
TXS3-00155,39.17,17.73,393,2,6.87
TXS3-00156,27.54,9.87,188,1,33.55
TXS3-00157,10.58,10.9,92,1,2.45
TXS3-00158,18.42,16.52,487,1,27.31
TXS3-00159,57.66,12.29,246,3,10.35
TXS3-00160,18.7,17.6,101,3,1.07
TXS3-00161,28.87,16.39,264,3,4.25
TXS3-00162,62.25,14.82,641,1,47.54
TXS3-00163,11.2,21.15,231,3,7.29
TXS3-00164,28.83,14.12,259,2,3.95
TXS3-00165,12.48,8.05,349,1,3.27
TXS3-00166,60.05,15.5,294,2,5.99
TXS3-00167,24.28,11.53,225,1,15.65
TXS3-00168,35.02,15.9,16,1,1.66
TXS3-00169,13.27,18.18,311,3,3.29
TXS3-00170,14.3,15.86,211,4,7.41
TXS3-00171,23.93,14.2,148,4,17.57
TXS3-00172,18.64,13.46,931,7,5.65
TXS3-00173,10.17,16.55,310,2,11.21
TXS3-00174,53.26,14.99,133,3,6.84
TXS3-00175,31.71,11.38,116,3,16.12
TXS3-00176,63.73,18.42,420,4,27.05
TXS3-00177,31.17,20.35,540,2,4.16
TXS3-00178,40.88,16.12,548,3,9.81
TXS3-00179,29.89,17.46,243,3,7.37
TXS3-00180,46.26,10.74,635,2,5.57
TXS3-00181,59.86,16.01,267,5,16.36
TXS3-00182,65.66,20.04,406,4,1.39
TXS3-00183,25.68,22.73,17,3,7.35
TXS3-00184,46.64,21.73,1186,4,3.71
TXS3-00185,52.91,16.3,170,1,2.73
TXS3-00186,58.34,18.08,686,2,0.11
TXS3-00187,82.08,20.18,1925,3,0.52
TXS3-00188,20.75,19.6,1361,4,2.46
TXS3-00189,58.59,12.47,388,1,6.6
TXS3-00190,25.24,8.81,540,4,35.07
TXS3-00191,29.05,15.44,50,4,11.99
TXS3-00192,75.65,12.08,1482,3,3.65
TXS3-00193,39.93,14.29,274,2,1.68
TXS3-00194,14.86,13.11,167,6,3.75
TXS3-00195,61.91,19.81,401,2,4.27
TXS3-00196,121.16,21.81,465,4,3.7
TXS3-00197,14.7,13.71,17,3,5.84
TXS3-00198,63.31,13.31,568,5,27.33
TXS3-00199,59.45,13.26,57,5,1.65
TXS3-00200,16.27,9.67,161,4,6.25
TXS3-00201,10.97,13.85,508,2,38.15
TXS3-00202,16.39,12.7,1068,3,1.12
TXS3-00203,49.76,14.14,145,4,1.81
TXS3-00204,18.22,21.74,26,1,16.79
TXS3-00205,48.19,11.79,20,1,4.78
TXS3-00206,13.93,18.69,131,3,10.68
TXS3-00207,26.19,10.55,154,3,3.94
TXS3-00208,187.84,15.56,218,3,6.52
TXS3-00209,43.7,1.29,712,2,38.09
TXS3-00210,43.65,20.37,335,1,11.79
TXS3-00211,14.86,13.65,237,2,18.1
TXS3-00212,44.95,17.71,275,2,12.15
TXS3-00213,60.04,12.44,631,2,4.75
TXS3-00214,82.23,15.11,73,3,14.21
TXS3-00215,29.8,15.25,135,3,1.15
TXS3-00216,57.19,12.52,905,1,1.13
TXS3-00217,40.21,8.66,440,3,4.07
TXS3-00218,50.71,13.27,40,3,10.38
TXS3-00219,47.57,12.35,141,1,0.53
TXS3-00220,15.08,20.43,337,2,3.57
TXS3-00221,87.6,16.9,428,5,6.37
TXS3-00222,24.81,11.4,1493,2,51.74
TXS3-00223,112.26,13.15,269,3,3.83
TXS3-00224,49.69,0.56,776,2,12.63
TXS3-00225,50.23,20.05,20,2,2.3
TXS3-00226,29.46,17.58,115,2,20.29
TXS3-00227,14.01,15.38,345,3,12.33
TXS3-00228,27.44,16.22,276,2,14.06
TXS3-00229,32.16,21.7,386,4,7.12
TXS3-00230,77.26,12.19,381,2,5.67
TXS3-00231,17.0,12.4,456,3,26.41
TXS3-00232,87.68,20.63,237,2,113.39
TXS3-00233,62.04,20.03,379,5,7.7
TXS3-00234,39.16,22.0,82,2,8.14
TXS3-00235,39.48,2.7,264,2,4.54
TXS3-00236,103.22,13.09,202,2,2.46
TXS3-00237,35.78,21.35,412,5,9.88
TXS3-00238,59.84,19.48,630,5,3.45
TXS3-00239,83.97,13.81,65,2,40.18
TXS3-00240,67.92,13.57,253,2,7.43
TXS3-00241,118.29,14.4,136,5,10.47
TXS3-00242,41.23,20.83,550,4,17.83
TXS3-00243,4.68,19.29,84,3,0.38
TXS3-00244,26.6,16.51,482,4,19.57
TXS3-00245,12.96,15.4,5,3,8.45
TXS3-00246,73.98,17.53,1143,3,0.85
TXS3-00247,47.99,17.8,730,4,7.23
TXS3-00248,17.44,11.14,235,3,35.37
TXS3-00249,28.48,10.16,89,3,15.7
TXS3-00250,17.54,12.59,2213,2,5.16
TXS3-00251,35.31,14.29,407,1,17.89
TXS3-00252,26.49,13.78,210,2,47.54
TXS3-00253,36.33,13.02,90,2,24.85
TXS3-00254,19.84,21.23,142,1,46.19
TXS3-00255,17.06,10.46,1580,4,6.63
TXS3-00256,31.41,14.32,87,2,2.39
TXS3-00257,62.04,19.26,847,1,4.55
TXS3-00258,28.15,16.73,650,1,47.84
TXS3-00259,48.21,22.99,433,1,46.36
TXS3-00260,82.14,14.62,1085,7,11.99
TXS3-00261,86.91,12.83,981,3,5.37
TXS3-00262,45.45,23.34,1142,3,11.95
TXS3-00263,164.61,16.66,379,2,14.33
TXS3-00264,18.24,17.43,53,4,5.52
TXS3-00265,74.39,13.53,17,4,1.83
TXS3-00266,53.62,17.27,72,4,11.74
TXS3-00267,33.76,13.39,221,1,10.89
TXS3-00268,21.09,11.76,259,2,32.66
TXS3-00269,45.38,11.47,27,4,11.38
TXS3-00270,80.09,12.76,88,3,6.08
TXS3-00271,22.43,12.65,99,3,6.25
TXS3-00272,19.82,18.43,232,1,8.06
TXS3-00273,259.38,18.05,339,2,9.86
TXS3-00274,26.36,12.55,955,4,2.88
TXS3-00275,17.96,12.69,331,2,11.51
TXS3-00276,81.88,9.59,46,1,2.35
TXS3-00277,62.29,17.72,305,3,2.93
TXS3-00278,14.9,10.36,7,3,2.95
TXS3-00279,242.27,10.46,122,2,1.41
TXS3-00280,52.73,16.3,579,3,6.91
TXS3-00281,12.24,16.1,382,1,17.18
TXS3-00282,103.98,16.31,472,1,9.42
TXS3-00283,31.25,19.73,200,2,2.68
TXS3-00284,34.4,20.26,17,2,6.51
TXS3-00285,44.81,20.8,12,1,7.33
TXS3-00286,30.07,18.04,150,2,1.98
TXS3-00287,26.99,10.6,287,2,2.67
TXS3-00288,23.46,10.84,465,2,2.38
TXS3-00289,39.63,12.42,28,2,9.31
TXS3-00290,133.52,11.46,490,3,91.78
TXS3-00291,52.61,17.15,247,3,20.35
TXS3-00292,6.71,17.33,135,4,1.33
TXS3-00293,55.5,12.22,500,3,0.48
TXS3-00294,32.7,17.13,83,1,15.88
TXS3-00295,36.02,12.97,334,2,34.37
TXS3-00296,17.06,17.42,725,2,14.4
TXS3-00297,19.95,20.16,122,1,1.53
TXS3-00298,169.59,16.72,147,5,11.04
TXS3-00299,49.66,15.63,584,3,8.48
TXS3-00300,22.07,17.01,584,3,5.22
TXS3-00301,33.91,14.45,558,7,28.03
TXS3-00302,51.26,11.69,44,3,16.23
TXS3-00303,30.95,13.27,34,1,10.24
TXS3-00304,19.85,7.75,1813,2,6.39
TXS3-00305,44.33,10.22,676,2,13.97
TXS3-00306,14.04,14.51,429,2,16.84
TXS3-00307,21.27,17.02,299,2,0.81
TXS3-00308,22.0,12.41,563,2,1.75
TXS3-00309,74.15,15.12,107,3,15.17
TXS3-00310,38.01,22.64,91,2,4.21
TXS3-00311,33.77,10.78,256,2,0.4
TXS3-00312,101.57,20.1,490,2,69.34
TXS3-00313,20.1,13.63,109,3,3.38
TXS3-00314,120.97,12.32,182,3,5.32
TXS3-00315,34.16,13.35,25,4,6.67
TXS3-00316,60.1,14.53,202,2,50.35
TXS3-00317,53.02,9.0,344,2,19.75
TXS3-00318,51.02,15.19,325,2,4.62
TXS3-00319,12.92,12.25,374,3,4.45
TXS3-00320,15.92,18.68,396,6,6.37
TXS3-00321,51.73,23.46,1257,1,8.05
TXS3-00322,91.98,14.72,172,2,4.63
TXS3-00323,11.15,13.02,22,3,17.26
TXS3-00324,97.84,19.55,208,2,2.49
TXS3-00325,21.19,14.74,23,2,0.92
TXS3-00326,31.09,15.89,866,3,4.09
TXS3-00327,37.22,19.08,316,1,55.59
TXS3-00328,35.8,12.12,1695,1,10.36
TXS3-00329,71.4,17.12,286,3,1.25
TXS3-00330,24.92,16.2,254,2,3.82
TXS3-00331,28.83,19.54,169,1,1.58
TXS3-00332,20.89,12.17,455,4,11.4
TXS3-00333,40.58,19.65,46,3,8.91
TXS3-00334,33.85,11.46,626,1,39.58
TXS3-00335,31.4,14.98,252,1,11.46
TXS3-00336,90.49,10.02,740,2,0.75
TXS3-00337,18.53,20.6,1048,3,2.88
TXS3-00338,39.83,11.36,1064,6,4.58
TXS3-00339,11.68,22.36,755,2,8.62
TXS3-00340,78.24,17.03,204,1,32.58
TXS3-00341,85.57,20.95,693,2,6.9
TXS3-00342,13.81,10.82,64,4,2.47
TXS3-00343,18.06,18.21,292,1,13.97
TXS3-00344,45.03,18.39,86,2,9.98
TXS3-00345,73.13,12.88,293,2,7.79
TXS3-00346,84.69,14.99,194,2,28.92
TXS3-00347,63.51,14.56,122,3,1.18
TXS3-00348,26.76,20.15,378,2,1.71
TXS3-00349,45.12,12.79,511,2,8.47
TXS3-00350,42.08,11.62,426,3,6.89
TXS3-00351,36.7,12.23,553,1,1.91
TXS3-00352,24.36,11.95,12,3,3.29
TXS3-00353,52.87,13.27,176,3,1.1
TXS3-00354,62.9,14.33,328,2,6.12
TXS3-00355,81.06,18.75,356,2,6.18
TXS3-00356,32.1,15.87,244,2,1.84
TXS3-00357,58.51,14.49,80,1,30.88
TXS3-00358,44.01,19.49,100,3,2.86
TXS3-00359,81.11,5.23,416,1,27.61
TXS3-00360,68.06,20.98,872,2,5.9
TXS3-00361,16.4,13.77,2121,2,4.14
TXS3-00362,32.02,23.17,21,3,3.32
TXS3-00363,17.91,15.76,643,4,54.3
TXS3-00364,27.8,18.29,50,2,2.16
TXS3-00365,67.82,6.51,391,2,2.07
TXS3-00366,17.24,10.15,55,1,13.14
TXS3-00367,78.86,15.21,183,1,4.63
TXS3-00368,20.26,14.86,1584,3,4.37
TXS3-00369,17.32,20.97,369,6,4.65
TXS3-00370,57.16,9.95,979,1,10.42
TXS3-00371,26.91,10.61,128,2,34.15
TXS3-00372,45.98,13.74,533,2,21.02
TXS3-00373,107.16,14.84,44,2,6.22
TXS3-00374,81.69,9.99,541,3,12.65
TXS3-00375,27.09,11.25,89,1,4.86
TXS3-00376,88.85,17.36,695,3,3.15
TXS3-00377,26.55,9.63,262,1,4.2
TXS3-00378,40.79,15.29,647,1,3.57
TXS3-00379,21.19,9.11,21,2,1.41
TXS3-00380,35.05,17.95,277,5,15.31
TXS3-00381,57.29,9.38,197,3,8.37
TXS3-00382,35.23,16.69,69,2,16.95
TXS3-00383,12.97,14.73,164,2,4.44
TXS3-00384,43.23,21.71,415,4,5.23
TXS3-00385,45.13,21.66,699,4,6.88
TXS3-00386,24.0,16.32,626,2,5.81
TXS3-00387,26.58,13.66,597,1,2.54
TXS3-00388,24.34,17.46,1352,5,3.44
TXS3-00389,26.99,21.0,688,2,8.2
TXS3-00390,21.14,11.63,321,1,6.4
TXS3-00391,27.72,15.52,163,2,5.21
TXS3-00392,38.79,17.64,478,3,14.35
TXS3-00393,40.22,15.4,43,4,6.53
TXS3-00394,47.09,13.34,76,3,3.8
TXS3-00395,78.29,20.28,328,2,0.22
TXS3-00396,21.75,10.34,115,1,4.75
TXS3-00397,56.09,21.23,10,3,9.9
TXS3-00398,27.82,13.51,58,3,9.68
TXS3-00399,61.5,13.08,234,2,37.02
TXS3-00400,66.0,17.48,236,3,6.26
TXS3-00401,61.95,20.03,398,4,0.33
TXS3-00402,69.57,16.21,522,5,19.83
TXS3-00403,26.19,14.83,229,2,22.23
TXS3-00404,44.82,13.08,20,2,1.43
TXS3-00405,7.15,13.62,375,1,19.73
TXS3-00406,27.02,10.1,335,5,7.21
TXS3-00407,31.22,9.92,1198,3,3.53
TXS3-00408,31.09,15.46,202,2,1.47
TXS3-00409,42.86,20.39,476,3,1.36
TXS3-00410,7.62,13.22,427,2,6.18
TXS3-00411,18.14,12.16,33,5,1.42
TXS3-00412,13.36,14.04,1210,2,3.71
TXS3-00413,54.71,16.54,47,4,6.46
TXS3-00414,19.0,13.91,248,3,24.08
TXS3-00415,16.52,15.79,823,1,3.96
TXS3-00416,172.58,14.96,1037,3,31.93
TXS3-00417,25.97,15.89,1196,3,30.04
TXS3-00418,72.97,14.11,312,3,1.31
TXS3-00419,89.66,10.98,4,1,2.76
TXS3-00420,25.1,16.1,770,3,0.72
TXS3-00421,34.96,9.16,171,3,21.32
TXS3-00422,13.65,11.25,223,3,3.67
TXS3-00423,24.74,19.88,56,3,18.39
TXS3-00424,14.43,16.25,634,3,8.85
TXS3-00425,157.35,12.69,4,1,4.73
TXS3-00426,19.79,23.02,50,5,2.14
TXS3-00427,40.23,12.13,123,2,5.87
TXS3-00428,53.29,15.84,300,3,1.69
TXS3-00429,51.4,19.21,191,1,1.39
TXS3-00430,22.66,13.24,29,2,13.95
TXS3-00431,19.15,16.73,807,3,5.12
TXS3-00432,47.59,14.75,70,2,6.37
TXS3-00433,8.79,12.96,51,2,3.0
TXS3-00434,40.78,15.76,337,3,0.32
TXS3-00435,130.57,20.27,833,2,5.72
TXS3-00436,89.31,12.03,30,1,16.01
TXS3-00437,46.08,18.15,240,2,25.84
TXS3-00438,20.32,14.28,49,1,2.57
TXS3-00439,22.33,7.73,282,1,11.77
TXS3-00440,99.52,15.83,610,3,2.97
TXS3-00441,34.11,13.17,3,4,54.11
TXS3-00442,60.63,9.31,1520,3,48.35
TXS3-00443,45.05,21.28,101,3,2.53
TXS3-00444,92.65,9.88,1026,1,32.8
TXS3-00445,59.72,15.32,695,3,9.2
TXS3-00446,50.43,11.95,43,2,2.74
TXS3-00447,27.5,11.09,273,3,2.3
TXS3-00448,28.27,14.58,137,4,5.36
TXS3-00449,99.53,17.83,545,3,6.94
TXS3-00450,68.39,14.39,32,1,8.05
TXS3-00451,64.53,19.63,78,4,101.21
TXS3-00452,24.58,12.33,276,3,34.78
TXS3-00453,85.76,22.32,1164,2,2.34
TXS3-00454,14.31,20.15,196,2,1.35
TXS3-00455,15.16,16.91,121,3,0.69
TXS3-00456,20.21,15.01,967,5,7.55
TXS3-00457,22.61,17.52,370,3,2.15
TXS3-00458,59.02,11.96,219,3,1.15
TXS3-00459,42.31,22.28,82,3,3.94
TXS3-00460,26.68,9.69,1304,2,0.83
TXS3-00461,65.58,15.68,700,2,5.65
TXS3-00462,38.18,17.02,40,3,10.98
TXS3-00463,25.21,20.72,827,4,7.0
TXS3-00464,109.71,21.22,62,3,1.33
TXS3-00465,44.16,9.16,301,2,5.9
TXS3-00466,37.54,15.29,2342,4,4.34
TXS3-00467,13.92,20.59,186,2,19.97
TXS3-00468,45.79,18.17,942,2,0.83
TXS3-00469,36.02,17.8,179,4,6.0
TXS3-00470,16.59,23.04,128,1,16.74
TXS3-00471,12.37,17.54,1375,4,2.37
TXS3-00472,82.6,16.62,2312,2,2.02
TXS3-00473,26.91,10.78,212,2,3.02
TXS3-00474,79.24,15.06,363,4,12.33
TXS3-00475,67.29,7.71,1534,1,2.49
TXS3-00476,9.64,14.0,28,3,6.33
TXS3-00477,13.54,14.32,31,4,2.6
TXS3-00478,18.63,23.4,464,5,4.55
TXS3-00479,11.41,10.05,28,3,4.41
TXS3-00480,20.57,15.18,77,2,1.5
TXS3-00481,41.45,17.7,394,3,1.35
TXS3-00482,15.24,22.45,204,3,27.86
TXS3-00483,96.25,14.35,99,4,4.6
TXS3-00484,32.39,14.58,482,4,15.87
TXS3-00485,49.68,13.34,235,3,30.54
TXS3-00486,24.02,12.77,21,2,6.57
TXS3-00487,10.18,12.16,1111,1,2.31
TXS3-00488,52.45,21.88,214,2,34.46
TXS3-00489,63.41,21.17,1334,3,19.71
TXS3-00490,28.77,11.24,374,4,2.13
TXS3-00491,36.76,13.53,498,4,9.02
TXS3-00492,61.23,13.82,386,2,2.64
TXS3-00493,20.16,13.22,79,3,3.85
TXS3-00494,34.84,12.84,135,1,2.84
TXS3-00495,54.44,17.59,668,3,0.59
TXS3-00496,22.72,16.43,12,3,9.85
TXS3-00497,36.81,6.65,26,3,1.96
TXS3-00498,30.0,20.3,221,4,8.51
TXS3-00499,32.02,18.56,34,4,37.65
TXS3-00500,16.28,18.42,1243,3,0.74
TXS3-00501,36.34,14.47,871,1,2.84
TXS3-00502,34.32,17.99,1026,3,1.5
TXS3-00503,53.42,13.05,281,3,1.01
TXS3-00504,58.39,18.32,421,2,14.85
TXS3-00505,26.24,9.04,464,5,2.11
TXS3-00506,38.85,14.93,1149,2,12.79
TXS3-00507,25.49,19.73,12,3,13.97
TXS3-00508,56.26,9.26,186,2,3.21
TXS3-00509,71.19,20.39,134,4,23.9
TXS3-00510,40.32,17.89,323,4,1.45
TXS3-00511,32.95,13.91,64,3,4.79
TXS3-00512,33.83,14.15,344,4,0.47
TXS3-00513,34.9,17.28,505,6,1.13
TXS3-00514,49.7,13.77,536,3,1.52
TXS3-00515,45.09,12.43,424,2,8.82
TXS3-00516,12.91,11.67,138,4,19.03
TXS3-00517,20.53,13.81,129,3,1.47
TXS3-00518,15.98,19.04,304,3,0.71
TXS3-00519,31.6,19.07,69,2,3.39
TXS3-00520,58.09,23.1,9,1,3.14
TXS3-00521,35.93,23.9,168,2,16.74
TXS3-00522,33.23,20.86,70,2,8.59
TXS3-00523,12.91,12.23,673,4,25.03
TXS3-00524,25.06,15.92,535,3,67.17
TXS3-00525,84.19,13.84,28,3,1.88
TXS3-00526,20.74,18.11,17,2,2.17
TXS3-00527,25.45,16.36,281,3,30.39
TXS3-00528,133.12,20.92,661,2,38.78
TXS3-00529,34.43,10.25,85,3,8.38
TXS3-00530,16.64,19.94,1385,3,3.18
TXS3-00531,23.32,13.05,7,2,18.58
TXS3-00532,22.63,12.64,1112,5,7.92
TXS3-00533,30.78,20.25,172,6,6.36
TXS3-00534,25.84,16.54,20,7,9.44
TXS3-00535,43.91,9.92,727,2,10.39
TXS3-00536,12.03,16.76,162,3,3.18
TXS3-00537,26.8,12.6,558,2,1.34
TXS3-00538,55.06,11.98,284,4,22.01
TXS3-00539,34.31,21.0,420,2,7.77
TXS3-00540,94.46,15.97,432,4,46.45
TXS3-00541,19.26,12.13,432,7,6.96
TXS3-00542,30.99,18.72,1129,2,20.46
TXS3-00543,17.38,14.94,128,2,0.65
TXS3-00544,18.27,14.39,329,2,69.65
TXS3-00545,26.99,11.89,174,1,11.34
TXS3-00546,28.76,12.61,585,2,5.37
TXS3-00547,30.22,12.46,149,2,3.66
TXS3-00548,45.46,17.72,657,4,33.23
TXS3-00549,15.18,15.6,993,2,1.69
TXS3-00550,24.96,10.14,298,1,11.71
TXS3-00551,29.32,20.93,66,1,1.5
TXS3-00552,28.73,14.76,615,4,9.38
TXS3-00553,53.32,16.64,88,3,7.04
TXS3-00554,22.1,20.98,198,5,6.74
TXS3-00555,26.25,15.84,537,3,5.5
TXS3-00556,33.85,21.66,292,3,4.94
TXS3-00557,28.89,19.89,833,4,13.05
TXS3-00558,5.86,22.11,373,3,10.29
TXS3-00559,82.76,22.98,456,2,2.86
TXS3-00560,60.66,17.49,480,2,8.12
TXS3-00561,27.34,22.86,410,3,32.99
TXS3-00562,25.26,18.99,173,1,3.38
TXS3-00563,18.0,22.16,446,2,9.91
TXS3-00564,25.19,17.59,175,1,0.87
TXS3-00565,44.78,14.5,1370,2,12.57
TXS3-00566,51.53,14.31,12,2,1.52
TXS3-00567,16.49,11.08,103,3,1.4
TXS3-00568,27.53,21.83,62,4,3.74
TXS3-00569,57.65,10.48,162,2,0.8
TXS3-00570,79.01,14.23,99,2,9.31
TXS3-00571,45.08,13.48,59,1,2.67
TXS3-00572,46.62,17.97,318,3,1.07
TXS3-00573,43.29,11.52,132,3,18.19
TXS3-00574,93.63,13.37,467,3,30.74
TXS3-00575,78.47,20.89,1012,1,4.18
TXS3-00576,79.0,16.33,489,1,15.36
TXS3-00577,22.02,17.0,527,2,1.58
TXS3-00578,53.33,8.1,569,3,19.02
TXS3-00579,38.51,13.22,917,2,21.09
TXS3-00580,26.78,21.37,181,9,2.45
TXS3-00581,40.88,20.51,90,2,29.85
TXS3-00582,67.57,21.44,546,2,15.75
TXS3-00583,43.85,14.44,1085,2,1.75
TXS3-00584,80.72,14.3,201,1,0.69
TXS3-00585,15.14,17.73,906,2,5.53
TXS3-00586,21.12,16.57,892,2,4.65
TXS3-00587,27.07,19.95,1122,2,7.07
TXS3-00588,52.34,21.78,1225,4,1.55
TXS3-00589,31.15,23.82,453,2,7.93
TXS3-00590,32.1,15.03,1564,2,4.53
TXS3-00591,51.46,17.06,171,3,10.36
TXS3-00592,19.28,16.84,285,3,177.87
TXS3-00593,21.95,18.92,76,3,8.83
TXS3-00594,18.05,13.89,213,1,2.17
TXS3-00595,51.16,10.28,223,3,17.91
TXS3-00596,38.46,15.31,136,2,26.51
TXS3-00597,25.62,15.36,413,5,25.47
TXS3-00598,208.97,13.94,389,2,26.41
TXS3-00599,46.31,18.89,113,3,5.41
TXS3-00600,52.49,21.51,49,4,11.1
TXS3-00601,17.79,14.23,450,2,62.87
TXS3-00602,32.04,9.43,58,3,7.74
TXS3-00603,54.66,7.41,267,5,51.85
TXS3-00604,55.64,7.87,418,1,4.9
TXS3-00605,16.5,19.68,427,2,1.82
TXS3-00606,30.16,14.03,206,4,20.44
TXS3-00607,24.79,19.99,225,5,10.43
TXS3-00608,70.6,12.48,237,2,13.82
TXS3-00609,38.46,17.89,1286,3,13.49
TXS3-00610,8.27,21.39,218,1,7.51
TXS3-00611,13.01,12.56,2,2,8.42
TXS3-00612,35.9,10.32,5,1,1.79
TXS3-00613,17.84,13.19,965,3,0.87
TXS3-00614,108.2,10.45,47,4,13.03
TXS3-00615,63.49,19.48,170,1,9.54
TXS3-00616,14.82,12.24,674,2,4.65
TXS3-00617,35.74,18.57,268,3,1.07
TXS3-00618,44.18,17.6,322,1,1.24
TXS3-00619,59.43,16.7,688,2,2.83
TXS3-00620,16.16,10.02,950,2,4.93
TXS3-00621,59.18,11.77,38,3,4.18
TXS3-00622,46.37,17.3,195,3,127.06
TXS3-00623,26.58,18.48,165,5,3.32
TXS3-00624,31.87,12.26,231,3,3.41
TXS3-00625,49.85,12.7,145,3,1.64
TXS3-00626,18.95,11.28,454,2,1.41
TXS3-00627,51.53,11.62,458,2,3.97
TXS3-00628,65.66,22.56,188,4,0.38
TXS3-00629,31.87,0.78,80,2,15.77
TXS3-00630,26.74,14.03,100,3,10.81
TXS3-00631,29.92,14.62,25,5,8.65
TXS3-00632,78.73,11.54,251,4,9.64
TXS3-00633,110.5,15.53,29,3,6.2
TXS3-00634,17.86,23.86,629,3,11.95
TXS3-00635,39.36,19.48,21,3,5.64
TXS3-00636,49.54,14.96,24,1,15.16
TXS3-00637,73.12,10.14,277,3,2.2
TXS3-00638,31.29,10.6,76,3,2.45
TXS3-00639,30.22,19.93,57,5,10.35
TXS3-00640,40.72,13.46,1070,2,16.0
TXS3-00641,11.05,11.93,609,4,3.95
TXS3-00642,35.37,10.02,722,2,2.13
TXS3-00643,62.27,14.1,1,3,4.5
TXS3-00644,35.88,14.98,647,1,25.28
TXS3-00645,20.78,17.22,104,2,17.18
TXS3-00646,29.83,17.74,42,3,3.61
TXS3-00647,24.72,13.26,34,1,6.18
TXS3-00648,10.58,19.4,95,1,9.21
TXS3-00649,87.35,17.23,30,4,172.11
TXS3-00650,30.98,10.17,590,2,3.49
TXS3-00651,14.84,13.7,414,4,20.2
TXS3-00652,25.7,23.51,562,2,47.51
TXS3-00653,157.44,13.39,408,1,13.76
TXS3-00654,103.67,12.0,99,2,1.48
TXS3-00655,34.74,23.93,15,2,2.63
TXS3-00656,48.0,14.87,18,2,2.45
TXS3-00657,12.56,10.16,892,2,24.34
TXS3-00658,38.29,17.03,61,2,5.0
TXS3-00659,32.49,23.15,645,4,1.93
TXS3-00660,31.65,13.47,121,1,18.15
TXS3-00661,41.28,13.39,1528,3,1.93
TXS3-00662,34.22,11.99,71,1,3.13
TXS3-00663,21.42,11.15,187,3,2.87
TXS3-00664,34.45,14.99,417,1,5.73
TXS3-00665,18.84,14.26,561,1,12.76
TXS3-00666,62.15,12.65,785,5,0.84
TXS3-00667,32.96,11.61,451,1,8.48
TXS3-00668,37.07,17.54,229,7,1.79
TXS3-00669,133.46,19.57,566,2,21.31
TXS3-00670,46.89,13.89,49,1,30.33
TXS3-00671,21.38,18.95,37,4,18.18
TXS3-00672,70.52,16.98,199,4,1.53
TXS3-00673,84.4,13.54,71,3,5.45
TXS3-00674,65.54,12.09,282,2,2.18
TXS3-00675,111.59,14.0,957,2,14.61
TXS3-00676,6.25,6.63,851,3,4.41
TXS3-00677,29.24,12.51,650,2,3.18
TXS3-00678,25.86,15.04,1365,3,6.5
TXS3-00679,22.55,12.68,867,3,0.37
TXS3-00680,63.4,22.87,8,4,37.45
TXS3-00681,222.56,20.59,320,2,9.52
TXS3-00682,12.24,17.37,813,2,2.07
TXS3-00683,84.11,11.78,448,1,17.93
TXS3-00684,40.59,14.04,376,2,3.17
TXS3-00685,61.96,20.74,99,3,30.74
TXS3-00686,10.74,13.1,7,5,2.12
TXS3-00687,7.64,19.99,243,3,13.02
TXS3-00688,34.5,14.48,992,6,3.31
TXS3-00689,15.06,17.6,314,3,5.84
TXS3-00690,32.17,16.05,140,2,3.68
TXS3-00691,56.78,7.58,190,4,12.33
TXS3-00692,17.75,9.01,106,4,5.1
TXS3-00693,47.83,20.26,140,2,1.64
TXS3-00694,19.03,16.16,2011,3,1.72
TXS3-00695,60.29,19.21,789,4,4.25
TXS3-00696,21.33,20.28,305,3,1.47
TXS3-00697,6.43,18.03,408,5,4.64
TXS3-00698,25.99,17.39,169,1,2.38
TXS3-00699,57.02,14.93,17,4,3.6
TXS3-00700,51.47,19.17,1473,4,1.07
TXS3-00701,70.57,16.74,132,2,25.84
TXS3-00702,83.39,13.27,328,1,5.97
TXS3-00703,10.06,21.88,55,3,1.85
TXS3-00704,48.69,21.04,917,2,7.66
TXS3-00705,84.82,15.09,255,2,3.17
TXS3-00706,43.67,15.54,194,2,15.32
TXS3-00707,25.07,9.08,131,3,0.83
TXS3-00708,37.79,19.56,12,3,9.6
TXS3-00709,63.85,10.27,161,3,2.1
TXS3-00710,55.71,17.22,15,2,4.91
TXS3-00711,21.74,18.33,251,3,21.6
TXS3-00712,27.8,12.3,375,1,1.38
TXS3-00713,109.84,21.15,323,1,6.69
TXS3-00714,40.7,9.58,241,3,17.93
TXS3-00715,46.97,20.73,406,2,1.88
TXS3-00716,22.56,9.7,13,3,19.88
TXS3-00717,19.15,21.7,650,5,12.7
TXS3-00718,62.72,19.4,431,3,2.25
TXS3-00719,91.53,23.43,446,2,3.08
TXS3-00720,52.95,11.13,856,2,2.27
TXS3-00721,21.73,21.88,264,2,4.58
TXS3-00722,29.47,20.25,172,3,20.99
TXS3-00723,41.95,16.54,87,4,0.33
TXS3-00724,26.71,18.85,226,5,3.17
TXS3-00725,17.88,20.28,250,4,16.09
TXS3-00726,59.85,14.73,532,4,17.7
TXS3-00727,25.58,15.86,120,2,6.3
TXS3-00728,33.27,17.72,298,1,8.89
TXS3-00729,31.74,22.53,87,3,8.93
TXS3-00730,19.49,14.67,608,2,2.89
TXS3-00731,75.51,14.88,355,3,5.53
TXS3-00732,37.25,13.9,24,1,4.98
TXS3-00733,28.86,18.59,7,5,3.53
TXS3-00734,16.56,21.07,205,3,9.92
TXS3-00735,7.1,22.06,483,4,6.94
TXS3-00736,30.05,15.52,477,1,21.7
TXS3-00737,103.44,23.69,182,3,5.62
TXS3-00738,72.66,14.48,496,4,10.08
TXS3-00739,21.66,20.6,61,5,3.22
TXS3-00740,144.8,12.86,1132,4,18.11
TXS3-00741,46.45,15.09,427,1,13.62
TXS3-00742,146.79,17.68,812,3,26.04
TXS3-00743,61.39,11.81,120,2,24.93
TXS3-00744,36.11,20.68,1590,2,0.77
TXS3-00745,25.35,23.88,555,5,5.89
TXS3-00746,31.87,13.6,164,3,3.79
TXS3-00747,29.89,13.72,546,3,4.59
TXS3-00748,23.09,16.81,392,3,0.44
TXS3-00749,47.55,14.72,75,4,12.24
TXS3-00750,97.1,12.39,635,2,5.02
TXS3-00751,36.28,11.99,231,2,0.28
TXS3-00752,51.58,21.76,487,1,5.39
TXS3-00753,52.95,12.21,541,3,11.27
TXS3-00754,45.95,18.13,35,3,2.5
TXS3-00755,52.23,16.37,12,5,4.22
TXS3-00756,61.61,22.95,204,1,17.29
TXS3-00757,5.57,14.18,298,1,9.74
TXS3-00758,19.92,17.77,10,2,20.48
TXS3-00759,34.28,20.9,756,3,4.43
TXS3-00760,34.51,13.35,296,3,16.62
TXS3-00761,32.64,20.96,116,4,5.53
TXS3-00762,64.07,11.41,389,1,6.51
TXS3-00763,29.13,17.63,21,4,2.47
TXS3-00764,36.08,12.68,587,4,1.73
TXS3-00765,17.22,8.74,623,2,5.43
TXS3-00766,128.61,18.96,693,4,8.91
TXS3-00767,62.89,16.82,31,2,14.2
TXS3-00768,13.62,17.91,1154,1,9.29
TXS3-00769,30.44,15.55,172,3,36.18
TXS3-00770,57.68,15.37,561,1,2.06
TXS3-00771,25.41,22.26,238,3,3.4
TXS3-00772,19.33,20.65,364,2,4.5
TXS3-00773,36.86,20.72,61,1,2.83
TXS3-00774,21.86,13.81,440,3,2.22
TXS3-00775,17.4,13.23,28,3,4.82
TXS3-00776,62.8,23.26,271,2,3.33
TXS3-00777,18.61,12.77,121,4,4.08
TXS3-00778,21.85,14.52,384,5,6.28
TXS3-00779,51.88,19.17,1197,3,4.6
TXS3-00780,7.42,7.13,107,2,8.54
TXS3-00781,39.1,14.66,738,2,6.73
TXS3-00782,53.37,6.92,1070,2,15.76
TXS3-00783,95.25,23.57,306,2,8.85
TXS3-00784,27.22,14.65,20,1,0.64
TXS3-00785,141.41,11.73,150,3,0.83
TXS3-00786,154.66,18.77,678,2,5.43
TXS3-00787,48.7,12.04,45,3,11.01
TXS3-00788,24.71,17.85,455,3,1.12
TXS3-00789,66.31,0.38,38,4,18.88
TXS3-00790,84.08,10.51,35,2,1.31
TXS3-00791,20.26,16.24,299,2,22.31
TXS3-00792,67.27,13.16,617,2,2.01
TXS3-00793,32.57,17.97,362,4,1.72
TXS3-00794,22.83,22.39,907,2,3.1
TXS3-00795,99.29,13.37,1642,2,3.47
TXS3-00796,16.08,16.56,332,1,5.71
TXS3-00797,50.72,19.82,474,1,0.7
TXS3-00798,36.64,17.29,188,1,17.56
TXS3-00799,93.05,17.05,544,3,2.96
TXS3-00800,26.76,16.83,18,4,14.1
TXS3-00801,26.51,16.52,1133,3,2.57
TXS3-00802,62.58,23.23,59,1,2.22
TXS3-00803,41.49,7.42,386,3,9.35
TXS3-00804,16.09,12.63,1008,3,2.65
TXS3-00805,28.03,18.62,483,3,5.91
TXS3-00806,49.54,19.6,33,2,13.94
TXS3-00807,47.08,17.35,157,4,3.9
TXS3-00808,30.77,17.33,81,2,7.78
TXS3-00809,23.57,17.27,53,1,1.41
TXS3-00810,16.01,17.35,879,1,3.3
TXS3-00811,42.94,9.12,43,2,1.97
TXS3-00812,21.7,10.67,566,3,2.82
TXS3-00813,43.29,12.24,646,4,0.56
TXS3-00814,25.08,20.7,430,2,8.18
TXS3-00815,13.14,8.01,66,4,5.51
TXS3-00816,52.68,16.04,69,2,2.03
TXS3-00817,75.25,9.71,158,4,4.49
TXS3-00818,38.16,14.62,1068,3,17.86
TXS3-00819,71.62,6.57,1065,2,5.38
TXS3-00820,97.33,13.94,308,3,2.27
TXS3-00821,71.26,12.73,309,3,11.51
TXS3-00822,85.42,23.59,270,3,12.7
TXS3-00823,26.45,16.53,28,3,38.35
TXS3-00824,20.72,14.87,858,4,5.67
TXS3-00825,62.61,10.38,116,5,9.27
TXS3-00826,9.89,10.85,76,2,25.85
TXS3-00827,100.94,17.25,1119,1,0.88
TXS3-00828,35.16,13.36,355,2,6.85
TXS3-00829,18.35,16.98,378,1,2.28
TXS3-00830,38.24,7.9,649,2,7.79
TXS3-00831,16.1,17.19,1288,2,3.28
TXS3-00832,21.35,16.69,488,3,3.39
TXS3-00833,31.85,17.26,403,2,1.59
TXS3-00834,19.87,21.27,65,3,5.29
TXS3-00835,8.64,12.97,469,4,8.66
TXS3-00836,39.22,14.62,595,4,4.91
TXS3-00837,8.98,18.88,72,5,1.53
TXS3-00838,39.35,19.45,1277,2,7.09
TXS3-00839,91.08,20.61,425,2,2.55
TXS3-00840,101.21,20.77,2059,3,7.66
TXS3-00841,52.74,10.02,4,2,4.77
TXS3-00842,28.11,11.35,134,3,4.71
TXS3-00843,22.09,12.77,295,1,10.4
TXS3-00844,45.78,19.89,43,1,2.57
TXS3-00845,9.24,23.16,443,2,8.85
TXS3-00846,13.13,14.32,621,1,0.89
TXS3-00847,80.4,19.99,564,1,1.96
TXS3-00848,29.81,10.91,836,3,2.47
TXS3-00849,47.82,13.72,478,2,5.77
TXS3-00850,19.2,0.38,219,3,7.56
TXS3-00851,47.28,18.83,181,1,0.28
TXS3-00852,67.43,13.5,132,2,2.81
TXS3-00853,38.51,22.37,179,1,26.72
TXS3-00854,63.82,13.95,446,5,0.8
TXS3-00855,44.46,13.81,716,2,34.77
TXS3-00856,27.1,18.42,837,4,35.86
TXS3-00857,28.0,16.18,147,1,1.07
TXS3-00858,70.43,15.89,83,4,5.95
TXS3-00859,75.25,9.81,258,2,7.72
TXS3-00860,63.46,16.03,989,3,5.09
TXS3-00861,40.67,11.85,786,1,7.9
TXS3-00862,19.17,11.61,304,3,0.95
TXS3-00863,28.95,16.28,228,2,1.55
TXS3-00864,97.53,13.92,544,2,9.58
TXS3-00865,31.76,13.3,807,2,2.82
TXS3-00866,57.18,14.66,104,3,7.56
TXS3-00867,63.69,14.35,1437,3,42.11
TXS3-00868,15.58,14.67,741,1,1.09
TXS3-00869,33.7,16.28,155,2,9.03
TXS3-00870,22.72,13.97,223,1,5.35
TXS3-00871,62.75,20.91,128,2,7.46
TXS3-00872,23.95,6.62,1059,3,17.72
TXS3-00873,19.84,23.03,20,2,6.13
TXS3-00874,8.51,12.68,499,2,3.28
TXS3-00875,41.66,14.08,43,2,2.11
TXS3-00876,11.93,20.47,465,3,6.15
TXS3-00877,45.03,21.99,851,3,11.06
TXS3-00878,22.46,10.03,91,2,22.24
TXS3-00879,79.73,16.41,449,2,2.0
TXS3-00880,40.08,15.28,84,1,5.41
TXS3-00881,43.49,7.06,573,4,12.49
TXS3-00882,30.98,18.59,938,3,85.72
TXS3-00883,19.69,20.51,455,5,4.87
TXS3-00884,97.4,23.94,692,1,6.16
TXS3-00885,13.75,18.13,31,2,7.35
TXS3-00886,69.96,10.76,21,5,8.41
TXS3-00887,98.33,12.44,367,4,25.87
TXS3-00888,52.27,13.78,238,4,25.94
TXS3-00889,99.23,16.61,161,2,31.34
TXS3-00890,17.63,23.14,171,5,9.9
TXS3-00891,24.3,20.79,729,5,5.99
TXS3-00892,36.46,15.4,994,1,12.33
TXS3-00893,35.02,11.25,194,1,16.94
TXS3-00894,47.35,22.17,339,2,11.7
TXS3-00895,65.21,21.09,90,1,11.26
TXS3-00896,7.97,12.48,26,2,20.24
TXS3-00897,46.61,12.51,556,4,20.78
TXS3-00898,14.66,11.53,1539,4,3.17
TXS3-00899,39.4,10.28,206,2,39.59
TXS3-00900,38.67,10.74,472,4,1.51
TXS3-00901,50.89,21.07,1173,2,1.05
TXS3-00902,22.54,17.36,303,2,0.18
TXS3-00903,40.13,22.08,249,1,12.4
TXS3-00904,43.58,18.15,176,1,17.39
TXS3-00905,41.11,13.18,895,2,9.1
TXS3-00906,189.38,0.05,100,3,3.82
TXS3-00907,33.63,17.93,343,4,21.16
TXS3-00908,24.87,10.68,164,1,275.26
TXS3-00909,59.64,12.04,204,2,3.32
TXS3-00910,35.25,17.03,186,1,1.42
TXS3-00911,20.16,14.33,438,4,7.79
TXS3-00912,4.73,19.57,236,4,23.28
TXS3-00913,47.12,16.46,25,1,14.56
TXS3-00914,17.05,13.91,135,5,13.35
TXS3-00915,103.24,8.12,1356,2,8.92
TXS3-00916,46.12,11.07,110,5,11.77
TXS3-00917,60.48,13.68,180,2,3.38
TXS3-00918,62.0,12.94,413,4,2.62
TXS3-00919,61.23,18.77,897,2,1.39
TXS3-00920,48.27,19.35,766,4,4.49
TXS3-00921,19.13,17.75,189,3,21.69
TXS3-00922,44.35,20.77,1277,4,136.9
TXS3-00923,36.95,8.45,1016,3,12.62
TXS3-00924,21.83,16.25,699,3,2.48
TXS3-00925,27.38,20.65,358,3,9.9
TXS3-00926,50.93,19.3,631,2,16.43
TXS3-00927,21.81,23.37,14,2,12.69
TXS3-00928,52.3,17.85,324,1,1.19
TXS3-00929,64.08,14.41,72,2,9.5
TXS3-00930,67.92,11.6,42,1,38.16
TXS3-00931,32.94,11.96,222,7,3.61
TXS3-00932,15.44,13.8,468,2,3.91
TXS3-00933,23.44,18.07,10,4,6.08
TXS3-00934,8.03,11.12,125,1,27.19
TXS3-00935,20.01,12.97,885,4,2.16
TXS3-00936,22.45,19.95,183,1,2.96
TXS3-00937,38.48,17.92,216,2,3.54
TXS3-00938,46.48,23.75,276,3,21.58
TXS3-00939,17.7,7.64,139,5,4.33
TXS3-00940,34.9,22.79,163,4,1.99
TXS3-00941,11.82,14.04,481,1,1.56
TXS3-00942,35.18,20.97,32,4,4.99
TXS3-00943,29.04,16.51,511,4,5.47
TXS3-00944,16.42,13.23,416,2,0.61
TXS3-00945,33.69,20.08,480,4,16.87
TXS3-00946,12.77,7.13,84,2,0.47
TXS3-00947,39.23,17.72,276,2,3.0
TXS3-00948,94.58,21.29,284,2,1.78
TXS3-00949,107.33,19.82,320,3,2.97
TXS3-00950,27.38,9.27,89,3,1.08
TXS3-00951,97.26,11.64,471,2,7.12
TXS3-00952,34.45,19.53,172,4,2.2
TXS3-00953,45.58,14.4,619,3,0.96
TXS3-00954,33.28,18.19,682,3,1.29
TXS3-00955,20.84,12.04,536,3,4.57
TXS3-00956,13.79,15.87,221,3,17.36
TXS3-00957,77.56,17.61,240,3,19.5
TXS3-00958,18.22,9.07,94,2,7.62
TXS3-00959,25.66,12.98,39,3,79.8
TXS3-00960,75.56,13.15,173,2,5.74
TXS3-00961,20.57,14.52,105,1,2.16
TXS3-00962,31.13,16.56,662,2,6.29
TXS3-00963,46.85,19.34,339,6,9.82
TXS3-00964,100.17,12.84,36,1,36.42
TXS3-00965,28.74,9.72,461,2,6.25
TXS3-00966,47.72,19.12,271,2,1.8
TXS3-00967,164.93,10.16,249,4,14.15
TXS3-00968,31.42,19.55,466,1,9.02
TXS3-00969,98.72,12.21,290,2,4.6
TXS3-00970,85.48,9.34,14,2,7.67
TXS3-00971,13.4,12.9,777,1,11.82
TXS3-00972,21.78,14.72,591,2,10.93
TXS3-00973,27.39,15.87,1029,1,3.46
TXS3-00974,17.76,17.84,115,1,30.98
TXS3-00975,33.89,19.53,44,2,8.74
TXS3-00976,12.18,20.92,534,1,4.29
TXS3-00977,65.63,22.35,565,4,20.18
TXS3-00978,8.01,14.67,558,4,12.08
TXS3-00979,79.76,15.99,370,1,3.17
TXS3-00980,14.75,14.04,228,4,0.67
TXS3-00981,19.58,16.42,76,5,13.72
TXS3-00982,19.52,21.9,507,2,6.74
TXS3-00983,12.19,19.51,164,1,6.18
TXS3-00984,38.06,9.99,205,2,12.26
TXS3-00985,56.93,20.67,18,1,33.8
TXS3-00986,41.5,18.03,516,3,9.22
TXS3-00987,17.61,19.7,25,2,19.46
TXS3-00988,37.83,18.53,532,3,1.0
TXS3-00989,94.29,21.74,638,3,1.77
TXS3-00990,9.38,20.79,54,4,4.18
TXS3-00991,13.07,9.34,383,5,8.87
TXS3-00992,291.23,22.46,463,3,0.74
TXS3-00993,63.7,14.77,154,2,3.45
TXS3-00994,14.76,14.62,832,2,7.31
TXS3-00995,96.73,11.28,902,3,2.52
TXS3-00996,26.6,13.28,1066,3,5.16
TXS3-00997,47.14,9.53,475,1,15.86
TXS3-00998,55.73,10.24,581,3,23.99
TXS3-00999,24.82,23.77,154,4,56.72
TXS3-01000,7.75,15.59,254,4,2.53
TXS3-01001,97.32,15.37,98,3,2.26
TXS3-01002,80.23,14.7,561,1,5.59
TXS3-01003,34.46,18.44,846,1,2.32
TXS3-01004,44.41,16.93,154,3,1.19
TXS3-01005,7.15,14.68,19,1,0.5
TXS3-01006,32.2,18.35,846,4,0.36
TXS3-01007,50.7,12.97,98,3,8.03
TXS3-01008,44.42,15.81,252,4,14.31
TXS3-01009,28.51,14.64,60,2,35.96
TXS3-01010,25.3,14.26,165,1,6.51
TXS3-01011,12.34,22.61,125,2,5.64
TXS3-01012,28.0,16.47,1120,2,4.32
TXS3-01013,19.02,22.12,224,2,3.57
TXS3-01014,19.36,21.03,35,1,2.28
TXS3-01015,19.95,21.85,559,1,3.16
TXS3-01016,30.65,20.34,2075,2,32.36
TXS3-01017,18.32,16.77,87,2,8.14
TXS3-01018,94.08,13.73,1026,1,40.82
TXS3-01019,43.8,17.79,26,2,6.05
TXS3-01020,11.63,14.04,408,3,9.2
TXS3-01021,25.7,17.78,64,3,1.08
TXS3-01022,30.86,16.1,867,2,4.71
TXS3-01023,32.35,13.6,54,2,3.74
TXS3-01024,90.24,12.92,667,2,111.52
TXS3-01025,47.33,16.36,131,2,17.13
TXS3-01026,46.45,20.46,715,2,25.7
TXS3-01027,30.35,18.2,795,5,16.05
TXS3-01028,70.52,12.77,222,4,27.2
TXS3-01029,111.94,13.83,270,2,19.78
TXS3-01030,28.02,18.35,868,3,1.07
TXS3-01031,124.58,10.23,473,2,3.04
TXS3-01032,41.96,11.79,114,3,27.86
TXS3-01033,17.3,15.87,24,2,33.26
TXS3-01034,38.4,14.53,148,3,27.06
TXS3-01035,61.53,10.4,229,1,4.06
TXS3-01036,35.14,12.03,130,3,5.46
TXS3-01037,24.02,15.78,523,3,5.18
TXS3-01038,30.09,18.56,13,2,3.31
TXS3-01039,38.28,13.67,339,1,0.98
TXS3-01040,43.11,10.16,284,1,24.46
TXS3-01041,95.04,0.22,124,3,10.2
TXS3-01042,31.15,14.09,546,1,44.94
TXS3-01043,48.88,11.41,365,2,15.49
TXS3-01044,57.54,17.54,642,2,11.91
TXS3-01045,31.41,5.85,259,1,61.56
TXS3-01046,43.6,15.89,614,1,8.84
TXS3-01047,27.08,19.3,203,1,3.0
TXS3-01048,15.36,13.53,441,4,4.7
TXS3-01049,21.73,17.44,353,3,1.65
TXS3-01050,17.57,12.39,1049,2,11.94
TXS3-01051,46.77,15.61,524,4,44.9
TXS3-01052,19.33,20.15,642,4,2.04
TXS3-01053,64.9,21.4,311,3,2.35
TXS3-01054,73.17,13.51,205,3,11.79
TXS3-01055,44.29,19.86,226,4,11.45
TXS3-01056,69.4,12.05,1757,1,124.62
TXS3-01057,24.52,16.02,802,1,7.32
TXS3-01058,21.57,8.73,187,1,3.76
TXS3-01059,15.67,12.14,155,2,6.45
TXS3-01060,32.93,11.79,241,2,15.24
TXS3-01061,6.46,22.3,337,3,5.53
TXS3-01062,35.71,14.8,2120,3,19.8
TXS3-01063,26.29,5.46,139,2,1.92
TXS3-01064,52.74,15.55,355,3,6.08
TXS3-01065,99.49,19.11,590,3,3.52
TXS3-01066,31.32,9.32,283,2,0.9
TXS3-01067,38.8,10.42,1445,1,6.51
TXS3-01068,50.56,18.28,217,2,0.64
TXS3-01069,52.31,12.75,76,3,25.01
TXS3-01070,25.49,15.14,84,1,30.09
TXS3-01071,18.16,0.52,365,2,1.82
TXS3-01072,19.83,8.64,209,2,10.49
TXS3-01073,34.07,9.76,1234,4,6.67
TXS3-01074,52.62,20.84,464,3,22.6
TXS3-01075,32.02,15.66,8,3,3.94
TXS3-01076,120.53,10.15,133,2,5.49
TXS3-01077,33.19,14.76,372,2,37.01
TXS3-01078,50.43,20.49,2333,5,3.91
TXS3-01079,64.74,22.51,893,3,3.36
TXS3-01080,69.46,13.35,258,4,5.64
TXS3-01081,17.98,19.34,394,3,11.47
TXS3-01082,16.52,14.17,117,5,12.1
TXS3-01083,65.84,21.38,231,2,2.59
TXS3-01084,15.74,13.62,547,2,0.56
TXS3-01085,25.21,20.07,33,1,6.71
TXS3-01086,19.89,15.68,1946,4,4.05
TXS3-01087,83.45,17.32,223,3,21.82
TXS3-01088,37.39,20.57,282,3,2.52
TXS3-01089,63.3,15.75,17,4,16.2
TXS3-01090,79.13,1.19,609,2,14.25
TXS3-01091,102.34,10.04,329,4,1.13
TXS3-01092,14.34,18.24,36,1,8.11
TXS3-01093,52.78,17.71,120,1,7.11
TXS3-01094,38.31,15.02,3,3,22.33
TXS3-01095,48.91,14.97,104,2,2.61
TXS3-01096,58.1,18.79,13,2,11.35
TXS3-01097,62.8,20.32,251,1,2.66
TXS3-01098,65.98,22.86,63,1,16.61
TXS3-01099,24.38,14.58,404,1,1.73
TXS3-01100,14.65,15.76,164,2,71.25
TXS3-01101,55.18,17.22,68,2,6.33
TXS3-01102,10.63,19.5,361,5,7.73
TXS3-01103,47.82,18.04,180,4,123.82
TXS3-01104,33.82,22.33,26,4,6.48
TXS3-01105,40.37,16.65,673,4,12.57
TXS3-01106,49.55,15.7,72,3,14.49
TXS3-01107,44.67,12.68,300,4,4.98
TXS3-01108,16.29,22.04,150,3,10.48
TXS3-01109,54.43,11.04,355,5,0.54
TXS3-01110,49.24,18.79,244,3,11.8
TXS3-01111,79.09,13.55,428,4,6.35
TXS3-01112,314.71,14.84,300,2,13.85
TXS3-01113,33.42,19.98,356,3,1.92
TXS3-01114,35.96,8.69,493,2,2.98
TXS3-01115,70.22,11.25,1050,2,27.16
TXS3-01116,46.94,12.15,115,4,70.68
TXS3-01117,58.34,12.73,36,1,1.25
TXS3-01118,20.56,18.74,626,4,3.35
TXS3-01119,36.49,16.87,815,6,7.17
TXS3-01120,93.36,15.86,101,3,3.03
TXS3-01121,53.62,12.32,52,4,39.11
TXS3-01122,21.73,13.78,946,4,8.27
TXS3-01123,118.02,19.55,1253,2,8.64
TXS3-01124,8.0,18.26,47,2,1.32
TXS3-01125,91.06,14.24,1507,1,9.94
TXS3-01126,10.88,23.97,103,2,11.94
TXS3-01127,58.03,12.83,598,2,7.11
TXS3-01128,27.7,19.55,111,3,12.88
TXS3-01129,28.42,10.83,8,4,6.7
TXS3-01130,95.99,20.49,201,3,7.55
TXS3-01131,14.14,12.37,192,1,6.67
TXS3-01132,31.88,15.38,472,2,3.03
TXS3-01133,22.42,11.55,1733,3,16.22
TXS3-01134,10.08,11.37,459,4,3.0
TXS3-01135,62.43,19.35,238,1,4.06
TXS3-01136,65.44,7.98,1483,2,1.5
TXS3-01137,63.68,22.28,466,2,12.11
TXS3-01138,96.07,14.85,63,3,9.67
TXS3-01139,32.51,19.79,1048,1,7.84
TXS3-01140,7.26,15.72,121,2,17.16
TXS3-01141,106.14,11.32,47,2,8.73
TXS3-01142,80.67,18.86,332,3,5.39
TXS3-01143,42.02,17.63,600,2,10.06
TXS3-01144,27.54,15.35,31,4,1.65
TXS3-01145,63.18,20.63,277,2,1.53
TXS3-01146,27.26,15.49,578,1,2.99
TXS3-01147,74.84,17.19,233,1,10.49
TXS3-01148,60.73,15.53,221,3,8.22
TXS3-01149,9.18,20.64,436,4,12.56
TXS3-01150,8.09,13.74,39,2,33.44
TXS3-01151,25.2,19.77,1632,2,6.58
TXS3-01152,38.61,17.15,772,5,3.36
TXS3-01153,60.84,13.82,126,3,31.4
TXS3-01154,67.14,10.0,97,2,4.2
TXS3-01155,35.86,20.6,958,2,9.98
TXS3-01156,19.02,13.98,544,4,3.81
TXS3-01157,34.79,13.63,356,1,39.48
TXS3-01158,13.88,11.26,721,4,3.2
TXS3-01159,17.0,14.77,296,2,13.0
TXS3-01160,26.19,14.07,184,4,38.99
TXS3-01161,76.47,18.57,536,6,20.83
TXS3-01162,31.91,20.03,920,2,1.01
TXS3-01163,23.29,19.92,381,2,1.72
TXS3-01164,16.7,17.28,230,1,16.21
TXS3-01165,23.21,10.0,77,2,4.25
TXS3-01166,89.87,14.2,43,2,6.22
TXS3-01167,13.9,16.12,1801,3,9.34
TXS3-01168,54.11,9.98,320,5,4.52
TXS3-01169,59.23,10.03,409,1,2.62
TXS3-01170,40.16,11.47,611,2,1.19
TXS3-01171,26.81,16.9,19,2,0.68
TXS3-01172,21.56,16.48,128,2,2.87
TXS3-01173,20.09,22.41,561,1,195.77
TXS3-01174,59.58,11.7,70,3,6.72
TXS3-01175,123.3,15.25,465,3,7.28
TXS3-01176,22.29,21.43,615,3,2.83
TXS3-01177,28.68,18.09,159,3,9.33
TXS3-01178,5.38,8.76,94,1,45.53
TXS3-01179,21.82,12.61,370,2,13.19
TXS3-01180,58.25,16.19,1094,3,14.02
TXS3-01181,9.26,16.02,236,1,17.99
TXS3-01182,85.68,17.54,401,3,6.17
TXS3-01183,21.77,11.89,910,2,2.52
TXS3-01184,73.16,14.77,517,2,12.38
TXS3-01185,16.96,12.34,614,2,3.55
TXS3-01186,99.86,18.21,1289,2,2.39
TXS3-01187,87.53,22.57,35,4,28.52
TXS3-01188,64.56,13.49,702,1,1.86
TXS3-01189,16.72,22.06,42,6,3.99
TXS3-01190,103.71,16.81,205,4,2.98
TXS3-01191,52.14,13.53,62,1,20.85
TXS3-01192,10.51,13.46,59,2,4.55
TXS3-01193,19.32,13.33,486,2,18.76
TXS3-01194,79.25,12.75,51,4,7.24
TXS3-01195,62.48,16.65,73,3,10.4
TXS3-01196,34.01,14.05,28,2,5.0
TXS3-01197,44.09,14.17,52,2,1.4
TXS3-01198,23.82,13.97,16,4,4.78
TXS3-01199,29.88,16.51,71,1,3.15
TXS3-01200,5.12,18.52,576,3,3.26
TXS3-01201,53.75,12.47,189,3,29.31
TXS3-01202,44.8,19.91,336,4,7.48
TXS3-01203,43.16,17.63,58,2,20.94
TXS3-01204,64.03,11.18,851,2,7.81
TXS3-01205,35.02,11.44,1116,2,13.56
TXS3-01206,34.53,23.23,637,3,0.89
TXS3-01207,15.19,17.99,218,3,0.54
TXS3-01208,37.89,16.6,311,2,4.94
TXS3-01209,11.91,21.68,96,3,6.9
TXS3-01210,21.67,11.95,122,1,4.56
TXS3-01211,63.38,19.32,8,1,0.96
TXS3-01212,19.8,16.46,354,4,25.0
TXS3-01213,22.2,22.55,42,2,3.38
TXS3-01214,84.24,10.86,368,5,9.73
TXS3-01215,21.77,10.99,126,4,7.84
TXS3-01216,33.46,11.33,382,2,9.56
TXS3-01217,51.72,21.56,881,1,2.61
TXS3-01218,36.28,12.08,232,2,10.95
TXS3-01219,37.0,13.45,24,1,10.44
TXS3-01220,85.87,6.0,122,2,9.54
TXS3-01221,55.78,23.44,249,3,49.24
TXS3-01222,18.53,16.45,537,2,27.65
TXS3-01223,74.99,14.75,576,4,6.59
TXS3-01224,48.2,13.67,233,3,5.68
TXS3-01225,128.97,15.23,92,4,11.43
TXS3-01226,14.86,12.87,492,5,19.62
TXS3-01227,40.24,10.8,191,1,4.58
TXS3-01228,51.89,14.46,122,4,13.96
TXS3-01229,44.31,21.88,1479,2,25.66
TXS3-01230,34.78,17.72,103,1,3.75
TXS3-01231,39.86,10.12,350,2,1.1
TXS3-01232,17.49,19.34,524,5,9.3
TXS3-01233,32.84,6.74,685,1,1.67
TXS3-01234,19.77,12.59,122,1,3.36
TXS3-01235,29.07,14.55,935,3,2.76
TXS3-01236,30.08,22.51,142,5,2.19
TXS3-01237,63.5,15.67,756,1,2.61
TXS3-01238,17.35,14.86,306,3,5.6
TXS3-01239,17.63,18.06,1314,3,8.88
TXS3-01240,11.73,11.11,387,1,4.33
TXS3-01241,30.12,11.66,487,1,5.47
TXS3-01242,36.49,17.07,348,3,10.91
TXS3-01243,13.08,18.89,1774,2,1.57
TXS3-01244,14.84,17.87,131,2,15.71
TXS3-01245,114.88,16.97,298,1,2.05
TXS3-01246,50.79,15.22,26,2,22.78
TXS3-01247,28.31,10.42,79,3,0.46
TXS3-01248,59.53,12.68,184,2,16.3
TXS3-01249,13.75,16.07,1103,2,9.14
TXS3-01250,22.02,16.45,22,3,9.81
TXS3-01251,78.39,15.54,67,4,21.52
TXS3-01252,63.58,12.28,98,4,15.66
TXS3-01253,31.44,20.57,165,1,29.72
TXS3-01254,22.0,12.5,374,4,2.46
TXS3-01255,51.38,11.0,52,1,6.16
TXS3-01256,75.91,18.7,1050,2,4.92
TXS3-01257,14.78,14.88,1149,3,5.56
TXS3-01258,40.24,20.76,307,3,9.7
TXS3-01259,31.73,20.21,302,2,9.8
TXS3-01260,19.38,16.28,1392,3,5.25
TXS3-01261,6.78,13.04,289,5,2.63
TXS3-01262,106.73,17.55,327,2,26.04
TXS3-01263,28.52,10.79,82,2,2.16
TXS3-01264,26.0,18.57,438,3,6.75
TXS3-01265,268.82,21.86,42,2,3.34
TXS3-01266,11.01,12.05,35,4,2.98
TXS3-01267,34.2,12.59,1162,3,2.83
TXS3-01268,15.59,19.73,1745,3,26.38
TXS3-01269,30.86,8.64,703,5,47.6
TXS3-01270,10.89,23.1,251,2,5.45
TXS3-01271,18.44,12.42,37,4,2.15
TXS3-01272,15.89,14.8,254,4,32.5
TXS3-01273,28.32,12.69,1160,1,4.88
TXS3-01274,46.31,21.54,213,2,12.5
TXS3-01275,47.14,13.78,600,2,5.75
TXS3-01276,56.55,11.52,184,3,22.91
TXS3-01277,54.65,10.52,118,1,1.62
TXS3-01278,89.27,5.35,502,5,4.06
TXS3-01279,80.58,15.78,631,2,18.91
TXS3-01280,136.0,15.37,156,2,2.87
TXS3-01281,78.31,14.53,156,4,1.52
TXS3-01282,143.34,11.58,20,4,6.68
TXS3-01283,13.24,13.32,669,3,1.55
TXS3-01284,27.2,21.58,8,2,5.07
TXS3-01285,33.51,10.62,355,6,6.67
TXS3-01286,95.55,1.02,415,3,1.15
TXS3-01287,13.55,11.09,207,1,2.53
TXS3-01288,65.65,10.45,203,1,2.3
TXS3-01289,15.95,12.23,1243,2,13.25
TXS3-01290,60.71,14.06,1233,4,2.06
TXS3-01291,83.53,11.45,75,3,12.29
TXS3-01292,36.29,18.23,415,2,14.56
TXS3-01293,41.76,14.98,478,3,0.6
TXS3-01294,72.44,12.11,205,2,0.71
TXS3-01295,36.56,19.96,329,4,37.51
TXS3-01296,19.52,12.43,123,4,5.08
TXS3-01297,14.68,11.16,370,2,19.07
TXS3-01298,66.25,11.48,696,2,4.2
TXS3-01299,39.64,15.11,78,7,0.42
TXS3-01300,108.39,17.3,1032,3,9.16
TXS3-01301,32.7,13.46,146,2,3.44
TXS3-01302,68.35,19.55,449,3,8.54
TXS3-01303,27.21,18.9,997,3,13.71
TXS3-01304,40.05,17.6,336,2,5.49
TXS3-01305,65.34,9.72,273,1,3.15
TXS3-01306,22.84,17.33,338,4,7.24
TXS3-01307,28.18,15.2,389,1,2.35
TXS3-01308,45.0,16.53,20,1,6.86
TXS3-01309,82.86,15.55,150,2,0.28
TXS3-01310,45.35,15.42,38,3,2.59
TXS3-01311,65.83,12.48,666,2,8.47
TXS3-01312,42.37,13.6,1544,3,16.75
TXS3-01313,28.72,20.21,60,2,2.97
TXS3-01314,70.31,19.75,183,3,2.39
TXS3-01315,15.41,13.24,344,3,21.54
TXS3-01316,24.75,13.24,88,2,0.56
TXS3-01317,18.18,18.27,163,3,2.24
TXS3-01318,42.32,19.95,487,4,9.01
TXS3-01319,11.18,9.5,164,1,40.54
TXS3-01320,37.14,9.89,929,6,9.26
TXS3-01321,26.09,22.86,252,3,9.19
TXS3-01322,29.51,16.02,255,2,20.36
TXS3-01323,37.73,9.84,258,1,18.48
TXS3-01324,24.49,11.0,255,6,7.5
TXS3-01325,56.93,18.09,243,3,8.9
TXS3-01326,51.54,23.43,480,3,4.19
TXS3-01327,43.76,21.19,436,6,1.41
TXS3-01328,35.35,22.97,292,5,4.28
TXS3-01329,19.01,20.9,535,3,22.52
TXS3-01330,22.01,7.8,286,2,8.29
TXS3-01331,40.99,13.59,1432,4,8.6
TXS3-01332,38.96,20.58,214,1,10.38
TXS3-01333,45.79,15.97,112,2,1.03
TXS3-01334,18.71,12.08,178,1,24.17
TXS3-01335,33.55,19.78,362,3,1.1
TXS3-01336,35.85,13.56,11,1,92.49
TXS3-01337,27.06,11.88,194,4,4.94
TXS3-01338,65.14,14.9,38,2,1.94
TXS3-01339,23.21,12.68,568,5,2.86
TXS3-01340,6.52,17.33,89,3,1.19
TXS3-01341,86.61,11.3,351,1,2.87
TXS3-01342,20.35,19.74,50,3,9.56
TXS3-01343,23.94,12.32,297,2,18.89
TXS3-01344,33.65,22.46,338,1,11.73
TXS3-01345,59.65,17.58,345,2,6.77
TXS3-01346,64.55,18.16,961,3,42.14
TXS3-01347,56.34,13.49,221,6,14.85
TXS3-01348,57.68,13.81,345,2,3.94
TXS3-01349,43.17,9.99,1461,4,1.73
TXS3-01350,9.77,20.11,86,2,56.21
TXS3-01351,19.55,16.55,389,3,0.73
TXS3-01352,39.34,8.31,1928,2,0.84
TXS3-01353,18.99,19.42,521,3,24.1
TXS3-01354,50.77,19.37,125,3,28.3
TXS3-01355,66.07,12.63,117,3,4.57
TXS3-01356,7.07,12.87,566,1,27.49
TXS3-01357,8.58,20.34,502,2,22.96
TXS3-01358,33.89,7.42,740,2,4.29
TXS3-01359,77.64,20.87,68,1,1.37
TXS3-01360,92.71,20.15,1121,3,17.35
TXS3-01361,42.53,15.19,204,2,9.01
TXS3-01362,49.1,16.38,378,4,1.85
TXS3-01363,35.04,14.98,510,3,7.44
TXS3-01364,25.11,8.04,535,2,9.95
TXS3-01365,31.08,19.25,875,5,46.41
TXS3-01366,22.35,19.77,204,2,5.43
TXS3-01367,75.5,15.38,449,2,3.05
TXS3-01368,57.42,7.54,158,2,29.55
TXS3-01369,16.7,15.13,95,4,11.32
TXS3-01370,50.31,21.13,837,3,13.18
TXS3-01371,11.6,17.18,91,3,12.92
TXS3-01372,43.61,12.96,439,2,5.23
TXS3-01373,9.46,14.81,796,2,39.78
TXS3-01374,100.09,21.57,457,5,4.96
TXS3-01375,72.5,14.45,564,3,3.66
TXS3-01376,28.96,8.43,265,2,3.9
TXS3-01377,101.45,13.99,430,3,19.96
TXS3-01378,27.75,12.54,1,3,0.36
TXS3-01379,21.52,14.11,30,2,5.65
TXS3-01380,205.31,18.61,68,3,3.03
TXS3-01381,24.67,19.84,505,1,21.64
TXS3-01382,121.32,14.57,321,4,13.72
TXS3-01383,20.86,0.03,226,2,4.94
TXS3-01384,33.0,18.22,139,2,64.42
TXS3-01385,18.52,18.91,887,2,12.58
TXS3-01386,15.54,13.6,460,4,21.97
TXS3-01387,50.73,15.39,428,3,14.81
TXS3-01388,45.17,12.54,24,2,5.68
TXS3-01389,35.53,22.56,63,3,8.11
TXS3-01390,19.62,22.17,1172,2,17.28
TXS3-01391,40.42,21.78,1073,2,6.9
TXS3-01392,25.73,14.01,232,1,4.12
TXS3-01393,39.75,17.21,76,1,15.71
TXS3-01394,239.91,13.42,677,1,11.89
TXS3-01395,23.57,21.94,291,1,7.77
TXS3-01396,46.53,20.4,29,2,19.04
TXS3-01397,34.04,19.2,1105,4,3.58
TXS3-01398,13.16,14.13,96,3,25.37
TXS3-01399,60.3,14.13,960,3,9.39
TXS3-01400,60.61,20.68,376,2,0.28
TXS3-01401,44.17,15.16,933,3,35.56
TXS3-01402,25.94,12.76,60,2,2.14
TXS3-01403,20.99,17.19,182,1,6.25
TXS3-01404,49.25,16.13,71,3,3.73
TXS3-01405,52.71,11.54,421,2,2.75
TXS3-01406,30.83,20.02,404,2,10.65
TXS3-01407,35.76,8.62,118,3,15.07
TXS3-01408,110.55,15.45,348,2,0.68
TXS3-01409,23.27,14.12,136,1,12.78
TXS3-01410,20.7,10.72,138,2,22.52
TXS3-01411,18.15,23.22,7,3,55.14
TXS3-01412,14.93,21.1,704,4,3.93
TXS3-01413,94.24,22.28,243,4,2.83
TXS3-01414,11.22,15.81,2423,3,20.94
TXS3-01415,86.03,13.16,7,1,65.65
TXS3-01416,34.82,8.18,774,3,21.11
TXS3-01417,32.05,13.75,349,5,4.25
TXS3-01418,5.76,14.63,917,2,26.43
TXS3-01419,52.03,12.37,299,2,8.9
TXS3-01420,38.69,10.61,42,1,9.77
TXS3-01421,9.87,11.85,409,2,5.58
TXS3-01422,41.25,19.49,45,3,1.88
TXS3-01423,49.93,19.76,174,3,24.0
TXS3-01424,33.93,12.69,182,5,9.14
TXS3-01425,17.58,15.08,464,2,9.19
TXS3-01426,16.37,21.13,415,3,16.5
TXS3-01427,119.18,14.26,146,1,2.72
TXS3-01428,33.22,21.07,261,1,4.58
TXS3-01429,34.48,12.81,470,2,3.29
TXS3-01430,41.84,13.58,201,2,4.42
TXS3-01431,53.88,20.1,359,2,5.72
TXS3-01432,16.18,15.5,119,3,2.34
TXS3-01433,30.12,14.17,28,2,18.93
TXS3-01434,13.82,20.95,177,2,5.18
TXS3-01435,8.6,20.19,378,4,47.97
TXS3-01436,35.76,20.52,303,3,11.14
TXS3-01437,82.9,14.4,590,1,2.54
TXS3-01438,44.49,16.06,153,3,18.14
TXS3-01439,40.16,9.11,55,2,2.37
TXS3-01440,30.18,19.48,1136,5,9.55
TXS3-01441,32.57,9.05,212,2,4.74
TXS3-01442,23.62,10.87,423,2,1.4
TXS3-01443,30.27,15.71,309,4,2.5
TXS3-01444,83.53,20.36,625,1,8.04
TXS3-01445,23.78,15.54,35,1,0.62
TXS3-01446,11.53,19.37,209,2,4.69
TXS3-01447,25.23,19.39,162,3,24.83
TXS3-01448,79.9,20.14,1008,2,8.26
TXS3-01449,79.27,22.9,213,3,6.17
TXS3-01450,95.35,16.1,1041,1,4.16
TXS3-01451,26.37,16.22,2282,2,3.16
TXS3-01452,49.49,18.13,270,2,1.6
TXS3-01453,110.3,13.86,140,2,6.56
TXS3-01454,62.8,11.76,14,3,5.28
TXS3-01455,14.95,11.4,823,6,1.18
TXS3-01456,17.07,23.47,1118,3,0.28
TXS3-01457,97.23,18.38,643,2,3.13
TXS3-01458,44.69,18.51,190,3,22.05
TXS3-01459,20.42,21.18,18,1,9.68
TXS3-01460,44.43,8.0,694,6,14.34
TXS3-01461,42.96,21.38,39,1,7.53
TXS3-01462,39.0,9.95,1348,1,0.4
TXS3-01463,24.5,22.63,142,2,2.31
TXS3-01464,15.8,12.59,553,2,9.18
TXS3-01465,12.18,17.8,64,4,23.56
TXS3-01466,29.12,21.25,1410,4,1.86
TXS3-01467,41.6,16.4,255,3,1.38
TXS3-01468,41.63,20.29,373,3,9.26
TXS3-01469,29.85,12.57,306,4,0.91
TXS3-01470,11.34,18.29,999,1,3.8
TXS3-01471,35.81,9.54,286,2,2.55
TXS3-01472,66.49,14.32,128,1,30.56
TXS3-01473,29.64,13.38,165,2,43.25
TXS3-01474,35.73,15.34,155,2,1.01
TXS3-01475,11.94,9.78,330,4,2.49
TXS3-01476,21.07,7.29,40,2,3.45
TXS3-01477,60.68,19.32,1116,3,7.79
TXS3-01478,63.0,13.0,465,3,10.23
TXS3-01479,40.0,14.59,350,2,3.45
TXS3-01480,11.51,13.17,1358,2,23.44
TXS3-01481,26.37,13.37,604,2,2.48
TXS3-01482,84.38,18.43,55,4,40.68
TXS3-01483,32.1,18.57,127,1,2.56
TXS3-01484,35.32,18.35,156,3,14.18
TXS3-01485,51.98,14.81,738,3,2.46
TXS3-01486,36.78,16.59,687,3,26.85
TXS3-01487,9.15,12.51,319,2,9.09
TXS3-01488,89.65,12.69,21,1,14.81
TXS3-01489,20.57,7.01,141,1,9.43
TXS3-01490,107.19,15.97,662,3,0.83
TXS3-01491,87.33,13.02,5,2,4.55
TXS3-01492,18.58,7.26,611,2,1.49
TXS3-01493,22.2,17.55,165,1,13.41
TXS3-01494,98.92,11.74,1831,2,2.86
TXS3-01495,41.61,21.7,812,2,8.45
TXS3-01496,18.82,7.52,652,1,33.2
TXS3-01497,30.82,18.35,65,1,1.9
TXS3-01498,28.73,14.2,152,1,2.67
TXS3-01499,85.56,12.2,507,3,3.76
TXS3-01500,18.13,20.88,22,5,10.29
TXS3-01501,7.14,10.67,298,4,2.53
TXS3-01502,22.58,11.58,67,3,31.83
TXS3-01503,55.87,13.96,967,3,0.19
TXS3-01504,38.26,14.39,96,2,7.9
TXS3-01505,75.39,23.48,182,2,0.84
TXS3-01506,32.86,14.48,190,2,21.58
TXS3-01507,49.66,17.05,92,1,1.17
TXS3-01508,40.61,15.1,379,5,14.66
TXS3-01509,89.77,15.02,1515,1,33.85
TXS3-01510,69.43,11.85,78,2,64.04
TXS3-01511,22.04,15.91,166,6,25.22
TXS3-01512,93.92,18.55,460,3,1.17
TXS3-01513,49.84,20.02,593,1,3.03
TXS3-01514,102.6,10.83,521,2,0.41
TXS3-01515,194.97,12.36,222,3,16.09
TXS3-01516,161.82,15.14,749,1,5.36
TXS3-01517,32.19,15.92,793,4,50.36
TXS3-01518,29.44,15.14,510,2,11.9
TXS3-01519,26.38,14.76,569,5,5.15
TXS3-01520,15.81,22.16,881,1,16.63
TXS3-01521,96.71,12.77,155,2,5.66
TXS3-01522,30.74,3.83,228,2,3.42
TXS3-01523,77.47,12.08,37,3,5.37
TXS3-01524,20.48,11.02,235,3,1.0
TXS3-01525,26.98,17.52,28,4,12.15
TXS3-01526,62.4,8.93,25,5,18.03
TXS3-01527,56.91,13.55,923,4,3.99
TXS3-01528,27.54,10.33,431,4,2.25
TXS3-01529,17.77,14.23,290,4,6.41
TXS3-01530,75.93,18.06,426,2,3.44
TXS3-01531,13.17,21.18,190,2,2.4
TXS3-01532,24.34,16.32,37,1,21.19
TXS3-01533,73.35,20.23,532,3,7.91
TXS3-01534,126.58,16.81,1665,2,7.44
TXS3-01535,60.68,20.39,440,3,7.23
TXS3-01536,60.15,16.48,400,5,8.89
TXS3-01537,76.92,12.13,303,2,2.23
TXS3-01538,74.45,15.01,84,2,4.06
TXS3-01539,31.07,16.03,275,1,5.92
TXS3-01540,14.69,17.17,961,5,1.59
TXS3-01541,117.86,14.55,1634,4,1.22
TXS3-01542,34.4,22.14,104,2,2.83
TXS3-01543,46.56,14.6,83,1,3.34
TXS3-01544,46.28,10.86,154,4,1.21
TXS3-01545,18.09,10.6,676,5,3.18
TXS3-01546,12.39,15.19,33,3,19.44
TXS3-01547,84.19,20.38,187,2,8.92
TXS3-01548,30.0,20.06,449,3,3.14
TXS3-01549,42.11,16.02,1178,2,8.84
TXS3-01550,24.95,20.39,118,3,1.41
TXS3-01551,19.83,13.83,41,1,14.66
TXS3-01552,14.85,17.16,172,2,10.63
TXS3-01553,45.17,20.91,705,3,27.7
TXS3-01554,133.38,15.78,633,1,16.8
TXS3-01555,38.83,10.95,415,4,1.28
TXS3-01556,29.25,18.35,422,2,7.45
TXS3-01557,22.69,16.48,289,3,1.66
TXS3-01558,16.16,17.31,352,1,5.58
TXS3-01559,77.93,17.02,726,2,3.55
TXS3-01560,47.4,15.67,644,2,8.52
TXS3-01561,31.16,14.79,118,3,0.69
TXS3-01562,36.97,19.42,516,3,25.39
TXS3-01563,18.53,21.5,376,4,3.01
TXS3-01564,21.31,10.9,1048,3,17.64
TXS3-01565,48.85,0.43,705,7,2.58
TXS3-01566,50.65,20.64,316,3,2.18
TXS3-01567,29.51,14.44,514,3,9.09
TXS3-01568,36.25,7.46,514,1,10.92
TXS3-01569,11.29,12.41,132,2,8.93
TXS3-01570,61.95,15.94,1304,4,12.32
TXS3-01571,36.37,20.64,464,2,3.85
TXS3-01572,4.68,13.58,1188,5,38.07
TXS3-01573,12.18,9.66,85,2,8.27
TXS3-01574,82.55,12.6,557,2,0.86
TXS3-01575,24.65,14.05,418,3,3.08
TXS3-01576,35.21,12.53,76,1,5.83
TXS3-01577,17.04,14.37,624,2,17.25
TXS3-01578,26.92,19.34,166,1,1.06
TXS3-01579,51.52,20.89,1288,2,4.56
TXS3-01580,74.51,17.85,34,4,9.4
TXS3-01581,22.07,20.48,36,2,41.66
TXS3-01582,33.74,14.0,639,4,3.47
TXS3-01583,11.16,18.86,488,3,7.71
TXS3-01584,8.48,8.15,440,2,1.97
TXS3-01585,26.26,16.87,110,2,11.32
TXS3-01586,33.49,10.65,276,1,8.07
TXS3-01587,39.29,13.56,374,1,4.22
TXS3-01588,62.77,14.08,550,2,6.67
TXS3-01589,13.14,15.05,332,2,8.2
TXS3-01590,45.2,18.89,418,3,6.16
TXS3-01591,8.67,22.94,282,4,8.38
TXS3-01592,22.38,21.92,77,2,3.01
TXS3-01593,28.13,18.09,55,2,2.23
TXS3-01594,32.58,15.15,301,2,5.24
TXS3-01595,19.31,16.06,397,8,1.55
TXS3-01596,56.28,9.92,150,2,11.19
TXS3-01597,57.11,13.7,18,4,2.97
TXS3-01598,24.04,18.71,1770,3,6.77
TXS3-01599,21.77,16.35,25,3,12.61
TXS3-01600,36.8,22.32,238,2,1.84
TXS3-01601,60.76,22.57,819,2,8.86
TXS3-01602,142.28,20.68,289,3,2.02
TXS3-01603,207.4,13.67,119,3,3.75
TXS3-01604,63.46,23.67,443,1,6.91
TXS3-01605,38.43,9.8,123,2,10.1
TXS3-01606,112.54,19.49,1343,2,37.16
TXS3-01607,42.67,11.74,790,4,7.24
TXS3-01608,26.16,1.14,250,4,8.95
TXS3-01609,26.2,18.94,21,4,14.11
TXS3-01610,46.79,9.74,440,2,2.43
TXS3-01611,120.4,18.12,663,3,3.81
TXS3-01612,22.56,13.78,730,5,15.21
TXS3-01613,98.4,20.85,242,4,2.22
TXS3-01614,40.07,20.03,287,2,6.05
TXS3-01615,73.0,14.8,732,4,13.1
TXS3-01616,70.0,17.34,135,2,4.73
TXS3-01617,67.51,11.5,62,4,3.07
TXS3-01618,104.08,18.24,383,3,29.23
TXS3-01619,13.28,20.6,481,1,0.58
TXS3-01620,19.1,8.25,113,1,2.85
TXS3-01621,108.89,10.75,220,5,9.89
TXS3-01622,55.38,12.62,222,1,7.67
TXS3-01623,206.07,13.15,207,4,7.59
TXS3-01624,28.95,12.49,318,2,3.34
TXS3-01625,52.79,18.22,73,1,32.13
TXS3-01626,165.09,12.79,631,5,6.87
TXS3-01627,106.91,22.29,344,2,6.0
TXS3-01628,45.71,17.87,643,5,7.26
TXS3-01629,18.96,11.4,654,1,13.81
TXS3-01630,60.93,22.96,205,3,22.81
TXS3-01631,62.38,16.41,159,1,6.99
TXS3-01632,50.41,7.99,1579,2,10.33
TXS3-01633,93.81,11.6,775,6,7.83
TXS3-01634,29.0,16.36,986,2,6.33
TXS3-01635,18.07,9.71,205,2,9.21
TXS3-01636,32.47,15.91,13,3,0.36
TXS3-01637,57.33,14.04,899,2,5.38
TXS3-01638,16.33,13.12,78,2,2.8
TXS3-01639,47.45,8.28,717,2,22.17
TXS3-01640,21.17,21.41,2219,3,1.95
TXS3-01641,214.06,20.41,104,4,3.6
TXS3-01642,12.63,12.6,112,2,5.07
TXS3-01643,33.77,12.44,273,2,9.38
TXS3-01644,13.05,20.12,29,5,37.61
TXS3-01645,26.37,20.9,71,1,0.73
TXS3-01646,58.54,21.91,381,2,3.9
TXS3-01647,18.23,18.02,36,2,47.76
TXS3-01648,24.47,23.19,1002,1,14.89
TXS3-01649,49.12,18.49,131,4,23.3
TXS3-01650,10.31,19.57,677,2,8.0
TXS3-01651,16.56,21.33,47,2,3.79
TXS3-01652,56.39,11.07,109,3,10.09
TXS3-01653,112.02,13.12,279,2,5.55
TXS3-01654,30.41,10.16,94,2,11.93
TXS3-01655,18.62,14.82,88,3,3.65
TXS3-01656,40.17,20.14,492,3,5.61
TXS3-01657,29.99,8.24,112,4,2.84
TXS3-01658,6.45,21.22,56,3,5.72
TXS3-01659,58.94,13.76,210,1,5.64
TXS3-01660,35.81,8.99,351,3,1.87
TXS3-01661,81.14,9.46,229,1,7.01
TXS3-01662,67.14,12.19,923,3,4.71
TXS3-01663,264.58,0.58,300,2,1.11
TXS3-01664,87.94,15.67,355,1,4.81
TXS3-01665,29.5,19.52,471,4,1.79
TXS3-01666,19.15,13.54,295,3,9.9
TXS3-01667,72.4,12.14,193,3,17.81
TXS3-01668,18.52,13.32,134,2,9.26
TXS3-01669,33.73,5.13,1128,3,0.89
TXS3-01670,24.01,20.91,24,5,6.98
TXS3-01671,10.37,8.73,280,2,4.58
TXS3-01672,17.56,9.44,1025,3,1.01
TXS3-01673,48.62,12.56,209,1,0.81
TXS3-01674,15.19,21.23,266,3,1.0
TXS3-01675,39.99,16.92,5,3,7.58
TXS3-01676,29.59,10.91,292,3,9.77
TXS3-01677,65.71,11.97,135,2,1.21
TXS3-01678,32.34,22.31,413,3,9.07
TXS3-01679,90.3,10.61,405,3,2.12
TXS3-01680,60.9,8.36,104,3,4.63
TXS3-01681,17.18,8.61,1030,2,11.16
TXS3-01682,54.57,16.57,213,2,4.37
TXS3-01683,21.82,14.11,359,2,1.4
TXS3-01684,100.37,17.95,727,3,1.49
TXS3-01685,47.29,10.36,72,2,9.88
TXS3-01686,16.42,18.53,658,5,1.06
TXS3-01687,8.77,20.16,301,1,4.96
TXS3-01688,18.6,11.02,1044,2,6.07
TXS3-01689,60.37,15.48,33,3,15.6
TXS3-01690,38.56,18.58,2195,2,3.8
TXS3-01691,28.89,17.69,51,1,3.36
TXS3-01692,20.28,19.78,326,2,18.86
TXS3-01693,31.09,14.35,707,2,2.48
TXS3-01694,22.35,12.44,312,3,1.81
TXS3-01695,28.14,18.21,144,1,3.94
TXS3-01696,115.52,11.32,1032,3,10.17
TXS3-01697,85.28,14.75,22,3,6.81
TXS3-01698,40.24,13.87,1507,2,11.33
TXS3-01699,35.93,20.23,308,3,8.21
TXS3-01700,18.51,22.1,1633,2,11.53
TXS3-01701,3.87,11.45,93,3,5.26
TXS3-01702,27.39,14.89,157,3,8.55
TXS3-01703,29.06,14.67,1058,2,6.49
TXS3-01704,7.46,16.94,117,2,4.19
TXS3-01705,7.13,22.5,1017,3,26.37
TXS3-01706,28.57,18.09,309,3,7.67
TXS3-01707,189.05,16.54,586,2,42.42
TXS3-01708,111.11,22.39,720,2,3.06
TXS3-01709,39.53,16.02,135,4,2.37
TXS3-01710,51.18,13.44,1883,3,7.11
TXS3-01711,77.61,23.09,172,2,33.6
TXS3-01712,24.41,0.96,207,3,1.94
TXS3-01713,93.28,21.74,817,3,11.91
TXS3-01714,71.88,13.5,162,2,3.18
TXS3-01715,21.64,12.25,580,2,81.6
TXS3-01716,19.96,11.74,367,3,1.95
TXS3-01717,16.75,21.04,76,4,20.96
TXS3-01718,53.56,17.87,180,1,3.44
TXS3-01719,311.17,21.45,751,5,2.76
TXS3-01720,19.71,23.18,1303,1,4.92
TXS3-01721,40.3,19.63,473,3,10.59
TXS3-01722,26.37,11.48,668,4,18.65
TXS3-01723,91.24,9.44,1261,2,6.37
TXS3-01724,24.02,12.32,42,3,14.36
TXS3-01725,3.78,16.93,1163,2,1.64
TXS3-01726,31.47,11.08,2014,3,8.21
TXS3-01727,135.75,13.73,533,3,6.16
TXS3-01728,53.32,16.29,49,1,12.96
TXS3-01729,21.63,20.49,38,1,1.23
TXS3-01730,68.4,16.43,597,5,6.5
TXS3-01731,59.64,11.64,120,1,5.21
TXS3-01732,34.47,14.13,704,3,3.43
TXS3-01733,36.01,15.38,169,5,19.39
TXS3-01734,53.59,17.27,100,2,10.07
TXS3-01735,44.65,16.23,306,2,11.56
TXS3-01736,25.43,19.35,72,2,1.19
TXS3-01737,24.14,12.58,12,3,3.69
TXS3-01738,16.71,18.9,398,3,13.39
TXS3-01739,29.61,21.3,145,4,5.88
TXS3-01740,7.39,19.84,422,3,2.85
TXS3-01741,47.57,13.44,1578,3,5.5
TXS3-01742,46.14,14.02,879,4,101.21
TXS3-01743,28.62,17.89,265,2,4.79
TXS3-01744,39.31,12.88,801,2,0.61
TXS3-01745,70.18,18.73,224,1,2.47
TXS3-01746,16.29,21.33,409,1,11.13
TXS3-01747,30.4,23.08,107,1,0.77
TXS3-01748,48.21,16.8,602,3,1.72
TXS3-01749,33.02,12.23,887,1,23.93
TXS3-01750,121.37,23.25,662,3,6.57
TXS3-01751,10.22,17.94,831,2,5.79
TXS3-01752,14.33,20.93,269,4,2.93
TXS3-01753,49.68,18.01,93,4,1.96
TXS3-01754,29.77,15.22,131,3,62.73
TXS3-01755,37.1,19.48,140,3,6.78
TXS3-01756,32.45,21.6,289,5,94.76
TXS3-01757,13.03,12.74,365,2,31.34
TXS3-01758,88.92,20.69,120,2,14.29
TXS3-01759,48.47,12.83,273,3,2.18
TXS3-01760,117.48,17.26,1139,2,4.65
TXS3-01761,60.59,22.65,248,4,2.13
TXS3-01762,126.35,15.24,255,4,7.55
TXS3-01763,71.8,20.05,51,2,2.79
TXS3-01764,64.24,14.85,74,2,5.45
TXS3-01765,50.83,17.05,579,2,1.81
TXS3-01766,94.91,11.88,796,3,1.19
TXS3-01767,75.96,10.15,212,3,15.63
TXS3-01768,67.61,14.21,1239,2,1.86
TXS3-01769,37.02,14.96,829,2,2.6
TXS3-01770,12.43,10.83,118,5,5.64
TXS3-01771,40.53,15.33,433,2,13.67
TXS3-01772,14.33,14.22,123,4,7.53
TXS3-01773,58.05,12.37,151,2,0.21
TXS3-01774,57.91,10.67,674,1,10.35
TXS3-01775,8.59,16.58,270,1,0.36
TXS3-01776,51.84,14.26,126,1,14.56
TXS3-01777,28.39,22.38,144,4,1.42
TXS3-01778,30.98,15.96,247,2,2.67
TXS3-01779,48.9,20.94,425,2,3.11
TXS3-01780,35.14,11.02,370,1,10.53
TXS3-01781,43.81,11.96,429,3,8.01
TXS3-01782,52.5,14.87,72,2,3.83
TXS3-01783,30.27,12.71,47,1,4.09
TXS3-01784,26.76,18.63,353,3,3.34
TXS3-01785,34.76,16.4,290,2,19.44
TXS3-01786,19.53,21.5,407,2,8.67
TXS3-01787,59.36,19.44,370,1,2.84
TXS3-01788,15.75,13.4,516,1,3.65
TXS3-01789,23.98,13.9,659,2,8.81
TXS3-01790,15.75,10.73,105,3,2.65
TXS3-01791,25.14,14.72,117,6,1.2
TXS3-01792,34.1,13.1,50,2,3.09
TXS3-01793,66.31,20.45,188,6,15.87
TXS3-01794,78.92,13.71,814,2,46.57
TXS3-01795,27.31,10.51,89,1,35.87
TXS3-01796,24.81,19.31,80,1,2.6
TXS3-01797,22.49,18.92,307,3,0.68
TXS3-01798,25.07,16.15,57,2,11.55
TXS3-01799,23.63,16.78,435,4,1.11
TXS3-01800,9.29,16.14,308,1,6.59
TXS3-01801,32.65,17.41,164,3,4.1
TXS3-01802,17.6,11.02,838,2,24.66
TXS3-01803,22.45,22.32,552,1,1.1
TXS3-01804,13.96,11.0,747,3,43.62
TXS3-01805,38.31,16.19,1048,5,3.05
TXS3-01806,42.57,16.83,90,4,116.33
TXS3-01807,25.45,5.35,897,4,1.07
TXS3-01808,16.35,17.01,235,3,15.22
TXS3-01809,46.31,21.59,115,2,5.93
TXS3-01810,65.37,4.79,453,3,0.98
TXS3-01811,77.97,18.78,1125,3,4.36
TXS3-01812,46.93,14.9,627,5,18.48
TXS3-01813,40.04,12.47,638,4,7.89
TXS3-01814,22.78,22.5,654,3,35.27
TXS3-01815,29.74,9.84,581,1,10.07
TXS3-01816,16.94,11.04,108,2,1.6
TXS3-01817,29.23,18.55,154,2,7.32
TXS3-01818,35.44,15.26,569,3,4.33
TXS3-01819,19.7,12.71,477,3,7.91
TXS3-01820,55.08,20.61,104,4,10.71
TXS3-01821,14.53,11.57,1072,2,0.77
TXS3-01822,23.04,13.76,1092,2,1.3
TXS3-01823,26.35,19.1,857,6,8.84
TXS3-01824,54.11,8.39,285,3,30.67
TXS3-01825,14.37,22.85,85,1,10.4
TXS3-01826,20.39,15.79,264,2,8.7
TXS3-01827,40.46,14.8,1077,3,21.52
TXS3-01828,96.34,14.64,440,3,2.45
TXS3-01829,33.32,16.59,929,2,6.64
TXS3-01830,58.85,18.94,2499,4,27.71
TXS3-01831,36.67,14.84,318,2,10.38
TXS3-01832,20.71,19.85,325,2,6.29
TXS3-01833,18.51,3.21,524,2,9.12
TXS3-01834,80.61,17.99,1902,1,4.07
TXS3-01835,8.92,11.87,111,6,4.05
TXS3-01836,53.3,15.44,339,3,1.12
TXS3-01837,19.09,20.21,1613,1,2.49
TXS3-01838,23.77,10.23,578,3,56.3
TXS3-01839,7.64,14.66,241,3,379.31
TXS3-01840,158.0,16.02,584,2,2.26
TXS3-01841,19.87,8.31,448,2,3.75
TXS3-01842,54.25,18.21,21,2,3.35
TXS3-01843,27.83,19.12,1018,1,7.5
TXS3-01844,31.68,21.27,328,2,2.3
TXS3-01845,59.85,20.79,167,2,30.17
TXS3-01846,86.44,13.58,135,3,0.82
TXS3-01847,55.99,21.67,164,5,7.4
TXS3-01848,128.71,20.58,825,4,9.11
TXS3-01849,63.63,14.85,882,2,7.0
TXS3-01850,42.45,12.65,489,2,5.68
TXS3-01851,40.76,21.56,403,2,87.43
TXS3-01852,15.27,12.02,529,2,5.47
TXS3-01853,7.59,21.83,837,1,5.51
TXS3-01854,48.4,12.92,310,4,18.48
TXS3-01855,9.59,16.13,419,3,1.42
TXS3-01856,189.7,11.59,674,1,0.47
TXS3-01857,63.34,18.96,27,2,3.93
TXS3-01858,25.26,12.42,782,1,48.9
TXS3-01859,36.25,6.95,886,4,4.29
TXS3-01860,33.35,14.6,621,1,0.34
TXS3-01861,22.21,14.61,107,2,7.29
TXS3-01862,18.81,12.94,755,1,7.89
TXS3-01863,27.34,19.02,14,2,2.53
TXS3-01864,14.83,18.14,1395,2,6.83
TXS3-01865,82.37,10.82,1227,2,6.22
TXS3-01866,108.39,15.19,730,2,51.18
TXS3-01867,40.02,15.96,178,3,1.79
TXS3-01868,38.62,15.78,201,2,4.61
TXS3-01869,21.23,16.06,379,4,2.53
TXS3-01870,47.37,10.87,655,3,3.7
TXS3-01871,49.48,18.21,461,1,2.79
TXS3-01872,32.97,19.28,1121,2,10.52
TXS3-01873,21.31,11.11,520,3,41.53
TXS3-01874,41.86,12.48,111,2,14.77
TXS3-01875,55.9,18.8,489,2,2.15
TXS3-01876,48.07,21.59,129,3,2.33
TXS3-01877,28.9,11.51,760,4,15.39
TXS3-01878,29.41,10.32,190,4,8.21
TXS3-01879,124.76,18.38,175,1,29.67
TXS3-01880,168.26,12.45,77,1,1.01
TXS3-01881,22.8,18.82,37,4,2.71
TXS3-01882,12.54,14.58,186,2,9.78
TXS3-01883,19.57,22.84,90,5,8.77
TXS3-01884,24.14,13.8,69,4,9.33
TXS3-01885,40.65,9.47,472,3,1.22
TXS3-01886,7.19,9.38,133,1,1.76
TXS3-01887,53.95,13.57,28,2,7.75
TXS3-01888,124.68,18.49,750,2,1.27
TXS3-01889,33.54,15.68,106,3,3.52
TXS3-01890,81.18,11.07,1265,2,2.52
TXS3-01891,28.08,21.84,38,4,4.65
TXS3-01892,38.4,20.56,136,3,32.91
TXS3-01893,6.72,16.08,784,3,8.43
TXS3-01894,14.74,18.41,128,1,2.04
TXS3-01895,16.18,20.33,69,3,1.91
TXS3-01896,39.42,10.01,520,2,3.27
TXS3-01897,10.36,16.44,1430,7,26.12
TXS3-01898,78.9,19.76,698,4,4.55
TXS3-01899,71.65,17.03,386,2,5.62
TXS3-01900,45.32,18.58,24,3,0.85
TXS3-01901,8.02,16.15,234,1,3.65
TXS3-01902,14.51,19.84,19,3,6.1
TXS3-01903,61.96,14.76,282,3,16.61
TXS3-01904,48.82,10.15,338,3,2.12
TXS3-01905,19.75,17.8,146,1,2.24
TXS3-01906,56.55,9.25,419,3,3.3
TXS3-01907,28.77,5.18,889,4,0.18
TXS3-01908,36.24,16.45,324,2,7.26
TXS3-01909,10.44,15.93,122,3,3.84
TXS3-01910,61.05,21.99,496,4,4.68
TXS3-01911,32.73,21.14,284,5,6.43
TXS3-01912,32.08,16.03,60,3,11.95
TXS3-01913,36.54,15.75,1729,1,0.47
TXS3-01914,20.66,12.23,79,2,6.95
TXS3-01915,17.71,14.88,1360,3,1.08
TXS3-01916,54.67,18.68,595,3,1.49
TXS3-01917,12.21,11.54,679,2,18.71
TXS3-01918,62.92,11.5,793,1,0.95
TXS3-01919,69.06,14.39,2,4,103.33
TXS3-01920,62.04,18.66,225,3,6.52
TXS3-01921,91.21,18.39,224,2,1.62
TXS3-01922,42.97,13.74,1178,1,12.86
TXS3-01923,23.17,19.84,14,1,9.92
TXS3-01924,55.7,13.72,646,2,18.26
TXS3-01925,57.59,12.0,384,2,9.03
TXS3-01926,18.64,17.71,41,1,2.75
TXS3-01927,20.26,11.22,862,2,11.42
TXS3-01928,53.49,9.84,124,2,1.85
TXS3-01929,25.74,17.98,136,3,11.46
TXS3-01930,63.55,23.39,78,2,1.44
TXS3-01931,49.55,14.17,483,3,2.0
TXS3-01932,97.5,18.02,698,1,11.98
TXS3-01933,17.26,23.13,358,3,12.0
TXS3-01934,32.98,14.18,1493,1,2.47
TXS3-01935,47.25,5.59,638,4,2.05
TXS3-01936,22.7,17.4,658,3,1.57
TXS3-01937,8.64,0.0,99,3,9.48
TXS3-01938,35.41,20.64,456,2,9.69
TXS3-01939,20.35,15.02,690,2,107.06
TXS3-01940,64.54,19.67,811,5,8.47
TXS3-01941,93.08,21.0,168,4,2.89
TXS3-01942,15.9,22.06,902,2,0.94
TXS3-01943,18.42,15.94,181,3,7.01
TXS3-01944,53.55,14.19,131,4,4.43
TXS3-01945,58.25,19.38,280,4,12.91
TXS3-01946,38.43,17.68,542,2,30.01
TXS3-01947,50.27,16.79,7,3,20.68
TXS3-01948,41.65,15.74,269,2,2.17
TXS3-01949,20.35,9.77,241,3,2.85
TXS3-01950,23.58,13.7,348,3,58.98
TXS3-01951,41.91,13.9,109,2,0.59
TXS3-01952,92.15,13.95,393,2,13.43
TXS3-01953,32.97,15.66,295,4,6.28
TXS3-01954,21.6,20.27,1087,2,5.46
TXS3-01955,19.75,15.72,37,2,6.18
TXS3-01956,17.29,17.64,220,3,1.71
TXS3-01957,49.66,12.56,46,1,2.0
TXS3-01958,58.4,14.04,546,1,3.19
TXS3-01959,11.25,15.59,580,2,5.41
TXS3-01960,47.15,9.91,222,4,1.33
TXS3-01961,56.52,20.02,162,1,15.04
TXS3-01962,30.27,16.55,179,3,4.56
TXS3-01963,24.91,12.02,358,3,8.16
TXS3-01964,50.0,13.81,877,1,2.01
TXS3-01965,43.7,11.64,1772,2,16.06
TXS3-01966,15.67,20.71,832,4,1.77
TXS3-01967,15.78,18.26,11,2,11.95
TXS3-01968,70.84,14.28,119,5,25.7
TXS3-01969,37.09,15.0,292,6,2.49
TXS3-01970,11.72,14.0,497,3,0.92
TXS3-01971,52.18,3.28,30,3,7.03
TXS3-01972,14.83,10.46,97,1,2.27
TXS3-01973,20.91,15.18,296,1,2.85
TXS3-01974,42.51,18.6,1050,4,3.53
TXS3-01975,34.39,23.01,363,2,7.08
TXS3-01976,13.73,15.72,166,2,2.14
TXS3-01977,68.57,12.83,591,1,9.39
TXS3-01978,86.78,9.6,70,5,17.87
TXS3-01979,20.03,9.21,99,3,4.46
TXS3-01980,58.29,21.07,1042,2,0.81
TXS3-01981,110.56,22.97,1030,2,6.69
TXS3-01982,39.8,19.23,190,1,1.63
TXS3-01983,39.2,17.59,355,3,19.41
TXS3-01984,54.56,20.81,130,3,12.22
TXS3-01985,9.76,23.54,822,3,8.2
TXS3-01986,13.57,12.07,8,3,44.69
TXS3-01987,32.58,20.68,809,1,5.1
TXS3-01988,62.85,23.18,87,2,9.82
TXS3-01989,36.01,21.18,281,3,4.51
TXS3-01990,20.33,17.63,513,2,6.25
TXS3-01991,35.73,12.66,225,4,2.53
TXS3-01992,20.25,20.14,15,5,7.76
TXS3-01993,106.24,19.47,63,3,7.84
TXS3-01994,23.15,14.98,91,1,2.8
TXS3-01995,64.67,19.44,396,1,4.7
TXS3-01996,47.52,14.86,150,2,48.12
TXS3-01997,18.82,20.5,546,4,11.61
TXS3-01998,70.96,13.15,579,4,18.76
TXS3-01999,79.08,19.85,152,4,4.69
TXS3-02000,73.87,14.97,1108,2,9.85
TXS3-02001,37.88,0.04,1164,1,6.61
TXS3-02002,47.12,15.37,543,2,3.86
TXS3-02003,42.47,18.75,68,4,4.11
TXS3-02004,67.54,20.27,288,3,12.7
TXS3-02005,93.56,14.76,208,1,5.54
TXS3-02006,13.66,19.63,268,3,1.8
TXS3-02007,19.26,1.22,623,3,6.62
TXS3-02008,16.92,8.31,47,3,45.78
TXS3-02009,36.61,20.79,78,2,0.39
TXS3-02010,23.89,20.5,362,3,55.32
TXS3-02011,18.81,17.12,489,2,0.49
TXS3-02012,49.82,13.34,1409,2,7.51
TXS3-02013,113.55,13.77,79,4,22.49
TXS3-02014,30.84,10.29,154,3,9.6
TXS3-02015,12.89,20.08,122,1,3.49
TXS3-02016,65.95,14.24,302,2,1.45
TXS3-02017,23.41,22.74,338,4,3.45
TXS3-02018,8.96,14.45,944,4,1.72
TXS3-02019,37.7,21.79,1394,3,2.67
TXS3-02020,52.06,22.2,210,1,2.75
TXS3-02021,146.29,16.53,386,3,5.85
TXS3-02022,16.54,7.89,1095,2,10.38
TXS3-02023,27.72,21.88,472,1,3.5
TXS3-02024,73.93,13.42,1021,2,1.67
TXS3-02025,22.18,21.65,376,2,13.72
TXS3-02026,45.19,19.04,411,2,1.57
TXS3-02027,44.48,13.68,780,2,11.87
TXS3-02028,38.04,10.14,348,4,3.59
TXS3-02029,54.96,17.61,42,2,13.11
TXS3-02030,41.11,23.86,451,3,20.35
TXS3-02031,63.95,16.8,471,3,0.76
TXS3-02032,51.47,13.24,7,2,6.45
TXS3-02033,15.85,18.63,241,1,7.48
TXS3-02034,42.82,8.36,1227,4,9.95
TXS3-02035,43.22,17.8,207,2,1.26
TXS3-02036,63.02,15.57,463,4,5.3
TXS3-02037,30.64,9.5,246,4,42.81
TXS3-02038,46.83,14.38,274,2,7.77
TXS3-02039,12.8,15.08,165,5,7.64
TXS3-02040,11.66,13.93,210,3,5.56
TXS3-02041,5.34,19.19,158,2,6.86
TXS3-02042,12.3,18.09,408,3,10.02
TXS3-02043,28.26,16.91,7,1,1.26
TXS3-02044,24.04,15.81,250,3,13.54
TXS3-02045,45.41,11.85,254,2,2.17
TXS3-02046,9.19,18.0,40,1,5.91
TXS3-02047,47.23,17.05,149,1,6.25
TXS3-02048,53.99,12.07,154,4,1.38
TXS3-02049,76.97,20.03,128,2,0.68
TXS3-02050,21.88,16.12,937,3,20.0
TXS3-02051,22.64,18.27,779,1,1.95
TXS3-02052,8.51,13.11,243,3,7.85
TXS3-02053,16.14,19.68,476,1,5.51
TXS3-02054,34.38,11.85,115,2,4.03
TXS3-02055,30.0,9.88,418,2,54.97
TXS3-02056,40.33,19.23,335,2,2.36
TXS3-02057,255.73,11.34,607,2,5.39
TXS3-02058,43.28,15.12,384,7,7.5
TXS3-02059,166.16,9.7,265,2,5.73
TXS3-02060,44.72,23.08,150,3,6.86
TXS3-02061,46.83,16.29,434,4,21.41
TXS3-02062,30.74,18.85,71,3,2.73
TXS3-02063,86.6,15.87,428,3,3.74
TXS3-02064,59.45,20.64,395,1,42.84
TXS3-02065,22.86,20.41,347,2,6.44
TXS3-02066,18.57,19.16,383,5,9.16
TXS3-02067,111.17,13.57,72,3,7.03
TXS3-02068,12.61,21.74,292,3,11.23
TXS3-02069,25.48,20.58,120,3,0.88
TXS3-02070,26.28,23.3,1449,2,14.39
TXS3-02071,73.32,8.34,613,1,0.74
TXS3-02072,19.96,14.84,147,5,11.21
TXS3-02073,38.68,14.17,1123,3,3.46
TXS3-02074,37.52,9.98,366,4,16.5
TXS3-02075,48.3,13.77,627,1,9.28
TXS3-02076,17.48,12.22,242,2,7.1
TXS3-02077,160.9,13.77,82,1,6.37
TXS3-02078,35.59,20.91,759,4,21.5
TXS3-02079,23.31,20.33,3,2,2.19
TXS3-02080,158.49,10.69,1347,4,4.3
TXS3-02081,80.28,20.05,1816,1,6.66
TXS3-02082,28.43,12.18,309,3,13.17
TXS3-02083,31.77,16.75,802,3,9.48
TXS3-02084,9.46,7.23,168,2,2.63
TXS3-02085,41.45,6.56,307,2,1.2
TXS3-02086,16.89,20.26,982,3,1.07
TXS3-02087,65.04,13.1,365,2,4.83
TXS3-02088,48.31,18.81,560,2,11.03
TXS3-02089,37.72,9.84,318,5,4.31
TXS3-02090,15.71,22.7,1001,3,23.13
TXS3-02091,25.56,16.13,176,2,19.04
TXS3-02092,40.4,11.3,341,4,4.38
TXS3-02093,101.46,17.97,157,3,2.2
TXS3-02094,115.24,12.02,684,5,2.72
TXS3-02095,20.58,14.96,993,1,6.92
TXS3-02096,78.34,22.44,167,2,3.77
TXS3-02097,55.12,12.81,1399,1,14.65
TXS3-02098,53.98,21.53,989,3,8.38
TXS3-02099,32.52,19.27,766,2,4.68
TXS3-02100,39.97,11.16,417,1,7.24
TXS3-02101,47.98,18.78,36,1,31.7
TXS3-02102,30.53,14.19,591,2,4.45
TXS3-02103,41.82,23.59,93,3,3.0
TXS3-02104,42.48,14.49,205,2,5.25
TXS3-02105,10.18,20.48,127,3,0.76
TXS3-02106,32.27,15.51,868,2,36.91
TXS3-02107,28.14,13.33,1013,2,1.22
TXS3-02108,85.86,17.46,1068,5,1.32
TXS3-02109,29.63,16.92,163,3,2.07
TXS3-02110,16.38,11.82,773,1,1.2
TXS3-02111,42.58,17.94,201,2,8.47
TXS3-02112,27.31,13.44,38,2,2.59
TXS3-02113,6.74,11.55,59,2,2.88
TXS3-02114,61.59,8.77,111,3,77.33
TXS3-02115,36.82,9.91,322,2,26.24
TXS3-02116,22.02,21.56,120,1,1.86
TXS3-02117,27.78,17.7,240,2,1.73
TXS3-02118,95.98,18.38,1276,3,9.32
TXS3-02119,88.83,18.25,450,2,3.3
TXS3-02120,56.13,19.36,26,1,18.14
TXS3-02121,39.03,18.56,478,4,23.49
TXS3-02122,22.54,12.89,1889,2,43.33
TXS3-02123,71.07,11.57,185,1,2.67
TXS3-02124,123.16,12.12,756,3,1.03
TXS3-02125,100.38,18.58,111,5,5.89
TXS3-02126,18.26,23.58,207,2,12.07
TXS3-02127,39.95,13.65,508,3,6.48
TXS3-02128,10.3,10.36,110,3,25.08
TXS3-02129,8.06,20.62,698,1,1.39
TXS3-02130,35.08,14.21,373,1,11.7
TXS3-02131,95.21,10.14,1202,1,63.1
TXS3-02132,35.86,12.09,75,3,3.43
TXS3-02133,142.31,16.42,36,2,4.88
TXS3-02134,55.82,18.7,266,4,5.29
TXS3-02135,15.0,19.42,123,3,13.19
TXS3-02136,21.9,13.51,12,2,2.02
TXS3-02137,26.43,15.6,63,1,2.76
TXS3-02138,33.99,13.76,252,2,3.27
TXS3-02139,23.2,11.54,296,2,0.59
TXS3-02140,26.56,16.09,136,1,4.55
TXS3-02141,76.2,13.35,679,6,17.64
TXS3-02142,33.9,13.39,354,2,1.79
TXS3-02143,25.34,21.99,225,2,3.67
TXS3-02144,22.77,12.03,353,1,1.65
TXS3-02145,206.69,18.51,124,5,22.55
TXS3-02146,33.56,12.1,58,3,0.93
TXS3-02147,60.78,11.76,152,3,0.76
TXS3-02148,16.53,15.64,229,2,62.37
TXS3-02149,14.61,11.65,507,3,5.95
TXS3-02150,22.39,9.62,227,3,5.82
TXS3-02151,70.72,15.04,494,1,3.2
TXS3-02152,27.62,14.54,127,2,9.69
TXS3-02153,33.68,12.48,192,1,8.85
TXS3-02154,26.09,13.17,1527,2,2.46
TXS3-02155,47.96,12.14,47,4,7.99
TXS3-02156,58.2,22.22,2406,4,4.62
TXS3-02157,106.03,18.69,154,4,0.83
TXS3-02158,64.47,13.42,2,4,2.78
TXS3-02159,19.77,15.05,198,1,1.33
TXS3-02160,90.07,22.03,110,5,3.79
TXS3-02161,19.85,13.91,355,4,2.35
TXS3-02162,33.27,22.22,215,5,1.38
TXS3-02163,55.46,19.55,332,6,13.28
TXS3-02164,45.81,15.97,112,1,3.12
TXS3-02165,64.04,19.95,267,4,4.84
TXS3-02166,35.62,19.16,49,1,1.1
TXS3-02167,28.74,7.14,833,2,2.57
TXS3-02168,34.83,14.58,88,4,3.22
TXS3-02169,29.73,10.46,152,3,22.84
TXS3-02170,37.99,10.2,86,2,5.71
TXS3-02171,123.55,17.41,866,6,8.56
TXS3-02172,20.47,22.47,1819,5,11.09
TXS3-02173,4.43,10.5,426,4,1.99
TXS3-02174,63.95,21.88,479,2,2.06
TXS3-02175,86.44,8.56,9,2,1.73
TXS3-02176,29.59,14.89,1035,1,1.23
TXS3-02177,88.92,20.25,154,3,2.53
TXS3-02178,22.19,21.63,135,3,1.75
TXS3-02179,23.58,17.13,555,2,2.28
TXS3-02180,72.93,21.03,189,3,4.27
TXS3-02181,15.46,22.4,245,1,3.63
TXS3-02182,121.36,12.44,308,2,0.59
TXS3-02183,14.32,12.67,559,1,9.62
TXS3-02184,19.94,17.1,760,2,4.43
TXS3-02185,144.72,17.82,359,1,1.1
TXS3-02186,23.83,18.62,379,3,4.87
TXS3-02187,15.96,15.63,279,3,3.13
TXS3-02188,77.57,11.83,157,6,35.13
TXS3-02189,15.53,8.97,232,3,1.55
TXS3-02190,39.81,14.13,117,3,5.64
TXS3-02191,27.99,12.3,5,2,4.64
TXS3-02192,32.44,13.32,585,3,2.35
TXS3-02193,19.09,14.83,2394,1,64.23
TXS3-02194,73.72,9.68,837,3,4.1
TXS3-02195,3.34,21.54,156,3,8.71
TXS3-02196,15.48,20.54,252,3,4.64
TXS3-02197,92.45,18.29,128,2,2.99
TXS3-02198,10.3,18.4,37,5,3.58
TXS3-02199,30.15,19.3,495,2,9.73
TXS3-02200,54.01,23.37,75,3,6.12
TXS3-02201,93.37,16.16,544,2,11.33
TXS3-02202,13.98,21.52,508,1,2.03
TXS3-02203,13.82,16.58,202,2,15.11
TXS3-02204,30.91,8.7,47,5,4.37
TXS3-02205,54.36,23.0,295,2,7.61
TXS3-02206,34.22,13.42,688,3,23.16
TXS3-02207,17.55,12.69,36,1,4.07
TXS3-02208,26.84,10.8,581,1,10.06
TXS3-02209,46.41,10.63,590,3,2.22
TXS3-02210,7.48,9.86,570,2,2.89
TXS3-02211,12.74,12.67,275,6,4.88
TXS3-02212,27.66,21.04,389,3,8.01
TXS3-02213,22.93,12.56,126,3,23.15
TXS3-02214,8.05,11.75,495,2,4.68
TXS3-02215,18.13,9.47,163,3,5.6
TXS3-02216,46.43,18.43,661,3,16.75
TXS3-02217,52.13,1.19,1549,3,5.2
TXS3-02218,30.04,15.95,171,3,38.32
TXS3-02219,28.2,20.54,144,3,3.52
TXS3-02220,11.94,16.95,171,1,7.9
TXS3-02221,4.98,13.13,302,1,1.07
TXS3-02222,21.52,13.38,445,2,0.79
TXS3-02223,42.33,14.52,187,2,3.23
TXS3-02224,98.06,23.8,22,2,4.32
TXS3-02225,14.73,14.53,285,6,5.42
TXS3-02226,116.45,6.59,161,3,19.36
TXS3-02227,17.68,11.26,181,1,10.75
TXS3-02228,28.28,11.83,234,5,9.57
TXS3-02229,104.01,13.76,489,2,3.85
TXS3-02230,19.42,12.24,61,5,2.09
TXS3-02231,19.34,10.65,190,4,4.88
TXS3-02232,78.88,12.95,1159,3,1.67
TXS3-02233,27.75,16.42,6,3,16.36
TXS3-02234,27.05,13.21,99,3,85.84
TXS3-02235,31.25,14.18,7,2,2.97
TXS3-02236,16.83,9.29,1519,3,1.84
TXS3-02237,36.56,21.3,476,3,9.11
TXS3-02238,13.18,11.57,1561,2,4.85
TXS3-02239,48.54,12.47,905,4,1.69
TXS3-02240,57.19,11.28,13,2,6.44
TXS3-02241,40.55,20.48,393,4,5.15
TXS3-02242,48.79,16.67,220,2,14.54
TXS3-02243,20.42,16.91,606,4,20.18
TXS3-02244,13.87,20.36,973,3,5.31
TXS3-02245,60.65,15.24,22,4,31.36
TXS3-02246,35.8,12.91,76,2,8.22
TXS3-02247,11.37,20.3,40,2,1.73
TXS3-02248,23.86,10.47,244,1,1.85
TXS3-02249,87.56,9.84,329,3,7.46
TXS3-02250,129.87,10.18,1194,3,2.54
TXS3-02251,10.14,12.97,78,3,2.24
TXS3-02252,162.72,11.1,313,1,5.31
TXS3-02253,91.28,16.48,445,2,7.23
TXS3-02254,63.23,0.34,337,1,4.77
TXS3-02255,65.3,17.36,499,4,0.24
TXS3-02256,6.67,16.76,409,2,1.69
TXS3-02257,81.87,12.54,3,4,1.55
TXS3-02258,57.56,13.49,450,3,4.85
TXS3-02259,101.48,20.81,1033,1,7.69
TXS3-02260,30.67,14.16,213,2,0.92
TXS3-02261,101.91,21.17,763,1,3.36
TXS3-02262,13.99,21.93,81,2,18.63
TXS3-02263,22.55,23.13,1452,1,1.97
TXS3-02264,53.73,13.39,468,2,2.68
TXS3-02265,31.68,20.99,968,2,7.85
TXS3-02266,21.62,22.3,255,1,13.8
TXS3-02267,20.55,10.94,186,6,1.08
TXS3-02268,24.81,19.42,624,4,0.88
TXS3-02269,34.92,13.01,827,6,1.92
TXS3-02270,13.72,11.74,114,1,1.43
TXS3-02271,25.7,12.37,1092,3,7.9
TXS3-02272,113.95,14.28,14,3,0.34
TXS3-02273,73.5,10.25,258,2,3.81
TXS3-02274,73.47,22.22,1,5,4.11
TXS3-02275,145.76,20.63,213,1,35.55
TXS3-02276,38.99,15.52,877,2,3.92
TXS3-02277,6.03,17.13,649,3,6.56
TXS3-02278,30.75,18.94,223,3,4.73
TXS3-02279,75.97,7.75,102,2,0.91
TXS3-02280,24.53,16.64,245,7,4.66
TXS3-02281,89.97,7.21,348,4,1.11
TXS3-02282,27.55,15.27,711,1,2.58
TXS3-02283,22.74,20.01,28,1,5.5
TXS3-02284,43.11,19.89,58,3,16.13
TXS3-02285,33.37,22.81,34,1,9.0
TXS3-02286,76.82,17.31,336,1,14.97
TXS3-02287,134.11,12.32,85,3,18.92
TXS3-02288,15.93,20.05,334,2,7.27
TXS3-02289,28.94,12.32,87,1,14.09
TXS3-02290,25.07,11.43,313,2,3.45
TXS3-02291,49.94,13.67,8,4,4.05
TXS3-02292,13.97,18.47,552,4,3.25
TXS3-02293,11.92,10.94,1076,1,10.45
TXS3-02294,99.89,10.5,1679,2,22.05
TXS3-02295,13.87,19.58,198,1,1.88
TXS3-02296,210.38,14.74,406,1,7.45
TXS3-02297,81.88,17.67,472,3,4.21
TXS3-02298,39.72,13.59,624,1,16.83
TXS3-02299,260.65,23.16,169,2,3.0
TXS3-02300,83.93,13.71,68,2,1.96
TXS3-02301,18.93,20.42,1107,2,3.16
TXS3-02302,212.42,20.79,86,2,17.52
TXS3-02303,58.04,10.46,34,4,3.38
TXS3-02304,38.81,7.94,173,2,6.08
TXS3-02305,85.9,15.46,215,4,75.82
TXS3-02306,23.11,12.8,223,1,4.18
TXS3-02307,97.97,13.71,590,3,28.71
TXS3-02308,20.84,10.59,858,3,9.03
TXS3-02309,23.82,17.84,427,3,8.94
TXS3-02310,21.38,14.36,124,7,24.72
TXS3-02311,30.53,11.16,534,3,1.16
TXS3-02312,65.36,14.41,118,6,24.02
TXS3-02313,110.71,14.54,59,2,3.7
TXS3-02314,45.72,13.44,699,1,5.93
TXS3-02315,25.35,18.86,86,2,148.65
TXS3-02316,32.53,22.36,926,2,2.42
TXS3-02317,83.32,16.1,1106,4,3.24
TXS3-02318,33.72,13.09,26,3,16.54
TXS3-02319,33.95,7.93,115,4,1.72
TXS3-02320,32.71,11.64,84,5,1.17
TXS3-02321,18.52,14.23,472,2,9.33
TXS3-02322,50.83,10.56,335,1,5.77
TXS3-02323,18.52,0.03,1303,2,2.81
TXS3-02324,13.3,11.26,57,2,3.57
TXS3-02325,21.76,11.82,273,2,26.32
TXS3-02326,41.44,9.43,100,4,4.34
TXS3-02327,32.85,8.54,424,4,4.68
TXS3-02328,25.7,15.24,29,4,4.3
TXS3-02329,23.32,13.05,222,1,1.63
TXS3-02330,31.31,18.72,742,6,3.9
TXS3-02331,49.6,13.7,428,1,2.49
TXS3-02332,9.79,11.42,21,4,1.48
TXS3-02333,38.69,23.3,86,1,12.35
TXS3-02334,13.02,14.32,60,2,17.46
TXS3-02335,66.32,13.72,31,5,2.31
TXS3-02336,62.16,21.36,188,4,10.49
TXS3-02337,43.38,20.61,252,4,3.72
TXS3-02338,18.37,9.48,649,3,2.07
TXS3-02339,18.02,17.7,95,4,2.26
TXS3-02340,72.31,12.36,276,2,5.66
TXS3-02341,12.56,13.5,72,1,16.29
TXS3-02342,9.83,19.11,233,1,13.66
TXS3-02343,17.68,16.2,150,1,14.84
TXS3-02344,41.03,17.3,306,3,19.5
TXS3-02345,46.5,7.52,1,1,4.19
TXS3-02346,46.28,11.9,607,2,26.88
TXS3-02347,62.67,19.14,32,4,18.67
TXS3-02348,6.58,10.89,13,2,4.01
TXS3-02349,98.02,16.88,156,2,5.86
TXS3-02350,20.63,21.01,104,5,6.38
TXS3-02351,33.25,14.95,339,2,7.19
TXS3-02352,23.08,9.57,271,4,48.99
TXS3-02353,44.35,11.54,195,1,32.06
TXS3-02354,32.19,17.19,245,4,7.74
TXS3-02355,21.19,20.42,1395,2,1.2
TXS3-02356,40.22,11.87,176,3,20.36
TXS3-02357,9.36,21.45,33,2,11.21
TXS3-02358,113.56,17.63,308,1,8.7
TXS3-02359,29.77,9.6,407,3,9.13
TXS3-02360,8.31,13.71,130,6,4.33
TXS3-02361,8.24,18.13,58,4,9.81
TXS3-02362,89.07,16.94,145,4,13.26
TXS3-02363,55.19,16.17,170,2,0.3
TXS3-02364,43.87,22.19,1514,3,3.44
TXS3-02365,64.22,16.48,765,2,4.33
TXS3-02366,74.69,16.43,153,2,27.41
TXS3-02367,24.62,21.02,25,4,4.69
TXS3-02368,48.99,20.18,66,5,3.78
TXS3-02369,31.06,20.14,277,2,1.35
TXS3-02370,64.62,20.86,675,1,10.32
TXS3-02371,56.76,20.13,1204,2,0.5
TXS3-02372,36.77,9.58,1388,2,2.83
TXS3-02373,59.4,16.6,82,3,10.64
TXS3-02374,25.74,14.46,452,1,10.63
TXS3-02375,20.71,15.38,645,6,33.56
TXS3-02376,23.83,14.46,482,2,5.52
TXS3-02377,29.04,15.97,188,3,3.27
TXS3-02378,16.02,12.45,35,3,0.6
TXS3-02379,18.7,19.43,7,2,20.64
TXS3-02380,21.02,21.37,1602,3,55.52
TXS3-02381,43.84,16.97,2440,2,3.64
TXS3-02382,101.15,23.78,1082,2,2.93
TXS3-02383,22.43,22.44,607,1,1.42
TXS3-02384,18.37,12.88,201,2,1.16
TXS3-02385,45.97,22.26,129,1,7.09
TXS3-02386,98.84,16.27,531,3,9.97
TXS3-02387,69.16,9.86,71,4,2.98
TXS3-02388,71.31,22.27,46,5,64.15
TXS3-02389,386.98,16.98,437,5,25.56
TXS3-02390,23.51,15.7,525,1,1.27
TXS3-02391,105.95,9.92,239,1,3.2
TXS3-02392,21.43,20.95,319,6,44.52
TXS3-02393,53.08,11.57,621,2,36.67
TXS3-02394,48.68,21.81,38,5,1.53
TXS3-02395,19.26,21.76,88,2,7.03
TXS3-02396,58.23,11.75,687,2,2.12
TXS3-02397,32.26,15.33,234,3,7.4
TXS3-02398,18.16,9.74,365,1,10.38
TXS3-02399,23.45,11.91,259,3,2.52
TXS3-02400,72.46,21.7,264,2,11.63
TXS3-02401,70.83,13.87,247,1,2.96
TXS3-02402,8.06,11.28,308,2,24.36
TXS3-02403,29.55,24.0,725,4,1.33
TXS3-02404,34.97,10.58,281,1,2.44
TXS3-02405,32.77,14.99,1338,1,4.19
TXS3-02406,13.45,15.8,52,3,17.1
TXS3-02407,33.77,13.4,82,1,10.37
TXS3-02408,12.14,10.13,39,1,5.54
TXS3-02409,25.24,16.16,513,2,8.23
TXS3-02410,29.94,18.61,554,3,16.75
TXS3-02411,54.79,11.53,388,2,5.13
TXS3-02412,5.4,17.95,247,1,9.49
TXS3-02413,11.24,9.14,614,4,4.96
TXS3-02414,155.59,17.65,176,2,17.36
TXS3-02415,7.38,15.79,397,3,3.02
TXS3-02416,86.76,15.81,45,4,8.84
TXS3-02417,14.97,13.64,37,2,9.28
TXS3-02418,25.84,22.26,391,3,40.24
TXS3-02419,49.85,11.9,1729,2,7.26
TXS3-02420,42.41,13.88,386,3,3.43
TXS3-02421,15.83,19.47,947,5,7.42
TXS3-02422,18.87,16.75,492,1,54.21
TXS3-02423,12.66,23.98,465,1,15.31
TXS3-02424,39.19,11.11,1190,3,2.17
TXS3-02425,35.71,11.23,64,2,18.29
TXS3-02426,13.66,17.7,3310,1,10.5
TXS3-02427,10.83,12.05,68,1,245.19
TXS3-02428,14.6,15.8,299,3,22.72
TXS3-02429,28.59,20.31,705,2,68.97
TXS3-02430,50.29,14.19,135,3,3.49
TXS3-02431,25.04,10.83,292,5,2.64
TXS3-02432,44.02,21.47,145,1,1.92
TXS3-02433,77.66,21.65,466,3,5.99
TXS3-02434,55.29,15.26,225,3,2.15
TXS3-02435,43.4,17.82,79,2,8.68
TXS3-02436,29.69,19.33,648,2,4.39
TXS3-02437,64.43,20.61,632,2,6.68
TXS3-02438,34.62,14.81,453,2,9.79
TXS3-02439,51.3,23.33,363,3,10.74
TXS3-02440,92.93,9.49,176,5,0.77
TXS3-02441,28.4,19.68,588,1,30.95
TXS3-02442,30.33,9.05,2045,2,3.24
TXS3-02443,58.25,13.04,147,1,6.0
TXS3-02444,10.52,12.86,516,2,8.5
TXS3-02445,21.82,9.69,214,2,1.53
TXS3-02446,18.38,17.79,534,2,26.56
TXS3-02447,42.59,21.51,294,5,17.39
TXS3-02448,112.65,15.46,393,1,13.32
TXS3-02449,15.45,19.54,179,2,13.4
TXS3-02450,28.56,23.18,223,1,7.7
TXS3-02451,123.31,17.06,1146,3,4.91
TXS3-02452,34.05,9.79,256,2,8.52
TXS3-02453,27.62,14.71,56,2,18.7
TXS3-02454,60.97,9.75,686,3,1.04
TXS3-02455,20.49,22.31,127,4,6.68
TXS3-02456,8.83,10.23,235,3,18.8
TXS3-02457,39.68,16.29,200,1,5.67
TXS3-02458,27.95,8.12,256,1,4.68
TXS3-02459,14.89,16.76,315,2,1.26
TXS3-02460,35.78,12.42,21,1,9.86
TXS3-02461,13.48,15.65,18,3,8.71
TXS3-02462,23.85,11.37,397,4,0.86
TXS3-02463,37.14,12.89,38,2,52.64
TXS3-02464,106.99,23.51,336,2,79.04
TXS3-02465,34.49,9.23,975,3,0.92
TXS3-02466,25.95,21.05,175,4,0.51
TXS3-02467,38.29,18.9,73,3,16.95
TXS3-02468,47.4,16.19,598,1,1.56
TXS3-02469,88.57,23.18,40,2,2.37
TXS3-02470,227.86,22.73,400,1,19.62
TXS3-02471,167.22,18.2,825,4,35.07
TXS3-02472,10.35,11.46,450,4,8.29
TXS3-02473,50.8,21.53,812,4,71.19
TXS3-02474,25.73,15.53,677,2,11.6
TXS3-02475,83.08,5.28,384,2,10.1
TXS3-02476,41.0,12.46,316,3,0.83
TXS3-02477,139.81,13.27,279,2,9.11
TXS3-02478,54.13,19.84,439,1,24.82
TXS3-02479,32.09,0.01,376,5,2.29
TXS3-02480,71.26,20.19,71,3,35.26
TXS3-02481,20.74,8.52,101,3,15.8
TXS3-02482,48.18,12.51,352,5,2.96
TXS3-02483,38.77,22.65,55,2,12.33
TXS3-02484,35.9,8.43,519,4,13.49
TXS3-02485,26.85,17.62,865,2,6.24
TXS3-02486,18.0,19.0,556,3,8.86
TXS3-02487,23.99,17.66,235,5,6.89
TXS3-02488,28.94,17.84,21,4,1.92
TXS3-02489,49.49,13.14,839,1,3.48
TXS3-02490,31.36,18.94,420,2,10.55
TXS3-02491,63.7,11.53,336,3,13.93
TXS3-02492,32.97,10.03,395,1,1.42
TXS3-02493,44.26,12.39,116,3,4.13
TXS3-02494,14.79,20.47,1397,3,3.67
TXS3-02495,80.92,13.17,257,2,0.82
TXS3-02496,76.52,13.73,234,1,11.66
TXS3-02497,58.22,17.59,1614,3,12.47
TXS3-02498,72.32,13.3,31,2,25.7
TXS3-02499,29.89,12.12,283,3,22.39
TXS3-02500,34.58,19.1,88,3,0.27
TXS3-02501,87.03,10.35,877,4,9.77
TXS3-02502,44.5,20.42,65,5,6.5
TXS3-02503,80.37,17.03,1483,4,2.36
TXS3-02504,70.66,18.56,417,2,0.96
TXS3-02505,21.02,23.83,6,1,16.0
TXS3-02506,20.83,16.54,601,1,1.18
TXS3-02507,9.62,15.67,373,2,3.99
TXS3-02508,66.38,15.37,110,3,4.64
TXS3-02509,8.55,14.41,460,2,1.43
TXS3-02510,79.25,7.3,393,3,2.71
TXS3-02511,41.48,16.97,1181,3,15.17
TXS3-02512,36.7,15.36,394,3,29.8
TXS3-02513,80.78,19.19,485,5,2.43
TXS3-02514,19.38,20.3,114,2,64.03
TXS3-02515,57.8,20.59,4,2,2.9
TXS3-02516,9.05,18.09,395,3,2.65
TXS3-02517,24.29,12.29,698,4,19.43
TXS3-02518,43.0,19.36,647,5,1.27
TXS3-02519,64.98,21.88,242,2,7.68
TXS3-02520,32.91,13.7,49,5,15.49
TXS3-02521,45.69,16.57,96,1,19.32
TXS3-02522,19.06,21.66,219,1,1.25
TXS3-02523,19.35,11.95,20,1,11.3
TXS3-02524,26.01,7.39,54,1,3.21
TXS3-02525,43.23,15.36,208,1,4.59
TXS3-02526,46.43,17.78,40,3,10.05
TXS3-02527,38.55,11.57,38,2,0.26
TXS3-02528,53.36,10.45,27,1,35.09
TXS3-02529,25.83,21.25,159,6,13.26
TXS3-02530,23.48,20.19,15,2,3.12
TXS3-02531,28.29,15.57,237,6,16.52
TXS3-02532,42.77,17.84,38,3,13.7
TXS3-02533,117.95,17.89,1243,1,57.45
TXS3-02534,50.53,15.27,7,3,5.21
TXS3-02535,92.13,17.19,219,2,38.42
TXS3-02536,40.81,13.24,280,3,2.64
TXS3-02537,125.9,15.14,220,4,4.37
TXS3-02538,54.92,13.6,319,6,1.67
TXS3-02539,74.0,18.77,1879,2,13.08
TXS3-02540,14.95,11.62,119,4,13.33
TXS3-02541,56.31,18.42,314,6,8.25
TXS3-02542,29.66,8.63,677,2,19.44
TXS3-02543,35.06,15.82,731,4,2.69
TXS3-02544,28.57,13.37,452,4,1.89
TXS3-02545,40.64,15.28,820,2,17.11
TXS3-02546,3.99,19.5,397,4,1.91
TXS3-02547,18.13,10.99,437,1,6.46
TXS3-02548,13.53,12.9,189,2,3.29
TXS3-02549,43.64,21.02,4,3,14.2
TXS3-02550,38.04,9.68,315,3,0.97
TXS3-02551,59.11,10.16,635,3,12.91
TXS3-02552,59.12,15.23,461,2,6.55
TXS3-02553,51.39,16.43,541,3,0.7
TXS3-02554,30.23,11.28,58,4,0.3
TXS3-02555,29.27,5.55,61,1,21.6
TXS3-02556,15.59,16.96,72,5,17.23
TXS3-02557,127.95,21.27,1644,1,17.84
TXS3-02558,111.76,10.31,347,1,7.75
TXS3-02559,224.42,14.68,335,2,8.74
TXS3-02560,25.28,22.01,565,3,17.2
TXS3-02561,22.01,22.16,648,2,0.62
TXS3-02562,61.88,15.38,115,3,15.86
TXS3-02563,105.91,19.45,459,4,5.01
TXS3-02564,55.05,19.59,772,1,6.07
TXS3-02565,52.14,13.13,171,1,17.73
TXS3-02566,15.8,20.28,422,2,79.03
TXS3-02567,35.89,9.64,24,1,2.35
TXS3-02568,90.79,14.83,2657,3,7.67
TXS3-02569,37.74,15.9,533,3,1.1
TXS3-02570,122.86,16.37,715,5,0.62
TXS3-02571,17.63,19.69,669,4,5.41
TXS3-02572,21.79,10.43,195,2,39.32
TXS3-02573,34.23,12.51,671,2,1.16
TXS3-02574,13.06,14.77,163,3,0.97
TXS3-02575,17.29,17.82,1019,2,3.72
TXS3-02576,61.57,14.89,9,5,0.35
TXS3-02577,42.87,21.05,1384,2,9.7
TXS3-02578,26.17,20.69,934,1,101.24
TXS3-02579,28.3,17.62,141,3,2.85
TXS3-02580,34.24,9.75,334,2,13.0
TXS3-02581,12.6,19.83,536,2,2.14
TXS3-02582,189.17,21.78,902,2,2.21
TXS3-02583,15.69,22.33,203,2,48.22
TXS3-02584,20.3,10.38,301,2,2.44
TXS3-02585,51.96,0.7,319,3,1.35
TXS3-02586,49.0,20.13,94,3,3.33
TXS3-02587,25.66,19.79,131,3,11.52
TXS3-02588,47.59,13.37,1246,5,2.67
TXS3-02589,23.07,13.18,1044,1,27.88
TXS3-02590,32.97,19.2,575,4,3.33
TXS3-02591,27.46,12.23,255,1,8.56
TXS3-02592,23.59,13.96,100,3,22.36
TXS3-02593,24.07,15.38,325,3,6.66
TXS3-02594,192.0,8.3,504,2,20.6
TXS3-02595,17.28,19.73,369,1,1.5
TXS3-02596,26.54,9.16,321,5,1.21
TXS3-02597,62.75,20.57,10,1,18.06
TXS3-02598,26.97,14.0,166,1,45.22
TXS3-02599,18.28,14.27,688,2,4.62
TXS3-02600,49.72,16.11,451,3,2.88
TXS3-02601,10.29,17.24,556,2,40.26
TXS3-02602,54.26,15.66,506,2,7.73
TXS3-02603,37.28,19.97,410,4,1.27
TXS3-02604,28.27,16.82,165,3,3.89
TXS3-02605,35.04,19.28,492,3,2.51
TXS3-02606,122.66,14.1,151,3,6.27
TXS3-02607,57.59,12.15,472,3,3.15
TXS3-02608,52.63,14.29,123,1,8.72
TXS3-02609,34.67,7.39,644,2,2.11
TXS3-02610,32.07,21.26,343,2,3.29
TXS3-02611,8.56,19.65,666,2,13.36
TXS3-02612,11.38,22.38,295,1,10.95
TXS3-02613,7.29,20.96,1202,3,7.86
TXS3-02614,108.32,16.68,251,1,4.11
TXS3-02615,59.05,16.68,433,4,18.79
TXS3-02616,18.98,14.29,87,3,22.26
TXS3-02617,19.44,14.52,633,3,18.92
TXS3-02618,127.55,20.94,327,4,2.33
TXS3-02619,63.51,13.36,124,2,3.34
TXS3-02620,110.27,12.48,140,2,1.62
TXS3-02621,25.88,12.68,768,3,7.87
TXS3-02622,29.49,11.1,134,2,4.28
TXS3-02623,17.58,14.47,187,3,39.73
TXS3-02624,34.41,10.31,1058,3,1.57
TXS3-02625,50.16,22.0,234,4,8.8
TXS3-02626,64.67,11.34,281,2,35.06
TXS3-02627,27.64,20.92,1096,4,1.08
TXS3-02628,21.08,19.96,218,1,16.22
TXS3-02629,35.38,15.38,269,3,17.2
TXS3-02630,119.31,12.69,1132,2,3.99
TXS3-02631,21.2,21.24,1739,2,0.82
TXS3-02632,53.2,13.4,1415,2,22.54
TXS3-02633,88.06,20.04,8,3,7.61
TXS3-02634,29.58,22.51,204,3,1.24
TXS3-02635,60.47,16.6,227,5,3.49
TXS3-02636,22.8,12.74,293,2,7.01
TXS3-02637,19.04,19.66,684,4,9.23
TXS3-02638,21.48,19.08,9,3,4.06
TXS3-02639,25.73,14.98,301,2,21.71
TXS3-02640,49.33,12.3,283,4,3.71
TXS3-02641,70.24,20.1,153,3,5.35
TXS3-02642,53.44,18.91,173,2,40.91
TXS3-02643,65.59,9.41,442,3,0.59
TXS3-02644,20.85,12.52,50,2,4.17
TXS3-02645,34.16,11.99,11,2,14.27
TXS3-02646,17.53,13.81,1236,2,5.58
TXS3-02647,18.86,13.43,808,4,4.33
TXS3-02648,42.59,13.18,418,3,2.18
TXS3-02649,15.0,17.5,107,2,14.18
TXS3-02650,46.93,16.05,1784,2,5.18
TXS3-02651,7.44,20.36,277,1,15.56
TXS3-02652,48.35,11.64,604,3,7.43
TXS3-02653,69.18,13.17,711,4,65.32
TXS3-02654,75.74,12.22,450,1,18.79
TXS3-02655,24.06,12.08,482,1,4.54
TXS3-02656,13.97,16.28,144,1,6.27
TXS3-02657,92.09,20.42,539,2,0.43
TXS3-02658,19.32,23.91,82,2,12.15
TXS3-02659,17.86,9.8,442,4,1.39
TXS3-02660,26.5,12.26,369,4,15.06
TXS3-02661,53.39,19.36,273,2,1.13
TXS3-02662,17.47,18.03,179,3,19.28
TXS3-02663,19.12,20.27,1267,1,7.66
TXS3-02664,16.44,21.32,210,1,1.03
TXS3-02665,23.33,12.27,2094,4,44.15
TXS3-02666,27.83,17.98,753,1,2.95
TXS3-02667,146.66,9.59,803,3,5.83
TXS3-02668,18.06,14.96,1711,2,3.03
TXS3-02669,21.6,16.29,239,5,15.6
TXS3-02670,73.83,14.11,1271,3,6.1
TXS3-02671,29.47,13.48,148,2,3.21
TXS3-02672,27.0,19.42,84,1,6.16
TXS3-02673,41.04,21.27,346,1,0.96
TXS3-02674,30.74,14.88,39,1,5.47
TXS3-02675,21.48,19.67,114,2,18.22
TXS3-02676,58.88,11.49,351,5,1.18
TXS3-02677,10.7,20.18,294,5,2.7
TXS3-02678,53.68,0.97,22,2,13.5
TXS3-02679,18.91,13.12,928,1,5.28
TXS3-02680,58.77,8.11,658,2,1.74
TXS3-02681,83.38,13.01,300,1,4.04
TXS3-02682,10.3,16.25,222,3,3.05
TXS3-02683,37.46,15.2,770,1,19.86
TXS3-02684,15.1,17.44,12,4,5.76
TXS3-02685,31.82,9.27,632,5,0.65
TXS3-02686,11.21,13.64,483,3,7.18
TXS3-02687,28.31,21.35,51,3,6.19
TXS3-02688,44.74,8.26,92,3,36.29
TXS3-02689,22.15,13.35,1022,1,4.78
TXS3-02690,21.33,16.33,1326,2,3.88
TXS3-02691,20.26,17.73,12,3,17.1
TXS3-02692,49.15,18.51,1085,5,38.96
TXS3-02693,31.55,12.82,26,4,5.72
TXS3-02694,90.6,18.79,2,3,2.65
TXS3-02695,31.98,20.77,312,3,0.69
TXS3-02696,32.58,17.68,1228,3,1.44
TXS3-02697,15.08,18.11,626,2,1.48
TXS3-02698,15.48,12.11,83,1,1.52
TXS3-02699,21.52,12.25,110,3,31.32
TXS3-02700,48.46,5.6,4,6,11.77
TXS3-02701,23.42,12.03,310,4,2.76
TXS3-02702,12.76,19.26,338,3,39.62
TXS3-02703,32.66,17.96,660,1,2.08
TXS3-02704,25.74,18.49,724,1,8.0
TXS3-02705,49.46,13.13,174,3,3.33
TXS3-02706,81.82,10.44,444,1,7.74
TXS3-02707,63.25,17.84,2285,5,5.39
TXS3-02708,27.76,22.2,1552,3,5.65
TXS3-02709,32.11,14.5,231,2,4.68
TXS3-02710,48.47,14.24,1285,2,21.96
TXS3-02711,33.82,13.09,377,2,4.5
TXS3-02712,26.88,19.05,1122,2,13.18
TXS3-02713,17.57,16.19,55,3,1.13
TXS3-02714,19.12,12.63,151,5,9.64
TXS3-02715,50.63,14.66,511,4,53.68
TXS3-02716,60.59,18.54,363,2,5.1
TXS3-02717,27.17,13.0,837,3,6.64
TXS3-02718,41.75,21.16,27,6,7.5
TXS3-02719,191.76,14.05,591,2,2.09
TXS3-02720,30.27,11.94,253,3,5.5
TXS3-02721,30.59,23.58,359,6,3.49
TXS3-02722,24.01,21.21,538,2,16.43
TXS3-02723,37.9,16.36,423,2,1.53
TXS3-02724,48.52,21.7,170,5,4.26
TXS3-02725,31.24,20.93,807,1,2.5
TXS3-02726,31.11,19.77,101,2,4.06
TXS3-02727,32.57,17.25,1063,2,7.05
TXS3-02728,47.81,16.49,1197,2,1.68
TXS3-02729,24.02,11.09,261,4,2.14
TXS3-02730,11.43,22.33,316,2,10.49
TXS3-02731,140.05,10.49,22,6,12.93
TXS3-02732,51.35,20.83,862,1,1.9
TXS3-02733,47.39,19.13,180,1,4.34
TXS3-02734,12.05,6.22,789,2,9.22
TXS3-02735,36.06,21.67,103,2,3.65
TXS3-02736,30.13,12.94,69,3,12.1
TXS3-02737,26.36,19.06,87,2,6.43
TXS3-02738,28.12,21.54,41,6,7.5
TXS3-02739,112.26,14.09,99,5,29.55
TXS3-02740,7.13,15.73,306,2,1.91
TXS3-02741,76.81,19.98,736,2,3.45
TXS3-02742,25.3,22.45,230,2,4.58
TXS3-02743,17.2,12.53,314,6,20.97
TXS3-02744,16.33,20.33,111,8,9.99
TXS3-02745,23.21,9.0,679,5,6.61
TXS3-02746,16.79,18.72,179,2,3.52
TXS3-02747,112.61,17.87,28,3,40.81
TXS3-02748,28.97,20.09,161,3,33.41
TXS3-02749,55.34,13.1,56,2,12.32
TXS3-02750,52.22,11.52,78,3,1.5
TXS3-02751,27.59,18.83,4,1,7.96
TXS3-02752,15.39,16.34,428,2,3.21
TXS3-02753,57.36,16.77,281,1,2.99
TXS3-02754,15.37,14.44,243,2,9.47
TXS3-02755,26.32,21.37,129,4,29.45
TXS3-02756,13.02,20.42,867,1,26.69
TXS3-02757,20.4,18.97,416,3,10.36
TXS3-02758,21.62,20.08,654,2,9.12
TXS3-02759,114.35,13.05,1218,4,31.52
TXS3-02760,33.72,13.11,172,1,6.12
TXS3-02761,27.77,16.36,867,2,2.43
TXS3-02762,31.32,10.88,163,1,4.53
TXS3-02763,20.0,13.16,224,1,3.3
TXS3-02764,17.8,14.51,318,2,7.16
TXS3-02765,31.4,15.73,137,3,0.8
TXS3-02766,19.45,14.75,964,1,4.75
TXS3-02767,54.11,20.43,1582,1,3.2
TXS3-02768,9.67,19.69,14,3,2.45
TXS3-02769,6.32,8.69,864,1,12.34
TXS3-02770,32.15,14.37,83,4,4.62
TXS3-02771,22.86,19.86,88,3,32.28
TXS3-02772,25.58,14.19,1106,3,11.98
TXS3-02773,16.65,15.71,10,5,6.93
TXS3-02774,114.81,11.66,580,1,20.86
TXS3-02775,34.28,10.18,238,2,94.69
TXS3-02776,20.2,11.86,328,4,5.01
TXS3-02777,77.81,10.8,764,4,2.15
TXS3-02778,60.98,14.68,280,4,5.67
TXS3-02779,26.11,8.62,2,2,5.38
TXS3-02780,51.79,9.08,42,2,1.2
TXS3-02781,125.82,15.95,588,3,10.5
TXS3-02782,35.32,20.96,102,4,40.2
TXS3-02783,78.06,16.02,673,3,2.56
TXS3-02784,39.8,11.79,242,3,2.7
TXS3-02785,11.18,16.29,24,1,1.17
TXS3-02786,14.73,19.98,357,5,4.14
TXS3-02787,15.55,21.45,1,2,2.52
TXS3-02788,123.76,15.04,22,2,5.13
TXS3-02789,16.2,23.67,833,2,12.33
TXS3-02790,30.36,12.97,333,1,8.4
TXS3-02791,23.8,14.19,76,1,6.32
TXS3-02792,82.18,19.2,7,2,3.98
TXS3-02793,17.4,19.66,547,3,16.68
TXS3-02794,88.44,18.46,45,2,8.62
TXS3-02795,22.57,18.41,164,2,13.09
TXS3-02796,21.86,15.82,746,2,2.36
TXS3-02797,10.12,20.47,1458,2,25.61
TXS3-02798,18.7,14.8,400,4,24.34
TXS3-02799,39.96,11.46,109,1,2.79
TXS3-02800,57.49,12.95,46,2,2.52
TXS3-02801,105.19,13.27,455,8,6.14
TXS3-02802,27.65,19.52,352,3,1.63
TXS3-02803,28.31,10.07,338,2,5.19
TXS3-02804,85.3,12.29,399,3,5.08
TXS3-02805,28.48,15.3,23,4,5.24
TXS3-02806,35.75,10.84,203,1,5.26
TXS3-02807,55.58,19.45,970,3,5.74
TXS3-02808,15.72,11.57,191,1,9.06
TXS3-02809,136.41,22.11,572,5,25.56
TXS3-02810,142.58,18.7,7,3,7.63
TXS3-02811,132.98,13.11,596,2,179.32
TXS3-02812,19.26,20.24,225,2,10.12
TXS3-02813,49.4,1.35,1622,1,2.18
TXS3-02814,55.45,15.38,353,3,20.76
TXS3-02815,25.01,18.9,348,4,6.11
TXS3-02816,54.51,13.33,414,3,2.13
TXS3-02817,26.74,17.37,534,4,1.83
TXS3-02818,30.13,19.11,262,3,27.67
TXS3-02819,30.63,13.27,1778,2,4.74
TXS3-02820,44.77,16.79,693,1,3.49
TXS3-02821,33.79,10.01,820,2,14.02
TXS3-02822,25.36,21.72,413,2,2.81
TXS3-02823,15.18,19.69,706,3,0.53
TXS3-02824,38.9,13.47,57,3,13.68
TXS3-02825,72.36,9.47,1477,4,5.0
TXS3-02826,70.46,12.47,703,3,6.97
TXS3-02827,23.89,10.45,487,2,2.71
TXS3-02828,21.25,14.69,464,1,3.83
TXS3-02829,58.45,14.99,636,3,3.0
TXS3-02830,29.61,10.63,370,1,4.85
TXS3-02831,21.62,16.7,162,3,10.2
TXS3-02832,26.33,14.03,58,4,24.89
TXS3-02833,23.46,14.0,297,1,7.54
TXS3-02834,47.33,22.06,201,2,13.67
TXS3-02835,52.46,17.66,1872,1,3.96
TXS3-02836,82.96,18.46,298,1,7.1
TXS3-02837,94.12,10.26,808,4,2.23
TXS3-02838,25.76,13.73,629,2,24.51
TXS3-02839,11.46,12.37,1,4,0.93
TXS3-02840,45.43,16.21,318,1,13.29
TXS3-02841,27.47,18.89,387,1,6.28
TXS3-02842,59.95,7.74,129,7,5.49
TXS3-02843,30.84,16.07,595,2,2.4
TXS3-02844,24.94,9.04,141,2,10.19
TXS3-02845,60.29,18.34,77,3,2.35
TXS3-02846,31.2,20.55,1090,2,5.21
TXS3-02847,17.9,9.25,2012,1,15.49
TXS3-02848,82.25,21.86,1155,2,1.63
TXS3-02849,78.35,14.78,32,6,4.61
TXS3-02850,34.89,14.53,115,4,1.58
TXS3-02851,22.54,13.06,1600,3,10.8
TXS3-02852,33.25,15.62,113,1,3.86
TXS3-02853,23.64,16.98,351,1,19.82
TXS3-02854,73.9,17.75,92,3,1.35
TXS3-02855,29.72,15.3,265,2,4.68
TXS3-02856,24.02,17.34,812,1,14.21
TXS3-02857,39.16,15.57,60,1,2.39
TXS3-02858,21.9,19.93,699,2,16.95
TXS3-02859,81.16,13.85,857,6,44.43
TXS3-02860,67.15,19.35,905,5,9.31
TXS3-02861,33.54,17.79,761,3,2.09
TXS3-02862,41.55,14.86,81,5,5.14
TXS3-02863,21.59,13.86,46,2,8.72
TXS3-02864,19.68,12.0,371,2,8.35
TXS3-02865,13.71,19.25,33,3,3.95
TXS3-02866,16.5,16.79,205,2,9.26
TXS3-02867,28.12,18.31,424,4,40.8
TXS3-02868,31.12,14.83,346,1,2.56
TXS3-02869,35.01,13.91,22,2,4.27
TXS3-02870,19.36,8.23,619,2,12.08
TXS3-02871,80.66,14.07,144,4,5.31
TXS3-02872,145.86,21.34,168,3,1.69
TXS3-02873,40.94,20.39,206,2,3.18
TXS3-02874,64.34,12.25,380,1,1.56
TXS3-02875,49.07,10.73,1026,3,2.31
TXS3-02876,24.0,17.73,81,5,0.98
TXS3-02877,17.91,19.8,642,4,5.87
TXS3-02878,14.4,23.11,546,1,0.52
TXS3-02879,69.76,22.78,660,3,5.82
TXS3-02880,26.1,18.98,1345,2,3.06
TXS3-02881,86.07,11.61,40,1,6.2
TXS3-02882,23.45,16.15,307,3,12.47
TXS3-02883,24.79,16.41,37,3,92.86
TXS3-02884,26.71,12.39,112,2,17.9
TXS3-02885,25.65,13.13,1027,5,52.01
TXS3-02886,27.97,11.61,784,2,2.96
TXS3-02887,80.73,11.79,157,3,8.0
TXS3-02888,31.98,12.44,319,3,8.5
TXS3-02889,37.54,13.35,107,2,85.16
TXS3-02890,8.46,23.11,85,1,2.5
TXS3-02891,19.46,8.29,856,2,8.2
TXS3-02892,31.87,11.2,162,2,6.92
TXS3-02893,50.58,7.8,307,5,3.5
TXS3-02894,28.29,12.83,4,1,5.74
TXS3-02895,17.94,11.44,74,6,1.76
TXS3-02896,64.18,14.16,10,2,20.81
TXS3-02897,76.16,17.95,183,2,24.81
TXS3-02898,60.93,7.77,36,1,2.68
TXS3-02899,19.8,8.91,256,4,5.35
TXS3-02900,12.47,16.79,2,2,0.91
TXS3-02901,20.72,14.58,1589,1,7.35
TXS3-02902,40.24,11.77,191,2,3.13
TXS3-02903,62.64,12.86,75,4,8.29
TXS3-02904,38.44,12.95,192,3,4.0
TXS3-02905,21.45,16.11,405,3,0.41
TXS3-02906,47.75,21.51,485,3,0.22
TXS3-02907,9.95,19.18,613,6,30.6
TXS3-02908,24.23,17.98,118,3,20.91
TXS3-02909,14.58,15.5,340,1,0.87
TXS3-02910,24.82,20.96,191,4,3.47
TXS3-02911,20.33,8.62,240,3,4.15
TXS3-02912,32.45,21.53,129,1,5.29
TXS3-02913,55.28,17.7,18,4,1.12
TXS3-02914,69.89,11.11,232,4,8.93
TXS3-02915,71.96,16.19,546,4,22.1
TXS3-02916,19.82,14.0,151,4,35.04
TXS3-02917,10.82,8.8,5,1,6.64
TXS3-02918,183.87,12.63,779,3,6.81
TXS3-02919,67.31,14.35,171,1,11.02
TXS3-02920,77.67,19.66,955,1,9.59
TXS3-02921,63.02,18.87,276,3,0.6
TXS3-02922,61.73,13.96,69,2,7.5
TXS3-02923,24.14,22.51,947,2,13.01
TXS3-02924,103.44,18.98,53,4,2.07
TXS3-02925,22.29,21.8,170,1,4.14
TXS3-02926,44.3,15.03,1013,2,8.78
TXS3-02927,16.48,17.77,833,3,8.18
TXS3-02928,35.68,13.49,449,1,3.07
TXS3-02929,37.42,18.2,323,4,29.97
TXS3-02930,9.97,6.83,1494,6,4.19
TXS3-02931,18.76,19.86,340,2,12.76
TXS3-02932,56.08,22.61,179,4,10.73
TXS3-02933,156.96,13.09,10,1,1.73
TXS3-02934,40.58,15.87,547,3,3.47
TXS3-02935,23.12,17.05,142,3,1.24
TXS3-02936,35.33,22.75,761,3,5.87
TXS3-02937,13.86,12.2,362,1,4.66
TXS3-02938,63.69,17.54,297,2,1.56
TXS3-02939,33.25,12.93,342,3,7.45
TXS3-02940,23.88,21.82,342,2,2.65
TXS3-02941,94.58,15.65,390,1,15.2
TXS3-02942,57.6,11.95,240,3,8.83
TXS3-02943,101.01,20.01,618,1,3.36
TXS3-02944,144.18,10.44,2,2,3.66
TXS3-02945,59.28,17.81,112,2,0.77
TXS3-02946,58.87,16.46,517,4,13.5
TXS3-02947,16.68,21.14,63,4,4.11
TXS3-02948,20.15,13.32,202,4,13.22
TXS3-02949,50.1,14.71,47,1,2.94
TXS3-02950,15.42,16.79,509,4,10.34
TXS3-02951,30.93,22.16,186,3,2.96
TXS3-02952,22.35,19.19,50,3,1.24
TXS3-02953,20.0,11.96,137,2,8.69
TXS3-02954,26.09,15.08,864,3,1.98
TXS3-02955,60.04,10.41,712,4,16.28
TXS3-02956,77.97,8.49,1590,1,0.61
TXS3-02957,29.87,16.47,40,2,17.7
TXS3-02958,9.09,12.29,452,1,1.04
TXS3-02959,64.5,20.44,234,2,0.61
TXS3-02960,60.09,13.33,8,3,2.15
TXS3-02961,46.75,12.42,887,1,6.36
TXS3-02962,32.41,22.4,182,2,8.75
TXS3-02963,32.91,20.91,207,3,1.65
TXS3-02964,34.02,9.58,187,3,1.21
TXS3-02965,32.8,10.89,214,2,7.04
TXS3-02966,16.89,17.99,211,4,11.41
TXS3-02967,34.25,18.22,583,3,6.84
TXS3-02968,92.66,14.03,403,4,15.44
TXS3-02969,23.1,11.79,1644,2,45.52
TXS3-02970,12.2,18.02,272,3,26.55
TXS3-02971,24.45,15.38,357,3,1.33
TXS3-02972,248.52,16.33,392,1,33.71
TXS3-02973,46.76,10.21,34,3,7.73
TXS3-02974,47.39,16.52,676,2,5.55
TXS3-02975,11.1,14.72,148,2,5.47
TXS3-02976,45.83,14.38,778,4,2.09
TXS3-02977,21.34,20.02,272,2,11.34
TXS3-02978,27.43,12.04,116,2,7.77
TXS3-02979,26.04,13.33,812,5,1.71
TXS3-02980,72.9,13.56,638,2,2.55
TXS3-02981,22.39,16.14,616,2,5.8
TXS3-02982,48.3,22.15,759,2,9.47
TXS3-02983,37.79,23.3,2661,2,10.39
TXS3-02984,29.3,14.6,12,2,5.52
TXS3-02985,41.02,20.76,843,1,17.39
TXS3-02986,59.98,22.14,150,1,6.34
TXS3-02987,34.33,7.12,1164,5,4.62
TXS3-02988,51.52,20.99,451,1,3.17
TXS3-02989,61.79,17.63,45,4,26.03
TXS3-02990,25.51,15.73,492,7,4.4
TXS3-02991,81.96,18.7,108,3,1.67
TXS3-02992,78.36,10.62,15,4,1.83
TXS3-02993,16.95,14.4,448,4,2.38
TXS3-02994,19.63,22.17,126,4,86.47
TXS3-02995,65.08,14.85,459,3,2.81
TXS3-02996,9.27,16.4,112,2,3.49
TXS3-02997,27.06,12.88,194,3,8.01
TXS3-02998,49.51,13.51,750,3,25.86
TXS3-02999,36.91,16.81,597,3,21.46
TXS3-03000,41.74,19.68,657,2,27.36
