transaction_id,montant_eur,heure,anciennete_client_j,nb_articles,distance_domicile_km
TXS1-00001,68.12,14.65,29,2,1.27
TXS1-00002,31.59,23.21,167,2,3.78
TXS1-00003,15.79,9.6,36,5,9.75
TXS1-00004,83.15,12.2,30,4,1.94
TXS1-00005,11.65,13.29,48,2,5.44
TXS1-00006,26.75,19.8,79,5,0.68
TXS1-00007,37.08,14.53,534,6,13.34
TXS1-00008,21.44,21.31,600,3,8.56
TXS1-00009,27.8,15.89,641,2,3.85
TXS1-00010,55.66,12.07,472,5,10.48
TXS1-00011,37.46,14.8,206,3,8.74
TXS1-00012,160.0,15.42,33,1,1.95
TXS1-00013,30.7,19.43,929,4,17.95
TXS1-00014,33.51,14.04,980,3,3.04
TXS1-00015,81.28,11.56,56,2,2.25
TXS1-00016,73.3,11.54,396,3,12.53
TXS1-00017,92.49,12.07,331,3,1.7
TXS1-00018,28.8,18.08,167,2,2.71
TXS1-00019,55.84,14.6,69,2,9.58
TXS1-00020,16.33,12.12,152,1,5.46
TXS1-00021,28.15,11.32,1437,3,2.39
TXS1-00022,22.54,18.56,485,3,0.55
TXS1-00023,47.36,13.44,270,3,14.61
TXS1-00024,80.49,19.48,1159,1,10.26
TXS1-00025,30.5,13.1,186,1,0.61
TXS1-00026,33.11,13.95,636,3,9.15
TXS1-00027,69.82,7.84,217,6,1.09
TXS1-00028,22.31,10.96,656,2,8.29
TXS1-00029,89.22,19.32,135,1,21.65
TXS1-00030,9.46,16.13,90,1,6.86
TXS1-00031,29.16,15.35,1289,3,1.62
TXS1-00032,36.02,20.82,81,2,5.08
TXS1-00033,30.74,19.39,332,2,10.2
TXS1-00034,25.61,19.25,697,3,5.18
TXS1-00035,18.72,11.81,417,5,1.51
TXS1-00036,8.96,10.29,436,3,9.48
TXS1-00037,18.98,15.22,444,2,0.86
TXS1-00038,49.71,21.14,226,2,8.3
TXS1-00039,48.02,15.36,567,1,24.16
TXS1-00040,132.52,15.64,628,2,9.31
TXS1-00041,59.42,21.1,216,2,5.47
TXS1-00042,115.25,14.8,187,4,10.9
TXS1-00043,20.37,14.07,415,2,2.85
TXS1-00044,18.54,11.08,98,3,16.55
TXS1-00045,31.46,9.41,472,3,1.92
TXS1-00046,49.62,9.08,138,1,51.53
TXS1-00047,29.39,5.26,932,5,24.53
TXS1-00048,29.44,14.72,1168,1,5.6
TXS1-00049,72.58,11.94,88,5,1.27
TXS1-00050,26.19,22.78,37,1,3.62
TXS1-00051,109.12,21.4,239,2,29.58
TXS1-00052,61.0,20.45,273,5,17.27
TXS1-00053,53.95,21.98,105,2,2.13
TXS1-00054,19.93,18.16,70,2,2.84
TXS1-00055,50.43,15.57,176,2,6.58
TXS1-00056,43.23,20.54,50,4,23.17
TXS1-00057,73.09,14.03,28,4,3.78
TXS1-00058,26.31,23.57,182,4,41.14
TXS1-00059,82.03,20.3,481,1,2.45
TXS1-00060,6.23,14.04,208,2,0.89
TXS1-00061,29.55,12.47,811,3,5.24
TXS1-00062,125.48,19.91,226,6,12.72
TXS1-00063,36.16,18.9,42,2,3.71
TXS1-00064,28.24,14.87,1,2,5.4
TXS1-00065,107.67,16.26,538,2,7.59
TXS1-00066,27.25,13.79,23,3,16.64
TXS1-00067,22.76,19.93,517,2,1.0
TXS1-00068,46.28,8.23,20,1,43.14
TXS1-00069,46.94,13.92,131,1,0.38
TXS1-00070,45.6,14.42,80,1,6.54
TXS1-00071,21.99,14.12,935,2,5.74
TXS1-00072,25.84,21.39,152,5,0.87
TXS1-00073,26.32,9.85,22,3,22.31
TXS1-00074,67.81,12.76,407,5,13.33
TXS1-00075,22.78,22.42,51,3,21.95
TXS1-00076,31.67,20.78,603,2,8.89
TXS1-00077,35.03,22.68,214,4,10.09
TXS1-00078,37.98,12.55,95,7,6.83
TXS1-00079,41.16,9.54,200,2,6.46
TXS1-00080,37.99,15.83,109,3,5.36
TXS1-00081,57.66,19.83,871,3,18.08
TXS1-00082,15.74,12.96,264,1,16.42
TXS1-00083,29.98,13.21,215,2,15.88
TXS1-00084,74.88,19.57,854,1,8.33
TXS1-00085,47.51,19.97,194,1,1.06
TXS1-00086,50.57,20.23,173,3,3.24
TXS1-00087,31.76,18.45,650,2,1.37
TXS1-00088,34.87,12.31,270,3,13.37
TXS1-00089,44.05,12.47,183,2,1.27
TXS1-00090,108.15,18.62,734,3,15.23
TXS1-00091,24.33,14.74,659,2,1.41
TXS1-00092,80.88,7.39,99,2,7.59
TXS1-00093,15.42,12.3,92,2,18.15
TXS1-00094,24.16,14.13,698,3,2.59
TXS1-00095,45.31,12.9,451,4,2.17
TXS1-00096,37.92,11.12,378,3,4.83
TXS1-00097,20.84,18.19,163,3,4.08
TXS1-00098,38.95,21.41,234,2,1.15
TXS1-00099,93.76,11.0,2258,4,7.82
TXS1-00100,18.85,21.01,124,4,34.58
TXS1-00101,17.05,21.69,109,2,2.06
TXS1-00102,22.32,12.23,218,4,3.37
TXS1-00103,45.14,17.26,334,4,3.18
TXS1-00104,58.71,4.84,164,2,1.68
TXS1-00105,57.83,16.17,698,4,2.89
TXS1-00106,64.5,10.66,530,2,1.96
TXS1-00107,76.9,16.12,279,1,12.7
TXS1-00108,23.65,15.56,1017,3,0.86
TXS1-00109,49.53,11.26,42,4,0.78
TXS1-00110,140.17,22.73,458,3,11.27
TXS1-00111,54.07,15.9,870,3,1.81
TXS1-00112,217.67,17.66,368,3,0.67
TXS1-00113,63.95,14.8,954,3,7.32
TXS1-00114,24.33,14.56,958,4,9.83
TXS1-00115,21.68,19.09,6,2,14.39
TXS1-00116,38.91,22.71,140,2,2.76
TXS1-00117,14.3,8.86,154,1,15.42
TXS1-00118,11.07,21.76,73,3,27.32
TXS1-00119,13.07,15.12,35,4,17.78
TXS1-00120,49.72,20.12,10,4,3.49
TXS1-00121,11.57,5.86,176,2,37.97
TXS1-00122,35.4,6.14,312,1,1.05
TXS1-00123,103.0,22.93,267,6,10.61
TXS1-00124,16.49,12.13,574,3,22.18
TXS1-00125,55.24,14.93,264,2,2.03
TXS1-00126,96.65,14.68,83,3,12.37
TXS1-00127,49.43,13.07,326,7,1.76
TXS1-00128,14.81,14.84,43,3,6.05
TXS1-00129,22.64,11.87,514,3,4.53
TXS1-00130,51.73,11.1,84,5,19.63
TXS1-00131,13.83,13.98,119,3,15.43
TXS1-00132,7.8,14.12,289,4,16.27
TXS1-00133,153.56,9.87,46,2,2.66
TXS1-00134,23.39,21.6,219,2,2.23
TXS1-00135,50.25,15.15,565,2,0.85
TXS1-00136,13.04,10.64,187,1,9.32
TXS1-00137,30.2,12.05,219,4,11.54
TXS1-00138,79.22,12.28,77,3,17.79
TXS1-00139,54.62,23.17,630,4,1.24
TXS1-00140,33.32,15.57,168,3,7.86
TXS1-00141,18.77,8.14,165,1,3.75
TXS1-00142,145.2,19.59,149,2,1.53
TXS1-00143,33.14,13.23,130,3,22.56
TXS1-00144,8.52,19.82,74,1,14.74
TXS1-00145,74.01,14.19,308,6,44.93
TXS1-00146,10.91,11.51,480,4,7.2
TXS1-00147,30.7,13.91,91,4,13.18
TXS1-00148,34.41,13.6,800,4,18.55
TXS1-00149,17.17,17.29,438,2,48.55
TXS1-00150,39.87,11.42,636,1,3.17
TXS1-00151,24.41,15.46,27,2,2.59
TXS1-00152,50.11,12.07,90,1,3.07
TXS1-00153,64.91,15.7,165,2,12.58
TXS1-00154,47.58,12.72,301,2,22.78
TXS1-00155,40.32,13.1,350,2,7.45
TXS1-00156,23.82,19.47,547,2,10.82
TXS1-00157,75.53,15.71,13,6,9.41
TXS1-00158,22.0,18.02,62,3,8.48
TXS1-00159,119.84,20.03,325,3,13.51
TXS1-00160,37.07,15.16,646,5,2.87
TXS1-00161,150.69,17.61,1056,2,6.44
TXS1-00162,30.8,18.73,722,2,29.5
TXS1-00163,29.98,9.71,41,3,17.47
TXS1-00164,47.36,19.44,282,6,13.62
TXS1-00165,57.51,13.57,28,1,10.27
TXS1-00166,99.17,21.64,344,4,6.46
TXS1-00167,39.77,14.48,1504,2,11.59
TXS1-00168,57.68,15.17,99,2,3.06
TXS1-00169,53.72,11.31,2697,2,7.16
TXS1-00170,18.89,22.09,1521,3,4.7
TXS1-00171,47.96,16.79,619,2,14.1
TXS1-00172,12.69,13.31,1368,5,18.31
TXS1-00173,21.4,12.95,41,1,7.98
TXS1-00174,29.64,19.71,265,3,13.05
TXS1-00175,94.31,12.31,671,5,3.13
TXS1-00176,35.86,10.37,267,3,1.27
TXS1-00177,77.2,23.16,144,4,3.03
TXS1-00178,32.24,10.98,703,3,4.07
TXS1-00179,62.5,14.97,666,5,4.13
TXS1-00180,13.4,9.48,380,4,15.3
TXS1-00181,43.85,17.25,200,4,14.35
TXS1-00182,23.94,15.97,489,2,4.5
TXS1-00183,53.78,20.68,80,4,10.36
TXS1-00184,24.11,14.68,196,2,8.87
TXS1-00185,12.66,19.52,1367,3,3.74
TXS1-00186,15.15,12.74,543,2,8.02
TXS1-00187,57.02,13.41,258,2,2.18
TXS1-00188,24.15,11.15,783,1,7.74
TXS1-00189,41.85,18.75,232,3,2.29
TXS1-00190,9.49,12.3,320,5,15.89
TXS1-00191,44.47,19.73,93,1,62.89
TXS1-00192,34.5,19.39,760,2,1.72
TXS1-00193,15.54,15.16,1151,1,4.58
TXS1-00194,79.34,14.68,55,3,16.65
TXS1-00195,50.14,16.37,161,3,1.32
TXS1-00196,14.86,11.49,720,4,12.82
TXS1-00197,20.91,11.22,85,3,3.94
TXS1-00198,37.02,21.39,886,5,5.55
TXS1-00199,169.52,21.54,478,3,0.67
TXS1-00200,34.69,18.25,310,1,2.16
TXS1-00201,20.04,11.29,178,1,2.19
TXS1-00202,54.84,11.43,352,2,23.76
TXS1-00203,42.89,18.4,104,2,0.52
TXS1-00204,53.67,23.24,1520,6,15.17
TXS1-00205,21.63,11.37,98,3,1.4
TXS1-00206,53.32,18.87,1157,6,5.09
TXS1-00207,5.73,22.98,389,1,8.39
TXS1-00208,44.14,17.83,732,3,17.8
TXS1-00209,15.42,21.08,425,1,3.7
TXS1-00210,13.33,21.12,1300,1,6.38
TXS1-00211,19.59,14.04,36,1,3.79
TXS1-00212,27.76,19.36,665,3,17.41
TXS1-00213,27.07,11.04,294,2,9.16
TXS1-00214,47.33,20.21,348,2,4.53
TXS1-00215,17.7,18.3,815,1,2.86
TXS1-00216,39.51,12.81,78,1,15.4
TXS1-00217,24.1,9.59,155,4,0.51
TXS1-00218,42.27,21.27,1002,2,1.49
TXS1-00219,63.7,18.08,194,3,12.34
TXS1-00220,74.27,23.3,788,3,2.36
TXS1-00221,91.09,10.98,116,4,1.49
TXS1-00222,13.74,19.52,321,1,24.11
TXS1-00223,31.28,12.44,263,2,2.08
TXS1-00224,67.56,11.73,6,3,5.88
TXS1-00225,51.98,16.49,82,4,1.96
TXS1-00226,12.07,18.19,169,4,9.08
TXS1-00227,10.3,11.51,730,4,4.89
TXS1-00228,51.5,20.28,299,1,4.8
TXS1-00229,89.84,15.24,89,4,25.92
TXS1-00230,17.78,14.62,6,3,4.41
TXS1-00231,37.02,14.8,279,2,45.46
TXS1-00232,38.25,17.55,408,1,6.17
TXS1-00233,114.17,17.29,75,3,37.44
TXS1-00234,32.36,21.55,395,1,7.09
TXS1-00235,76.25,13.97,50,1,4.05
TXS1-00236,51.46,14.58,44,3,1.92
TXS1-00237,32.52,16.6,430,3,2.88
TXS1-00238,15.58,11.94,33,1,0.8
TXS1-00239,24.97,11.3,238,1,33.23
TXS1-00240,78.26,14.34,7,3,9.86
TXS1-00241,30.68,8.83,608,1,10.81
TXS1-00242,46.1,14.13,1456,2,9.5
TXS1-00243,15.88,15.73,907,1,4.47
TXS1-00244,8.9,11.35,248,1,3.06
TXS1-00245,16.91,9.83,1030,3,9.76
TXS1-00246,95.55,15.98,2625,3,2.94
TXS1-00247,47.56,14.94,112,6,3.32
TXS1-00248,19.74,17.68,547,2,19.62
TXS1-00249,11.74,14.36,125,2,1.81
TXS1-00250,118.58,17.38,392,3,12.04
TXS1-00251,33.03,10.56,97,2,5.62
TXS1-00252,34.38,22.19,123,4,3.02
TXS1-00253,15.45,16.31,2164,3,13.15
TXS1-00254,78.98,23.42,224,4,2.96
TXS1-00255,31.01,17.73,381,3,5.5
TXS1-00256,24.02,18.24,593,3,3.12
TXS1-00257,10.95,15.57,875,2,1.83
TXS1-00258,44.93,20.6,33,1,6.52
TXS1-00259,39.51,9.71,565,1,7.1
TXS1-00260,17.54,20.09,329,2,30.46
TXS1-00261,28.21,8.76,190,1,4.04
TXS1-00262,13.86,15.47,64,1,12.55
TXS1-00263,17.07,20.98,408,2,37.57
TXS1-00264,84.57,9.72,783,2,4.58
TXS1-00265,13.4,15.23,44,3,1.83
TXS1-00266,35.75,19.98,163,6,6.43
TXS1-00267,52.73,10.88,695,1,3.6
TXS1-00268,64.93,23.01,4,2,0.83
TXS1-00269,16.19,20.42,101,3,20.35
TXS1-00270,40.19,17.17,199,6,7.93
TXS1-00271,39.33,12.2,143,3,9.34
TXS1-00272,18.68,16.6,652,4,0.9
TXS1-00273,31.29,13.04,192,3,6.5
TXS1-00274,72.68,23.4,173,6,9.01
TXS1-00275,48.87,19.83,36,2,2.11
TXS1-00276,48.39,18.93,423,1,4.27
TXS1-00277,280.15,19.31,839,1,2.02
TXS1-00278,31.38,8.81,245,3,76.87
TXS1-00279,10.85,11.49,464,3,3.73
TXS1-00280,59.1,14.13,829,4,5.29
TXS1-00281,33.05,14.0,7,5,3.94
TXS1-00282,21.36,12.25,255,3,6.78
TXS1-00283,25.53,14.44,516,2,0.79
TXS1-00284,17.15,19.75,455,1,16.18
TXS1-00285,36.77,16.95,187,2,11.97
TXS1-00286,21.97,20.27,403,1,20.88
TXS1-00287,20.37,12.56,1545,4,4.52
TXS1-00288,99.68,16.81,1002,2,2.25
TXS1-00289,59.63,21.4,982,4,14.36
TXS1-00290,78.95,21.38,552,4,5.59
TXS1-00291,19.62,17.32,110,1,11.87
TXS1-00292,19.14,11.73,169,1,9.45
TXS1-00293,14.47,15.46,902,2,52.85
TXS1-00294,52.8,10.06,102,5,10.35
TXS1-00295,57.37,17.11,295,2,77.51
TXS1-00296,42.19,19.85,400,1,1.39
TXS1-00297,51.99,14.52,142,4,2.52
TXS1-00298,87.01,12.01,543,1,4.65
TXS1-00299,27.52,12.95,385,6,21.58
TXS1-00300,51.94,15.99,1122,2,3.09
TXS1-00301,19.02,17.69,50,3,1.37
TXS1-00302,12.89,17.16,25,6,30.17
TXS1-00303,35.05,11.95,317,4,11.69
TXS1-00304,5.17,20.64,750,2,28.55
TXS1-00305,54.19,11.03,296,2,9.76
TXS1-00306,55.24,13.21,2199,1,0.7
TXS1-00307,65.55,21.09,200,3,1.21
TXS1-00308,35.88,14.3,118,2,5.51
TXS1-00309,11.46,10.27,51,2,12.26
TXS1-00310,8.5,0.97,775,4,1.05
TXS1-00311,20.89,15.32,422,2,7.33
TXS1-00312,81.41,21.4,126,2,8.58
TXS1-00313,38.31,10.6,10,3,16.83
TXS1-00314,38.42,18.49,141,1,6.31
TXS1-00315,8.95,3.73,432,1,5.59
TXS1-00316,118.26,12.09,1111,1,17.87
TXS1-00317,80.34,15.53,144,2,10.39
TXS1-00318,26.55,14.98,299,4,2.15
TXS1-00319,20.52,20.14,31,1,18.64
TXS1-00320,50.17,20.15,942,3,57.39
TXS1-00321,36.44,12.82,1192,3,15.96
TXS1-00322,17.21,11.8,446,3,2.48
TXS1-00323,17.86,14.81,369,5,1.52
TXS1-00324,20.53,15.08,905,2,9.36
TXS1-00325,80.93,20.74,563,4,5.12
TXS1-00326,16.69,12.44,159,1,5.6
TXS1-00327,47.7,12.67,57,1,24.02
TXS1-00328,73.28,15.42,322,2,5.78
TXS1-00329,34.24,0.61,438,4,33.21
TXS1-00330,19.06,19.52,160,4,43.21
TXS1-00331,20.73,21.2,148,1,19.21
TXS1-00332,58.28,10.76,204,3,1.09
TXS1-00333,10.25,17.22,51,5,6.51
TXS1-00334,82.04,12.55,464,3,4.1
TXS1-00335,143.31,15.33,1163,4,0.77
TXS1-00336,10.51,17.33,881,2,4.76
TXS1-00337,7.07,9.3,8,1,8.32
TXS1-00338,29.64,13.49,141,4,7.02
TXS1-00339,31.88,15.25,14,3,2.39
TXS1-00340,122.83,23.02,598,4,1.25
TXS1-00341,16.92,19.12,51,4,7.18
TXS1-00342,36.01,16.94,572,2,6.12
TXS1-00343,35.66,14.14,309,1,15.65
TXS1-00344,6.88,6.7,281,4,4.1
TXS1-00345,207.23,9.7,1143,2,8.27
TXS1-00346,45.39,19.54,888,2,12.1
TXS1-00347,12.33,18.45,3315,2,1.23
TXS1-00348,12.39,12.27,263,4,13.48
TXS1-00349,42.69,9.62,1573,3,1.84
TXS1-00350,97.37,11.17,679,3,4.28
TXS1-00351,39.71,8.6,280,4,2.1
TXS1-00352,76.97,13.26,485,2,3.24
TXS1-00353,11.29,16.07,562,2,1.69
TXS1-00354,21.05,12.48,808,2,0.65
TXS1-00355,49.92,11.25,423,3,2.02
TXS1-00356,35.32,16.74,101,1,1.07
TXS1-00357,20.56,14.26,470,2,6.77
TXS1-00358,9.24,14.56,693,3,6.26
TXS1-00359,17.42,21.25,882,3,3.85
TXS1-00360,26.15,13.33,304,5,13.44
TXS1-00361,30.0,12.69,156,2,18.71
TXS1-00362,16.4,5.68,277,2,2.75
TXS1-00363,63.18,23.86,288,1,4.93
TXS1-00364,21.01,15.3,145,1,29.58
TXS1-00365,35.91,18.53,626,2,41.62
TXS1-00366,13.49,20.19,773,3,3.86
TXS1-00367,20.97,11.58,381,2,0.9
TXS1-00368,32.75,11.64,189,2,12.35
TXS1-00369,65.78,16.25,57,2,3.15
TXS1-00370,11.45,14.63,159,5,8.11
TXS1-00371,29.12,17.37,353,4,3.92
TXS1-00372,108.96,17.88,1594,2,2.73
TXS1-00373,16.23,15.55,4,3,5.66
TXS1-00374,26.37,11.9,209,2,6.41
TXS1-00375,47.98,15.37,474,2,3.68
TXS1-00376,21.34,11.57,214,3,52.39
TXS1-00377,15.01,21.96,23,4,171.64
TXS1-00378,24.04,16.29,1135,3,2.31
TXS1-00379,26.92,18.83,787,1,15.82
TXS1-00380,74.95,10.95,130,2,8.64
TXS1-00381,219.77,8.63,170,2,1.47
TXS1-00382,21.82,19.56,6,2,2.47
TXS1-00383,39.84,14.59,404,3,0.86
TXS1-00384,28.81,18.4,464,3,0.93
TXS1-00385,37.22,14.5,626,4,1.46
TXS1-00386,60.83,10.14,391,3,3.35
TXS1-00387,57.91,20.83,145,3,0.38
TXS1-00388,16.01,17.47,164,1,16.98
TXS1-00389,37.52,19.53,777,2,39.86
TXS1-00390,27.62,16.81,216,2,4.27
TXS1-00391,20.28,8.98,568,2,1.22
TXS1-00392,71.56,16.28,442,2,3.1
TXS1-00393,13.91,13.24,545,1,9.2
TXS1-00394,32.12,17.8,400,1,8.61
TXS1-00395,33.66,20.38,428,2,12.67
TXS1-00396,22.83,10.83,353,1,9.64
TXS1-00397,17.87,20.4,309,1,12.48
TXS1-00398,15.26,7.11,912,1,6.22
TXS1-00399,36.57,21.42,143,2,33.8
TXS1-00400,13.46,10.11,157,1,10.34
TXS1-00401,52.45,21.68,67,2,2.24
TXS1-00402,51.01,18.96,48,1,11.19
TXS1-00403,72.23,7.36,587,4,5.96
TXS1-00404,26.67,14.66,101,3,10.61
TXS1-00405,48.52,17.04,823,1,12.15
TXS1-00406,56.3,11.59,298,3,9.04
TXS1-00407,49.87,17.83,784,1,2.53
TXS1-00408,39.14,6.99,11,6,1.41
TXS1-00409,86.29,23.83,317,1,9.19
TXS1-00410,51.5,12.86,207,2,0.75
TXS1-00411,34.92,21.35,766,2,1.44
TXS1-00412,33.46,13.99,559,2,11.66
TXS1-00413,20.12,17.12,636,1,4.58
TXS1-00414,48.04,17.42,249,2,6.82
TXS1-00415,68.7,16.17,163,3,1.59
TXS1-00416,35.02,15.02,118,6,13.45
TXS1-00417,25.32,15.73,9,2,5.37
TXS1-00418,60.91,15.88,661,5,2.15
TXS1-00419,9.45,14.74,199,3,8.46
TXS1-00420,60.15,14.53,1459,2,3.4
TXS1-00421,41.28,14.49,557,2,1.83
TXS1-00422,51.2,21.44,49,2,10.62
TXS1-00423,6.99,19.24,163,1,5.96
TXS1-00424,35.02,14.84,341,3,1.58
TXS1-00425,144.87,19.32,2,4,0.94
TXS1-00426,78.59,10.5,89,3,8.63
TXS1-00427,10.3,12.41,618,1,1.63
TXS1-00428,31.12,14.76,572,6,0.69
TXS1-00429,73.83,11.56,189,5,2.18
TXS1-00430,40.95,17.82,21,4,4.99
TXS1-00431,32.78,14.64,113,2,3.32
TXS1-00432,14.09,22.13,289,4,18.21
TXS1-00433,87.69,10.56,970,2,5.01
TXS1-00434,13.22,14.32,267,4,2.1
TXS1-00435,22.58,14.69,235,4,2.72
TXS1-00436,59.94,19.69,369,4,9.03
TXS1-00437,18.0,13.89,296,2,4.12
TXS1-00438,19.77,11.44,150,1,3.25
TXS1-00439,67.28,17.71,118,2,2.81
TXS1-00440,47.53,15.57,1367,3,7.33
TXS1-00441,63.34,9.49,4,1,10.12
TXS1-00442,17.33,21.37,178,3,6.33
TXS1-00443,11.63,7.69,336,2,3.8
TXS1-00444,32.2,9.85,421,3,21.6
TXS1-00445,39.14,17.04,69,2,9.3
TXS1-00446,33.52,18.8,437,4,2.73
TXS1-00447,26.2,8.91,915,2,10.64
TXS1-00448,14.26,20.24,289,2,22.71
TXS1-00449,54.72,20.07,103,2,11.99
TXS1-00450,16.54,19.58,838,3,8.78
TXS1-00451,39.29,17.03,562,3,21.85
TXS1-00452,104.09,19.14,130,5,7.65
TXS1-00453,32.39,8.89,229,3,24.75
TXS1-00454,9.61,16.76,921,5,9.09
TXS1-00455,141.87,20.17,275,3,0.86
TXS1-00456,15.57,20.51,13,5,12.42
TXS1-00457,21.17,21.83,1340,3,10.8
TXS1-00458,45.3,19.24,585,4,0.47
TXS1-00459,100.24,22.32,25,6,35.44
TXS1-00460,49.3,15.95,2115,2,2.72
TXS1-00461,25.29,23.86,465,1,5.6
TXS1-00462,19.67,13.81,46,1,0.84
TXS1-00463,11.79,17.89,721,1,2.34
TXS1-00464,38.75,21.97,344,1,4.68
TXS1-00465,49.77,16.4,875,3,16.92
TXS1-00466,157.01,19.55,34,1,16.79
TXS1-00467,44.34,12.24,405,3,1.36
TXS1-00468,109.11,19.85,423,2,15.06
TXS1-00469,14.99,21.66,379,3,5.75
TXS1-00470,62.47,16.17,426,5,4.29
TXS1-00471,62.31,19.67,139,2,6.78
TXS1-00472,30.22,14.48,225,2,12.63
TXS1-00473,39.11,23.37,949,4,13.1
TXS1-00474,61.39,22.44,16,3,5.33
TXS1-00475,105.69,22.77,634,2,2.7
TXS1-00476,43.59,10.1,180,1,6.9
TXS1-00477,59.05,17.72,1336,7,10.13
TXS1-00478,231.89,12.22,28,6,36.49
TXS1-00479,68.41,21.06,304,3,1.16
TXS1-00480,19.16,22.32,892,3,4.19
TXS1-00481,7.95,12.89,128,3,1.05
TXS1-00482,23.96,15.14,308,4,1.43
TXS1-00483,58.49,9.57,102,3,8.7
TXS1-00484,5.89,15.74,1278,4,5.01
TXS1-00485,67.91,12.52,579,3,45.18
TXS1-00486,51.89,19.44,88,4,5.68
TXS1-00487,38.21,11.38,531,4,9.43
TXS1-00488,27.01,21.55,618,2,68.55
TXS1-00489,75.45,17.45,696,1,1.68
TXS1-00490,48.51,23.21,298,1,6.56
TXS1-00491,12.12,21.06,76,1,2.86
TXS1-00492,19.51,11.89,58,1,5.8
TXS1-00493,85.29,16.92,288,3,5.54
TXS1-00494,39.7,22.23,734,3,2.65
TXS1-00495,10.25,12.71,588,4,2.68
TXS1-00496,10.18,8.25,447,1,24.22
TXS1-00497,127.32,17.61,131,5,14.79
TXS1-00498,17.2,21.39,182,1,10.84
TXS1-00499,15.15,14.61,234,2,2.07
TXS1-00500,9.99,20.32,604,1,2.46
TXS1-00501,36.15,22.25,736,2,8.48
TXS1-00502,107.9,17.94,352,5,0.87
TXS1-00503,92.97,18.68,263,2,30.07
TXS1-00504,97.84,19.25,24,1,3.85
TXS1-00505,36.53,13.89,524,4,7.41
TXS1-00506,33.76,15.45,795,4,12.92
TXS1-00507,44.79,18.74,302,1,6.49
TXS1-00508,22.62,18.83,100,3,39.23
TXS1-00509,19.43,14.31,2772,3,22.38
TXS1-00510,32.96,15.32,686,2,7.27
TXS1-00511,56.34,12.74,456,1,36.93
TXS1-00512,14.11,15.94,301,5,8.38
TXS1-00513,15.93,13.98,660,3,1.22
TXS1-00514,13.33,20.72,171,1,4.7
TXS1-00515,69.17,13.12,411,3,14.15
TXS1-00516,19.04,17.02,89,2,80.55
TXS1-00517,24.51,10.34,539,3,2.37
TXS1-00518,61.49,19.79,331,2,4.31
TXS1-00519,44.22,13.1,423,2,22.51
TXS1-00520,56.56,15.88,388,5,16.9
TXS1-00521,28.61,12.55,679,3,42.34
TXS1-00522,21.23,13.29,340,4,41.52
TXS1-00523,58.6,11.13,553,3,9.65
TXS1-00524,40.97,18.4,51,3,3.49
TXS1-00525,35.29,10.32,48,1,3.86
TXS1-00526,80.65,17.38,175,3,4.3
TXS1-00527,35.2,15.58,338,2,1.63
TXS1-00528,110.02,16.48,132,1,4.5
TXS1-00529,42.34,16.73,597,1,1.89
TXS1-00530,11.56,13.93,2,2,141.52
TXS1-00531,19.0,23.77,571,2,2.3
TXS1-00532,41.53,20.22,102,3,15.9
TXS1-00533,12.47,12.93,136,6,3.42
TXS1-00534,5.7,0.79,33,1,6.79
TXS1-00535,13.26,13.69,657,3,6.36
TXS1-00536,15.09,19.43,307,4,9.11
TXS1-00537,19.53,9.29,445,2,12.86
TXS1-00538,6.16,19.87,131,3,3.54
TXS1-00539,48.21,14.01,1708,3,10.58
TXS1-00540,45.73,4.45,1865,3,14.12
TXS1-00541,19.29,0.2,1818,4,47.57
TXS1-00542,59.95,17.85,823,3,15.77
TXS1-00543,15.25,15.64,1104,1,9.56
TXS1-00544,8.04,15.61,589,3,3.27
TXS1-00545,36.93,13.59,20,1,7.07
TXS1-00546,11.24,18.66,167,4,6.68
TXS1-00547,11.98,11.78,185,4,3.93
TXS1-00548,39.7,22.17,349,4,3.06
TXS1-00549,29.98,16.65,178,2,7.62
TXS1-00550,134.51,0.83,889,5,10.52
TXS1-00551,22.58,18.94,368,2,5.7
TXS1-00552,53.76,12.34,566,4,2.18
TXS1-00553,31.5,13.74,750,3,5.21
TXS1-00554,89.12,17.19,185,5,3.4
TXS1-00555,26.05,12.64,742,2,18.16
TXS1-00556,11.11,20.1,159,3,2.37
TXS1-00557,160.38,9.27,404,2,12.32
TXS1-00558,17.9,13.06,631,5,12.08
TXS1-00559,26.63,16.37,269,3,6.5
TXS1-00560,148.42,22.89,199,3,25.45
TXS1-00561,33.13,1.88,317,4,60.37
TXS1-00562,29.04,10.72,225,2,28.19
TXS1-00563,26.9,13.3,417,2,2.73
TXS1-00564,102.55,21.87,1668,3,8.7
TXS1-00565,70.47,10.61,564,2,1.12
TXS1-00566,28.66,13.84,740,3,3.43
TXS1-00567,16.25,18.39,92,2,8.53
TXS1-00568,24.75,22.01,844,1,4.86
TXS1-00569,8.02,12.99,201,3,3.42
TXS1-00570,36.22,15.07,293,3,6.34
TXS1-00571,12.22,15.47,167,3,1.73
TXS1-00572,24.49,12.15,424,3,5.6
TXS1-00573,115.79,8.4,38,2,4.12
TXS1-00574,27.0,11.92,584,3,34.05
TXS1-00575,8.1,14.31,417,2,15.43
TXS1-00576,59.08,11.51,104,3,2.03
TXS1-00577,38.92,15.72,52,2,3.38
TXS1-00578,32.43,11.55,819,5,2.31
TXS1-00579,46.42,16.21,230,2,1.69
TXS1-00580,34.6,18.31,394,4,21.45
TXS1-00581,9.79,12.62,171,5,3.92
TXS1-00582,29.78,11.72,47,1,5.7
TXS1-00583,108.23,6.82,548,2,1.59
TXS1-00584,135.22,12.24,146,4,7.19
TXS1-00585,37.07,11.04,1791,3,11.1
TXS1-00586,76.25,17.48,199,5,16.81
TXS1-00587,7.05,19.21,745,1,9.19
TXS1-00588,49.63,22.99,138,2,52.86
TXS1-00589,37.45,11.38,38,3,2.57
TXS1-00590,14.33,16.61,268,2,7.4
TXS1-00591,63.22,14.05,354,2,70.25
TXS1-00592,15.09,17.97,58,2,6.73
TXS1-00593,65.49,9.38,516,3,7.64
TXS1-00594,89.26,7.8,781,2,18.28
TXS1-00595,52.95,12.66,405,3,9.69
TXS1-00596,34.64,14.37,603,1,27.14
TXS1-00597,53.32,14.3,505,2,5.35
TXS1-00598,23.14,20.95,403,3,5.64
TXS1-00599,12.64,21.1,111,2,12.81
TXS1-00600,57.57,13.95,265,2,1.34
TXS1-00601,110.89,21.16,65,2,5.08
TXS1-00602,42.36,14.72,1636,5,3.53
TXS1-00603,16.08,11.36,92,1,5.62
TXS1-00604,44.61,15.54,90,2,5.13
TXS1-00605,37.02,18.56,1,3,1.35
TXS1-00606,22.31,11.9,898,2,12.07
TXS1-00607,51.83,9.54,268,1,10.8
TXS1-00608,26.65,23.59,1275,2,9.45
TXS1-00609,28.38,17.91,54,2,3.13
TXS1-00610,23.68,14.78,173,3,3.49
TXS1-00611,63.58,19.5,358,1,5.18
TXS1-00612,61.69,18.7,177,4,6.31
TXS1-00613,71.55,13.29,940,2,16.66
TXS1-00614,22.05,17.8,1040,3,1.08
TXS1-00615,18.38,19.79,594,4,17.18
TXS1-00616,48.04,22.03,142,3,14.69
TXS1-00617,13.12,22.75,450,1,3.88
TXS1-00618,33.82,15.14,1480,5,1.16
TXS1-00619,8.91,20.21,129,4,4.09
TXS1-00620,50.83,14.2,217,3,18.14
TXS1-00621,20.43,10.62,755,2,17.32
TXS1-00622,61.48,16.74,224,1,2.81
TXS1-00623,70.55,8.86,456,1,8.33
TXS1-00624,13.68,18.73,62,2,2.98
TXS1-00625,43.8,16.9,8,5,14.77
TXS1-00626,11.37,19.81,89,1,1.68
TXS1-00627,20.41,7.94,217,6,15.3
TXS1-00628,15.49,9.49,515,1,10.96
TXS1-00629,47.66,22.65,828,2,7.56
TXS1-00630,18.21,18.3,4,2,3.25
TXS1-00631,7.72,7.84,26,4,12.01
TXS1-00632,29.56,8.64,344,1,2.24
TXS1-00633,18.64,14.72,327,3,3.33
TXS1-00634,32.18,11.8,752,1,32.83
TXS1-00635,81.62,9.36,231,4,13.83
TXS1-00636,29.98,15.91,536,4,17.64
TXS1-00637,17.46,8.87,382,2,15.92
TXS1-00638,25.61,13.42,900,1,7.5
TXS1-00639,58.75,13.72,260,2,32.8
TXS1-00640,112.2,21.28,92,2,8.9
TXS1-00641,40.93,22.18,1026,6,0.87
TXS1-00642,18.53,22.05,573,4,8.56
TXS1-00643,26.4,19.58,223,1,8.27
TXS1-00644,30.46,16.78,527,3,25.51
TXS1-00645,42.83,22.21,16,2,0.21
TXS1-00646,25.91,18.05,297,2,17.34
TXS1-00647,12.18,14.44,1711,3,25.92
TXS1-00648,85.29,16.54,1951,3,16.79
TXS1-00649,37.4,12.86,507,4,5.87
TXS1-00650,63.27,15.19,1171,2,7.21
TXS1-00651,65.23,15.25,689,2,0.46
TXS1-00652,14.25,17.49,254,2,1.86
TXS1-00653,86.67,18.49,19,1,73.18
TXS1-00654,31.56,12.36,145,2,3.14
TXS1-00655,103.61,0.13,571,2,1.32
TXS1-00656,35.15,17.55,497,2,17.37
TXS1-00657,16.54,7.26,177,4,5.18
TXS1-00658,30.44,15.54,631,3,5.0
TXS1-00659,67.4,11.14,226,4,5.9
TXS1-00660,73.04,20.81,402,1,1.59
TXS1-00661,17.67,16.02,435,4,4.58
TXS1-00662,9.4,22.69,1797,3,6.57
TXS1-00663,17.37,11.56,140,3,28.8
TXS1-00664,20.17,19.58,1393,1,22.63
TXS1-00665,16.86,14.57,68,3,4.57
TXS1-00666,4.77,14.51,282,1,31.93
TXS1-00667,13.68,11.87,128,2,18.34
TXS1-00668,99.93,17.74,560,2,8.92
TXS1-00669,87.39,18.18,87,4,11.83
TXS1-00670,44.8,10.67,334,2,3.58
TXS1-00671,9.73,10.77,828,4,3.68
TXS1-00672,17.6,18.23,34,4,3.39
TXS1-00673,32.06,17.93,439,2,1.55
TXS1-00674,25.74,18.68,548,3,11.28
TXS1-00675,109.84,10.73,1164,3,0.94
TXS1-00676,32.2,20.14,98,3,3.74
TXS1-00677,22.97,16.38,113,4,1.55
TXS1-00678,65.62,19.97,27,4,12.27
TXS1-00679,23.15,21.31,1006,1,16.87
TXS1-00680,25.04,17.65,272,3,3.64
TXS1-00681,28.3,19.09,238,5,8.84
TXS1-00682,30.64,22.4,1035,4,2.58
TXS1-00683,29.94,12.87,429,3,20.1
TXS1-00684,33.46,13.39,1,1,6.54
TXS1-00685,28.88,13.8,468,3,10.34
TXS1-00686,13.27,17.65,593,4,1.54
TXS1-00687,20.19,21.84,6,3,10.35
TXS1-00688,68.61,14.79,588,2,4.75
TXS1-00689,21.61,17.77,238,2,4.6
TXS1-00690,63.03,17.38,235,3,12.49
TXS1-00691,32.9,14.67,306,1,8.55
TXS1-00692,120.32,13.67,178,2,23.24
TXS1-00693,41.26,13.73,170,3,10.89
TXS1-00694,54.01,20.03,347,2,14.82
TXS1-00695,19.99,20.21,767,3,4.54
TXS1-00696,83.56,15.07,142,6,3.69
TXS1-00697,113.08,11.74,359,2,4.21
TXS1-00698,20.24,6.16,25,4,1.84
TXS1-00699,17.03,21.89,191,3,11.89
TXS1-00700,23.93,23.46,227,4,3.33
TXS1-00701,13.41,17.62,283,4,6.57
TXS1-00702,68.52,11.31,181,3,3.01
TXS1-00703,278.81,13.11,14,1,34.04
TXS1-00704,28.72,14.58,547,1,5.2
TXS1-00705,144.78,10.27,210,2,31.98
TXS1-00706,95.89,12.51,185,2,8.99
TXS1-00707,19.11,13.13,328,4,10.01
TXS1-00708,35.42,11.92,589,2,4.66
TXS1-00709,8.71,13.12,465,3,1.58
TXS1-00710,21.55,20.52,94,5,9.15
TXS1-00711,60.07,16.12,322,5,7.57
TXS1-00712,42.69,8.13,304,1,1.13
TXS1-00713,42.09,14.21,337,3,1.68
TXS1-00714,77.23,14.89,7,3,21.34
TXS1-00715,16.31,18.5,182,1,7.13
TXS1-00716,26.63,11.1,406,5,4.64
TXS1-00717,32.1,13.36,874,3,201.18
TXS1-00718,10.26,18.23,235,2,4.84
TXS1-00719,89.92,17.22,615,4,29.13
TXS1-00720,18.36,13.35,1921,5,7.06
TXS1-00721,89.62,17.62,39,1,2.78
TXS1-00722,28.75,21.05,316,2,2.69
TXS1-00723,99.74,18.94,217,1,10.8
TXS1-00724,23.47,20.73,62,2,4.04
TXS1-00725,26.83,15.9,494,3,30.57
TXS1-00726,116.31,8.64,410,3,1.13
TXS1-00727,21.94,0.46,229,1,8.76
TXS1-00728,45.74,12.38,542,5,11.17
TXS1-00729,87.29,0.67,763,4,2.41
TXS1-00730,45.32,19.01,611,3,4.56
TXS1-00731,22.8,19.51,46,2,44.11
TXS1-00732,64.67,16.08,130,4,3.92
TXS1-00733,33.8,15.63,494,1,4.9
TXS1-00734,13.22,13.18,317,1,1.42
TXS1-00735,68.11,10.07,1740,3,11.02
TXS1-00736,91.25,14.86,11,6,19.69
TXS1-00737,30.71,9.83,341,1,10.26
TXS1-00738,59.92,23.85,30,2,3.04
TXS1-00739,64.56,17.26,498,4,1.73
TXS1-00740,12.56,17.48,263,3,8.11
TXS1-00741,86.23,21.04,302,4,8.55
TXS1-00742,57.68,13.44,611,1,1.57
TXS1-00743,32.34,21.05,12,2,45.38
TXS1-00744,29.24,14.18,117,2,3.55
TXS1-00745,51.85,4.61,87,1,26.61
TXS1-00746,14.7,15.08,480,2,17.31
TXS1-00747,10.05,16.94,125,1,9.48
TXS1-00748,29.06,12.49,344,2,1.52
TXS1-00749,19.45,19.07,68,2,0.97
TXS1-00750,34.83,14.51,127,2,0.61
TXS1-00751,47.99,10.88,20,1,4.4
TXS1-00752,19.93,19.47,549,3,4.35
TXS1-00753,21.36,12.99,35,4,4.84
TXS1-00754,47.4,13.35,855,1,13.2
TXS1-00755,21.52,16.89,659,1,2.36
TXS1-00756,20.14,9.07,1851,1,1.22
TXS1-00757,16.12,12.85,671,2,1.38
TXS1-00758,19.89,14.67,138,2,1.3
TXS1-00759,59.65,21.73,986,4,1.01
TXS1-00760,81.11,23.67,559,1,8.8
TXS1-00761,25.06,15.48,544,3,5.56
TXS1-00762,34.92,17.73,157,1,2.95
TXS1-00763,10.53,11.27,11,3,4.0
TXS1-00764,30.18,19.96,236,3,3.02
TXS1-00765,41.7,19.49,1280,2,6.09
TXS1-00766,52.48,18.89,10,1,28.93
TXS1-00767,7.21,10.58,165,1,6.49
TXS1-00768,36.67,21.4,383,2,15.11
TXS1-00769,13.64,18.58,413,3,1.16
TXS1-00770,80.36,23.27,144,4,4.49
TXS1-00771,69.47,18.17,545,3,11.79
TXS1-00772,12.47,13.7,930,2,2.93
TXS1-00773,48.13,21.63,98,2,2.17
TXS1-00774,21.77,22.19,310,2,3.93
TXS1-00775,23.02,18.14,225,3,2.45
TXS1-00776,57.89,17.98,1063,4,1.39
TXS1-00777,22.8,21.51,142,2,2.59
TXS1-00778,22.25,22.44,418,3,25.74
TXS1-00779,78.85,15.28,524,1,0.33
TXS1-00780,53.85,15.36,1072,1,1.84
TXS1-00781,11.11,15.04,1189,2,3.37
TXS1-00782,50.33,10.53,659,3,2.94
TXS1-00783,43.03,10.14,214,4,7.58
TXS1-00784,54.32,13.1,16,3,1.36
TXS1-00785,7.47,13.27,38,2,6.41
TXS1-00786,14.36,1.66,386,3,5.36
TXS1-00787,8.39,22.99,813,1,2.41
TXS1-00788,41.28,18.61,330,4,3.49
TXS1-00789,17.94,22.8,30,2,14.37
TXS1-00790,56.26,18.65,102,1,2.71
TXS1-00791,11.6,12.42,645,2,3.36
TXS1-00792,6.73,9.36,1070,2,0.76
TXS1-00793,36.17,12.44,1299,1,1.17
TXS1-00794,16.58,19.53,678,3,2.52
TXS1-00795,26.27,11.26,164,4,2.24
TXS1-00796,88.35,22.78,261,4,2.61
TXS1-00797,14.75,22.14,507,4,34.95
TXS1-00798,26.97,10.94,53,1,5.43
TXS1-00799,27.11,7.98,309,1,6.54
TXS1-00800,15.58,16.92,803,4,4.75
TXS1-00801,29.73,8.5,287,2,6.9
TXS1-00802,34.23,10.59,139,5,6.7
TXS1-00803,9.7,14.24,699,3,18.33
TXS1-00804,6.04,17.35,78,2,6.58
TXS1-00805,36.8,14.19,1285,2,11.51
TXS1-00806,40.79,14.47,930,3,10.91
TXS1-00807,66.73,19.11,64,4,5.83
TXS1-00808,68.07,16.9,392,1,18.86
TXS1-00809,38.98,19.41,167,1,10.93
TXS1-00810,25.89,14.3,348,2,20.27
TXS1-00811,35.42,12.22,207,3,11.52
TXS1-00812,141.94,22.62,70,1,28.33
TXS1-00813,22.98,14.37,154,3,4.84
TXS1-00814,60.61,19.84,969,3,0.68
TXS1-00815,68.46,16.99,357,3,0.5
TXS1-00816,76.69,17.68,71,2,17.96
TXS1-00817,62.97,16.21,910,3,9.07
TXS1-00818,41.93,19.65,341,1,21.77
TXS1-00819,12.66,20.55,1494,1,4.45
TXS1-00820,16.96,10.36,299,2,4.66
TXS1-00821,27.61,13.9,210,4,2.94
TXS1-00822,43.54,14.92,442,2,1.28
TXS1-00823,38.67,9.22,551,3,9.66
TXS1-00824,83.85,17.67,1187,2,3.89
TXS1-00825,15.05,19.37,77,4,8.56
TXS1-00826,15.11,21.19,14,6,5.56
TXS1-00827,75.94,19.65,149,5,1.35
TXS1-00828,31.98,9.74,109,3,11.59
TXS1-00829,31.92,9.91,32,3,2.57
TXS1-00830,35.38,11.64,344,2,5.57
TXS1-00831,66.3,16.86,14,3,1.27
TXS1-00832,63.9,13.25,220,1,3.14
TXS1-00833,56.16,20.5,750,2,5.47
TXS1-00834,205.28,16.93,1217,4,11.51
TXS1-00835,65.85,13.63,30,2,0.69
TXS1-00836,24.02,17.02,986,1,1.25
TXS1-00837,39.68,11.44,801,2,1.81
TXS1-00838,135.01,16.52,233,2,8.05
TXS1-00839,15.41,17.42,93,1,94.56
TXS1-00840,64.08,11.82,237,1,1.69
TXS1-00841,21.38,15.6,321,1,3.1
TXS1-00842,13.28,2.07,41,4,24.0
TXS1-00843,19.95,19.99,83,1,5.5
TXS1-00844,30.73,15.15,343,2,5.35
TXS1-00845,83.25,15.76,165,7,17.9
TXS1-00846,21.37,12.84,485,5,6.56
TXS1-00847,105.4,11.6,2,1,4.02
TXS1-00848,32.17,0.92,161,3,2.73
TXS1-00849,81.2,9.02,1117,2,2.35
TXS1-00850,35.82,10.19,186,3,10.45
TXS1-00851,18.37,14.78,592,2,54.59
TXS1-00852,113.42,11.62,12,2,3.38
TXS1-00853,20.88,11.57,722,5,3.73
TXS1-00854,33.68,17.26,535,3,7.68
TXS1-00855,112.64,12.7,101,5,2.13
TXS1-00856,8.21,15.58,269,3,2.1
TXS1-00857,14.38,20.18,72,4,5.15
TXS1-00858,68.88,18.7,156,2,8.37
TXS1-00859,19.96,10.82,1325,3,0.29
TXS1-00860,30.53,17.52,24,2,5.32
TXS1-00861,57.01,19.17,366,1,11.95
TXS1-00862,6.46,13.4,437,4,0.99
TXS1-00863,258.47,18.91,21,2,10.98
TXS1-00864,44.13,14.69,33,3,6.83
TXS1-00865,9.26,6.96,814,6,77.98
TXS1-00866,89.48,16.43,96,2,9.14
TXS1-00867,20.43,14.03,1181,1,12.75
TXS1-00868,129.73,13.11,192,6,7.49
TXS1-00869,122.29,19.77,89,3,1.97
TXS1-00870,25.31,16.57,466,2,5.72
TXS1-00871,20.65,12.9,656,2,6.89
TXS1-00872,11.44,11.97,227,1,16.14
TXS1-00873,72.08,10.6,227,2,1.77
TXS1-00874,16.8,12.49,359,3,2.69
TXS1-00875,36.71,17.37,515,2,31.34
TXS1-00876,32.69,18.46,548,2,10.74
TXS1-00877,40.96,9.88,209,1,10.27
TXS1-00878,20.05,21.75,329,3,2.76
TXS1-00879,37.78,15.82,101,3,2.91
TXS1-00880,19.89,19.21,264,3,7.67
TXS1-00881,38.75,20.51,437,1,21.3
TXS1-00882,31.78,20.34,228,3,28.36
TXS1-00883,39.76,10.68,103,2,1.09
TXS1-00884,66.66,19.3,1892,2,23.41
TXS1-00885,22.5,13.53,1,5,9.59
TXS1-00886,46.45,11.82,207,3,1.17
TXS1-00887,92.83,12.6,332,5,14.24
TXS1-00888,32.75,13.88,343,4,5.18
TXS1-00889,59.86,17.35,1259,1,16.54
TXS1-00890,131.15,15.25,60,1,5.21
TXS1-00891,38.49,19.24,345,1,2.81
TXS1-00892,51.99,18.3,534,2,4.82
TXS1-00893,42.15,17.12,838,2,9.52
TXS1-00894,126.9,10.46,180,3,18.81
TXS1-00895,12.87,17.48,800,1,18.87
TXS1-00896,30.08,15.33,429,4,32.73
TXS1-00897,28.12,16.35,11,3,0.37
TXS1-00898,27.71,18.65,276,2,5.72
TXS1-00899,36.3,20.67,507,5,3.64
TXS1-00900,49.0,12.2,87,2,5.71
TXS1-00901,27.28,23.05,453,5,12.44
TXS1-00902,19.37,21.31,817,4,2.03
TXS1-00903,17.0,11.9,29,2,8.7
TXS1-00904,99.21,13.72,1303,5,0.81
TXS1-00905,37.77,11.8,230,1,18.3
TXS1-00906,49.59,22.56,1490,4,4.87
TXS1-00907,75.44,20.24,155,3,29.27
TXS1-00908,50.51,21.91,188,3,6.36
TXS1-00909,34.4,10.45,290,1,86.88
TXS1-00910,41.05,1.11,1418,4,11.38
TXS1-00911,96.38,16.42,248,1,4.22
TXS1-00912,56.64,21.25,53,2,4.48
TXS1-00913,42.89,17.72,71,2,8.69
TXS1-00914,22.98,20.81,215,2,13.7
TXS1-00915,31.76,16.28,16,2,9.65
TXS1-00916,17.36,9.96,551,2,11.73
TXS1-00917,22.76,16.18,5,3,0.45
TXS1-00918,12.78,19.11,896,1,7.29
TXS1-00919,86.22,19.33,285,3,24.74
TXS1-00920,33.69,19.08,187,2,5.35
TXS1-00921,108.33,21.46,1248,1,0.89
TXS1-00922,20.89,14.19,924,2,1.95
TXS1-00923,21.43,14.89,942,2,16.37
TXS1-00924,42.76,15.97,125,4,28.12
TXS1-00925,31.41,14.76,396,3,19.38
TXS1-00926,20.32,17.08,41,4,16.3
TXS1-00927,31.98,17.42,99,3,1.08
TXS1-00928,29.89,20.9,139,4,0.63
TXS1-00929,51.86,20.17,444,2,3.22
TXS1-00930,56.05,15.36,383,2,4.53
TXS1-00931,38.51,17.58,3,4,7.35
TXS1-00932,30.07,20.56,123,1,1.4
TXS1-00933,101.11,16.08,161,3,5.6
TXS1-00934,25.25,14.8,252,2,5.66
TXS1-00935,12.13,20.23,469,4,27.7
TXS1-00936,69.74,15.66,135,5,32.63
TXS1-00937,47.4,0.4,481,1,8.18
TXS1-00938,40.21,19.73,244,1,8.17
TXS1-00939,17.19,11.05,74,2,0.75
TXS1-00940,55.44,20.88,395,3,4.2
TXS1-00941,94.3,9.3,616,2,4.64
TXS1-00942,78.76,19.65,169,1,76.29
TXS1-00943,124.14,22.78,19,5,30.29
TXS1-00944,33.93,14.8,189,1,13.86
TXS1-00945,28.11,14.75,265,5,1.08
TXS1-00946,25.82,17.51,1414,2,1.15
TXS1-00947,43.75,16.09,115,3,43.32
TXS1-00948,15.86,16.97,41,1,2.26
TXS1-00949,16.84,10.91,883,2,2.78
TXS1-00950,126.98,11.86,32,2,5.7
TXS1-00951,22.54,13.14,342,2,3.33
TXS1-00952,180.24,23.65,16,1,4.73
TXS1-00953,50.12,13.7,167,2,10.54
TXS1-00954,49.23,14.1,203,5,5.2
TXS1-00955,25.63,16.23,854,3,1.43
TXS1-00956,27.5,15.18,573,2,9.42
TXS1-00957,21.62,20.06,1055,2,12.71
TXS1-00958,36.17,11.25,374,2,0.88
TXS1-00959,19.8,16.3,1560,4,9.5
TXS1-00960,37.94,10.79,65,2,1.15
TXS1-00961,11.8,12.2,251,2,5.3
TXS1-00962,14.42,10.79,143,2,8.64
TXS1-00963,25.44,23.83,36,1,6.92
TXS1-00964,27.07,17.18,760,4,1.78
TXS1-00965,12.42,21.53,153,6,1.86
TXS1-00966,23.68,22.71,10,1,1.06
TXS1-00967,13.18,11.56,82,2,16.46
TXS1-00968,30.82,17.62,815,1,73.89
TXS1-00969,33.66,14.22,40,2,1.28
TXS1-00970,21.34,18.79,1121,2,1.43
TXS1-00971,20.8,23.03,20,4,4.28
TXS1-00972,15.11,17.53,715,2,36.57
TXS1-00973,38.85,11.56,205,2,2.23
TXS1-00974,21.82,17.76,738,2,55.13
TXS1-00975,26.3,13.52,536,2,21.18
TXS1-00976,57.23,13.0,395,4,1.18
TXS1-00977,50.19,13.87,9,3,22.93
TXS1-00978,58.66,13.34,382,3,6.12
TXS1-00979,89.5,2.67,370,3,5.66
TXS1-00980,21.06,14.43,510,2,3.58
TXS1-00981,26.46,10.39,1102,2,8.14
TXS1-00982,31.04,15.05,522,3,2.96
TXS1-00983,35.26,0.32,380,4,1.36
TXS1-00984,24.97,18.87,166,1,6.21
TXS1-00985,22.3,14.87,340,4,8.79
TXS1-00986,50.37,18.27,137,3,3.18
TXS1-00987,13.33,22.25,421,3,10.92
TXS1-00988,33.48,20.84,763,1,0.39
TXS1-00989,26.12,10.96,879,4,1.59
TXS1-00990,31.4,15.34,451,4,4.23
TXS1-00991,32.29,12.35,293,6,11.13
TXS1-00992,18.86,15.68,16,3,64.31
TXS1-00993,24.0,16.71,22,2,4.52
TXS1-00994,16.73,16.98,735,4,3.93
TXS1-00995,33.86,23.4,23,2,4.0
TXS1-00996,23.69,21.49,51,2,4.03
TXS1-00997,42.74,22.83,61,1,6.53
TXS1-00998,107.49,12.69,1118,1,7.08
TXS1-00999,9.57,21.87,222,3,4.35
TXS1-01000,72.85,16.92,40,3,2.07
TXS1-01001,69.68,14.62,810,5,9.08
TXS1-01002,13.28,20.27,59,4,4.25
TXS1-01003,84.96,21.5,408,2,4.45
TXS1-01004,47.07,15.45,152,2,8.01
TXS1-01005,35.1,17.49,245,2,6.31
TXS1-01006,27.71,10.89,282,2,3.32
TXS1-01007,68.29,14.13,250,4,5.13
TXS1-01008,283.12,11.68,50,2,6.14
TXS1-01009,54.83,20.82,257,2,3.13
TXS1-01010,33.24,19.07,619,4,13.83
TXS1-01011,30.31,9.29,474,1,24.51
TXS1-01012,72.97,23.03,903,4,3.48
TXS1-01013,19.43,17.45,26,3,0.98
TXS1-01014,57.44,15.72,546,2,2.86
TXS1-01015,58.21,17.8,499,2,23.1
TXS1-01016,29.67,10.05,511,2,4.01
TXS1-01017,46.92,11.91,848,5,4.65
TXS1-01018,49.14,15.73,120,2,3.03
TXS1-01019,34.98,18.13,111,4,5.02
TXS1-01020,17.84,11.92,227,2,5.21
TXS1-01021,44.4,9.75,937,2,5.39
TXS1-01022,21.87,23.63,516,4,11.83
TXS1-01023,55.86,21.48,295,2,11.41
TXS1-01024,83.16,21.71,226,1,15.0
TXS1-01025,74.64,21.81,867,3,32.61
TXS1-01026,58.08,18.67,622,3,17.25
TXS1-01027,30.55,16.8,735,3,1.49
TXS1-01028,26.33,12.49,408,1,0.66
TXS1-01029,11.39,12.54,1512,2,0.38
TXS1-01030,37.73,15.34,1082,2,1.66
TXS1-01031,49.74,12.1,657,3,4.59
TXS1-01032,6.0,15.47,290,4,2.24
TXS1-01033,41.9,16.85,387,2,8.88
TXS1-01034,60.44,9.16,1153,2,1.66
TXS1-01035,25.2,17.29,1842,1,11.62
TXS1-01036,21.59,22.79,654,4,28.37
TXS1-01037,26.95,16.35,915,1,13.25
TXS1-01038,17.47,18.48,14,2,6.24
TXS1-01039,21.46,17.8,35,1,15.98
TXS1-01040,35.72,17.93,894,6,0.88
TXS1-01041,6.38,14.92,84,3,1.4
TXS1-01042,79.83,11.08,992,2,22.76
TXS1-01043,40.72,16.02,176,1,56.55
TXS1-01044,40.16,12.12,268,4,3.19
TXS1-01045,36.29,12.01,72,3,8.44
TXS1-01046,52.26,19.22,293,2,19.73
TXS1-01047,52.06,12.19,204,2,7.65
TXS1-01048,24.47,7.24,517,2,19.39
TXS1-01049,22.29,9.42,167,1,9.33
TXS1-01050,33.74,16.61,197,1,11.51
TXS1-01051,28.49,13.03,289,3,32.85
TXS1-01052,11.35,16.09,154,2,4.75
TXS1-01053,21.8,22.84,112,1,17.49
TXS1-01054,11.54,12.43,232,2,20.06
TXS1-01055,27.5,22.7,883,2,3.62
TXS1-01056,13.21,14.06,583,3,10.08
TXS1-01057,54.86,10.15,272,1,42.11
TXS1-01058,26.19,17.81,23,2,8.8
TXS1-01059,54.62,22.84,177,6,0.81
TXS1-01060,46.75,12.55,1060,2,23.88
TXS1-01061,30.24,20.73,409,2,12.22
TXS1-01062,35.36,19.84,641,3,10.24
TXS1-01063,58.55,14.5,648,1,0.99
TXS1-01064,49.72,20.99,488,2,16.7
TXS1-01065,41.0,14.75,1072,7,14.42
TXS1-01066,27.39,12.57,30,2,25.57
TXS1-01067,27.01,16.0,700,3,5.12
TXS1-01068,7.91,16.48,113,4,2.76
TXS1-01069,9.19,16.94,1465,3,1.53
TXS1-01070,21.05,13.57,92,3,33.56
TXS1-01071,20.26,19.82,326,3,2.78
TXS1-01072,44.32,12.68,1262,4,1.46
TXS1-01073,100.67,5.69,466,1,2.38
TXS1-01074,103.95,19.18,36,1,15.77
TXS1-01075,20.12,13.69,287,1,14.96
TXS1-01076,24.44,17.34,2,5,7.73
TXS1-01077,111.76,13.88,321,6,10.42
TXS1-01078,142.71,21.34,206,5,3.8
TXS1-01079,145.33,15.73,456,2,33.98
TXS1-01080,53.4,18.06,271,3,2.12
TXS1-01081,131.35,16.39,1109,1,1.43
TXS1-01082,31.74,10.4,583,2,4.94
TXS1-01083,26.41,13.95,940,5,3.32
TXS1-01084,20.81,19.85,1472,8,9.39
TXS1-01085,37.45,17.94,269,1,29.12
TXS1-01086,46.31,17.0,777,2,21.87
TXS1-01087,34.6,14.99,30,2,6.87
TXS1-01088,10.3,16.05,549,3,7.2
TXS1-01089,38.48,17.42,648,1,2.0
TXS1-01090,52.01,14.86,126,3,11.43
TXS1-01091,65.04,13.32,645,2,3.34
TXS1-01092,51.96,15.87,193,4,2.17
TXS1-01093,59.87,13.19,745,1,8.75
TXS1-01094,46.04,17.13,221,3,26.47
TXS1-01095,70.73,12.21,25,2,10.29
TXS1-01096,65.84,14.99,707,4,3.99
TXS1-01097,80.0,20.79,90,4,10.24
TXS1-01098,9.88,22.76,95,7,0.77
TXS1-01099,56.12,13.73,1665,2,3.26
TXS1-01100,114.21,19.5,688,4,21.36
TXS1-01101,37.29,12.78,306,3,2.13
TXS1-01102,34.04,17.96,64,1,0.81
TXS1-01103,94.86,18.73,505,3,15.59
TXS1-01104,41.78,18.64,506,3,6.07
TXS1-01105,36.34,17.28,32,3,8.84
TXS1-01106,141.06,15.46,311,2,5.19
TXS1-01107,21.41,9.38,43,2,13.9
TXS1-01108,20.16,16.35,257,2,3.72
TXS1-01109,30.19,15.81,70,1,9.27
TXS1-01110,39.85,13.21,243,1,7.04
TXS1-01111,26.99,14.97,689,4,5.4
TXS1-01112,29.76,20.4,22,1,3.85
TXS1-01113,19.97,14.72,403,1,0.62
TXS1-01114,93.2,12.3,1460,2,1.86
TXS1-01115,96.28,10.04,176,2,20.76
TXS1-01116,41.17,9.83,846,1,2.91
TXS1-01117,201.44,21.49,362,2,5.01
TXS1-01118,16.48,14.27,137,1,13.35
TXS1-01119,90.88,20.46,1194,2,4.31
TXS1-01120,25.32,21.31,62,4,7.48
TXS1-01121,17.39,20.46,1014,2,8.88
TXS1-01122,19.92,15.55,203,3,1.97
TXS1-01123,29.91,23.63,206,2,4.36
TXS1-01124,70.4,12.62,24,2,0.46
TXS1-01125,22.42,16.15,492,3,5.46
TXS1-01126,43.43,11.66,1157,1,4.73
TXS1-01127,92.75,9.36,342,3,11.93
TXS1-01128,53.52,13.63,98,1,14.66
TXS1-01129,69.1,10.16,565,4,34.8
TXS1-01130,20.71,15.99,33,2,13.94
TXS1-01131,43.88,16.04,423,2,3.37
TXS1-01132,64.99,21.34,191,1,7.08
TXS1-01133,42.7,18.23,88,2,22.78
TXS1-01134,17.12,15.77,813,4,1.38
TXS1-01135,10.45,10.93,573,2,7.88
TXS1-01136,39.57,16.92,71,3,8.52
TXS1-01137,49.0,18.04,311,1,8.69
TXS1-01138,18.21,15.0,119,3,3.18
TXS1-01139,281.35,12.99,644,4,11.85
TXS1-01140,23.64,12.37,275,3,11.09
TXS1-01141,23.54,11.17,673,2,0.81
TXS1-01142,37.68,20.19,485,1,2.48
TXS1-01143,36.95,20.11,209,4,1.62
TXS1-01144,28.09,10.5,579,2,3.72
TXS1-01145,56.21,7.53,707,3,3.13
TXS1-01146,30.23,20.35,531,4,2.97
TXS1-01147,22.65,15.03,10,3,32.01
TXS1-01148,35.29,15.61,522,1,1.2
TXS1-01149,53.67,7.28,276,1,26.25
TXS1-01150,79.68,20.07,131,4,5.64
TXS1-01151,39.42,20.13,98,3,1.74
TXS1-01152,18.97,15.32,974,3,2.08
TXS1-01153,76.78,12.81,780,2,9.51
TXS1-01154,109.04,17.1,466,3,28.9
TXS1-01155,25.61,12.24,200,2,10.21
TXS1-01156,26.03,21.58,2068,2,22.94
TXS1-01157,62.67,16.8,112,2,8.69
TXS1-01158,23.83,15.59,375,3,16.5
TXS1-01159,23.41,17.88,755,3,24.98
TXS1-01160,50.21,6.01,850,2,2.6
TXS1-01161,45.64,16.16,244,1,11.36
TXS1-01162,98.96,15.87,115,2,0.49
TXS1-01163,42.06,15.39,327,3,2.03
TXS1-01164,26.67,11.88,173,3,19.6
TXS1-01165,19.8,15.63,406,1,9.27
TXS1-01166,28.52,14.58,473,4,6.53
TXS1-01167,13.92,21.23,576,3,4.04
TXS1-01168,35.0,16.94,398,4,28.3
TXS1-01169,58.82,19.19,692,2,24.26
TXS1-01170,10.36,17.27,351,4,2.35
TXS1-01171,17.4,20.72,664,3,4.78
TXS1-01172,19.76,20.2,443,2,0.31
TXS1-01173,48.83,16.57,444,2,6.22
TXS1-01174,106.0,11.77,337,3,0.44
TXS1-01175,27.9,13.56,470,2,3.72
TXS1-01176,338.94,20.07,681,2,4.62
TXS1-01177,192.1,15.39,211,3,10.32
TXS1-01178,14.41,16.59,547,1,1.95
TXS1-01179,38.62,10.04,642,3,21.78
TXS1-01180,15.65,15.36,21,4,3.78
TXS1-01181,142.75,15.42,202,2,0.84
TXS1-01182,84.41,12.16,454,2,6.65
TXS1-01183,67.77,13.06,752,2,6.84
TXS1-01184,21.44,17.99,437,3,21.07
TXS1-01185,29.2,14.03,47,2,2.66
TXS1-01186,21.4,19.88,698,2,2.71
TXS1-01187,127.74,13.3,296,1,21.14
TXS1-01188,53.51,13.46,269,2,27.15
TXS1-01189,31.4,16.55,140,7,11.7
TXS1-01190,35.03,18.5,663,2,3.03
TXS1-01191,30.98,18.13,826,2,7.95
TXS1-01192,109.92,9.38,1912,3,3.62
TXS1-01193,28.61,19.74,107,3,5.06
TXS1-01194,17.82,16.18,135,2,0.72
TXS1-01195,63.47,20.92,679,3,4.39
TXS1-01196,44.33,23.11,39,1,25.73
TXS1-01197,52.13,13.73,157,2,0.95
TXS1-01198,20.62,16.21,157,4,0.71
TXS1-01199,20.64,20.05,294,5,1.87
TXS1-01200,37.4,19.9,986,2,14.55
TXS1-01201,61.1,18.99,46,3,16.31
TXS1-01202,32.65,15.36,393,3,1.03
TXS1-01203,40.09,9.87,227,4,2.01
TXS1-01204,17.23,11.09,527,2,11.38
TXS1-01205,41.56,18.2,185,3,11.6
TXS1-01206,21.22,13.58,231,2,1.33
TXS1-01207,22.71,16.62,52,4,23.25
TXS1-01208,36.88,22.46,408,2,9.71
TXS1-01209,80.01,19.06,438,3,14.06
TXS1-01210,73.29,23.36,209,1,1.24
TXS1-01211,36.38,22.39,104,4,3.28
TXS1-01212,54.56,10.89,115,1,24.8
TXS1-01213,39.61,16.14,332,3,1.86
TXS1-01214,64.01,19.67,1208,4,2.83
TXS1-01215,40.75,15.12,211,2,80.11
TXS1-01216,28.93,16.76,12,1,8.12
TXS1-01217,25.44,19.5,104,2,0.95
TXS1-01218,7.81,15.99,101,2,11.03
TXS1-01219,28.33,10.13,54,2,5.97
TXS1-01220,39.92,12.25,16,3,8.75
TXS1-01221,84.44,16.79,352,3,3.47
TXS1-01222,108.34,13.89,268,3,2.04
TXS1-01223,25.36,14.65,389,1,0.63
TXS1-01224,7.38,18.29,18,2,20.5
TXS1-01225,125.35,13.58,136,5,3.03
TXS1-01226,49.96,11.46,1934,3,42.02
TXS1-01227,79.18,14.44,23,2,2.04
TXS1-01228,20.88,15.02,330,5,1.37
TXS1-01229,21.46,12.39,226,2,4.78
TXS1-01230,29.61,11.66,457,1,1.69
TXS1-01231,33.39,20.75,612,4,2.04
TXS1-01232,33.34,8.39,120,3,0.87
TXS1-01233,72.99,18.64,77,3,19.76
TXS1-01234,46.62,14.3,43,2,4.39
TXS1-01235,20.1,12.08,81,4,11.36
TXS1-01236,35.96,16.93,635,3,4.83
TXS1-01237,39.9,19.33,159,3,18.13
TXS1-01238,24.04,4.43,214,5,4.7
TXS1-01239,39.24,17.67,106,2,10.54
TXS1-01240,44.51,18.2,1494,1,53.46
TXS1-01241,28.52,8.0,670,2,2.95
TXS1-01242,27.7,19.9,181,3,4.42
TXS1-01243,14.39,20.29,1247,4,20.55
TXS1-01244,15.13,19.45,691,3,1.43
TXS1-01245,21.77,12.17,3389,5,3.11
TXS1-01246,26.15,21.58,272,4,7.72
TXS1-01247,10.17,19.51,288,1,9.49
TXS1-01248,30.18,21.57,38,3,0.33
TXS1-01249,11.34,17.29,135,2,11.51
TXS1-01250,13.37,14.71,142,1,1.37
TXS1-01251,196.96,12.2,894,4,5.43
TXS1-01252,34.97,14.76,1980,4,2.53
TXS1-01253,48.94,12.0,783,4,4.08
TXS1-01254,10.44,16.34,186,2,5.26
TXS1-01255,43.82,21.95,222,1,3.96
TXS1-01256,15.7,20.57,228,5,73.11
TXS1-01257,17.21,20.56,90,3,3.34
TXS1-01258,15.49,18.82,776,2,53.57
TXS1-01259,16.16,15.45,209,3,14.14
TXS1-01260,15.3,17.36,244,1,4.05
TXS1-01261,36.61,13.05,60,5,6.81
TXS1-01262,49.81,18.23,54,2,4.53
TXS1-01263,41.74,21.35,77,4,5.18
TXS1-01264,31.57,14.52,149,2,18.83
TXS1-01265,42.05,13.56,121,2,13.26
TXS1-01266,114.83,13.97,287,1,13.62
TXS1-01267,55.32,11.02,89,2,10.1
TXS1-01268,11.65,8.8,109,2,1.95
TXS1-01269,8.11,8.9,445,4,12.87
TXS1-01270,54.83,20.28,82,4,2.55
TXS1-01271,40.52,11.62,143,1,16.54
TXS1-01272,61.21,13.41,786,2,0.92
TXS1-01273,10.05,16.0,186,2,8.02
TXS1-01274,27.54,13.81,18,4,2.54
TXS1-01275,48.63,21.22,2648,3,20.59
TXS1-01276,20.3,10.73,249,2,2.44
TXS1-01277,63.69,13.27,272,6,2.93
TXS1-01278,33.57,21.34,273,3,9.79
TXS1-01279,75.53,21.12,704,2,4.07
TXS1-01280,118.21,17.44,11,3,58.48
TXS1-01281,53.19,14.08,833,2,11.57
TXS1-01282,47.7,14.06,188,5,4.39
TXS1-01283,12.47,15.01,563,2,13.75
TXS1-01284,102.25,11.41,217,4,2.91
TXS1-01285,21.14,13.77,56,4,28.29
TXS1-01286,28.11,13.97,563,1,0.91
TXS1-01287,43.79,14.61,423,3,9.83
TXS1-01288,15.35,19.55,90,3,2.74
TXS1-01289,32.6,17.01,840,2,7.9
TXS1-01290,90.21,16.02,1815,6,20.15
TXS1-01291,8.39,21.41,110,4,40.92
TXS1-01292,13.71,10.05,37,2,6.86
TXS1-01293,51.21,14.61,110,3,1.52
TXS1-01294,28.94,20.18,112,2,5.41
TXS1-01295,85.82,20.75,447,4,6.46
TXS1-01296,17.22,12.84,77,4,15.61
TXS1-01297,34.61,12.62,191,1,17.12
TXS1-01298,89.52,10.58,158,3,6.84
TXS1-01299,32.06,23.65,2,2,44.57
TXS1-01300,32.37,17.11,285,2,1.05
TXS1-01301,22.56,11.98,72,8,5.98
TXS1-01302,40.28,19.88,74,2,17.02
TXS1-01303,30.05,12.35,305,2,1.68
TXS1-01304,27.97,18.24,568,3,20.13
TXS1-01305,125.31,20.92,530,1,9.46
TXS1-01306,72.38,11.34,10,1,146.19
TXS1-01307,24.75,8.03,346,5,2.57
TXS1-01308,132.95,12.42,1037,5,24.47
TXS1-01309,14.17,11.1,48,2,5.23
TXS1-01310,39.04,12.61,943,2,2.04
TXS1-01311,20.18,13.76,192,4,11.37
TXS1-01312,136.9,21.03,1314,3,0.79
TXS1-01313,28.65,17.4,126,3,7.51
TXS1-01314,48.01,12.68,473,2,3.12
TXS1-01315,54.28,19.62,68,2,19.31
TXS1-01316,29.35,12.62,673,6,8.78
TXS1-01317,7.34,13.7,262,1,14.3
TXS1-01318,63.86,16.09,144,3,1.1
TXS1-01319,22.32,11.98,66,5,3.32
TXS1-01320,151.55,19.2,23,1,11.48
TXS1-01321,65.07,11.36,126,3,9.96
TXS1-01322,31.56,18.59,53,2,2.07
TXS1-01323,78.45,15.78,278,2,5.54
TXS1-01324,8.16,11.65,171,2,5.56
TXS1-01325,44.7,21.82,288,3,1.51
TXS1-01326,36.43,18.45,552,3,10.9
TXS1-01327,77.45,19.03,32,4,3.35
TXS1-01328,52.48,20.47,318,3,2.72
TXS1-01329,87.98,11.23,148,1,7.21
TXS1-01330,101.13,17.17,512,4,0.92
TXS1-01331,13.89,19.95,103,1,2.73
TXS1-01332,38.51,16.14,980,3,3.89
TXS1-01333,11.27,13.6,464,3,8.39
TXS1-01334,72.13,21.11,453,3,8.36
TXS1-01335,16.11,15.05,49,2,5.47
TXS1-01336,23.81,16.75,701,3,2.72
TXS1-01337,25.61,14.87,162,4,2.65
TXS1-01338,34.75,18.58,573,3,6.22
TXS1-01339,26.54,14.51,87,3,2.51
TXS1-01340,68.83,21.09,128,1,18.41
TXS1-01341,114.95,17.12,140,2,16.58
TXS1-01342,14.87,12.78,165,2,9.82
TXS1-01343,86.39,11.29,154,1,11.96
TXS1-01344,17.97,8.06,5,2,7.75
TXS1-01345,63.46,16.45,64,1,1.74
TXS1-01346,55.28,20.82,200,4,4.13
TXS1-01347,33.22,11.35,344,1,11.26
TXS1-01348,23.05,12.16,475,2,24.86
TXS1-01349,28.36,11.38,924,3,24.11
TXS1-01350,62.79,13.78,956,6,1.59
TXS1-01351,34.81,12.85,1266,3,1.43
TXS1-01352,12.75,12.32,76,1,3.08
TXS1-01353,51.83,1.15,311,3,53.14
TXS1-01354,36.5,13.83,200,1,2.54
TXS1-01355,25.12,12.26,124,1,3.65
TXS1-01356,11.73,17.92,244,1,3.26
TXS1-01357,38.26,14.96,1405,2,5.08
TXS1-01358,20.38,10.0,18,2,5.27
TXS1-01359,28.79,13.84,304,2,6.45
TXS1-01360,14.26,19.59,248,1,4.79
TXS1-01361,31.67,0.46,68,2,12.16
TXS1-01362,32.74,15.45,132,2,3.87
TXS1-01363,72.41,23.57,220,2,33.26
TXS1-01364,36.45,21.05,1076,1,11.8
TXS1-01365,23.38,22.73,86,2,1.2
TXS1-01366,96.03,15.95,1704,1,4.12
TXS1-01367,22.38,13.65,180,3,8.95
TXS1-01368,39.23,13.76,90,1,4.94
TXS1-01369,48.61,8.82,107,2,4.87
TXS1-01370,55.86,18.24,290,3,2.07
TXS1-01371,36.64,8.99,412,3,3.86
TXS1-01372,91.46,18.1,797,1,9.42
TXS1-01373,36.7,14.37,382,2,10.16
TXS1-01374,31.9,11.38,189,1,29.32
TXS1-01375,42.84,10.85,191,1,8.33
TXS1-01376,194.38,13.88,1122,3,22.38
TXS1-01377,61.02,16.28,38,4,3.0
TXS1-01378,21.96,16.42,583,1,21.48
TXS1-01379,17.65,19.96,193,5,0.76
TXS1-01380,28.18,10.37,1113,4,14.73
TXS1-01381,44.36,18.04,281,1,2.21
TXS1-01382,76.57,16.76,578,4,0.32
TXS1-01383,149.36,19.96,1974,3,37.98
TXS1-01384,33.04,11.79,215,3,8.2
TXS1-01385,37.93,7.89,425,2,8.47
TXS1-01386,22.18,11.97,7,2,2.99
TXS1-01387,31.0,20.99,371,3,2.82
TXS1-01388,106.4,20.85,605,2,5.38
TXS1-01389,44.61,22.63,276,5,1.26
TXS1-01390,59.47,15.94,983,1,5.82
TXS1-01391,49.37,16.82,58,3,5.91
TXS1-01392,21.91,11.27,289,2,12.85
TXS1-01393,16.11,0.14,22,4,6.54
TXS1-01394,19.77,21.91,452,5,3.2
TXS1-01395,27.12,23.14,236,3,1.34
TXS1-01396,28.47,12.85,118,2,4.55
TXS1-01397,40.33,17.61,651,5,18.49
TXS1-01398,26.31,17.54,1,2,16.26
TXS1-01399,24.92,11.69,51,3,16.23
TXS1-01400,33.6,17.86,544,2,7.14
TXS1-01401,32.31,14.39,590,6,6.3
TXS1-01402,37.23,19.57,774,4,7.05
TXS1-01403,65.9,21.11,104,3,14.38
TXS1-01404,40.43,8.23,293,1,8.48
TXS1-01405,76.21,16.15,179,1,41.37
TXS1-01406,36.74,20.26,912,6,5.18
TXS1-01407,22.82,20.8,133,3,103.64
TXS1-01408,54.51,17.1,99,1,13.66
TXS1-01409,37.98,17.48,105,1,23.65
TXS1-01410,47.1,7.64,121,2,2.62
TXS1-01411,70.59,16.96,162,4,2.83
TXS1-01412,25.98,13.43,957,1,1.06
TXS1-01413,17.81,12.37,593,3,11.86
TXS1-01414,17.34,11.89,252,2,6.15
TXS1-01415,58.22,17.97,462,4,11.99
TXS1-01416,57.38,13.92,333,6,5.7
TXS1-01417,63.41,19.4,1403,2,2.7
TXS1-01418,27.42,18.8,577,1,1.19
TXS1-01419,42.86,17.11,373,1,1.65
TXS1-01420,26.52,14.12,102,3,11.78
TXS1-01421,16.57,19.49,12,4,15.96
TXS1-01422,34.45,15.02,150,2,2.56
TXS1-01423,23.88,15.84,266,3,9.59
TXS1-01424,13.6,17.08,217,2,1.78
TXS1-01425,14.85,21.37,50,2,45.08
TXS1-01426,55.44,19.52,387,3,14.38
TXS1-01427,11.34,16.24,427,2,6.46
TXS1-01428,51.42,19.77,275,3,15.36
TXS1-01429,19.27,14.1,230,1,7.43
TXS1-01430,37.82,13.31,113,3,3.37
TXS1-01431,29.21,11.68,655,4,14.79
TXS1-01432,27.76,10.65,337,2,7.6
TXS1-01433,22.21,17.06,104,3,3.52
TXS1-01434,31.18,13.73,66,1,10.32
TXS1-01435,157.77,17.82,161,2,2.53
TXS1-01436,23.82,18.57,151,3,0.78
TXS1-01437,30.23,22.34,806,1,15.57
TXS1-01438,63.92,19.88,645,5,1.16
TXS1-01439,24.91,20.82,483,2,6.65
TXS1-01440,20.87,11.36,264,4,20.04
TXS1-01441,33.68,0.13,976,8,13.15
TXS1-01442,12.68,17.83,1353,3,5.94
TXS1-01443,47.41,7.81,784,2,13.89
TXS1-01444,20.7,12.44,134,3,12.66
TXS1-01445,80.64,15.93,151,3,14.65
TXS1-01446,29.75,22.61,106,2,3.22
TXS1-01447,22.14,20.77,191,3,1.1
TXS1-01448,72.45,23.05,368,3,22.43
TXS1-01449,20.96,11.75,652,4,4.42
TXS1-01450,12.26,20.1,25,6,1.24
TXS1-01451,81.38,11.55,538,2,2.59
TXS1-01452,44.13,12.71,548,2,2.3
TXS1-01453,26.67,18.47,73,4,7.18
TXS1-01454,33.74,14.46,1681,2,6.74
TXS1-01455,20.06,7.43,415,2,4.17
TXS1-01456,115.67,12.97,648,5,8.29
TXS1-01457,148.93,12.27,297,3,6.88
TXS1-01458,67.58,15.1,528,2,0.61
TXS1-01459,47.7,12.15,93,2,2.97
TXS1-01460,39.88,13.04,1663,5,1.49
TXS1-01461,39.56,19.58,641,3,12.75
TXS1-01462,43.98,13.35,457,1,22.29
TXS1-01463,21.32,20.14,806,2,50.68
TXS1-01464,43.2,15.1,461,3,3.66
TXS1-01465,16.54,13.19,360,2,11.16
TXS1-01466,176.77,19.53,562,4,4.1
TXS1-01467,60.98,18.94,553,5,6.35
TXS1-01468,40.71,12.56,133,4,3.84
TXS1-01469,42.03,12.96,443,3,3.64
TXS1-01470,17.31,9.63,244,3,22.49
TXS1-01471,11.49,19.14,346,5,4.31
TXS1-01472,14.1,6.58,25,3,27.82
TXS1-01473,4.64,15.48,47,3,24.26
TXS1-01474,28.31,0.54,422,2,22.69
TXS1-01475,28.12,20.37,157,1,19.21
TXS1-01476,40.24,18.72,840,3,8.7
TXS1-01477,31.8,13.02,74,5,4.77
TXS1-01478,237.98,18.73,315,1,5.61
TXS1-01479,15.3,17.26,393,2,7.14
TXS1-01480,82.18,11.66,225,1,1.55
TXS1-01481,98.04,16.45,85,3,3.3
TXS1-01482,13.92,16.69,806,2,11.94
TXS1-01483,104.21,19.29,164,2,15.52
TXS1-01484,38.92,20.36,360,1,16.84
TXS1-01485,15.62,21.0,35,3,14.76
TXS1-01486,36.01,18.0,297,4,2.79
TXS1-01487,39.33,14.51,419,1,8.14
TXS1-01488,59.69,20.4,281,3,2.29
TXS1-01489,40.53,12.63,1084,2,8.6
TXS1-01490,56.02,23.0,421,1,4.16
TXS1-01491,36.24,14.36,8,1,18.81
TXS1-01492,38.55,20.59,862,1,9.96
TXS1-01493,29.46,20.23,324,4,1.12
TXS1-01494,6.28,21.34,93,2,38.45
TXS1-01495,19.33,15.51,13,1,5.39
TXS1-01496,127.54,9.96,209,3,41.85
TXS1-01497,38.16,14.05,935,6,20.76
TXS1-01498,40.26,14.18,268,2,5.29
TXS1-01499,40.69,2.32,466,1,10.36
TXS1-01500,55.92,15.0,983,3,7.74
TXS1-01501,31.73,14.71,261,2,8.3
TXS1-01502,39.56,20.17,184,1,41.86
TXS1-01503,64.4,12.61,258,2,0.78
TXS1-01504,50.7,15.95,367,1,26.96
TXS1-01505,51.53,20.45,248,4,4.03
TXS1-01506,62.47,22.43,390,2,11.14
TXS1-01507,48.72,19.0,85,2,18.25
TXS1-01508,62.73,16.75,557,3,3.66
TXS1-01509,36.72,12.97,1089,2,8.43
TXS1-01510,168.23,22.03,372,5,6.48
TXS1-01511,53.24,14.79,484,6,6.19
TXS1-01512,54.72,21.87,113,2,3.89
TXS1-01513,41.37,11.08,60,2,13.32
TXS1-01514,57.33,20.18,857,3,31.88
TXS1-01515,31.15,13.46,64,4,1.13
TXS1-01516,28.09,14.01,2,3,16.68
TXS1-01517,50.43,21.68,49,2,61.36
TXS1-01518,21.58,15.09,207,3,2.8
TXS1-01519,33.43,15.25,227,1,0.58
TXS1-01520,81.53,13.66,1161,4,3.81
TXS1-01521,53.58,10.67,183,1,3.56
TXS1-01522,49.88,19.2,14,2,25.15
TXS1-01523,15.32,10.04,120,2,8.91
TXS1-01524,25.11,21.02,573,3,7.65
TXS1-01525,70.19,19.72,48,2,21.26
TXS1-01526,21.46,13.23,149,1,14.21
TXS1-01527,330.8,20.4,453,5,9.47
TXS1-01528,19.19,21.21,1227,3,12.28
TXS1-01529,12.93,9.43,306,3,15.42
TXS1-01530,20.83,23.01,41,2,1.66
TXS1-01531,9.66,0.87,228,2,17.21
TXS1-01532,11.59,19.31,148,4,0.94
TXS1-01533,61.71,21.56,311,1,1.15
TXS1-01534,7.12,12.24,271,3,5.38
TXS1-01535,27.99,12.66,1396,1,5.58
TXS1-01536,67.21,14.87,159,3,2.39
TXS1-01537,24.54,16.22,445,1,7.57
TXS1-01538,65.66,19.48,133,1,3.77
TXS1-01539,24.42,15.57,341,6,3.19
TXS1-01540,24.52,18.24,759,5,4.16
TXS1-01541,40.03,16.73,264,1,3.01
TXS1-01542,58.74,15.94,16,2,2.43
TXS1-01543,23.39,8.51,394,1,7.72
TXS1-01544,56.8,18.55,304,2,3.83
TXS1-01545,74.13,12.99,517,2,15.15
TXS1-01546,448.01,21.28,312,1,5.24
TXS1-01547,35.12,18.14,661,1,1.06
TXS1-01548,41.46,11.98,102,3,17.45
TXS1-01549,99.14,18.27,83,2,22.72
TXS1-01550,18.41,17.8,179,2,2.82
TXS1-01551,86.18,16.3,165,2,2.69
TXS1-01552,15.79,9.91,338,3,2.3
TXS1-01553,39.06,15.28,1737,5,10.64
TXS1-01554,15.59,22.1,210,2,4.49
TXS1-01555,56.45,13.97,64,3,13.44
TXS1-01556,92.81,14.51,137,2,4.13
TXS1-01557,59.9,22.07,119,6,7.24
TXS1-01558,20.75,20.31,1148,2,42.46
TXS1-01559,19.85,18.6,611,3,0.64
TXS1-01560,38.08,14.05,547,3,5.44
TXS1-01561,28.11,17.13,706,5,18.2
TXS1-01562,213.33,18.99,146,3,2.34
TXS1-01563,32.62,10.61,62,3,3.31
TXS1-01564,28.24,0.45,353,4,2.15
TXS1-01565,64.88,11.48,483,4,12.79
TXS1-01566,25.44,18.18,213,1,2.16
TXS1-01567,34.93,18.45,465,4,8.74
TXS1-01568,64.17,20.98,1104,2,8.23
TXS1-01569,36.32,8.27,248,2,3.79
TXS1-01570,73.44,14.95,611,3,1.56
TXS1-01571,45.35,14.59,122,1,4.87
TXS1-01572,72.76,11.19,214,3,4.29
TXS1-01573,19.47,20.93,2484,4,5.15
TXS1-01574,22.07,16.32,478,2,16.77
TXS1-01575,37.32,17.48,978,1,9.27
TXS1-01576,49.97,20.3,70,1,3.09
TXS1-01577,38.38,10.74,43,2,1.92
TXS1-01578,92.06,16.45,375,2,8.22
TXS1-01579,24.93,11.24,347,2,4.54
TXS1-01580,34.82,9.72,583,2,13.03
TXS1-01581,98.88,20.34,342,2,1.76
TXS1-01582,21.38,13.82,2585,3,1.71
TXS1-01583,52.51,14.61,251,2,0.65
TXS1-01584,118.53,13.82,707,3,6.9
TXS1-01585,21.97,15.58,522,2,10.6
TXS1-01586,22.24,12.6,213,1,2.83
TXS1-01587,8.76,20.3,1162,3,5.62
TXS1-01588,12.9,21.51,470,4,13.06
TXS1-01589,42.23,19.9,796,2,6.88
TXS1-01590,9.24,6.31,225,7,6.82
TXS1-01591,28.56,19.55,787,5,7.28
TXS1-01592,29.04,15.31,48,2,2.13
TXS1-01593,63.66,13.16,23,6,1.59
TXS1-01594,14.98,15.44,1206,6,10.94
TXS1-01595,45.1,0.56,63,2,25.18
TXS1-01596,80.4,23.0,788,1,2.83
TXS1-01597,74.91,13.34,329,2,10.03
TXS1-01598,178.76,18.37,212,2,3.34
TXS1-01599,24.61,10.16,902,2,25.09
TXS1-01600,44.33,16.2,266,2,3.63
TXS1-01601,40.98,14.46,494,2,11.95
TXS1-01602,32.88,18.11,326,2,29.96
TXS1-01603,62.92,10.48,440,4,4.43
TXS1-01604,18.43,14.61,61,1,16.78
TXS1-01605,25.61,15.05,411,2,37.01
TXS1-01606,108.96,11.0,441,4,3.46
TXS1-01607,15.9,21.65,48,3,6.93
TXS1-01608,27.68,11.95,150,2,6.23
TXS1-01609,56.03,15.46,32,2,6.41
TXS1-01610,37.76,15.22,340,4,3.4
TXS1-01611,105.61,18.41,236,1,4.08
TXS1-01612,51.9,19.89,341,3,3.93
TXS1-01613,33.39,13.98,598,2,3.81
TXS1-01614,24.38,9.07,333,4,0.72
TXS1-01615,92.86,21.76,25,2,7.42
TXS1-01616,43.86,0.26,252,3,5.95
TXS1-01617,27.59,9.52,862,2,1.74
TXS1-01618,27.57,19.44,47,4,2.01
TXS1-01619,34.14,19.99,98,4,30.73
TXS1-01620,40.71,18.62,235,3,21.28
TXS1-01621,36.36,19.72,454,2,4.59
TXS1-01622,37.11,8.31,1347,5,1.48
TXS1-01623,7.08,20.37,101,3,15.54
TXS1-01624,39.7,13.04,138,2,2.5
TXS1-01625,59.95,15.71,425,2,5.2
TXS1-01626,75.57,18.07,699,1,0.22
TXS1-01627,27.03,20.77,132,3,39.47
TXS1-01628,11.35,19.09,290,1,3.65
TXS1-01629,96.25,17.11,922,1,2.55
TXS1-01630,55.26,18.93,90,4,1.46
TXS1-01631,66.32,14.41,112,3,2.64
TXS1-01632,29.6,11.03,70,2,11.78
TXS1-01633,9.51,12.33,70,1,1.77
TXS1-01634,41.71,11.46,296,4,9.67
TXS1-01635,27.21,9.78,360,3,21.46
TXS1-01636,151.06,18.45,394,2,6.65
TXS1-01637,13.93,19.63,377,4,18.32
TXS1-01638,12.17,21.58,602,2,100.67
TXS1-01639,33.17,11.78,652,2,3.99
TXS1-01640,18.89,17.71,237,1,9.58
TXS1-01641,20.11,10.8,107,3,38.1
TXS1-01642,20.99,12.79,75,5,14.34
TXS1-01643,22.88,9.38,297,3,5.67
TXS1-01644,11.89,4.27,367,2,1.03
TXS1-01645,19.02,12.95,583,2,2.21
TXS1-01646,56.13,7.19,1168,5,18.25
TXS1-01647,28.5,10.96,1684,3,4.75
TXS1-01648,51.2,12.73,252,1,0.35
TXS1-01649,27.01,19.67,130,2,35.94
TXS1-01650,61.88,14.12,574,3,7.18
TXS1-01651,11.45,12.93,205,3,5.42
TXS1-01652,16.42,21.16,62,1,19.5
TXS1-01653,29.15,15.42,100,3,0.47
TXS1-01654,46.62,8.36,654,2,4.62
TXS1-01655,26.59,11.92,1130,2,34.15
TXS1-01656,42.65,17.79,264,4,4.59
TXS1-01657,31.25,20.03,218,5,14.88
TXS1-01658,57.45,19.99,759,2,14.79
TXS1-01659,12.12,10.87,292,2,1.56
TXS1-01660,54.24,12.22,519,2,54.14
TXS1-01661,41.04,14.58,175,3,5.57
TXS1-01662,31.61,15.72,174,6,0.92
TXS1-01663,150.1,13.51,1143,5,18.13
TXS1-01664,37.95,14.44,553,2,1.36
TXS1-01665,31.63,20.42,12,1,13.09
TXS1-01666,45.07,7.96,76,3,1.99
TXS1-01667,27.95,5.71,147,2,21.27
TXS1-01668,51.22,16.48,1399,4,0.94
TXS1-01669,24.05,13.83,1344,4,36.24
TXS1-01670,53.23,13.0,155,4,15.56
TXS1-01671,52.35,10.86,189,5,28.18
TXS1-01672,19.15,14.3,65,1,7.26
TXS1-01673,47.0,13.74,245,1,4.61
TXS1-01674,37.11,17.59,533,3,10.84
TXS1-01675,34.14,13.49,279,4,2.28
TXS1-01676,22.79,11.0,59,6,9.39
TXS1-01677,120.15,9.42,256,2,19.09
TXS1-01678,66.29,11.41,342,1,19.25
TXS1-01679,17.91,15.86,655,3,0.69
TXS1-01680,20.36,10.14,37,3,19.34
TXS1-01681,141.43,9.84,391,1,6.65
TXS1-01682,37.63,13.66,511,1,42.38
TXS1-01683,34.37,14.55,125,3,0.98
TXS1-01684,48.11,23.09,153,3,4.09
TXS1-01685,27.94,14.06,763,4,3.67
TXS1-01686,28.38,21.9,260,7,8.22
TXS1-01687,214.24,9.09,286,3,2.8
TXS1-01688,37.5,18.98,511,4,4.82
TXS1-01689,12.59,13.96,10,3,2.4
TXS1-01690,8.43,15.46,42,2,12.61
TXS1-01691,53.56,19.86,184,2,29.18
TXS1-01692,278.72,17.91,570,1,27.04
TXS1-01693,24.87,15.21,31,1,5.61
TXS1-01694,11.79,13.66,85,4,1.83
TXS1-01695,52.79,0.65,624,3,13.17
TXS1-01696,16.11,23.08,419,2,0.74
TXS1-01697,23.12,20.68,785,2,7.45
TXS1-01698,9.41,14.46,963,2,14.43
TXS1-01699,20.09,12.02,221,4,0.62
TXS1-01700,52.11,22.81,55,3,22.45
TXS1-01701,86.53,12.85,1650,4,22.55
TXS1-01702,33.27,13.39,102,2,2.36
TXS1-01703,26.44,18.0,46,4,1.4
TXS1-01704,28.06,11.4,488,4,9.25
TXS1-01705,17.06,20.12,180,4,5.68
TXS1-01706,21.36,9.2,182,4,19.35
TXS1-01707,14.74,15.57,66,4,13.1
TXS1-01708,49.56,20.9,541,3,9.39
TXS1-01709,10.63,14.82,596,4,0.59
TXS1-01710,28.97,20.25,123,4,5.35
TXS1-01711,42.85,19.2,354,2,17.42
TXS1-01712,102.13,16.5,253,1,10.76
TXS1-01713,48.33,17.73,209,2,6.12
TXS1-01714,25.34,18.77,36,3,3.86
TXS1-01715,37.73,19.2,7,2,5.45
TXS1-01716,74.96,9.71,28,4,7.47
TXS1-01717,39.91,21.69,199,3,1.14
TXS1-01718,36.68,13.42,74,3,4.4
TXS1-01719,8.42,19.35,171,1,25.35
TXS1-01720,69.78,16.19,277,2,8.46
TXS1-01721,48.85,21.4,870,3,1.63
TXS1-01722,31.21,18.02,770,3,1.73
TXS1-01723,44.22,11.26,431,3,4.97
TXS1-01724,27.22,10.66,262,2,4.79
TXS1-01725,23.83,13.24,269,3,5.34
TXS1-01726,23.27,23.38,907,2,2.9
TXS1-01727,7.67,16.08,468,3,8.13
TXS1-01728,65.5,20.65,114,2,6.69
TXS1-01729,31.21,13.44,205,3,2.52
TXS1-01730,77.1,18.23,123,5,86.15
TXS1-01731,44.26,11.82,837,3,6.84
TXS1-01732,38.11,19.87,937,2,12.74
TXS1-01733,31.8,11.33,136,4,19.01
TXS1-01734,23.49,19.48,873,2,2.76
TXS1-01735,25.78,19.48,126,3,3.24
TXS1-01736,162.6,21.97,446,3,27.2
TXS1-01737,27.01,17.15,155,1,9.47
TXS1-01738,91.61,15.06,556,4,10.41
TXS1-01739,13.5,20.45,31,3,0.87
TXS1-01740,38.48,13.24,239,2,2.45
TXS1-01741,17.12,15.55,65,1,27.28
TXS1-01742,33.21,18.29,458,4,17.42
TXS1-01743,52.09,12.4,128,2,3.51
TXS1-01744,51.55,12.03,851,1,2.08
TXS1-01745,31.17,13.68,808,4,56.04
TXS1-01746,7.39,16.18,133,2,5.39
TXS1-01747,22.11,11.88,277,1,2.62
TXS1-01748,48.08,16.03,444,4,8.25
TXS1-01749,64.37,0.66,247,2,29.38
TXS1-01750,14.6,10.66,46,4,0.7
TXS1-01751,33.22,9.56,303,3,1.88
TXS1-01752,75.78,18.97,483,2,3.71
TXS1-01753,44.57,15.42,445,1,3.46
TXS1-01754,22.92,8.3,113,5,3.18
TXS1-01755,31.21,12.46,373,4,0.55
TXS1-01756,41.59,14.41,42,1,13.82
TXS1-01757,8.49,21.08,213,5,2.07
TXS1-01758,148.53,16.99,565,1,8.09
TXS1-01759,150.94,13.32,72,5,41.88
TXS1-01760,13.82,12.58,393,2,2.61
TXS1-01761,27.83,15.05,649,1,7.38
TXS1-01762,23.73,18.21,130,3,3.06
TXS1-01763,8.92,10.71,128,1,2.28
TXS1-01764,12.07,18.91,918,1,6.93
TXS1-01765,11.72,11.6,14,1,13.97
TXS1-01766,43.16,16.9,35,3,49.87
TXS1-01767,28.4,18.54,747,3,4.63
TXS1-01768,28.77,19.26,382,1,1.57
TXS1-01769,98.96,19.95,893,1,1.86
TXS1-01770,183.77,10.14,302,3,12.23
TXS1-01771,38.14,13.41,495,4,7.47
TXS1-01772,20.4,22.18,487,3,14.93
TXS1-01773,60.8,17.48,440,4,1.95
TXS1-01774,21.98,11.62,184,1,2.9
TXS1-01775,28.66,18.58,486,2,5.04
TXS1-01776,24.5,15.76,91,3,2.86
TXS1-01777,42.25,16.08,32,1,17.86
TXS1-01778,49.63,15.7,599,3,2.75
TXS1-01779,9.38,8.54,1152,3,6.59
TXS1-01780,11.83,13.89,1181,3,10.88
TXS1-01781,60.03,15.38,576,1,0.96
TXS1-01782,13.31,11.79,47,5,4.02
TXS1-01783,33.08,21.53,43,2,7.05
TXS1-01784,96.38,12.67,294,2,4.74
TXS1-01785,41.04,17.71,234,2,9.43
TXS1-01786,34.06,23.08,729,1,3.53
TXS1-01787,31.25,13.02,158,2,3.17
TXS1-01788,27.57,9.21,346,4,2.19
TXS1-01789,10.64,19.89,386,1,10.16
TXS1-01790,12.35,20.79,1692,1,20.03
TXS1-01791,59.45,22.34,294,6,12.24
TXS1-01792,81.07,10.78,380,5,0.92
TXS1-01793,56.41,11.5,1032,4,2.0
TXS1-01794,16.06,18.99,2002,4,19.44
TXS1-01795,47.51,13.57,61,1,8.89
TXS1-01796,68.54,18.59,233,4,14.6
TXS1-01797,36.73,19.35,341,4,3.1
TXS1-01798,79.27,14.21,8,2,8.22
TXS1-01799,41.39,9.98,445,4,2.58
TXS1-01800,13.15,13.54,812,4,3.38
TXS1-01801,19.54,15.58,696,3,2.41
TXS1-01802,81.85,16.49,18,1,6.34
TXS1-01803,60.6,15.72,345,5,33.89
TXS1-01804,31.25,14.29,375,3,2.52
TXS1-01805,40.55,11.33,289,2,3.31
TXS1-01806,18.27,23.72,646,2,4.51
TXS1-01807,29.53,18.07,1261,2,1.42
TXS1-01808,75.68,12.08,100,2,3.99
TXS1-01809,10.47,12.62,335,3,1.8
TXS1-01810,8.08,18.1,283,6,11.86
TXS1-01811,60.25,15.0,542,2,3.13
TXS1-01812,40.05,12.8,267,3,14.53
TXS1-01813,51.5,13.91,845,4,1.66
TXS1-01814,20.65,2.01,259,4,0.92
TXS1-01815,13.17,8.79,477,1,9.85
TXS1-01816,41.91,17.67,203,1,6.04
TXS1-01817,140.18,13.83,449,4,1.43
TXS1-01818,154.15,0.26,174,5,4.85
TXS1-01819,66.56,17.35,47,3,5.28
TXS1-01820,20.84,20.41,214,3,4.02
TXS1-01821,43.68,19.09,120,5,8.21
TXS1-01822,10.15,13.08,36,1,3.59
TXS1-01823,54.53,20.09,395,2,3.17
TXS1-01824,13.48,11.07,424,3,10.68
TXS1-01825,54.23,10.88,184,2,67.31
TXS1-01826,18.62,13.44,901,2,3.85
TXS1-01827,25.15,19.36,124,3,3.77
TXS1-01828,75.75,11.93,682,4,1.48
TXS1-01829,114.6,19.47,442,4,1.34
TXS1-01830,30.8,16.19,28,3,5.75
TXS1-01831,46.92,14.56,151,2,9.89
TXS1-01832,34.25,13.06,266,1,4.1
TXS1-01833,165.28,21.72,166,2,4.47
TXS1-01834,14.81,12.14,622,2,1.52
TXS1-01835,22.72,14.1,190,2,10.16
TXS1-01836,62.92,18.41,80,5,3.71
TXS1-01837,77.32,22.75,937,2,28.31
TXS1-01838,16.26,12.19,115,2,2.62
TXS1-01839,129.35,7.46,240,3,6.24
TXS1-01840,34.27,14.98,348,2,1.25
TXS1-01841,54.42,16.97,358,2,6.99
TXS1-01842,39.04,10.54,213,3,2.24
TXS1-01843,21.32,18.82,132,5,63.0
TXS1-01844,92.27,20.28,377,7,8.28
TXS1-01845,18.29,21.98,1,3,3.48
TXS1-01846,36.71,7.95,1400,4,3.9
TXS1-01847,85.15,19.02,378,4,1.14
TXS1-01848,16.51,6.36,421,1,0.92
TXS1-01849,14.63,16.0,64,3,21.43
TXS1-01850,30.7,21.25,702,1,17.67
TXS1-01851,23.45,13.89,330,4,2.54
TXS1-01852,13.41,19.06,128,4,6.06
TXS1-01853,30.94,8.99,48,1,8.41
TXS1-01854,8.45,15.32,264,4,7.78
TXS1-01855,8.95,12.37,427,3,4.69
TXS1-01856,38.44,14.84,194,3,2.37
TXS1-01857,38.12,14.23,917,3,3.29
TXS1-01858,61.16,19.57,606,1,75.43
TXS1-01859,9.97,8.9,122,3,6.04
TXS1-01860,205.06,13.37,25,1,3.96
TXS1-01861,104.82,17.77,1227,1,11.46
TXS1-01862,30.94,11.0,561,2,3.67
TXS1-01863,24.11,16.96,1424,3,7.35
TXS1-01864,24.28,20.2,317,2,4.65
TXS1-01865,91.19,12.07,105,1,5.47
TXS1-01866,61.86,22.23,459,4,1.7
TXS1-01867,35.35,11.46,557,2,11.22
TXS1-01868,62.08,17.41,64,5,3.25
TXS1-01869,69.75,15.64,365,6,19.38
TXS1-01870,46.14,17.07,221,5,16.24
TXS1-01871,10.16,11.65,341,2,3.35
TXS1-01872,31.67,13.6,680,2,10.88
TXS1-01873,39.75,13.17,326,2,1.37
TXS1-01874,119.3,19.8,70,3,22.56
TXS1-01875,79.37,18.92,16,3,11.54
TXS1-01876,22.91,17.15,559,3,3.79
TXS1-01877,17.03,11.91,379,3,4.37
TXS1-01878,79.49,14.16,103,1,5.15
TXS1-01879,33.36,18.13,306,2,5.82
TXS1-01880,14.33,8.3,41,3,5.72
TXS1-01881,109.79,12.55,62,1,25.12
TXS1-01882,19.17,16.83,198,3,4.8
TXS1-01883,6.38,16.35,708,2,11.83
TXS1-01884,50.64,13.65,59,1,12.87
TXS1-01885,46.68,10.21,348,3,2.87
TXS1-01886,13.53,12.64,45,6,5.75
TXS1-01887,37.37,17.61,103,2,13.82
TXS1-01888,39.79,16.18,679,2,1.67
TXS1-01889,38.16,19.31,374,3,12.77
TXS1-01890,38.38,16.31,573,1,0.52
TXS1-01891,30.54,21.68,416,2,2.92
TXS1-01892,155.87,1.97,444,3,1.43
TXS1-01893,54.01,9.84,95,3,7.77
TXS1-01894,14.75,17.74,817,2,8.01
TXS1-01895,33.31,16.62,18,2,5.38
TXS1-01896,50.71,16.84,168,2,4.98
TXS1-01897,16.68,19.97,264,8,2.83
TXS1-01898,26.5,11.84,5,1,1.78
TXS1-01899,15.74,19.24,923,4,4.95
TXS1-01900,35.69,21.05,119,2,1.06
TXS1-01901,37.55,16.32,812,3,21.64
TXS1-01902,24.05,17.29,329,3,1.86
TXS1-01903,86.52,12.11,315,5,3.71
TXS1-01904,12.22,15.2,214,1,16.73
TXS1-01905,26.61,15.68,1136,1,7.49
TXS1-01906,31.91,22.9,861,1,12.6
TXS1-01907,64.88,12.14,27,2,3.14
TXS1-01908,65.21,21.52,1004,2,2.31
TXS1-01909,78.95,20.09,579,2,21.68
TXS1-01910,20.45,15.86,1686,3,1.43
TXS1-01911,15.96,16.07,403,1,5.85
TXS1-01912,45.82,19.16,294,2,68.6
TXS1-01913,33.67,10.88,144,2,15.53
TXS1-01914,117.05,18.05,381,2,4.36
TXS1-01915,15.91,20.7,549,3,9.88
TXS1-01916,37.81,17.3,219,2,5.69
TXS1-01917,29.74,10.83,533,2,6.33
TXS1-01918,59.76,15.03,318,3,1.93
TXS1-01919,34.76,23.24,821,2,10.76
TXS1-01920,112.69,15.61,1,3,1.86
TXS1-01921,32.24,21.33,275,4,1.06
TXS1-01922,44.12,13.07,493,4,6.25
TXS1-01923,41.62,22.34,70,4,37.91
TXS1-01924,54.63,14.11,1206,2,9.0
TXS1-01925,24.79,15.59,249,2,7.1
TXS1-01926,15.21,15.59,197,3,2.89
TXS1-01927,48.01,19.89,386,1,43.47
TXS1-01928,25.33,14.38,1000,3,6.78
TXS1-01929,18.94,16.59,487,2,29.93
TXS1-01930,34.16,12.15,131,2,1.71
TXS1-01931,94.13,15.88,941,1,1.08
TXS1-01932,24.61,22.43,435,2,3.36
TXS1-01933,75.71,14.14,341,3,7.43
TXS1-01934,166.14,19.14,841,4,0.86
TXS1-01935,22.91,19.77,37,3,57.33
TXS1-01936,72.49,13.45,111,2,6.01
TXS1-01937,14.08,11.38,66,4,5.21
TXS1-01938,37.95,21.61,100,1,0.82
TXS1-01939,126.27,12.1,127,3,1.03
TXS1-01940,83.26,8.88,105,2,6.52
TXS1-01941,24.1,20.07,1178,2,2.18
TXS1-01942,37.01,14.59,651,1,2.11
TXS1-01943,38.84,14.51,65,3,4.78
TXS1-01944,20.75,15.73,243,4,13.14
TXS1-01945,55.12,20.23,701,1,3.8
TXS1-01946,29.98,14.22,460,4,10.29
TXS1-01947,151.76,17.37,130,3,2.35
TXS1-01948,49.87,19.01,782,1,2.92
TXS1-01949,51.67,12.2,386,4,1.13
TXS1-01950,13.9,10.74,440,3,15.84
TXS1-01951,42.46,11.6,856,2,4.71
TXS1-01952,96.58,17.61,28,4,27.51
TXS1-01953,41.09,16.27,321,2,2.95
TXS1-01954,24.91,8.48,942,4,6.03
TXS1-01955,49.62,12.39,204,2,30.3
TXS1-01956,11.88,7.56,461,6,6.05
TXS1-01957,28.78,18.91,71,3,4.03
TXS1-01958,63.02,23.15,438,2,7.43
TXS1-01959,59.79,9.34,156,1,2.95
TXS1-01960,75.98,21.11,960,2,21.69
TXS1-01961,38.24,22.48,119,2,6.59
TXS1-01962,25.93,15.73,120,3,10.34
TXS1-01963,26.71,12.78,241,1,7.34
TXS1-01964,39.59,12.49,967,3,8.31
TXS1-01965,7.8,14.76,244,3,5.28
TXS1-01966,14.33,18.54,120,3,4.81
TXS1-01967,48.8,23.03,353,3,10.1
TXS1-01968,53.83,11.5,19,1,3.22
TXS1-01969,35.71,19.32,126,2,7.75
TXS1-01970,22.97,4.63,252,3,7.39
TXS1-01971,17.8,17.85,524,2,7.3
TXS1-01972,33.71,15.46,322,3,0.29
TXS1-01973,34.65,19.75,690,2,2.38
TXS1-01974,42.67,18.17,295,4,46.96
TXS1-01975,35.61,14.8,71,1,10.86
TXS1-01976,17.25,16.92,615,2,20.16
TXS1-01977,41.94,15.21,385,5,1.57
TXS1-01978,23.73,17.65,237,3,7.23
TXS1-01979,10.81,14.39,528,2,5.24
TXS1-01980,25.73,9.68,819,2,12.51
TXS1-01981,35.67,13.29,185,2,8.84
TXS1-01982,29.62,9.67,207,2,1.79
TXS1-01983,52.47,14.21,441,3,6.01
TXS1-01984,13.21,9.42,301,2,5.2
TXS1-01985,14.57,13.81,710,4,8.8
TXS1-01986,39.72,6.55,730,4,12.9
TXS1-01987,7.73,12.58,118,2,1.52
TXS1-01988,50.38,21.36,418,2,17.22
TXS1-01989,38.5,15.23,1516,3,1.37
TXS1-01990,42.08,12.9,262,1,3.55
TXS1-01991,12.04,13.5,160,2,0.59
TXS1-01992,78.08,14.42,755,4,16.32
TXS1-01993,142.79,10.21,776,3,2.05
TXS1-01994,27.74,12.43,338,2,1.92
TXS1-01995,44.0,8.74,7,4,8.42
TXS1-01996,65.68,21.11,224,4,9.28
TXS1-01997,36.34,13.47,1905,6,28.22
TXS1-01998,27.69,17.59,311,1,2.36
TXS1-01999,27.13,21.77,239,4,5.94
TXS1-02000,18.0,11.99,86,4,17.29
TXS1-02001,21.38,21.11,45,1,3.3
TXS1-02002,73.95,11.67,1260,3,3.97
TXS1-02003,44.4,12.06,6,2,254.76
TXS1-02004,12.2,19.89,453,2,3.89
TXS1-02005,46.05,14.05,1113,3,13.21
TXS1-02006,25.72,19.56,406,5,1.74
TXS1-02007,53.29,14.2,1134,3,12.34
TXS1-02008,38.14,14.62,730,4,1.16
TXS1-02009,26.42,21.54,337,4,6.29
TXS1-02010,78.33,19.46,1219,7,12.64
TXS1-02011,12.24,22.42,173,1,11.74
TXS1-02012,86.46,13.24,374,3,3.25
TXS1-02013,154.7,12.99,275,2,25.1
TXS1-02014,32.0,12.82,349,4,14.14
TXS1-02015,173.55,15.02,819,3,14.71
TXS1-02016,41.8,15.39,418,2,14.53
TXS1-02017,20.85,9.52,474,2,12.46
TXS1-02018,17.53,13.01,112,4,8.7
TXS1-02019,57.75,17.61,278,1,12.43
TXS1-02020,58.84,20.68,956,4,21.08
TXS1-02021,104.67,15.19,172,2,3.87
TXS1-02022,6.06,18.11,345,3,7.32
TXS1-02023,39.16,12.61,89,3,8.65
TXS1-02024,56.91,23.21,137,4,29.1
TXS1-02025,23.9,21.55,785,2,6.3
TXS1-02026,14.41,7.15,259,1,3.14
TXS1-02027,20.79,11.42,95,2,6.51
TXS1-02028,14.94,15.51,597,1,16.73
TXS1-02029,78.62,16.43,8,2,9.41
TXS1-02030,13.23,12.28,476,4,13.54
TXS1-02031,15.14,13.25,166,2,6.74
TXS1-02032,33.66,18.24,562,4,9.87
TXS1-02033,75.17,19.21,369,6,7.64
TXS1-02034,202.55,21.25,1022,3,18.84
TXS1-02035,13.84,19.12,864,4,4.32
TXS1-02036,68.77,13.62,496,2,7.44
TXS1-02037,47.06,14.03,465,3,2.75
TXS1-02038,52.99,15.89,4,1,4.86
TXS1-02039,17.67,21.72,678,1,14.4
TXS1-02040,21.93,9.15,1330,3,0.76
TXS1-02041,23.44,12.8,193,1,10.17
TXS1-02042,25.32,14.36,122,3,1.87
TXS1-02043,39.81,14.57,297,3,3.29
TXS1-02044,16.79,20.32,522,1,52.25
TXS1-02045,35.09,19.67,1500,2,1.03
TXS1-02046,144.99,7.01,345,3,10.17
TXS1-02047,83.62,14.9,201,1,6.16
TXS1-02048,15.69,18.44,811,4,87.23
TXS1-02049,15.78,15.59,514,1,9.13
TXS1-02050,67.08,11.76,260,3,84.8
TXS1-02051,77.9,5.98,529,2,31.31
TXS1-02052,22.98,19.4,235,2,3.01
TXS1-02053,27.43,14.73,1515,4,2.31
TXS1-02054,13.24,17.46,120,1,73.26
TXS1-02055,48.98,16.84,36,2,1.46
TXS1-02056,28.39,15.87,52,3,3.35
TXS1-02057,54.07,18.69,460,3,8.96
TXS1-02058,84.84,14.64,277,2,1.12
TXS1-02059,47.18,11.46,633,2,14.94
TXS1-02060,21.48,18.84,379,3,5.23
TXS1-02061,87.19,7.16,1280,3,10.35
TXS1-02062,21.45,17.6,385,1,20.37
TXS1-02063,48.07,17.5,325,1,0.98
TXS1-02064,129.49,21.11,118,2,8.34
TXS1-02065,60.05,10.43,77,4,21.27
TXS1-02066,16.88,19.65,1577,2,41.63
TXS1-02067,37.01,12.24,404,1,30.69
TXS1-02068,77.3,23.43,42,2,2.63
TXS1-02069,40.56,18.28,781,1,11.76
TXS1-02070,36.76,11.19,733,3,11.12
TXS1-02071,10.63,20.66,571,2,16.04
TXS1-02072,26.26,13.85,183,5,6.06
TXS1-02073,82.96,17.99,109,1,7.38
TXS1-02074,33.21,17.8,666,3,3.17
TXS1-02075,38.06,22.69,189,1,7.79
TXS1-02076,71.48,14.02,77,3,2.77
TXS1-02077,34.82,10.97,978,4,99.81
TXS1-02078,76.85,18.83,49,2,17.81
TXS1-02079,12.1,9.16,365,2,6.62
TXS1-02080,78.7,9.96,186,5,2.66
TXS1-02081,17.25,13.63,388,2,46.59
TXS1-02082,25.52,19.07,350,2,4.05
TXS1-02083,21.74,17.57,512,2,6.37
TXS1-02084,33.48,18.5,750,4,1.35
TXS1-02085,19.8,17.1,63,4,30.46
TXS1-02086,35.64,16.81,733,5,6.56
TXS1-02087,23.61,16.99,1168,1,1.72
TXS1-02088,42.15,16.8,160,2,2.11
TXS1-02089,39.09,23.81,394,3,5.81
TXS1-02090,100.58,21.07,166,2,3.0
TXS1-02091,26.86,13.9,299,3,10.74
TXS1-02092,28.98,11.6,569,2,43.48
TXS1-02093,28.8,13.81,578,3,14.18
TXS1-02094,27.0,14.1,490,3,11.04
TXS1-02095,15.69,12.65,64,1,28.7
TXS1-02096,30.21,16.56,457,2,7.35
TXS1-02097,34.43,20.05,1564,1,12.14
TXS1-02098,11.37,10.8,935,2,2.0
TXS1-02099,58.45,15.5,641,3,20.78
TXS1-02100,23.63,13.51,74,2,1.98
TXS1-02101,41.86,15.24,182,1,25.79
TXS1-02102,31.8,13.98,1196,2,5.68
TXS1-02103,34.62,9.84,305,1,15.31
TXS1-02104,15.12,16.67,1312,3,9.87
TXS1-02105,31.42,16.01,733,2,7.13
TXS1-02106,33.61,19.83,524,2,10.86
TXS1-02107,43.34,19.0,369,3,21.74
TXS1-02108,26.6,19.56,1007,3,0.95
TXS1-02109,11.91,18.94,163,3,24.45
TXS1-02110,36.86,15.81,481,4,1.82
TXS1-02111,42.15,12.96,449,1,21.34
TXS1-02112,48.84,10.39,141,1,0.95
TXS1-02113,67.6,20.69,561,5,5.17
TXS1-02114,35.44,23.98,153,3,10.11
TXS1-02115,55.16,14.05,221,2,6.9
TXS1-02116,22.71,21.94,14,1,0.27
TXS1-02117,33.96,21.42,1368,4,4.19
TXS1-02118,11.81,13.72,871,3,4.28
TXS1-02119,12.24,12.17,1532,3,22.94
TXS1-02120,8.09,16.37,303,5,15.34
TXS1-02121,34.68,16.33,159,6,6.72
TXS1-02122,23.5,13.37,209,2,0.69
TXS1-02123,26.77,14.15,660,1,3.51
TXS1-02124,24.61,15.41,21,1,2.71
TXS1-02125,10.79,14.19,459,2,4.08
TXS1-02126,121.89,11.87,1051,4,5.19
TXS1-02127,13.16,2.27,1005,3,10.03
TXS1-02128,30.42,12.42,91,1,0.6
TXS1-02129,20.4,18.96,629,2,6.03
TXS1-02130,42.92,9.87,302,3,20.07
TXS1-02131,72.06,11.31,342,5,9.43
TXS1-02132,35.4,21.84,87,2,11.81
TXS1-02133,98.47,15.36,811,6,7.83
TXS1-02134,58.19,21.07,351,2,1.07
TXS1-02135,83.43,20.07,162,3,5.17
TXS1-02136,48.31,17.87,1230,3,4.13
TXS1-02137,44.05,22.56,212,4,15.17
TXS1-02138,68.26,16.14,313,2,1.53
TXS1-02139,67.01,11.88,81,3,38.2
TXS1-02140,30.91,10.5,864,1,2.57
TXS1-02141,10.22,22.51,316,4,3.52
TXS1-02142,26.04,16.14,968,2,27.16
TXS1-02143,82.94,19.46,450,4,9.44
TXS1-02144,27.62,7.5,85,4,9.01
TXS1-02145,45.05,15.98,513,2,11.29
TXS1-02146,15.5,17.83,208,5,9.38
TXS1-02147,15.68,12.91,139,3,10.9
TXS1-02148,33.14,13.45,1503,2,4.28
TXS1-02149,8.74,20.26,619,2,3.34
TXS1-02150,35.77,22.07,1583,2,4.26
TXS1-02151,81.7,13.45,146,1,4.82
TXS1-02152,111.98,14.3,115,3,7.61
TXS1-02153,42.65,11.24,362,3,8.8
TXS1-02154,13.7,19.47,807,1,14.73
TXS1-02155,58.87,11.24,1053,2,2.96
TXS1-02156,47.17,13.93,233,6,29.05
TXS1-02157,72.95,15.8,326,3,7.05
TXS1-02158,45.97,11.79,88,4,0.6
TXS1-02159,41.13,12.89,787,2,5.53
TXS1-02160,36.82,19.36,355,2,2.89
TXS1-02161,18.89,12.04,268,2,2.09
TXS1-02162,16.67,17.17,347,4,4.11
TXS1-02163,38.71,3.45,236,1,4.4
TXS1-02164,36.75,14.57,2741,3,1.58
TXS1-02165,8.65,16.09,28,3,14.31
TXS1-02166,20.55,13.25,263,2,4.49
TXS1-02167,36.93,11.29,82,3,1.71
TXS1-02168,64.59,15.14,443,2,107.13
TXS1-02169,24.9,17.53,357,2,36.55
TXS1-02170,21.34,16.6,136,4,13.8
TXS1-02171,32.67,13.24,133,2,7.33
TXS1-02172,44.57,14.46,757,3,31.0
TXS1-02173,18.52,15.96,524,2,8.7
TXS1-02174,75.83,23.5,4,1,1.88
TXS1-02175,56.03,18.66,762,6,0.43
TXS1-02176,78.48,20.28,328,3,26.35
TXS1-02177,35.07,19.29,280,4,4.52
TXS1-02178,19.58,16.71,689,2,9.7
TXS1-02179,31.56,11.88,488,1,27.04
TXS1-02180,24.03,8.25,407,4,8.45
TXS1-02181,33.55,12.55,1516,2,4.22
TXS1-02182,11.03,18.82,77,1,8.17
TXS1-02183,90.24,16.56,264,5,3.5
TXS1-02184,42.96,10.51,512,4,10.92
TXS1-02185,22.19,21.58,494,4,39.43
TXS1-02186,42.22,14.82,161,3,0.95
TXS1-02187,20.19,20.01,525,2,0.86
TXS1-02188,50.59,22.01,380,3,10.23
TXS1-02189,40.49,13.9,71,3,2.49
TXS1-02190,59.63,8.78,175,1,18.3
TXS1-02191,79.74,14.14,177,4,33.47
TXS1-02192,33.04,16.62,846,4,4.06
TXS1-02193,38.0,14.75,449,4,2.22
TXS1-02194,55.52,11.25,433,6,11.22
TXS1-02195,34.32,18.03,1416,2,11.58
TXS1-02196,48.21,17.59,136,3,4.67
TXS1-02197,40.55,20.9,324,3,8.65
TXS1-02198,26.59,17.0,582,1,5.43
TXS1-02199,55.59,16.82,60,2,4.01
TXS1-02200,48.58,21.21,90,3,0.88
TXS1-02201,17.23,14.91,678,3,8.68
TXS1-02202,30.96,20.29,412,2,5.57
TXS1-02203,52.44,14.12,276,3,1.75
TXS1-02204,42.19,12.68,151,3,23.22
TXS1-02205,27.38,14.68,190,3,16.15
TXS1-02206,33.7,18.34,783,3,67.92
TXS1-02207,59.21,13.58,373,3,1.19
TXS1-02208,79.85,11.74,227,2,1.33
TXS1-02209,169.46,19.63,33,3,2.8
TXS1-02210,18.13,19.22,532,2,7.2
TXS1-02211,31.33,15.26,570,4,0.55
TXS1-02212,21.56,12.49,2004,3,7.79
TXS1-02213,26.6,13.76,491,2,3.1
TXS1-02214,11.57,12.28,786,3,24.41
TXS1-02215,6.86,13.33,22,2,5.15
TXS1-02216,54.26,13.05,556,3,31.09
TXS1-02217,34.41,16.47,1385,3,9.62
TXS1-02218,33.16,21.28,1437,3,6.16
TXS1-02219,39.49,21.0,50,2,5.57
TXS1-02220,14.82,12.47,378,2,9.15
TXS1-02221,11.2,8.67,787,1,1.85
TXS1-02222,22.13,20.98,72,3,3.1
TXS1-02223,30.17,17.75,482,2,8.56
TXS1-02224,40.18,13.99,132,1,8.67
TXS1-02225,15.2,11.76,437,3,10.41
TXS1-02226,67.21,19.58,536,2,41.08
TXS1-02227,58.94,14.18,65,4,5.05
TXS1-02228,57.51,11.77,2216,4,2.63
TXS1-02229,64.19,8.23,2015,3,28.69
TXS1-02230,26.24,11.1,1186,4,11.06
TXS1-02231,32.03,13.98,272,7,27.06
TXS1-02232,33.8,13.56,36,2,20.99
TXS1-02233,11.68,13.51,409,4,4.34
TXS1-02234,57.67,23.29,1408,1,29.94
TXS1-02235,64.26,11.94,732,3,10.24
TXS1-02236,56.47,19.2,170,2,2.04
TXS1-02237,94.8,16.98,280,1,3.71
TXS1-02238,42.57,18.4,337,1,7.58
TXS1-02239,37.1,12.81,148,4,6.4
TXS1-02240,111.86,23.37,148,4,0.81
TXS1-02241,13.91,15.46,1338,3,2.02
TXS1-02242,42.97,16.52,10,3,1.96
TXS1-02243,37.48,12.05,918,3,3.63
TXS1-02244,57.18,17.5,760,1,12.7
TXS1-02245,29.54,19.15,118,2,32.33
TXS1-02246,5.16,16.08,2,3,11.19
TXS1-02247,7.43,18.43,570,5,0.98
TXS1-02248,102.63,12.07,147,3,1.79
TXS1-02249,20.73,11.27,235,3,10.06
TXS1-02250,92.8,17.08,2,1,3.01
TXS1-02251,50.2,12.07,905,2,5.97
TXS1-02252,30.87,9.89,1098,1,2.37
TXS1-02253,70.98,9.15,264,3,18.81
TXS1-02254,21.76,11.11,85,1,24.98
TXS1-02255,11.86,7.31,108,4,12.37
TXS1-02256,27.22,20.21,280,1,9.92
TXS1-02257,13.33,15.14,247,3,3.73
TXS1-02258,86.27,16.02,62,4,7.44
TXS1-02259,21.3,19.56,567,2,10.07
TXS1-02260,24.89,10.08,1098,3,35.03
TXS1-02261,7.16,12.29,1063,2,3.74
TXS1-02262,60.93,14.97,614,4,2.54
TXS1-02263,44.63,14.69,1,2,7.64
TXS1-02264,53.44,16.06,240,3,39.24
TXS1-02265,50.32,12.54,752,1,5.97
TXS1-02266,33.69,20.71,249,1,7.93
TXS1-02267,33.88,20.01,768,2,3.17
TXS1-02268,162.89,16.91,94,4,8.32
TXS1-02269,42.82,5.65,866,3,3.14
TXS1-02270,36.66,13.18,259,2,4.14
TXS1-02271,19.4,18.63,138,3,4.41
TXS1-02272,33.77,13.59,1421,5,2.16
TXS1-02273,34.85,14.04,539,4,5.6
TXS1-02274,96.89,23.72,1107,3,24.56
TXS1-02275,63.06,17.74,984,2,6.33
TXS1-02276,95.15,17.08,81,1,18.07
TXS1-02277,60.58,11.8,314,2,12.88
TXS1-02278,27.81,1.08,321,4,8.05
TXS1-02279,10.93,10.56,12,1,2.49
TXS1-02280,18.34,11.68,315,1,5.33
TXS1-02281,33.5,20.09,422,2,2.92
TXS1-02282,138.71,21.66,23,2,5.92
TXS1-02283,55.85,19.51,139,1,17.97
TXS1-02284,90.42,11.03,482,3,15.66
TXS1-02285,15.74,6.42,108,4,8.39
TXS1-02286,20.62,21.46,309,5,4.13
TXS1-02287,70.67,21.66,582,2,3.29
TXS1-02288,32.98,13.48,693,2,4.96
TXS1-02289,62.19,19.74,311,3,11.0
TXS1-02290,50.17,17.15,601,2,7.44
TXS1-02291,50.63,12.35,21,2,57.21
TXS1-02292,23.8,2.11,290,2,16.77
TXS1-02293,48.01,16.45,13,3,2.76
TXS1-02294,154.06,16.46,440,3,13.57
TXS1-02295,19.5,12.97,92,5,3.16
TXS1-02296,16.33,20.42,98,2,14.34
TXS1-02297,7.8,18.87,268,4,8.69
TXS1-02298,51.1,11.17,695,2,9.09
TXS1-02299,32.12,15.96,122,3,2.33
TXS1-02300,56.76,22.39,235,2,1.82
TXS1-02301,19.53,12.99,262,2,21.33
TXS1-02302,38.16,15.73,319,2,15.29
TXS1-02303,35.98,11.5,1004,3,5.48
TXS1-02304,52.34,19.18,78,4,7.52
TXS1-02305,151.44,12.6,122,4,11.97
TXS1-02306,37.01,14.54,325,3,5.23
TXS1-02307,50.98,1.19,143,3,0.91
TXS1-02308,7.82,17.62,397,1,9.46
TXS1-02309,44.54,15.31,170,1,5.03
TXS1-02310,20.49,7.62,128,1,3.34
TXS1-02311,45.66,11.97,981,1,2.09
TXS1-02312,22.52,10.03,94,2,11.07
TXS1-02313,40.44,13.44,168,4,5.23
TXS1-02314,41.36,23.56,409,3,14.13
TXS1-02315,55.82,20.54,439,2,7.07
TXS1-02316,37.31,16.28,783,5,5.18
TXS1-02317,113.87,18.72,715,3,7.27
TXS1-02318,45.77,13.55,229,3,11.3
TXS1-02319,204.68,11.49,86,2,9.88
TXS1-02320,81.92,15.26,282,2,8.99
TXS1-02321,101.38,17.62,190,2,3.25
TXS1-02322,45.87,7.51,267,3,11.14
TXS1-02323,28.43,17.34,504,3,4.18
TXS1-02324,121.43,14.85,310,5,8.23
TXS1-02325,18.22,15.3,1179,4,0.81
TXS1-02326,95.54,12.36,107,1,34.86
TXS1-02327,33.93,9.36,1586,2,6.65
TXS1-02328,75.34,18.65,749,1,3.27
TXS1-02329,8.89,13.67,545,2,4.94
TXS1-02330,116.71,17.44,580,5,6.91
TXS1-02331,59.12,14.5,21,2,5.06
TXS1-02332,54.68,19.26,298,2,7.27
TXS1-02333,54.21,15.32,913,2,5.11
TXS1-02334,65.3,22.11,1371,2,12.51
TXS1-02335,28.9,14.06,39,3,24.59
TXS1-02336,65.46,16.23,567,4,26.4
TXS1-02337,111.94,13.78,13,3,15.03
TXS1-02338,22.62,19.35,488,1,1.53
TXS1-02339,23.35,18.75,31,4,8.68
TXS1-02340,19.62,23.67,890,4,3.64
TXS1-02341,71.53,15.64,1392,3,2.28
TXS1-02342,78.89,23.19,212,3,28.98
TXS1-02343,23.07,11.57,619,3,7.83
TXS1-02344,27.12,11.65,1309,4,6.31
TXS1-02345,17.22,15.87,605,3,14.81
TXS1-02346,6.16,22.46,392,2,19.66
TXS1-02347,33.36,12.26,9,1,4.06
TXS1-02348,51.25,18.35,315,2,1.84
TXS1-02349,9.08,19.35,262,3,3.45
TXS1-02350,154.13,14.39,5,2,4.42
TXS1-02351,72.84,12.3,248,1,4.46
TXS1-02352,47.81,20.01,159,2,30.88
TXS1-02353,31.38,21.06,420,3,3.49
TXS1-02354,54.89,16.98,163,2,2.14
TXS1-02355,49.0,21.97,1098,2,3.03
TXS1-02356,26.08,11.98,5,2,1.7
TXS1-02357,36.26,17.1,327,1,2.97
TXS1-02358,25.06,14.08,475,4,5.98
TXS1-02359,76.73,20.09,380,2,3.22
TXS1-02360,58.28,19.36,1123,4,12.31
TXS1-02361,102.33,12.62,244,2,6.71
TXS1-02362,10.77,21.71,413,3,3.83
TXS1-02363,34.62,16.49,833,2,88.13
TXS1-02364,43.45,20.19,498,1,5.26
TXS1-02365,44.4,11.51,382,4,11.51
TXS1-02366,33.02,22.43,622,5,2.37
TXS1-02367,19.42,18.18,545,2,18.68
TXS1-02368,32.99,19.73,268,3,10.8
TXS1-02369,34.72,11.25,379,3,0.58
TXS1-02370,68.96,22.47,1458,1,18.47
TXS1-02371,62.43,18.97,649,1,31.06
TXS1-02372,95.45,14.18,434,5,4.18
TXS1-02373,87.17,22.83,1862,3,7.69
TXS1-02374,57.68,18.88,995,5,22.18
TXS1-02375,49.32,21.54,166,3,7.69
TXS1-02376,36.1,15.89,40,3,19.08
TXS1-02377,23.87,17.4,1348,8,40.96
TXS1-02378,40.49,14.1,41,2,18.11
TXS1-02379,21.95,22.48,196,1,20.38
TXS1-02380,142.12,10.87,405,2,0.59
TXS1-02381,84.25,15.02,916,3,26.77
TXS1-02382,13.05,9.51,142,2,1.69
TXS1-02383,63.34,23.57,44,5,4.65
TXS1-02384,21.63,16.89,465,1,1.5
TXS1-02385,14.67,15.78,1152,5,1.3
TXS1-02386,33.54,0.18,207,3,7.69
TXS1-02387,13.98,12.58,294,3,53.11
TXS1-02388,31.5,15.15,28,1,8.99
TXS1-02389,69.14,13.52,186,2,159.03
TXS1-02390,21.72,16.42,77,2,9.12
TXS1-02391,26.1,16.14,227,2,3.91
TXS1-02392,18.69,15.71,172,7,4.5
TXS1-02393,27.7,16.77,69,2,10.87
TXS1-02394,36.62,23.44,452,2,1.75
TXS1-02395,43.22,8.47,182,1,1.42
TXS1-02396,56.75,17.64,214,3,9.27
TXS1-02397,17.81,12.79,111,2,7.16
TXS1-02398,121.76,17.81,194,1,2.4
TXS1-02399,21.42,15.38,485,1,4.35
TXS1-02400,14.54,13.3,871,1,5.73
TXS1-02401,26.19,23.31,74,3,16.56
TXS1-02402,20.42,19.68,91,1,1.45
TXS1-02403,12.43,17.18,318,5,6.46
TXS1-02404,38.52,12.93,224,3,29.22
TXS1-02405,145.01,13.93,254,1,5.79
TXS1-02406,24.2,10.31,291,1,11.85
TXS1-02407,13.57,19.69,533,2,21.53
TXS1-02408,35.52,19.87,647,2,2.13
TXS1-02409,5.92,10.25,1291,6,9.91
TXS1-02410,10.54,13.51,833,6,2.04
TXS1-02411,38.49,14.67,132,3,109.71
TXS1-02412,13.94,20.22,64,5,6.77
TXS1-02413,62.26,22.17,257,4,6.79
TXS1-02414,42.62,14.75,332,3,2.32
TXS1-02415,14.5,14.03,53,1,67.01
TXS1-02416,19.34,20.11,408,4,14.9
TXS1-02417,15.01,16.86,88,1,4.19
TXS1-02418,25.08,14.49,485,3,1.33
TXS1-02419,47.07,16.43,315,5,2.84
TXS1-02420,11.78,15.44,152,3,2.65
TXS1-02421,13.1,7.65,158,1,3.81
TXS1-02422,38.72,17.83,51,2,35.84
TXS1-02423,12.46,19.55,1082,2,2.72
TXS1-02424,41.11,10.06,201,4,12.65
TXS1-02425,22.03,18.55,80,3,9.83
TXS1-02426,48.01,8.13,144,4,16.56
TXS1-02427,4.8,12.47,562,1,3.4
TXS1-02428,42.91,9.91,880,2,6.65
TXS1-02429,11.18,9.59,1460,2,6.82
TXS1-02430,110.6,16.74,369,1,3.14
TXS1-02431,29.05,10.07,1150,1,9.45
TXS1-02432,27.25,8.4,50,4,1.59
TXS1-02433,29.13,16.2,429,1,3.16
TXS1-02434,38.44,18.77,74,3,9.8
TXS1-02435,64.31,16.84,466,2,1.29
TXS1-02436,40.58,14.17,1421,1,9.88
TXS1-02437,9.69,1.0,723,1,4.99
TXS1-02438,27.72,18.52,211,4,5.75
TXS1-02439,40.28,16.45,402,2,16.82
TXS1-02440,45.41,8.86,168,2,2.26
TXS1-02441,19.94,19.31,65,4,6.83
TXS1-02442,18.31,12.7,118,4,45.12
TXS1-02443,9.79,10.99,270,1,35.57
TXS1-02444,41.77,12.02,721,1,2.85
TXS1-02445,43.75,16.18,138,1,7.6
TXS1-02446,19.26,19.39,722,2,2.0
TXS1-02447,22.71,19.61,1018,3,6.0
TXS1-02448,10.37,20.54,419,1,6.23
TXS1-02449,56.35,19.54,322,1,3.64
TXS1-02450,60.12,13.5,165,4,10.6
TXS1-02451,115.98,14.06,95,4,3.04
TXS1-02452,28.77,12.39,119,1,8.15
TXS1-02453,71.35,12.26,755,5,8.69
TXS1-02454,101.51,15.47,387,3,15.52
TXS1-02455,8.88,17.57,866,3,0.63
TXS1-02456,11.89,15.17,2270,2,1.45
TXS1-02457,48.25,13.67,243,4,8.72
TXS1-02458,22.13,13.12,726,4,10.93
TXS1-02459,35.82,19.26,272,4,13.63
TXS1-02460,58.33,10.28,228,4,4.87
TXS1-02461,12.53,20.43,556,1,12.76
TXS1-02462,43.01,13.3,132,2,21.97
TXS1-02463,9.78,13.43,631,9,0.79
TXS1-02464,188.63,17.6,178,2,9.74
TXS1-02465,7.58,18.99,1997,2,4.67
TXS1-02466,31.3,19.35,249,2,13.87
TXS1-02467,27.01,12.15,626,5,18.82
TXS1-02468,47.36,16.6,158,2,21.58
TXS1-02469,28.76,13.43,3650,1,11.0
TXS1-02470,62.52,20.62,1708,1,1.73
TXS1-02471,32.19,14.91,123,4,44.81
TXS1-02472,30.02,15.26,62,1,21.84
TXS1-02473,41.61,17.61,140,4,1.66
TXS1-02474,9.25,9.5,1,1,5.95
TXS1-02475,117.39,8.06,196,3,4.13
TXS1-02476,45.8,19.84,608,2,5.53
TXS1-02477,50.61,17.63,94,1,4.54
TXS1-02478,22.3,19.78,206,2,26.55
TXS1-02479,43.46,12.26,981,3,7.3
TXS1-02480,24.29,10.9,587,2,17.89
TXS1-02481,119.39,13.29,92,2,25.14
TXS1-02482,30.63,18.95,255,4,6.19
TXS1-02483,42.44,11.49,1431,1,2.8
TXS1-02484,19.02,16.83,1777,6,1.26
TXS1-02485,33.16,11.51,1165,3,0.88
TXS1-02486,49.32,15.38,131,1,10.24
TXS1-02487,57.59,15.66,232,2,21.08
TXS1-02488,18.63,13.71,297,1,23.03
TXS1-02489,41.28,14.56,221,4,2.72
TXS1-02490,29.52,18.63,90,3,2.11
TXS1-02491,59.17,13.85,248,4,0.59
TXS1-02492,20.91,17.59,225,3,11.92
TXS1-02493,33.54,23.7,45,3,2.27
TXS1-02494,42.79,14.84,938,2,3.48
TXS1-02495,23.99,22.04,147,3,20.82
TXS1-02496,42.1,15.6,7,2,2.67
TXS1-02497,18.07,16.01,11,3,12.26
TXS1-02498,16.44,16.41,629,3,11.49
TXS1-02499,21.74,19.06,368,4,9.63
TXS1-02500,37.84,15.37,148,1,5.96
TXS1-02501,17.79,21.51,235,2,6.49
TXS1-02502,124.35,15.37,150,1,2.98
TXS1-02503,120.84,16.89,607,2,5.12
TXS1-02504,27.62,14.67,203,2,2.83
TXS1-02505,37.09,19.99,503,2,6.2
TXS1-02506,10.45,18.27,106,1,15.23
TXS1-02507,40.44,11.36,276,4,0.89
TXS1-02508,60.68,20.36,197,2,15.31
TXS1-02509,22.59,20.68,627,7,6.39
TXS1-02510,62.12,16.59,272,2,6.13
TXS1-02511,47.38,10.99,194,2,18.38
TXS1-02512,22.38,21.33,219,3,6.71
TXS1-02513,28.16,23.8,199,3,16.03
TXS1-02514,16.95,21.34,65,1,1.39
TXS1-02515,29.35,15.72,182,2,6.41
TXS1-02516,12.64,16.97,214,3,11.72
TXS1-02517,19.39,21.04,932,3,28.33
TXS1-02518,40.35,19.79,536,4,1.52
TXS1-02519,16.91,14.92,1612,2,1.21
TXS1-02520,7.94,18.18,141,5,35.56
TXS1-02521,28.83,22.25,216,2,9.98
TXS1-02522,89.39,0.25,1037,1,5.32
TXS1-02523,16.9,16.6,530,1,29.16
TXS1-02524,20.02,15.13,879,1,6.22
TXS1-02525,58.48,9.35,52,2,2.31
TXS1-02526,28.73,19.74,688,2,5.08
TXS1-02527,12.61,12.87,1022,2,3.68
TXS1-02528,20.28,17.27,259,1,29.6
TXS1-02529,125.99,23.01,11,5,8.86
TXS1-02530,19.93,17.16,337,3,14.33
TXS1-02531,26.47,13.51,499,2,0.95
TXS1-02532,20.29,22.8,520,3,3.59
TXS1-02533,81.94,19.31,649,4,11.3
TXS1-02534,118.09,18.18,153,2,2.37
TXS1-02535,88.84,17.25,494,3,26.97
TXS1-02536,71.15,19.64,29,1,1.46
TXS1-02537,79.54,11.17,49,2,1.97
TXS1-02538,24.02,20.88,520,2,20.17
TXS1-02539,55.76,19.91,425,2,15.35
TXS1-02540,27.9,17.13,554,2,4.21
TXS1-02541,79.05,17.24,895,2,4.88
TXS1-02542,46.01,16.88,292,2,2.13
TXS1-02543,107.82,22.13,217,3,11.74
TXS1-02544,33.83,15.93,113,2,4.61
TXS1-02545,13.59,21.41,2883,3,0.75
TXS1-02546,29.78,8.95,58,2,26.68
TXS1-02547,16.61,16.63,149,4,1.03
TXS1-02548,19.92,14.99,94,3,10.29
TXS1-02549,21.06,16.97,470,2,2.04
TXS1-02550,84.76,12.11,88,4,0.68
TXS1-02551,45.07,14.63,30,1,19.46
TXS1-02552,27.08,21.92,580,4,13.27
TXS1-02553,12.69,13.46,445,1,2.05
TXS1-02554,29.34,15.92,576,2,10.47
TXS1-02555,60.18,18.2,115,1,19.19
TXS1-02556,110.35,18.87,566,6,2.44
TXS1-02557,18.81,10.91,269,6,3.01
TXS1-02558,52.45,15.5,1352,4,19.07
TXS1-02559,51.84,15.8,852,3,10.68
TXS1-02560,30.33,14.13,147,2,11.11
TXS1-02561,21.8,11.39,311,2,4.83
TXS1-02562,28.08,20.62,49,1,1.02
TXS1-02563,148.83,15.6,716,2,6.48
TXS1-02564,212.31,13.81,628,3,11.97
TXS1-02565,59.88,20.37,536,3,2.66
TXS1-02566,25.77,10.3,770,1,1.81
TXS1-02567,79.12,11.53,140,2,2.62
TXS1-02568,42.92,16.33,84,3,1.86
TXS1-02569,14.9,18.76,423,1,16.42
TXS1-02570,30.93,15.68,322,2,25.16
TXS1-02571,51.54,22.59,405,4,3.65
TXS1-02572,73.07,19.35,539,3,3.27
TXS1-02573,9.16,22.37,73,2,22.34
TXS1-02574,14.83,20.06,55,2,1.01
TXS1-02575,15.33,19.19,1019,2,2.02
TXS1-02576,43.35,14.27,43,1,2.04
TXS1-02577,15.98,10.54,780,4,18.04
TXS1-02578,12.05,9.22,197,2,7.0
TXS1-02579,25.91,15.56,138,3,13.9
TXS1-02580,27.36,18.26,62,3,4.56
TXS1-02581,63.49,15.63,332,2,8.08
TXS1-02582,54.9,18.13,468,2,2.18
TXS1-02583,14.63,11.37,938,4,2.7
TXS1-02584,23.4,12.07,831,2,13.11
TXS1-02585,27.08,5.43,115,4,6.38
TXS1-02586,52.54,20.33,33,3,4.22
TXS1-02587,162.72,23.69,500,6,11.74
TXS1-02588,11.91,12.91,79,3,3.82
TXS1-02589,68.94,12.42,40,1,4.07
TXS1-02590,18.04,12.7,478,2,18.23
TXS1-02591,48.08,21.71,208,1,22.61
TXS1-02592,9.66,10.98,524,5,22.79
TXS1-02593,26.82,8.8,312,3,3.39
TXS1-02594,29.74,15.16,278,2,6.94
TXS1-02595,19.47,14.57,61,1,23.52
TXS1-02596,52.89,13.24,891,2,1.6
TXS1-02597,38.14,18.12,762,7,2.51
TXS1-02598,26.96,20.41,645,2,4.09
TXS1-02599,24.65,14.32,125,2,3.74
TXS1-02600,49.11,10.28,886,4,3.31
TXS1-02601,67.49,22.16,979,3,26.87
TXS1-02602,62.24,18.24,72,3,2.13
TXS1-02603,20.62,13.15,152,3,1.44
TXS1-02604,15.49,17.6,375,3,2.84
TXS1-02605,8.75,11.49,1454,2,4.69
TXS1-02606,20.64,9.15,64,1,1.13
TXS1-02607,38.44,14.2,463,1,3.43
TXS1-02608,16.52,10.79,613,3,14.47
TXS1-02609,80.63,9.23,624,2,4.93
TXS1-02610,29.37,20.33,639,5,3.05
TXS1-02611,43.58,11.17,34,4,10.73
TXS1-02612,47.01,11.46,869,1,4.01
TXS1-02613,33.78,19.97,36,1,70.68
TXS1-02614,72.52,21.88,71,3,29.26
TXS1-02615,20.56,15.86,342,5,2.21
TXS1-02616,58.12,14.29,578,4,11.05
TXS1-02617,61.55,11.34,703,2,4.47
TXS1-02618,77.74,19.92,128,4,4.6
TXS1-02619,8.92,18.27,26,4,2.21
TXS1-02620,88.67,16.53,896,1,3.06
TXS1-02621,28.66,19.97,1378,4,6.71
TXS1-02622,124.18,20.8,504,2,3.87
TXS1-02623,11.12,22.57,221,2,28.26
TXS1-02624,10.13,12.18,749,3,9.42
TXS1-02625,31.74,16.8,98,1,3.42
TXS1-02626,50.07,13.07,784,2,3.8
TXS1-02627,20.07,12.71,906,4,7.47
TXS1-02628,24.71,13.27,657,5,11.37
TXS1-02629,58.5,16.52,769,1,5.64
TXS1-02630,59.44,15.07,233,1,8.55
TXS1-02631,28.47,1.61,557,4,2.52
TXS1-02632,49.35,12.01,214,1,0.78
TXS1-02633,24.87,20.78,277,3,7.63
TXS1-02634,17.95,13.97,303,3,6.15
TXS1-02635,77.37,12.13,83,2,7.99
TXS1-02636,49.59,15.6,463,3,2.97
TXS1-02637,41.64,18.84,170,2,9.33
TXS1-02638,112.45,15.99,136,2,8.41
TXS1-02639,27.45,12.09,742,3,3.49
TXS1-02640,28.78,21.54,205,1,46.67
TXS1-02641,61.27,15.33,830,2,1.82
TXS1-02642,17.69,18.36,437,2,2.96
TXS1-02643,93.13,23.6,18,3,5.0
TXS1-02644,58.41,9.98,406,2,2.06
TXS1-02645,25.72,10.59,81,2,1.54
TXS1-02646,184.94,15.3,12,3,7.05
TXS1-02647,18.1,12.23,220,3,0.61
TXS1-02648,44.16,12.68,274,3,14.53
TXS1-02649,85.42,15.14,280,4,1.02
TXS1-02650,69.7,14.64,515,2,46.74
TXS1-02651,55.29,1.33,187,1,6.88
TXS1-02652,45.0,10.52,533,2,3.17
TXS1-02653,42.94,18.43,488,1,5.77
TXS1-02654,12.31,14.88,2145,3,6.13
TXS1-02655,123.88,7.84,127,3,3.42
TXS1-02656,84.1,10.01,231,3,4.43
TXS1-02657,148.26,10.75,237,1,5.3
TXS1-02658,23.15,19.68,91,3,3.0
TXS1-02659,15.75,17.44,580,3,12.11
TXS1-02660,60.14,0.61,342,1,94.23
TXS1-02661,87.4,13.23,270,3,12.26
TXS1-02662,37.88,15.72,119,5,10.69
TXS1-02663,10.2,21.37,666,3,4.76
TXS1-02664,51.25,9.81,487,4,2.47
TXS1-02665,52.93,18.02,52,4,7.72
TXS1-02666,39.29,17.97,191,2,1.28
TXS1-02667,22.53,19.49,481,2,1.33
TXS1-02668,22.88,17.18,846,3,25.24
TXS1-02669,58.91,7.63,804,4,0.87
TXS1-02670,20.28,16.35,1339,1,1.38
TXS1-02671,80.45,16.29,125,3,24.25
TXS1-02672,31.76,13.17,317,5,19.05
TXS1-02673,27.93,9.45,120,1,8.95
TXS1-02674,92.39,18.32,728,2,1.94
TXS1-02675,61.93,10.47,825,5,3.05
TXS1-02676,21.16,15.67,391,4,2.66
TXS1-02677,31.54,15.13,571,3,1.82
TXS1-02678,30.89,17.56,599,2,3.96
TXS1-02679,18.91,13.82,368,2,0.92
TXS1-02680,69.91,10.29,960,2,1.81
TXS1-02681,35.95,15.2,234,2,3.33
TXS1-02682,17.82,23.63,2151,2,6.66
TXS1-02683,61.08,14.02,160,3,8.69
TXS1-02684,20.19,7.35,32,2,2.9
TXS1-02685,31.26,10.25,176,3,5.94
TXS1-02686,34.56,15.04,998,1,1.58
TXS1-02687,9.74,12.57,1092,1,0.76
TXS1-02688,36.5,20.02,49,4,1.8
TXS1-02689,247.85,22.38,546,2,1.84
TXS1-02690,46.34,19.78,483,3,4.98
TXS1-02691,36.53,21.62,1372,3,4.65
TXS1-02692,10.46,22.18,456,3,11.41
TXS1-02693,28.31,19.13,321,4,5.29
TXS1-02694,51.3,15.97,16,4,2.92
TXS1-02695,28.12,14.79,100,3,21.09
TXS1-02696,25.29,20.18,188,2,5.64
TXS1-02697,26.28,21.33,1869,1,4.45
TXS1-02698,30.52,20.34,379,1,11.64
TXS1-02699,18.87,9.61,728,2,1.67
TXS1-02700,28.57,14.38,926,2,8.33
TXS1-02701,49.65,16.06,1,4,4.33
TXS1-02702,22.24,13.45,254,2,1.7
TXS1-02703,68.08,13.18,203,2,3.17
TXS1-02704,60.08,10.28,339,4,15.76
TXS1-02705,20.3,12.86,484,3,12.02
TXS1-02706,32.5,1.08,667,2,6.51
TXS1-02707,51.94,11.63,540,1,6.72
TXS1-02708,35.1,18.48,132,3,9.07
TXS1-02709,28.81,11.65,895,4,0.71
TXS1-02710,31.06,14.03,1833,4,23.16
TXS1-02711,8.63,13.55,74,4,3.22
TXS1-02712,43.81,14.83,1807,3,14.14
TXS1-02713,32.81,15.9,31,1,3.15
TXS1-02714,15.5,13.84,267,2,7.87
TXS1-02715,12.35,20.78,299,4,2.82
TXS1-02716,23.86,18.23,92,4,8.06
TXS1-02717,36.88,8.02,57,5,3.58
TXS1-02718,36.09,15.41,53,4,4.61
TXS1-02719,30.56,13.1,785,4,4.24
TXS1-02720,17.96,9.9,704,2,7.08
TXS1-02721,13.86,9.63,623,3,8.74
TXS1-02722,115.02,14.28,681,3,3.61
TXS1-02723,121.34,10.2,134,3,3.41
TXS1-02724,43.1,20.71,22,2,2.01
TXS1-02725,50.78,17.65,118,3,0.5
TXS1-02726,25.33,9.57,788,5,18.63
TXS1-02727,46.34,13.01,121,4,7.03
TXS1-02728,23.03,14.29,48,2,1.73
TXS1-02729,14.85,19.68,79,2,5.52
TXS1-02730,80.36,22.55,288,2,7.69
TXS1-02731,12.45,16.38,720,2,13.73
TXS1-02732,39.05,12.64,45,4,3.78
TXS1-02733,23.66,22.52,57,3,48.55
TXS1-02734,16.25,15.48,1262,1,1.68
TXS1-02735,59.71,13.93,175,3,6.99
TXS1-02736,122.02,8.9,2098,2,15.48
TXS1-02737,39.32,11.79,438,2,4.37
TXS1-02738,14.35,11.4,332,3,3.79
TXS1-02739,47.71,19.17,181,1,51.95
TXS1-02740,43.95,17.34,849,2,4.08
TXS1-02741,66.1,15.73,323,2,0.27
TXS1-02742,33.59,17.51,1352,3,22.37
TXS1-02743,27.84,23.2,658,2,25.1
TXS1-02744,38.44,13.18,27,2,1.45
TXS1-02745,64.93,18.71,90,1,2.42
TXS1-02746,22.25,16.69,69,4,1.66
TXS1-02747,32.81,15.92,24,3,9.2
TXS1-02748,19.46,12.97,429,2,5.89
TXS1-02749,41.58,12.02,170,1,5.33
TXS1-02750,48.83,12.13,166,2,8.18
TXS1-02751,14.15,11.16,548,1,1.52
TXS1-02752,107.07,12.62,286,2,16.53
TXS1-02753,11.07,15.36,677,3,1.42
TXS1-02754,16.09,19.36,265,2,17.18
TXS1-02755,19.46,13.96,156,2,13.16
TXS1-02756,27.81,9.46,211,4,7.61
TXS1-02757,45.79,12.67,260,1,1.59
TXS1-02758,101.96,11.21,33,2,25.46
TXS1-02759,157.01,12.87,330,3,11.29
TXS1-02760,43.77,20.75,170,2,4.73
TXS1-02761,26.66,8.89,432,2,8.89
TXS1-02762,20.18,14.15,381,7,0.75
TXS1-02763,14.48,19.23,1550,4,26.45
TXS1-02764,19.14,18.31,284,1,5.75
TXS1-02765,22.86,12.25,303,1,10.14
TXS1-02766,35.89,9.61,994,2,3.52
TXS1-02767,33.82,21.01,646,2,5.59
TXS1-02768,58.37,18.02,329,4,0.23
TXS1-02769,18.77,21.94,226,1,0.61
TXS1-02770,10.73,22.5,2226,1,11.85
TXS1-02771,134.37,12.41,286,2,18.43
TXS1-02772,19.42,19.66,23,1,3.74
TXS1-02773,19.28,12.95,289,3,18.54
TXS1-02774,37.76,15.93,410,5,7.21
TXS1-02775,56.16,15.58,272,3,1.76
TXS1-02776,25.22,7.61,776,5,2.98
TXS1-02777,27.46,15.51,541,4,67.47
TXS1-02778,45.96,20.83,311,5,78.74
TXS1-02779,59.97,17.27,61,4,6.14
TXS1-02780,14.01,21.02,230,4,3.47
TXS1-02781,49.23,22.22,483,2,9.76
TXS1-02782,13.55,14.16,402,3,22.33
TXS1-02783,85.99,15.59,143,2,1.14
TXS1-02784,86.3,16.99,1554,3,2.96
TXS1-02785,94.99,14.82,889,3,53.8
TXS1-02786,19.04,15.8,4,2,5.3
TXS1-02787,128.6,9.63,19,2,25.24
TXS1-02788,23.0,12.33,199,1,20.33
TXS1-02789,16.29,18.02,132,2,3.23
TXS1-02790,14.87,11.07,450,2,1.19
TXS1-02791,101.83,17.82,95,1,9.08
TXS1-02792,97.94,14.68,45,3,7.31
TXS1-02793,21.47,23.25,14,3,22.78
TXS1-02794,98.47,12.38,973,2,1.71
TXS1-02795,72.78,17.03,164,4,1.32
TXS1-02796,18.91,20.56,691,3,8.36
TXS1-02797,17.83,17.32,30,3,4.74
TXS1-02798,17.61,19.51,430,3,1.77
TXS1-02799,11.53,13.2,1103,2,4.14
TXS1-02800,12.74,12.53,158,1,3.56
TXS1-02801,49.11,15.67,553,4,4.87
TXS1-02802,24.94,13.75,18,3,0.77
TXS1-02803,23.91,20.55,42,1,6.05
TXS1-02804,76.5,10.78,225,3,4.18
TXS1-02805,21.43,10.59,474,1,6.69
TXS1-02806,64.16,11.5,784,3,4.89
TXS1-02807,14.41,11.43,800,2,20.43
TXS1-02808,97.55,14.33,98,2,5.17
TXS1-02809,32.02,16.41,578,4,31.8
TXS1-02810,47.23,15.06,465,6,3.4
TXS1-02811,44.53,13.88,1056,1,25.85
TXS1-02812,18.79,19.26,686,4,3.35
TXS1-02813,47.73,12.34,5,5,7.83
TXS1-02814,15.92,23.14,381,2,2.45
TXS1-02815,53.35,12.46,2581,2,4.73
TXS1-02816,43.66,15.07,351,3,4.26
TXS1-02817,9.71,18.29,233,3,13.62
TXS1-02818,30.57,14.54,66,1,9.88
TXS1-02819,195.38,23.32,224,2,9.71
TXS1-02820,105.57,17.76,9,2,5.43
TXS1-02821,89.87,18.64,104,5,10.02
TXS1-02822,15.15,18.28,14,4,26.79
TXS1-02823,66.89,16.6,1284,3,13.22
TXS1-02824,67.09,13.9,280,5,11.52
TXS1-02825,98.26,21.72,74,2,0.97
TXS1-02826,63.42,10.1,506,3,7.7
TXS1-02827,30.04,12.53,1300,3,18.12
TXS1-02828,46.25,12.34,115,2,13.88
TXS1-02829,35.23,12.25,168,3,10.62
TXS1-02830,18.18,13.17,556,7,6.98
TXS1-02831,38.24,14.6,627,5,45.67
TXS1-02832,18.02,17.3,435,1,38.68
TXS1-02833,34.21,12.07,839,2,3.25
TXS1-02834,32.98,22.94,282,3,2.93
TXS1-02835,72.73,15.52,172,2,11.59
TXS1-02836,18.2,18.92,131,1,4.23
TXS1-02837,13.48,9.07,1091,2,0.81
TXS1-02838,36.13,16.0,104,5,3.38
TXS1-02839,62.95,18.57,114,2,14.27
TXS1-02840,64.66,10.04,558,2,5.74
TXS1-02841,80.7,11.22,25,3,73.71
TXS1-02842,130.62,23.51,476,2,20.43
TXS1-02843,27.42,18.63,263,3,3.42
TXS1-02844,111.79,11.92,116,3,8.75
TXS1-02845,145.94,23.05,20,2,8.61
TXS1-02846,9.96,20.25,68,2,3.08
TXS1-02847,35.49,10.14,203,1,1.53
TXS1-02848,63.7,11.29,469,1,14.06
TXS1-02849,43.98,21.97,1455,6,32.5
TXS1-02850,85.32,17.77,125,2,4.38
TXS1-02851,26.34,18.31,215,2,4.06
TXS1-02852,21.49,15.8,1458,3,31.6
TXS1-02853,37.88,16.96,512,1,10.4
TXS1-02854,118.73,17.17,145,3,5.29
TXS1-02855,44.88,15.44,27,4,1.72
TXS1-02856,27.42,10.52,608,1,25.14
TXS1-02857,33.38,11.55,109,3,1.84
TXS1-02858,25.05,14.57,268,2,8.63
TXS1-02859,32.44,13.3,30,1,22.47
TXS1-02860,74.0,17.12,256,1,12.1
TXS1-02861,73.88,16.55,242,1,24.51
TXS1-02862,31.2,16.46,463,5,15.39
TXS1-02863,70.07,15.6,87,2,1.72
TXS1-02864,45.14,14.44,48,2,3.92
TXS1-02865,43.75,17.46,168,2,8.96
TXS1-02866,31.33,13.68,609,3,4.85
TXS1-02867,52.02,19.27,310,2,2.98
TXS1-02868,14.79,15.3,341,3,3.07
TXS1-02869,5.98,22.0,477,1,2.89
TXS1-02870,22.92,16.5,817,3,0.36
TXS1-02871,34.49,16.08,16,1,5.34
TXS1-02872,95.1,12.16,321,1,13.64
TXS1-02873,10.11,21.29,274,3,0.7
TXS1-02874,86.52,23.15,207,3,0.8
TXS1-02875,32.85,10.81,191,2,3.65
TXS1-02876,41.33,11.41,535,1,9.86
TXS1-02877,22.76,20.58,235,1,7.89
TXS1-02878,41.58,21.73,418,3,4.18
TXS1-02879,28.59,12.86,304,3,1.4
TXS1-02880,144.42,11.02,87,3,6.56
TXS1-02881,224.46,16.42,235,3,2.24
TXS1-02882,58.13,16.66,1395,1,9.88
TXS1-02883,64.88,17.86,7,3,19.23
TXS1-02884,76.74,18.67,300,6,8.24
TXS1-02885,35.82,14.01,231,4,0.5
TXS1-02886,8.0,13.17,907,2,5.92
TXS1-02887,5.35,18.17,55,3,6.25
TXS1-02888,52.88,21.66,785,3,4.24
TXS1-02889,17.32,12.46,118,1,9.89
TXS1-02890,191.81,9.64,4,2,2.29
TXS1-02891,73.95,7.02,1037,3,26.67
TXS1-02892,22.29,13.68,275,1,4.42
TXS1-02893,48.28,17.95,848,2,10.42
TXS1-02894,59.69,20.92,1559,2,11.01
TXS1-02895,46.11,16.41,310,2,10.17
TXS1-02896,16.55,20.13,331,2,3.16
TXS1-02897,183.94,23.72,164,2,21.49
TXS1-02898,35.15,20.09,635,4,13.9
TXS1-02899,16.42,17.29,230,3,9.06
TXS1-02900,54.76,13.89,46,1,5.75
TXS1-02901,22.15,18.31,1088,1,4.28
TXS1-02902,8.53,9.63,5,2,27.49
TXS1-02903,59.67,13.57,2219,3,24.05
TXS1-02904,89.06,14.68,4,3,33.31
TXS1-02905,13.6,15.17,187,1,9.53
TXS1-02906,46.18,11.53,456,2,4.15
TXS1-02907,59.61,12.7,787,2,83.22
TXS1-02908,59.78,13.99,865,3,23.58
TXS1-02909,42.75,20.12,106,2,9.04
TXS1-02910,22.9,10.81,193,3,41.58
TXS1-02911,50.46,8.19,359,3,29.08
TXS1-02912,15.12,16.28,884,3,4.6
TXS1-02913,52.5,14.35,18,2,22.52
TXS1-02914,22.5,23.21,735,5,0.98
TXS1-02915,64.01,17.7,15,1,10.64
TXS1-02916,31.36,12.16,761,1,4.99
TXS1-02917,23.2,23.78,63,1,10.69
TXS1-02918,75.79,6.49,30,4,4.9
TXS1-02919,75.3,11.75,473,3,7.97
TXS1-02920,11.34,10.27,398,3,11.26
TXS1-02921,26.33,19.03,572,2,3.1
TXS1-02922,43.43,12.48,27,1,6.96
TXS1-02923,83.23,21.21,634,2,15.83
TXS1-02924,33.9,14.93,822,4,4.8
TXS1-02925,14.6,17.28,235,2,11.62
TXS1-02926,35.41,17.69,344,2,25.53
TXS1-02927,23.74,23.8,135,3,14.15
TXS1-02928,75.5,19.27,777,1,6.74
TXS1-02929,58.69,16.88,680,6,11.22
TXS1-02930,5.72,13.9,45,3,6.03
TXS1-02931,34.27,14.72,1969,3,3.47
TXS1-02932,38.54,12.29,1151,1,8.89
TXS1-02933,6.99,16.39,747,4,1.0
TXS1-02934,20.23,21.42,1092,1,5.22
TXS1-02935,52.0,19.72,161,3,0.49
TXS1-02936,47.24,21.47,409,1,8.48
TXS1-02937,19.98,21.02,14,1,1.02
TXS1-02938,24.59,16.54,245,1,16.76
TXS1-02939,23.15,14.95,274,1,102.97
TXS1-02940,22.54,19.16,6,3,8.18
TXS1-02941,19.11,8.56,18,2,5.15
TXS1-02942,83.19,22.94,437,2,6.89
TXS1-02943,163.48,18.01,699,4,7.74
TXS1-02944,78.73,23.93,1032,2,1.97
TXS1-02945,156.63,15.29,44,2,7.86
TXS1-02946,79.24,14.08,892,3,0.8
TXS1-02947,46.66,14.71,78,2,0.35
TXS1-02948,58.84,18.58,2353,1,12.48
TXS1-02949,8.6,16.6,319,4,1.59
TXS1-02950,50.17,19.64,180,1,37.9
TXS1-02951,61.84,16.74,106,3,4.82
TXS1-02952,10.74,18.04,74,2,46.83
TXS1-02953,16.02,18.5,17,2,10.72
TXS1-02954,60.94,15.4,755,2,6.03
TXS1-02955,14.3,10.85,967,3,16.27
TXS1-02956,11.4,7.77,553,3,4.47
TXS1-02957,29.27,8.62,63,3,12.69
TXS1-02958,67.35,21.08,191,4,3.32
TXS1-02959,26.51,16.04,30,3,3.02
TXS1-02960,30.34,17.15,367,1,42.1
TXS1-02961,25.33,20.97,154,3,16.33
TXS1-02962,81.37,14.61,421,5,4.07
TXS1-02963,17.8,18.81,201,1,24.47
TXS1-02964,21.77,16.34,1068,2,10.16
TXS1-02965,39.45,16.58,129,1,8.53
TXS1-02966,48.6,12.94,756,2,0.55
TXS1-02967,42.78,16.17,1983,2,17.62
TXS1-02968,79.82,21.46,139,5,63.7
TXS1-02969,10.92,17.24,490,1,1.42
TXS1-02970,25.21,13.92,105,3,9.52
TXS1-02971,16.56,15.9,960,1,0.86
TXS1-02972,13.57,10.28,187,3,13.34
TXS1-02973,51.24,8.45,764,2,7.63
TXS1-02974,40.95,8.65,164,5,4.64
TXS1-02975,91.62,0.47,1470,3,15.48
TXS1-02976,20.4,11.98,136,4,8.75
TXS1-02977,8.5,15.73,403,2,10.97
TXS1-02978,37.98,17.92,204,5,3.4
TXS1-02979,14.48,14.23,160,3,6.73
TXS1-02980,11.59,21.19,174,3,16.46
TXS1-02981,84.79,16.54,495,3,14.25
TXS1-02982,89.85,18.1,358,3,5.62
TXS1-02983,59.18,11.07,1113,1,12.09
TXS1-02984,48.94,13.19,2075,4,11.52
TXS1-02985,17.59,13.72,199,2,0.81
TXS1-02986,36.09,23.15,11,1,4.1
TXS1-02987,59.9,15.47,369,2,6.92
TXS1-02988,49.07,20.69,269,2,6.27
TXS1-02989,28.99,16.81,106,2,16.07
TXS1-02990,17.18,18.98,283,2,20.63
TXS1-02991,22.54,11.49,1305,2,37.38
TXS1-02992,8.77,14.56,644,2,16.09
TXS1-02993,19.52,21.04,306,3,8.34
TXS1-02994,20.46,16.65,21,2,4.81
TXS1-02995,34.86,14.71,1035,4,15.65
TXS1-02996,40.03,21.72,21,2,25.67
TXS1-02997,15.14,13.21,84,2,3.45
TXS1-02998,106.05,18.29,166,3,21.32
TXS1-02999,34.83,14.26,130,2,1.08
TXS1-03000,26.29,15.83,750,2,1.45
