transaction_id,montant_eur,heure,anciennete_client_j,nb_articles,distance_domicile_km,fraude
TXREF-00001,43.35,8.69,505,3,13.82,0
TXREF-00002,16.46,16.85,105,3,1.98,0
TXREF-00003,59.76,21.17,105,4,57.11,1
TXREF-00004,68.53,12.08,378,3,8.99,0
TXREF-00005,8.54,13.2,535,1,1.32,0
TXREF-00006,13.63,17.32,131,5,5.86,0
TXREF-00007,38.17,16.34,843,2,3.14,0
TXREF-00008,27.72,13.59,462,2,10.61,0
TXREF-00009,34.39,10.35,265,2,0.95,0
TXREF-00010,18.84,10.58,85,2,5.5,0
TXREF-00011,65.57,16.41,75,2,45.93,1
TXREF-00012,60.95,19.31,384,1,8.65,0
TXREF-00013,36.51,21.54,172,4,0.78,0
TXREF-00014,78.38,19.2,78,2,7.35,0
TXREF-00015,48.75,21.13,443,4,4.71,0
TXREF-00016,18.75,16.38,3151,4,14.41,0
TXREF-00017,45.4,10.6,170,2,9.8,0
TXREF-00018,17.45,10.07,66,2,9.24,0
TXREF-00019,65.53,16.55,68,5,3.61,0
TXREF-00020,33.58,13.1,104,5,0.77,0
TXREF-00021,30.47,17.76,93,2,7.71,0
TXREF-00022,21.32,14.46,638,3,1.82,0
TXREF-00023,83.95,22.82,213,1,15.2,1
TXREF-00024,31.15,12.49,236,2,2.01,0
TXREF-00025,25.57,15.25,273,2,125.44,0
TXREF-00026,27.02,11.46,207,3,1.79,0
TXREF-00027,51.07,17.62,261,5,8.12,0
TXREF-00028,45.29,20.75,424,2,0.65,0
TXREF-00029,46.86,11.24,209,3,49.41,0
TXREF-00030,47.47,19.95,42,3,2.14,0
TXREF-00031,162.71,18.71,385,4,8.45,0
TXREF-00032,25.98,18.33,446,3,10.6,0
TXREF-00033,24.08,9.79,1056,4,14.79,0
TXREF-00034,19.38,12.83,273,4,10.82,0
TXREF-00035,54.24,19.51,107,2,5.08,0
TXREF-00036,78.48,13.79,847,2,15.82,0
TXREF-00037,32.07,14.91,751,2,6.5,0
TXREF-00038,19.01,17.61,316,2,0.95,0
TXREF-00039,19.23,10.06,234,4,2.22,0
TXREF-00040,55.61,11.31,623,3,19.63,0
TXREF-00041,59.45,21.79,30,2,14.64,0
TXREF-00042,51.47,18.17,88,2,1.01,0
TXREF-00043,21.56,17.58,666,2,3.62,0
TXREF-00044,41.15,16.62,71,2,1.84,0
TXREF-00045,37.86,13.87,510,2,5.32,0
TXREF-00046,40.75,17.93,294,3,4.31,0
TXREF-00047,65.2,13.83,2267,3,6.67,0
TXREF-00048,40.89,16.17,777,1,17.86,0
TXREF-00049,56.76,17.24,215,5,6.28,0
TXREF-00050,36.55,22.31,10,4,3.32,1
TXREF-00051,42.87,14.14,21,3,13.09,0
TXREF-00052,54.85,13.16,85,6,7.93,0
TXREF-00053,12.19,18.46,415,3,2.63,0
TXREF-00054,27.66,18.71,13,1,2.35,0
TXREF-00055,24.81,12.58,296,3,5.09,0
TXREF-00056,21.98,10.78,1587,2,2.65,0
TXREF-00057,28.56,18.22,334,2,1.82,0
TXREF-00058,102.14,21.15,982,5,14.91,1
TXREF-00059,18.66,8.9,31,3,32.15,0
TXREF-00060,69.91,16.06,860,2,43.01,0
TXREF-00061,10.36,14.33,262,1,5.4,0
TXREF-00062,27.35,10.61,578,2,9.65,0
TXREF-00063,39.14,14.71,72,6,3.12,0
TXREF-00064,53.09,14.85,316,4,5.21,0
TXREF-00065,58.1,12.46,290,4,2.24,0
TXREF-00066,61.63,20.51,161,7,18.9,0
TXREF-00067,27.08,1.01,538,3,4.67,0
TXREF-00068,24.96,17.61,181,2,16.72,0
TXREF-00069,64.57,9.34,120,4,14.66,0
TXREF-00070,30.33,9.31,956,2,8.29,0
TXREF-00071,13.89,15.47,124,3,8.74,0
TXREF-00072,15.39,19.94,569,4,2.17,0
TXREF-00073,17.96,20.28,925,3,2.07,0
TXREF-00074,49.8,14.46,978,2,0.7,0
TXREF-00075,38.57,10.05,342,2,2.47,0
TXREF-00076,57.23,11.7,241,1,2.36,0
TXREF-00077,25.59,14.62,30,4,14.57,0
TXREF-00078,39.02,22.48,66,2,15.32,0
TXREF-00079,54.62,9.82,306,2,5.39,0
TXREF-00080,27.86,9.75,907,3,9.72,0
TXREF-00081,48.37,19.32,423,4,1.96,0
TXREF-00082,21.62,19.19,145,2,4.38,0
TXREF-00083,26.81,15.91,6,3,1.08,0
TXREF-00084,26.45,15.9,427,3,4.57,0
TXREF-00085,14.72,11.09,1213,2,4.93,0
TXREF-00086,49.43,17.22,123,4,1.51,0
TXREF-00087,24.83,16.26,5,1,12.44,1
TXREF-00088,35.13,14.02,400,2,2.78,0
TXREF-00089,49.21,13.5,514,2,0.66,0
TXREF-00090,48.01,11.92,145,2,2.16,0
TXREF-00091,56.21,19.25,256,2,11.6,0
TXREF-00092,32.43,19.18,235,2,0.98,0
TXREF-00093,25.67,17.64,108,2,6.76,0
TXREF-00094,32.87,13.18,702,3,2.3,0
TXREF-00095,10.33,20.92,159,3,2.59,0
TXREF-00096,12.28,10.48,345,4,2.33,0
TXREF-00097,13.43,16.34,87,5,3.25,0
TXREF-00098,16.98,20.83,70,5,3.03,0
TXREF-00099,46.42,16.21,936,2,14.83,0
TXREF-00100,18.14,21.51,640,3,12.53,0
TXREF-00101,26.52,22.3,506,2,14.87,0
TXREF-00102,88.72,23.35,202,4,6.03,0
TXREF-00103,26.94,18.16,302,3,4.99,0
TXREF-00104,59.21,22.62,1107,3,6.96,0
TXREF-00105,17.78,11.45,1668,3,9.98,0
TXREF-00106,30.03,21.57,57,2,5.98,0
TXREF-00107,17.57,15.58,299,2,5.37,0
TXREF-00108,27.27,12.19,94,2,18.89,0
TXREF-00109,63.75,13.35,312,3,5.81,0
TXREF-00110,10.04,15.38,533,1,7.31,0
TXREF-00111,47.6,13.97,756,2,18.33,0
TXREF-00112,41.31,15.11,72,3,49.11,1
TXREF-00113,22.7,19.56,669,4,2.65,0
TXREF-00114,12.29,10.39,662,4,4.49,0
TXREF-00115,36.67,16.06,189,4,15.56,0
TXREF-00116,23.78,13.77,557,4,9.48,0
TXREF-00117,41.16,12.4,269,4,4.46,0
TXREF-00118,35.37,17.43,73,4,76.15,0
TXREF-00119,110.31,9.32,418,5,15.46,0
TXREF-00120,29.3,6.43,96,5,3.21,0
TXREF-00121,16.66,14.72,621,1,2.49,0
TXREF-00122,39.61,13.56,129,2,7.93,0
TXREF-00123,40.79,20.9,2087,2,9.18,0
TXREF-00124,92.63,8.53,209,5,4.75,0
TXREF-00125,63.52,20.18,792,3,6.41,0
TXREF-00126,45.01,20.65,513,3,9.11,0
TXREF-00127,99.84,14.06,583,1,5.35,0
TXREF-00128,14.79,21.02,2,2,6.11,1
TXREF-00129,21.96,17.27,81,6,1.97,0
TXREF-00130,17.87,19.66,282,2,23.24,0
TXREF-00131,26.29,10.22,413,3,2.19,0
TXREF-00132,12.92,23.26,1306,1,28.01,0
TXREF-00133,55.0,15.97,337,1,23.18,0
TXREF-00134,29.67,15.33,432,5,4.01,0
TXREF-00135,12.07,18.0,99,4,29.47,0
TXREF-00136,16.76,8.78,220,6,8.67,0
TXREF-00137,43.63,16.25,449,2,3.06,0
TXREF-00138,63.65,17.17,671,3,10.67,0
TXREF-00139,146.59,17.0,130,5,3.31,0
TXREF-00140,283.72,12.7,539,3,3.99,0
TXREF-00141,46.92,1.02,45,2,4.04,0
TXREF-00142,17.07,11.52,616,3,10.0,0
TXREF-00143,7.5,20.71,1409,2,8.04,0
TXREF-00144,42.21,16.76,1633,2,19.52,0
TXREF-00145,19.39,11.57,378,2,31.87,0
TXREF-00146,25.81,13.23,194,2,10.22,0
TXREF-00147,22.41,20.1,425,4,20.48,0
TXREF-00148,31.46,22.28,126,1,7.23,0
TXREF-00149,75.0,9.84,786,2,3.16,0
TXREF-00150,38.98,20.28,60,3,6.31,0
TXREF-00151,31.06,12.4,450,2,8.72,0
TXREF-00152,16.52,15.06,465,3,31.89,0
TXREF-00153,10.43,8.37,407,3,2.48,0
TXREF-00154,24.53,18.34,243,2,5.37,1
TXREF-00155,33.49,14.53,4,2,7.53,1
TXREF-00156,124.33,12.58,225,1,13.65,0
TXREF-00157,38.24,19.23,283,4,4.76,0
TXREF-00158,70.64,22.89,524,2,3.64,0
TXREF-00159,24.3,4.55,388,3,2.34,0
TXREF-00160,14.83,11.36,33,1,3.24,0
TXREF-00161,17.38,13.62,1106,1,65.35,0
TXREF-00162,20.65,13.58,1255,3,5.15,0
TXREF-00163,161.18,20.36,711,1,33.7,0
TXREF-00164,19.27,12.92,519,3,8.38,0
TXREF-00165,63.67,17.17,34,1,3.68,0
TXREF-00166,18.17,19.8,18,5,30.66,0
TXREF-00167,68.08,20.43,445,3,18.63,0
TXREF-00168,45.93,11.84,471,4,5.82,0
TXREF-00169,31.1,9.89,342,4,1.85,0
TXREF-00170,33.81,16.39,14,3,8.78,0
TXREF-00171,21.73,19.26,216,4,23.57,0
TXREF-00172,48.0,15.75,317,5,19.73,0
TXREF-00173,25.09,17.95,87,4,7.69,0
TXREF-00174,14.4,22.29,101,3,17.87,0
TXREF-00175,13.87,16.68,381,4,3.31,0
TXREF-00176,39.42,20.98,43,6,14.66,0
TXREF-00177,108.52,14.16,276,3,9.19,0
TXREF-00178,39.06,18.38,361,3,6.97,0
TXREF-00179,31.96,19.18,209,2,69.65,0
TXREF-00180,42.77,18.82,752,1,8.91,0
TXREF-00181,89.15,21.97,1242,2,1.14,0
TXREF-00182,40.77,15.07,56,1,15.43,0
TXREF-00183,25.9,12.88,6,4,117.67,0
TXREF-00184,77.21,14.51,4,2,2.02,0
TXREF-00185,47.4,14.68,267,2,8.33,0
TXREF-00186,105.19,20.33,582,6,5.8,0
TXREF-00187,39.72,12.59,23,1,11.82,0
TXREF-00188,14.42,21.91,224,2,3.87,0
TXREF-00189,13.0,18.03,140,3,9.0,0
TXREF-00190,114.28,11.46,342,3,1.57,0
TXREF-00191,120.43,17.24,416,1,21.5,0
TXREF-00192,30.59,21.58,331,5,4.52,0
TXREF-00193,26.42,22.7,460,4,63.45,0
TXREF-00194,99.71,21.1,1008,1,23.19,0
TXREF-00195,15.69,15.85,221,2,3.82,0
TXREF-00196,18.28,9.69,124,1,19.75,0
TXREF-00197,55.32,13.53,932,2,22.78,0
TXREF-00198,26.2,16.07,2017,1,2.0,0
TXREF-00199,34.69,21.72,420,1,2.52,0
TXREF-00200,30.95,22.47,351,2,3.56,0
TXREF-00201,44.39,18.03,324,3,0.61,0
TXREF-00202,95.91,14.83,725,5,9.03,0
TXREF-00203,37.16,13.25,859,2,22.3,0
TXREF-00204,55.35,16.8,185,1,9.31,0
TXREF-00205,7.96,16.9,265,4,14.63,0
TXREF-00206,33.61,21.99,77,4,8.58,0
TXREF-00207,18.97,15.21,1031,1,9.44,0
TXREF-00208,14.48,13.06,246,1,0.64,0
TXREF-00209,18.5,7.57,32,7,15.08,0
TXREF-00210,27.37,15.41,278,4,7.72,0
TXREF-00211,67.32,9.86,252,4,5.97,0
TXREF-00212,13.4,22.83,145,2,3.07,0
TXREF-00213,35.59,22.55,24,2,2.25,0
TXREF-00214,24.57,17.32,419,1,6.15,0
TXREF-00215,27.5,12.61,544,4,8.67,0
TXREF-00216,71.66,17.85,189,2,2.26,0
TXREF-00217,51.29,22.58,589,1,22.82,0
TXREF-00218,91.19,10.56,628,4,2.77,0
TXREF-00219,31.15,15.17,525,7,6.45,0
TXREF-00220,21.09,13.31,1412,3,14.56,0
TXREF-00221,29.63,16.53,11,2,2.18,0
TXREF-00222,41.45,21.46,347,2,0.64,0
TXREF-00223,39.53,14.67,557,3,4.25,0
TXREF-00224,15.95,21.9,1031,2,7.23,0
TXREF-00225,37.16,18.72,390,2,18.18,0
TXREF-00226,41.03,14.6,187,1,4.82,0
TXREF-00227,213.27,8.68,433,3,9.27,0
TXREF-00228,134.47,11.27,211,2,31.52,0
TXREF-00229,18.83,15.47,107,2,2.56,0
TXREF-00230,28.31,12.94,610,2,10.27,0
TXREF-00231,12.14,15.97,190,5,22.09,0
TXREF-00232,22.75,15.36,190,1,2.56,0
TXREF-00233,43.7,9.78,298,2,3.02,0
TXREF-00234,82.95,21.72,792,1,7.82,0
TXREF-00235,20.6,10.02,314,1,1.83,0
TXREF-00236,21.74,11.55,1452,4,1.59,0
TXREF-00237,7.42,14.73,389,1,3.94,0
TXREF-00238,30.97,19.01,291,2,2.16,0
TXREF-00239,16.2,10.79,745,3,3.67,0
TXREF-00240,23.78,14.47,523,3,6.05,0
TXREF-00241,18.52,14.5,255,2,29.11,0
TXREF-00242,32.53,16.1,467,4,10.78,0
TXREF-00243,9.82,22.23,152,2,7.32,0
TXREF-00244,12.11,12.71,904,3,1.37,0
TXREF-00245,161.27,17.24,230,1,0.81,0
TXREF-00246,13.78,18.26,589,2,3.76,0
TXREF-00247,15.8,22.09,573,3,13.1,0
TXREF-00248,130.66,15.61,227,2,44.32,1
TXREF-00249,281.93,14.5,162,4,7.99,0
TXREF-00250,14.98,12.48,199,1,33.62,0
TXREF-00251,26.71,9.33,706,4,2.29,0
TXREF-00252,44.52,13.11,101,4,7.58,0
TXREF-00253,120.86,14.36,789,6,1.23,0
TXREF-00254,17.11,13.65,2045,2,3.11,0
TXREF-00255,29.18,20.87,112,2,22.77,1
TXREF-00256,60.93,9.35,111,3,3.49,0
TXREF-00257,47.61,13.42,117,1,2.42,0
TXREF-00258,26.55,20.54,17,5,1.99,0
TXREF-00259,31.62,17.19,148,3,15.19,0
TXREF-00260,12.94,15.97,35,2,12.82,0
TXREF-00261,29.33,15.25,364,2,6.15,0
TXREF-00262,28.74,12.83,260,2,6.35,0
TXREF-00263,41.15,8.39,145,5,1.24,0
TXREF-00264,23.34,22.5,251,3,2.6,0
TXREF-00265,48.89,6.17,170,2,14.24,0
TXREF-00266,72.18,12.96,141,1,7.26,0
TXREF-00267,38.94,23.37,2,2,6.85,1
TXREF-00268,44.85,12.57,1042,6,12.42,0
TXREF-00269,36.17,20.95,679,4,3.79,0
TXREF-00270,34.82,22.05,259,1,33.87,0
TXREF-00271,20.71,17.3,876,1,1.25,0
TXREF-00272,43.72,0.16,9,3,14.57,1
TXREF-00273,32.46,20.15,279,3,11.93,0
TXREF-00274,157.13,15.98,998,2,8.81,0
TXREF-00275,108.07,10.99,131,5,0.43,0
TXREF-00276,45.96,14.1,34,3,9.74,0
TXREF-00277,20.1,20.4,515,2,3.11,0
TXREF-00278,15.63,12.08,220,4,28.96,0
TXREF-00279,82.07,14.45,363,2,2.17,0
TXREF-00280,42.06,15.01,585,2,12.89,0
TXREF-00281,49.19,10.48,30,2,3.28,0
TXREF-00282,9.91,13.14,1054,2,0.98,0
TXREF-00283,67.88,10.72,1057,3,5.23,0
TXREF-00284,48.29,16.78,21,8,11.94,0
TXREF-00285,15.65,11.09,515,1,4.73,0
TXREF-00286,24.79,14.93,374,2,6.43,0
TXREF-00287,42.09,9.55,270,4,8.68,0
TXREF-00288,36.15,10.37,971,2,11.77,0
TXREF-00289,28.21,10.22,512,3,2.2,0
TXREF-00290,32.31,13.07,328,1,35.78,0
TXREF-00291,29.04,18.61,71,3,2.96,0
TXREF-00292,38.86,15.17,363,1,9.49,0
TXREF-00293,100.43,20.05,451,2,28.03,0
TXREF-00294,5.48,13.46,365,2,2.38,0
TXREF-00295,29.36,11.6,382,4,9.47,0
TXREF-00296,39.53,15.71,782,2,2.97,0
TXREF-00297,43.08,13.14,55,2,1.79,0
TXREF-00298,26.63,13.74,3,2,27.03,0
TXREF-00299,9.83,18.85,52,1,6.25,0
TXREF-00300,44.09,19.52,47,3,4.8,0
TXREF-00301,120.75,9.89,48,2,4.01,0
TXREF-00302,11.54,20.58,199,2,3.94,0
TXREF-00303,64.84,14.34,1071,1,0.94,0
TXREF-00304,27.48,22.12,1274,1,23.66,0
TXREF-00305,33.31,17.82,14,2,12.91,0
TXREF-00306,16.31,23.98,62,2,0.71,0
TXREF-00307,27.36,11.79,2123,1,6.91,0
TXREF-00308,88.77,19.99,204,3,10.98,0
TXREF-00309,52.96,19.37,443,3,7.39,0
TXREF-00310,121.18,21.25,408,5,12.38,0
TXREF-00311,81.27,13.84,1065,3,17.14,0
TXREF-00312,47.76,9.5,93,4,5.54,0
TXREF-00313,122.2,16.36,1474,3,7.86,0
TXREF-00314,47.75,10.86,736,3,3.03,0
TXREF-00315,63.19,12.24,52,3,77.03,0
TXREF-00316,28.12,11.99,67,5,47.29,0
TXREF-00317,36.52,12.4,400,4,2.81,0
TXREF-00318,21.07,12.86,5,4,5.94,0
TXREF-00319,70.99,9.8,432,3,2.45,0
TXREF-00320,14.9,11.75,519,5,25.56,0
TXREF-00321,61.15,20.34,214,2,9.96,0
TXREF-00322,30.35,13.89,148,5,5.71,0
TXREF-00323,80.91,21.62,338,3,15.21,0
TXREF-00324,59.78,6.86,1039,2,2.88,0
TXREF-00325,129.14,17.03,31,3,3.78,1
TXREF-00326,58.92,11.81,910,4,2.54,0
TXREF-00327,11.22,19.05,487,2,21.44,0
TXREF-00328,33.17,14.49,478,1,2.73,0
TXREF-00329,14.97,12.2,848,1,2.16,0
TXREF-00330,23.97,19.47,348,2,16.62,0
TXREF-00331,103.35,20.96,48,1,0.45,0
TXREF-00332,55.09,16.57,73,3,7.4,0
TXREF-00333,21.05,16.76,530,1,9.04,0
TXREF-00334,16.78,19.82,629,4,10.93,0
TXREF-00335,35.64,14.72,1,4,1.6,1
TXREF-00336,14.5,18.33,52,2,13.84,0
TXREF-00337,21.47,18.95,426,3,0.56,0
TXREF-00338,43.58,16.36,533,2,3.69,0
TXREF-00339,79.98,11.98,421,6,4.52,0
TXREF-00340,53.96,12.39,801,3,32.93,0
TXREF-00341,6.69,14.31,330,2,5.38,0
TXREF-00342,43.34,9.94,1305,3,31.6,0
TXREF-00343,36.67,15.05,475,4,11.49,0
TXREF-00344,46.9,13.0,201,2,106.11,1
TXREF-00345,111.46,23.34,360,4,3.73,0
TXREF-00346,7.88,19.32,592,3,4.69,0
TXREF-00347,22.75,12.9,175,4,23.24,0
TXREF-00348,53.27,21.31,882,1,17.36,0
TXREF-00349,11.15,18.86,445,4,15.17,0
TXREF-00350,100.75,18.63,67,3,11.94,1
TXREF-00351,45.39,20.16,265,6,6.4,0
TXREF-00352,64.04,12.23,90,3,1.26,0
TXREF-00353,23.08,21.23,280,2,1.36,0
TXREF-00354,62.55,12.89,847,6,9.48,0
TXREF-00355,75.14,19.8,374,4,1.51,0
TXREF-00356,41.17,14.19,528,1,12.49,0
TXREF-00357,41.21,11.99,310,3,4.96,0
TXREF-00358,42.29,14.03,1364,3,24.2,0
TXREF-00359,18.7,15.48,326,4,11.93,0
TXREF-00360,31.31,10.78,259,4,2.74,0
TXREF-00361,31.19,15.01,230,3,15.43,0
TXREF-00362,45.88,18.49,194,4,12.12,0
TXREF-00363,71.51,17.54,1234,1,7.17,0
TXREF-00364,16.25,15.69,1629,6,16.11,0
TXREF-00365,31.82,21.04,34,4,2.74,0
TXREF-00366,101.15,10.43,7,2,3.31,1
TXREF-00367,20.38,17.63,460,1,2.26,0
TXREF-00368,19.26,16.99,926,2,0.62,0
TXREF-00369,40.27,13.42,619,2,1.36,0
TXREF-00370,63.94,12.79,88,2,4.04,0
TXREF-00371,35.1,23.2,376,2,5.11,0
TXREF-00372,90.64,22.58,1176,1,15.67,0
TXREF-00373,64.51,23.58,105,3,1.18,0
TXREF-00374,63.82,20.55,66,4,2.17,0
TXREF-00375,51.88,21.3,241,1,4.22,0
TXREF-00376,186.03,9.19,217,3,5.31,0
TXREF-00377,30.03,14.48,986,4,12.33,0
TXREF-00378,8.23,15.39,316,3,1.16,0
TXREF-00379,110.51,15.14,660,3,36.48,0
TXREF-00380,25.04,15.42,563,4,4.34,0
TXREF-00381,37.63,17.03,21,3,32.16,0
TXREF-00382,89.38,12.57,299,2,13.97,0
TXREF-00383,10.98,14.28,357,5,1.55,0
TXREF-00384,14.14,13.06,519,1,2.73,0
TXREF-00385,10.99,18.17,181,2,0.46,0
TXREF-00386,19.65,19.26,528,4,1.67,0
TXREF-00387,47.78,10.18,507,1,4.6,0
TXREF-00388,50.78,20.34,184,5,2.91,0
TXREF-00389,42.48,15.82,56,3,1.54,0
TXREF-00390,12.59,17.43,132,4,3.25,0
TXREF-00391,6.6,20.26,126,5,2.53,0
TXREF-00392,36.2,23.18,77,3,2.16,0
TXREF-00393,24.79,18.49,898,1,7.21,0
TXREF-00394,48.46,19.31,428,3,0.85,0
TXREF-00395,57.71,18.69,305,3,14.82,0
TXREF-00396,38.46,16.82,852,3,5.2,0
TXREF-00397,60.18,9.9,206,2,8.94,0
TXREF-00398,41.06,13.97,529,1,4.5,0
TXREF-00399,50.99,14.96,244,2,3.87,0
TXREF-00400,20.96,13.68,114,2,0.89,0
TXREF-00401,30.59,13.88,685,3,117.36,0
TXREF-00402,40.11,20.27,8,1,12.75,1
TXREF-00403,62.85,11.58,84,4,5.16,0
TXREF-00404,26.22,16.56,59,1,10.62,0
TXREF-00405,50.67,15.01,509,5,4.76,0
TXREF-00406,28.75,11.26,180,2,1.77,0
TXREF-00407,31.99,10.55,627,3,1.87,0
TXREF-00408,63.26,18.93,790,1,33.14,0
TXREF-00409,8.29,19.71,120,4,4.7,0
TXREF-00410,13.69,13.8,40,1,15.51,0
TXREF-00411,11.98,11.36,589,1,14.52,0
TXREF-00412,6.49,8.0,193,2,4.59,0
TXREF-00413,21.36,15.38,741,4,5.32,0
TXREF-00414,59.72,22.04,2,4,2.88,1
TXREF-00415,28.36,11.72,320,4,6.59,0
TXREF-00416,40.14,10.92,682,2,16.42,0
TXREF-00417,76.27,13.24,110,2,19.07,1
TXREF-00418,90.55,15.5,1089,1,1.25,0
TXREF-00419,33.12,12.94,189,2,4.08,0
TXREF-00420,92.26,10.2,86,1,1.83,0
TXREF-00421,37.2,13.81,373,2,26.6,0
TXREF-00422,19.05,17.35,558,1,5.93,0
TXREF-00423,22.69,14.13,141,3,9.16,0
TXREF-00424,11.99,20.93,1555,2,6.05,0
TXREF-00425,18.37,12.96,330,3,2.8,0
TXREF-00426,26.9,11.15,604,1,48.74,0
TXREF-00427,62.09,11.05,629,2,23.19,0
TXREF-00428,120.18,22.09,448,7,8.85,0
TXREF-00429,12.87,17.78,308,2,2.08,0
TXREF-00430,46.19,22.38,264,2,4.21,0
TXREF-00431,16.46,20.96,16,3,7.67,0
TXREF-00432,49.0,14.95,71,2,3.95,0
TXREF-00433,31.68,20.44,754,4,2.14,0
TXREF-00434,9.32,11.65,405,2,5.15,0
TXREF-00435,67.92,12.96,21,2,3.55,0
TXREF-00436,22.52,22.74,151,1,0.93,0
TXREF-00437,23.7,22.04,343,2,0.94,0
TXREF-00438,16.12,17.26,538,2,7.12,0
TXREF-00439,21.73,14.54,34,1,6.22,0
TXREF-00440,47.37,18.37,1335,5,12.1,0
TXREF-00441,30.38,17.97,301,3,23.83,0
TXREF-00442,44.11,18.68,367,1,1.0,0
TXREF-00443,45.18,13.29,348,3,2.53,0
TXREF-00444,90.1,13.95,17,4,0.92,0
TXREF-00445,27.2,15.96,54,4,40.72,0
TXREF-00446,12.02,21.08,75,2,5.33,0
TXREF-00447,75.07,13.68,44,2,1.08,0
TXREF-00448,27.42,12.52,282,3,6.67,0
TXREF-00449,77.67,22.23,265,3,1.77,0
TXREF-00450,45.88,9.38,213,2,15.24,0
TXREF-00451,31.68,12.63,793,3,2.71,0
TXREF-00452,44.75,8.1,77,2,4.07,0
TXREF-00453,141.84,19.93,263,5,1.07,0
TXREF-00454,155.31,0.34,649,3,3.11,0
TXREF-00455,36.6,15.08,601,4,4.23,0
TXREF-00456,39.07,21.68,1069,3,6.99,0
TXREF-00457,75.56,17.6,394,1,47.11,0
TXREF-00458,18.94,19.13,782,2,0.19,0
TXREF-00459,44.25,13.78,121,1,11.79,0
TXREF-00460,34.17,19.76,458,3,3.02,0
TXREF-00461,43.64,19.12,95,3,4.22,0
TXREF-00462,19.11,20.63,999,1,2.41,0
TXREF-00463,11.08,22.29,210,3,2.92,0
TXREF-00464,7.83,19.75,1099,3,0.98,0
TXREF-00465,15.57,22.36,155,1,16.74,0
TXREF-00466,25.02,10.16,1251,6,3.88,0
TXREF-00467,28.19,11.48,101,2,44.64,0
TXREF-00468,140.44,15.35,255,2,16.72,0
TXREF-00469,77.19,12.92,32,2,13.92,0
TXREF-00470,17.41,15.74,533,3,89.94,0
TXREF-00471,44.72,12.85,1,5,3.35,0
TXREF-00472,25.97,22.09,625,1,13.99,0
TXREF-00473,28.37,14.03,624,2,0.86,0
TXREF-00474,39.78,21.75,285,2,10.47,0
TXREF-00475,54.37,15.93,6,1,11.89,0
TXREF-00476,27.27,9.68,712,2,15.18,0
TXREF-00477,74.89,20.68,1103,2,2.51,0
TXREF-00478,15.3,17.52,123,2,8.94,0
TXREF-00479,34.97,15.22,211,2,3.38,0
TXREF-00480,225.95,23.2,270,1,3.66,0
TXREF-00481,40.88,18.06,31,2,4.3,0
TXREF-00482,97.7,8.23,291,2,6.94,0
TXREF-00483,37.18,13.87,217,2,7.39,0
TXREF-00484,52.89,18.41,538,3,23.1,0
TXREF-00485,33.42,19.93,1209,3,19.87,0
TXREF-00486,30.79,19.47,232,2,5.21,0
TXREF-00487,19.86,18.23,136,3,12.46,0
TXREF-00488,47.46,16.98,713,1,7.31,0
TXREF-00489,18.86,17.79,31,2,2.85,0
TXREF-00490,56.22,18.87,960,2,5.41,0
TXREF-00491,76.05,18.98,859,2,10.74,0
TXREF-00492,45.33,13.32,83,2,18.55,0
TXREF-00493,28.33,14.45,71,2,8.86,0
TXREF-00494,48.27,6.28,661,1,16.17,0
TXREF-00495,27.88,14.9,99,2,18.24,0
TXREF-00496,68.28,16.31,146,4,12.74,0
TXREF-00497,9.31,21.8,166,2,5.29,0
TXREF-00498,27.34,15.1,374,2,5.13,0
TXREF-00499,8.3,13.86,960,3,2.76,0
TXREF-00500,11.86,7.61,127,3,10.75,0
TXREF-00501,92.94,19.32,1184,2,1.24,0
TXREF-00502,66.32,12.82,428,1,39.18,0
TXREF-00503,20.74,12.02,307,6,5.17,0
TXREF-00504,11.8,18.35,309,1,1.54,0
TXREF-00505,4.12,20.61,529,1,16.53,0
TXREF-00506,23.54,14.87,731,2,2.99,0
TXREF-00507,198.88,16.46,120,4,7.56,0
TXREF-00508,47.61,10.3,140,1,2.06,0
TXREF-00509,23.27,13.74,228,1,2.74,0
TXREF-00510,48.66,20.58,824,1,25.85,0
TXREF-00511,11.31,11.83,419,2,4.92,0
TXREF-00512,28.1,10.81,162,4,10.67,0
TXREF-00513,37.4,14.25,208,1,6.23,0
TXREF-00514,32.72,14.33,749,3,5.33,0
TXREF-00515,61.52,19.84,75,4,3.09,0
TXREF-00516,44.62,9.59,235,6,1.59,0
TXREF-00517,56.33,5.84,37,3,9.84,0
TXREF-00518,21.21,16.95,94,2,6.5,0
TXREF-00519,66.45,10.53,105,5,3.45,0
TXREF-00520,112.49,12.05,599,4,4.07,0
TXREF-00521,17.31,7.01,731,2,22.71,0
TXREF-00522,18.37,21.39,1024,2,13.88,0
TXREF-00523,91.08,15.12,1284,1,7.8,0
TXREF-00524,30.33,14.99,253,3,2.52,0
TXREF-00525,95.66,14.97,28,2,9.33,0
TXREF-00526,25.31,7.41,190,4,2.77,0
TXREF-00527,99.25,21.63,601,2,3.99,0
TXREF-00528,38.27,12.55,267,1,26.29,0
TXREF-00529,41.93,11.6,106,4,1.89,0
TXREF-00530,107.4,13.13,8,3,3.15,1
TXREF-00531,26.83,14.79,330,4,13.36,0
TXREF-00532,17.68,17.22,853,1,20.11,0
TXREF-00533,25.2,9.26,1794,4,2.39,0
TXREF-00534,48.22,13.97,526,1,4.42,0
TXREF-00535,11.28,16.28,226,5,32.04,0
TXREF-00536,55.09,11.04,784,2,30.97,0
TXREF-00537,23.62,13.38,250,1,3.46,0
TXREF-00538,79.55,15.49,1058,1,5.43,0
TXREF-00539,6.21,14.04,380,1,8.18,0
TXREF-00540,19.76,16.16,865,3,16.72,0
TXREF-00541,10.34,18.85,283,1,3.79,0
TXREF-00542,19.2,13.0,968,4,4.39,0
TXREF-00543,41.61,10.25,376,4,264.72,0
TXREF-00544,30.6,14.79,262,2,19.67,0
TXREF-00545,29.01,14.32,633,3,11.78,0
TXREF-00546,31.04,16.99,122,2,3.37,0
TXREF-00547,40.3,15.86,417,3,7.99,0
TXREF-00548,16.84,18.06,574,1,5.34,0
TXREF-00549,57.91,11.89,796,3,3.85,0
TXREF-00550,56.1,11.67,265,2,3.0,0
TXREF-00551,45.93,11.55,526,3,2.64,0
TXREF-00552,51.97,8.63,245,4,5.75,0
TXREF-00553,43.1,20.41,109,3,1.53,0
TXREF-00554,150.69,12.56,588,4,0.65,0
TXREF-00555,32.7,0.55,423,5,2.38,0
TXREF-00556,27.91,18.26,80,3,6.41,0
TXREF-00557,20.24,12.76,1995,1,1.4,0
TXREF-00558,16.56,11.78,344,2,0.97,0
TXREF-00559,14.21,18.6,29,3,1.84,0
TXREF-00560,18.36,18.22,62,2,8.17,0
TXREF-00561,33.09,9.08,48,2,7.38,0
TXREF-00562,44.29,15.77,24,2,2.23,0
TXREF-00563,36.12,13.66,112,3,2.52,0
TXREF-00564,20.06,13.29,222,3,5.82,0
TXREF-00565,66.56,15.79,543,3,6.74,0
TXREF-00566,59.29,14.44,377,5,3.94,0
TXREF-00567,31.03,13.85,32,2,21.09,1
TXREF-00568,21.76,9.5,191,4,4.37,0
TXREF-00569,51.67,18.86,1624,2,17.25,0
TXREF-00570,39.86,11.76,305,2,18.09,1
TXREF-00571,12.27,10.53,352,4,0.97,0
TXREF-00572,33.15,14.86,1539,2,14.79,0
TXREF-00573,42.04,8.24,255,2,16.55,0
TXREF-00574,18.21,12.57,319,1,13.44,0
TXREF-00575,39.91,13.45,596,2,1.25,0
TXREF-00576,12.21,13.87,500,4,3.83,0
TXREF-00577,91.11,19.44,368,3,3.53,0
TXREF-00578,85.5,12.96,1641,2,30.19,0
TXREF-00579,29.03,11.86,246,2,24.83,0
TXREF-00580,45.23,18.17,250,3,3.01,0
TXREF-00581,6.14,21.36,423,2,4.14,0
TXREF-00582,15.14,20.6,575,4,1.13,0
TXREF-00583,28.18,12.96,862,2,5.54,0
TXREF-00584,16.09,13.95,1217,3,44.55,0
TXREF-00585,58.23,23.55,493,3,0.75,0
TXREF-00586,146.65,19.09,61,3,0.96,0
TXREF-00587,14.92,12.66,10,5,2.55,0
TXREF-00588,19.05,20.01,36,1,6.3,0
TXREF-00589,41.24,20.29,115,2,6.66,0
TXREF-00590,111.05,17.36,348,1,2.35,0
TXREF-00591,14.44,17.38,60,2,11.76,0
TXREF-00592,41.65,9.71,2268,2,7.14,0
TXREF-00593,129.2,10.22,1866,4,24.15,0
TXREF-00594,10.6,14.7,649,2,5.45,0
TXREF-00595,13.84,16.47,32,2,3.66,0
TXREF-00596,25.66,12.34,143,3,15.22,0
TXREF-00597,23.93,11.77,492,2,34.34,0
TXREF-00598,62.49,20.85,241,3,1.12,0
TXREF-00599,41.43,16.19,864,5,19.46,0
TXREF-00600,9.7,17.39,272,3,1.33,0
TXREF-00601,50.46,12.59,15,7,28.94,0
TXREF-00602,22.97,12.34,433,1,0.87,0
TXREF-00603,87.15,17.04,133,1,13.25,0
TXREF-00604,22.16,13.16,194,1,11.77,0
TXREF-00605,22.01,12.05,388,2,5.46,0
TXREF-00606,51.4,19.16,113,4,13.11,0
TXREF-00607,60.3,12.36,552,1,14.24,0
TXREF-00608,48.07,16.8,214,3,10.7,0
TXREF-00609,10.34,22.6,56,5,2.2,1
TXREF-00610,51.28,20.55,168,4,2.2,0
TXREF-00611,16.53,11.73,706,5,13.13,0
TXREF-00612,41.24,13.33,390,1,1.67,0
TXREF-00613,12.49,13.53,226,2,0.6,0
TXREF-00614,48.01,13.29,584,2,3.12,0
TXREF-00615,19.48,13.08,1318,4,2.29,0
TXREF-00616,13.83,12.58,373,5,13.1,0
TXREF-00617,58.2,12.17,249,3,8.28,0
TXREF-00618,41.43,18.22,162,2,22.88,0
TXREF-00619,22.37,14.08,172,3,22.42,0
TXREF-00620,98.97,19.35,245,3,14.32,0
TXREF-00621,25.35,11.94,429,3,1.73,0
TXREF-00622,35.63,12.69,1017,2,15.32,0
TXREF-00623,42.25,11.95,165,3,72.34,0
TXREF-00624,22.28,16.45,38,1,6.34,0
TXREF-00625,48.87,11.59,319,2,14.36,0
TXREF-00626,23.71,6.81,34,2,4.21,0
TXREF-00627,25.88,22.72,133,3,0.36,0
TXREF-00628,92.86,20.6,43,2,2.93,1
TXREF-00629,16.46,12.13,46,3,28.85,0
TXREF-00630,6.13,16.92,140,1,4.44,0
TXREF-00631,111.04,21.64,144,2,17.48,0
TXREF-00632,218.22,19.04,731,3,30.92,0
TXREF-00633,26.0,17.37,248,4,3.39,0
TXREF-00634,8.63,19.41,203,5,3.11,0
TXREF-00635,27.84,12.56,14,3,3.55,0
TXREF-00636,28.33,15.61,441,4,1.65,0
TXREF-00637,30.36,15.7,546,4,5.54,0
TXREF-00638,15.62,11.97,449,6,0.94,0
TXREF-00639,52.84,8.83,539,3,0.38,0
TXREF-00640,50.79,20.76,81,1,9.42,0
TXREF-00641,11.87,17.06,309,4,3.45,0
TXREF-00642,57.59,14.5,327,7,2.78,0
TXREF-00643,152.62,14.56,81,2,16.04,0
TXREF-00644,39.4,15.99,247,2,7.69,0
TXREF-00645,27.31,16.37,360,2,1.67,0
TXREF-00646,31.43,18.74,1265,4,8.54,0
TXREF-00647,54.22,12.88,169,2,22.91,1
TXREF-00648,10.01,12.54,255,2,18.75,0
TXREF-00649,39.19,13.48,536,2,19.96,0
TXREF-00650,26.28,16.47,197,2,6.4,0
TXREF-00651,131.69,17.93,91,1,3.97,0
TXREF-00652,30.71,9.68,151,4,17.91,0
TXREF-00653,115.69,11.82,157,1,45.69,0
TXREF-00654,15.73,14.49,224,1,4.64,0
TXREF-00655,53.13,16.66,227,3,3.39,0
TXREF-00656,43.81,19.22,13,2,37.5,1
TXREF-00657,18.62,13.08,309,2,5.06,0
TXREF-00658,39.56,16.66,572,1,4.03,0
TXREF-00659,83.35,21.33,140,1,3.34,0
TXREF-00660,27.57,21.84,413,2,11.96,0
TXREF-00661,10.3,13.92,812,2,5.85,0
TXREF-00662,34.38,12.72,220,2,3.72,0
TXREF-00663,18.18,10.59,164,1,5.58,0
TXREF-00664,27.21,10.38,133,1,4.55,0
TXREF-00665,32.83,21.43,159,3,3.66,0
TXREF-00666,10.2,18.57,2,3,9.19,1
TXREF-00667,10.88,12.67,108,4,7.22,0
TXREF-00668,49.26,16.13,115,2,8.82,0
TXREF-00669,23.89,13.36,400,8,18.49,0
TXREF-00670,5.49,22.17,898,3,1.5,0
TXREF-00671,61.26,13.15,995,1,1.09,0
TXREF-00672,42.36,20.48,438,3,2.36,0
TXREF-00673,20.82,10.72,163,2,6.04,0
TXREF-00674,13.49,14.67,157,3,7.0,0
TXREF-00675,63.55,13.82,169,2,2.86,0
TXREF-00676,44.77,11.57,771,1,5.58,0
TXREF-00677,193.54,13.06,1319,1,2.64,0
TXREF-00678,47.11,8.97,812,3,1.08,0
TXREF-00679,46.02,14.35,64,3,1.35,0
TXREF-00680,30.87,9.63,197,1,11.12,0
TXREF-00681,62.68,17.43,308,1,0.96,0
TXREF-00682,54.6,13.71,219,3,18.9,0
TXREF-00683,85.73,0.63,125,4,6.41,0
TXREF-00684,23.92,17.71,360,4,2.15,0
TXREF-00685,25.44,10.7,625,2,4.98,0
TXREF-00686,24.66,11.61,1122,1,2.03,0
TXREF-00687,61.52,8.15,238,3,34.93,0
TXREF-00688,102.39,18.19,641,1,3.78,0
TXREF-00689,25.02,19.99,1,3,1.75,0
TXREF-00690,25.64,19.97,320,4,113.82,0
TXREF-00691,43.65,11.39,655,2,5.58,0
TXREF-00692,29.17,20.49,201,2,12.97,0
TXREF-00693,69.09,12.35,378,2,7.07,0
TXREF-00694,6.88,13.9,525,2,8.11,0
TXREF-00695,19.2,13.62,71,2,13.42,0
TXREF-00696,19.82,15.3,761,2,15.28,0
TXREF-00697,6.55,10.92,616,2,2.54,0
TXREF-00698,17.39,14.62,595,4,5.43,0
TXREF-00699,18.01,20.72,578,1,6.23,0
TXREF-00700,30.12,18.74,20,3,4.34,0
TXREF-00701,77.58,8.44,158,2,26.17,0
TXREF-00702,29.18,21.32,160,1,23.75,0
TXREF-00703,16.57,12.17,263,3,0.43,0
TXREF-00704,33.41,17.02,807,2,13.47,0
TXREF-00705,74.1,19.63,411,1,10.51,0
TXREF-00706,17.24,14.39,60,2,11.26,0
TXREF-00707,18.07,13.93,308,2,9.95,0
TXREF-00708,52.05,7.19,347,2,3.81,0
TXREF-00709,29.68,7.61,159,5,35.24,0
TXREF-00710,55.49,12.98,1133,1,0.32,0
TXREF-00711,34.47,14.89,206,3,0.7,0
TXREF-00712,57.7,22.44,312,2,1.6,0
TXREF-00713,16.52,11.24,207,3,8.34,0
TXREF-00714,34.51,22.71,4,3,2.52,0
TXREF-00715,29.91,22.97,355,3,6.51,0
TXREF-00716,14.51,16.49,577,2,2.53,0
TXREF-00717,11.29,16.31,972,3,2.01,0
TXREF-00718,57.04,12.23,147,3,9.35,0
TXREF-00719,27.04,17.99,151,2,10.53,0
TXREF-00720,16.68,14.88,766,6,68.61,0
TXREF-00721,32.48,15.36,79,4,8.1,0
TXREF-00722,78.43,19.29,119,1,3.67,0
TXREF-00723,6.74,13.91,796,2,3.7,0
TXREF-00724,11.85,17.74,740,2,0.65,0
TXREF-00725,17.91,10.29,158,2,11.53,0
TXREF-00726,99.69,11.96,111,4,7.19,0
TXREF-00727,42.67,7.17,143,2,5.04,0
TXREF-00728,60.49,14.48,56,5,6.45,0
TXREF-00729,15.32,16.07,202,1,2.07,0
TXREF-00730,15.55,5.82,136,3,0.51,0
TXREF-00731,48.06,14.6,428,3,4.78,0
TXREF-00732,36.31,15.93,175,5,4.19,0
TXREF-00733,51.68,15.75,33,1,7.83,0
TXREF-00734,30.41,10.17,594,3,6.75,0
TXREF-00735,42.53,16.47,945,2,6.62,0
TXREF-00736,39.01,21.59,909,3,2.95,0
TXREF-00737,60.95,19.34,709,1,54.43,0
TXREF-00738,62.24,20.25,424,3,21.28,0
TXREF-00739,10.84,22.29,157,4,2.13,0
TXREF-00740,6.9,19.1,79,1,27.28,0
TXREF-00741,71.61,13.35,72,2,9.53,0
TXREF-00742,81.87,19.23,220,1,1.11,0
TXREF-00743,16.7,18.0,545,2,22.32,0
TXREF-00744,9.12,13.57,668,2,3.62,0
TXREF-00745,37.39,10.4,137,2,3.82,0
TXREF-00746,68.05,16.16,493,3,4.86,0
TXREF-00747,127.01,22.24,272,6,7.02,1
TXREF-00748,50.49,18.12,195,2,4.56,0
TXREF-00749,26.64,19.2,464,1,17.51,0
TXREF-00750,18.3,6.5,1821,5,37.9,0
TXREF-00751,35.1,18.68,363,4,4.15,0
TXREF-00752,28.07,12.13,363,2,1.14,0
TXREF-00753,16.76,14.14,1104,3,3.68,0
TXREF-00754,152.19,19.45,1578,2,2.24,0
TXREF-00755,125.88,18.97,148,1,3.3,0
TXREF-00756,78.88,21.18,126,6,1.32,0
TXREF-00757,17.94,12.78,172,2,9.91,0
TXREF-00758,64.43,11.55,250,2,1.27,0
TXREF-00759,55.18,16.7,862,3,1.72,0
TXREF-00760,47.88,16.96,447,3,35.28,0
TXREF-00761,85.61,16.08,3,2,1.18,1
TXREF-00762,55.01,11.54,147,2,1.52,0
TXREF-00763,59.31,15.61,2472,5,32.49,1
TXREF-00764,55.07,19.14,148,2,5.35,0
TXREF-00765,44.49,11.45,640,1,1.71,0
TXREF-00766,9.64,22.53,68,3,1.93,0
TXREF-00767,36.97,20.57,38,3,119.87,0
TXREF-00768,23.33,17.37,31,2,14.78,0
TXREF-00769,13.85,21.25,26,2,8.3,0
TXREF-00770,116.85,20.59,299,2,15.16,0
TXREF-00771,120.89,11.18,501,3,4.15,0
TXREF-00772,92.63,17.32,262,5,7.06,0
TXREF-00773,41.84,11.87,15,2,10.23,0
TXREF-00774,92.06,17.65,100,1,3.23,0
TXREF-00775,35.12,20.43,409,5,6.75,0
TXREF-00776,40.29,12.57,89,3,32.86,0
TXREF-00777,15.84,14.09,278,2,1.71,0
TXREF-00778,46.33,18.16,1601,2,3.48,0
TXREF-00779,36.36,18.77,150,2,3.08,0
TXREF-00780,13.63,13.38,795,2,13.84,0
TXREF-00781,33.55,12.66,1080,3,20.37,0
TXREF-00782,32.87,14.15,25,3,1.17,0
TXREF-00783,127.01,8.94,23,2,4.2,0
TXREF-00784,66.28,20.44,686,4,2.67,0
TXREF-00785,35.1,16.08,580,2,10.32,0
TXREF-00786,41.64,23.9,129,1,6.09,0
TXREF-00787,35.94,17.05,363,3,16.03,0
TXREF-00788,30.08,12.79,45,1,48.89,0
TXREF-00789,15.97,12.53,1826,3,0.59,0
TXREF-00790,31.23,10.42,704,3,0.59,0
TXREF-00791,20.34,0.56,1912,3,6.09,0
TXREF-00792,14.15,20.29,17,2,9.62,0
TXREF-00793,50.3,23.01,315,2,2.32,0
TXREF-00794,46.14,12.13,343,1,6.53,0
TXREF-00795,9.62,21.03,117,3,8.24,0
TXREF-00796,31.87,22.93,621,1,1.37,0
TXREF-00797,71.3,22.49,90,3,8.51,0
TXREF-00798,74.64,16.43,117,2,12.37,0
TXREF-00799,72.86,12.63,314,2,6.23,0
TXREF-00800,35.8,10.93,152,4,1.16,0
TXREF-00801,18.95,11.29,170,3,2.09,0
TXREF-00802,15.95,16.08,905,3,9.95,0
TXREF-00803,44.62,13.74,899,3,42.5,0
TXREF-00804,45.74,11.99,59,4,9.65,0
TXREF-00805,87.96,13.01,575,2,4.47,0
TXREF-00806,76.86,19.19,318,1,7.44,0
TXREF-00807,31.65,21.15,167,1,4.47,0
TXREF-00808,14.21,18.7,1075,3,8.87,0
TXREF-00809,27.67,8.39,2471,3,10.08,0
TXREF-00810,40.71,21.71,460,2,1.06,0
TXREF-00811,30.1,11.94,626,2,23.77,0
TXREF-00812,22.96,15.74,62,3,40.65,0
TXREF-00813,41.77,17.39,21,3,1.6,0
TXREF-00814,24.22,15.04,167,5,2.84,0
TXREF-00815,22.15,11.21,1069,2,13.48,0
TXREF-00816,43.56,11.88,91,2,4.28,0
TXREF-00817,26.06,18.53,265,1,1.7,0
TXREF-00818,41.5,21.27,1134,2,1.06,0
TXREF-00819,42.38,0.42,39,2,5.11,0
TXREF-00820,15.33,14.42,224,3,1.48,0
TXREF-00821,24.62,14.16,529,1,11.18,0
TXREF-00822,98.02,14.86,692,1,6.13,0
TXREF-00823,15.08,16.29,574,4,41.54,0
TXREF-00824,7.58,16.02,815,2,22.31,0
TXREF-00825,9.11,14.08,1852,1,5.77,0
TXREF-00826,35.55,13.84,637,3,21.92,0
TXREF-00827,35.6,13.72,207,4,3.01,0
TXREF-00828,31.99,11.5,393,2,2.59,0
TXREF-00829,83.45,11.46,65,3,24.4,0
TXREF-00830,5.08,15.74,585,3,50.29,0
TXREF-00831,46.3,11.72,528,3,20.45,0
TXREF-00832,107.15,16.6,180,4,1.61,0
TXREF-00833,15.46,13.84,135,4,1.5,0
TXREF-00834,26.48,16.62,209,2,13.19,0
TXREF-00835,20.25,16.04,294,2,2.25,0
TXREF-00836,18.28,16.7,490,2,2.4,0
TXREF-00837,27.52,12.48,362,2,5.08,0
TXREF-00838,97.3,15.31,34,1,2.91,0
TXREF-00839,130.7,16.36,163,2,48.04,0
TXREF-00840,27.33,9.04,162,1,38.32,0
TXREF-00841,137.23,22.1,716,2,36.57,1
TXREF-00842,35.72,21.25,182,7,4.38,0
TXREF-00843,123.06,20.34,90,3,41.27,1
TXREF-00844,32.55,16.58,112,2,5.24,0
TXREF-00845,38.26,15.88,579,2,13.66,0
TXREF-00846,45.29,12.97,274,4,14.93,0
TXREF-00847,343.36,13.65,955,2,2.96,0
TXREF-00848,64.26,17.09,601,2,14.97,0
TXREF-00849,20.92,21.66,836,3,4.58,0
TXREF-00850,69.94,19.39,425,5,11.43,0
TXREF-00851,26.83,22.23,2450,2,2.64,0
TXREF-00852,24.47,16.1,200,2,10.84,0
TXREF-00853,66.97,11.23,513,3,12.74,0
TXREF-00854,35.6,18.55,250,4,13.74,0
TXREF-00855,42.55,13.66,966,4,61.96,0
TXREF-00856,35.17,10.76,1067,5,28.47,0
TXREF-00857,44.36,6.19,406,2,2.84,0
TXREF-00858,47.27,10.72,354,2,2.46,0
TXREF-00859,8.63,19.28,100,2,21.4,0
TXREF-00860,56.26,15.56,422,3,31.75,0
TXREF-00861,17.17,15.58,515,2,0.55,0
TXREF-00862,12.32,15.95,196,3,9.66,0
TXREF-00863,33.38,12.0,1159,2,0.77,0
TXREF-00864,36.98,11.31,806,1,10.68,0
TXREF-00865,21.13,15.2,6,2,17.49,0
TXREF-00866,63.33,13.32,1,5,6.65,1
TXREF-00867,13.25,16.9,741,3,5.94,0
TXREF-00868,25.97,20.84,47,4,4.62,0
TXREF-00869,22.85,18.11,384,2,12.15,0
TXREF-00870,33.66,12.51,493,2,11.71,0
TXREF-00871,42.55,21.18,76,2,18.46,0
TXREF-00872,16.85,20.51,276,2,9.87,0
TXREF-00873,58.64,14.17,618,4,1.7,0
TXREF-00874,36.43,15.6,69,3,0.81,0
TXREF-00875,8.92,11.02,60,2,2.31,0
TXREF-00876,8.5,16.86,655,3,5.04,0
TXREF-00877,34.51,17.61,61,1,33.47,0
TXREF-00878,29.69,12.42,97,2,15.29,0
TXREF-00879,32.32,15.88,305,5,47.9,0
TXREF-00880,34.12,14.9,52,4,12.94,0
TXREF-00881,40.95,15.25,1357,2,22.6,0
TXREF-00882,68.88,16.6,746,8,0.79,0
TXREF-00883,15.64,15.66,264,4,1.22,0
TXREF-00884,14.97,13.56,392,2,29.07,0
TXREF-00885,15.84,21.73,30,3,7.46,0
TXREF-00886,42.86,0.38,122,3,5.35,0
TXREF-00887,85.32,22.09,27,2,0.8,0
TXREF-00888,25.52,17.06,182,6,12.66,0
TXREF-00889,5.75,8.34,297,3,5.01,0
TXREF-00890,10.21,15.87,196,5,0.62,0
TXREF-00891,19.11,17.91,494,1,12.83,0
TXREF-00892,23.3,20.0,24,1,5.16,0
TXREF-00893,25.94,14.43,55,3,4.69,0
TXREF-00894,35.79,21.4,96,4,13.93,0
TXREF-00895,27.81,18.97,33,4,2.75,0
TXREF-00896,74.11,18.79,228,2,1.5,0
TXREF-00897,21.4,11.49,333,3,3.03,0
TXREF-00898,18.71,13.25,273,3,15.86,0
TXREF-00899,49.15,11.11,11,2,1.89,0
TXREF-00900,11.52,22.13,240,1,7.04,0
TXREF-00901,46.09,21.5,81,1,19.22,0
TXREF-00902,37.48,12.62,545,2,6.47,0
TXREF-00903,31.31,21.43,153,2,3.25,0
TXREF-00904,109.24,13.29,255,1,11.79,0
TXREF-00905,22.24,23.08,1,2,5.86,0
TXREF-00906,153.46,19.65,11,2,4.53,1
TXREF-00907,29.6,19.83,260,1,2.96,0
TXREF-00908,13.88,20.37,1494,3,6.53,0
TXREF-00909,36.61,21.4,248,5,14.51,0
TXREF-00910,16.04,17.32,458,1,3.47,0
TXREF-00911,20.26,17.47,274,1,4.98,0
TXREF-00912,46.33,18.71,386,2,16.26,0
TXREF-00913,51.94,14.94,459,4,5.64,0
TXREF-00914,22.24,17.96,324,5,5.28,0
TXREF-00915,70.88,19.2,403,1,1.39,0
TXREF-00916,80.11,10.41,668,2,6.46,0
TXREF-00917,97.92,12.07,69,3,10.63,1
TXREF-00918,50.97,9.21,132,2,4.28,0
TXREF-00919,92.91,17.4,154,2,7.47,1
TXREF-00920,8.99,19.29,156,3,3.71,0
TXREF-00921,27.69,20.62,389,2,1.16,0
TXREF-00922,18.65,10.49,72,3,0.66,0
TXREF-00923,37.93,20.04,886,5,17.04,0
TXREF-00924,23.07,14.87,24,4,48.61,0
TXREF-00925,30.89,10.53,660,3,26.67,0
TXREF-00926,134.99,21.27,1204,1,2.61,0
TXREF-00927,30.81,13.87,22,3,16.04,0
TXREF-00928,46.9,18.93,503,2,3.26,0
TXREF-00929,29.45,20.62,470,3,2.57,0
TXREF-00930,36.76,16.16,166,3,25.22,0
TXREF-00931,34.96,13.76,107,3,2.7,0
TXREF-00932,48.08,12.86,122,1,4.53,0
TXREF-00933,80.56,12.95,190,3,4.42,1
TXREF-00934,113.99,17.77,125,2,2.92,0
TXREF-00935,43.51,22.43,209,2,32.2,0
TXREF-00936,53.22,13.0,276,4,28.3,1
TXREF-00937,15.2,9.77,278,1,1.11,0
TXREF-00938,32.68,13.25,331,5,9.94,0
TXREF-00939,68.51,14.62,173,2,5.16,0
TXREF-00940,64.94,13.83,1215,1,2.76,0
TXREF-00941,40.54,15.95,643,4,4.01,0
TXREF-00942,65.9,21.08,166,2,7.56,0
TXREF-00943,49.57,8.52,169,4,6.71,0
TXREF-00944,82.62,12.38,919,3,11.72,0
TXREF-00945,42.88,18.93,231,4,12.75,0
TXREF-00946,26.95,12.33,350,2,1.22,0
TXREF-00947,44.34,16.53,165,5,5.24,0
TXREF-00948,4.22,19.72,114,3,4.73,0
TXREF-00949,45.86,17.96,43,2,15.53,1
TXREF-00950,2.52,18.25,56,3,0.49,0
TXREF-00951,10.07,15.07,32,2,42.48,0
TXREF-00952,48.2,8.41,214,3,5.98,0
TXREF-00953,49.1,11.76,335,2,8.82,0
TXREF-00954,15.08,21.0,175,4,0.77,0
TXREF-00955,20.85,9.47,214,1,4.25,0
TXREF-00956,93.39,15.59,296,5,1.82,0
TXREF-00957,24.57,5.95,326,1,18.46,0
TXREF-00958,175.02,19.59,454,2,3.52,0
TXREF-00959,34.77,16.84,176,1,5.17,0
TXREF-00960,46.7,21.83,725,2,2.81,0
TXREF-00961,111.51,21.33,114,2,2.02,0
TXREF-00962,38.26,22.77,149,1,13.42,0
TXREF-00963,16.92,21.01,443,2,2.06,0
TXREF-00964,32.17,16.22,1631,4,7.41,0
TXREF-00965,33.93,19.46,1626,3,3.38,0
TXREF-00966,13.03,9.13,22,3,9.44,0
TXREF-00967,28.96,14.1,1040,1,15.58,0
TXREF-00968,20.4,15.86,339,3,6.76,0
TXREF-00969,67.73,13.36,732,4,17.03,1
TXREF-00970,35.69,19.95,1513,4,16.43,0
TXREF-00971,28.4,22.36,932,1,8.82,0
TXREF-00972,32.25,11.74,394,3,7.56,0
TXREF-00973,40.88,14.17,35,4,2.48,0
TXREF-00974,54.28,19.25,835,1,2.79,0
TXREF-00975,16.95,17.31,770,1,8.11,0
TXREF-00976,16.45,18.09,679,2,2.55,0
TXREF-00977,77.12,11.84,524,1,3.54,0
TXREF-00978,25.87,16.04,1716,2,12.56,0
TXREF-00979,12.55,15.49,42,1,17.16,0
TXREF-00980,47.92,11.73,4,5,0.27,0
TXREF-00981,48.6,18.94,175,2,5.44,0
TXREF-00982,11.56,16.18,139,3,14.5,0
TXREF-00983,41.07,18.41,174,2,3.84,0
TXREF-00984,59.12,8.2,442,6,11.94,0
TXREF-00985,45.58,19.25,195,1,10.76,0
TXREF-00986,54.87,17.73,986,3,5.48,0
TXREF-00987,12.67,14.64,222,3,3.42,0
TXREF-00988,44.18,0.56,67,3,1.74,0
TXREF-00989,28.0,21.78,450,2,1.11,0
TXREF-00990,24.59,19.91,1576,3,7.12,0
TXREF-00991,65.16,13.43,58,2,1.09,0
TXREF-00992,101.0,9.28,21,2,12.55,1
TXREF-00993,126.72,8.43,197,1,16.68,0
TXREF-00994,89.72,21.46,320,4,15.76,0
TXREF-00995,32.17,18.39,259,5,3.2,0
TXREF-00996,44.88,21.06,115,3,19.8,1
TXREF-00997,60.47,13.9,253,4,0.31,0
TXREF-00998,37.99,21.47,88,5,3.08,0
TXREF-00999,38.25,0.19,42,2,0.7,0
TXREF-01000,63.0,14.29,658,3,8.25,0
TXREF-01001,33.36,13.37,8,4,2.76,0
TXREF-01002,20.59,11.59,1461,3,1.94,0
TXREF-01003,25.83,15.53,104,1,0.93,0
TXREF-01004,54.95,19.2,700,3,7.65,0
TXREF-01005,34.89,15.26,1774,3,5.01,0
TXREF-01006,44.48,19.58,368,3,2.51,0
TXREF-01007,56.4,13.45,206,3,10.28,0
TXREF-01008,26.58,18.54,570,3,2.84,0
TXREF-01009,60.01,18.74,65,2,10.8,0
TXREF-01010,45.73,10.98,106,1,1.19,0
TXREF-01011,14.31,8.0,326,3,34.71,0
TXREF-01012,98.34,15.78,346,1,40.96,0
TXREF-01013,24.28,11.99,1042,2,3.05,0
TXREF-01014,10.57,10.55,17,2,26.48,0
TXREF-01015,16.4,16.83,105,2,3.1,0
TXREF-01016,16.69,13.54,671,2,9.37,0
TXREF-01017,36.15,18.76,5,2,0.61,0
TXREF-01018,28.58,20.19,963,2,2.75,0
TXREF-01019,27.32,8.85,179,4,13.83,0
TXREF-01020,54.39,13.72,41,6,42.19,1
TXREF-01021,44.47,7.95,332,4,5.16,0
TXREF-01022,43.71,14.87,333,2,1.44,0
TXREF-01023,46.76,11.95,704,2,8.48,0
TXREF-01024,54.25,19.27,1,3,1.27,0
TXREF-01025,7.63,20.86,39,4,2.03,0
TXREF-01026,26.78,20.16,391,3,3.56,0
TXREF-01027,7.24,12.62,786,2,9.5,0
TXREF-01028,35.73,8.87,87,2,2.04,0
TXREF-01029,34.7,14.76,109,2,3.58,0
TXREF-01030,73.91,13.19,1687,2,7.05,0
TXREF-01031,81.87,8.18,366,3,12.06,0
TXREF-01032,40.29,10.62,422,5,1.29,0
TXREF-01033,24.28,11.64,208,3,3.42,0
TXREF-01034,49.37,18.98,78,4,6.62,0
TXREF-01035,23.81,16.26,48,3,7.5,0
TXREF-01036,34.78,12.89,112,3,8.31,0
TXREF-01037,70.81,15.51,995,2,7.67,0
TXREF-01038,23.3,7.47,1266,1,4.45,0
TXREF-01039,62.18,12.19,23,1,17.17,0
TXREF-01040,56.7,15.28,545,3,12.61,0
TXREF-01041,17.51,19.22,184,5,22.12,0
TXREF-01042,70.19,21.32,95,3,2.96,0
TXREF-01043,57.57,13.88,349,4,1.6,0
TXREF-01044,37.46,23.06,174,2,4.45,0
TXREF-01045,20.11,21.43,713,2,6.36,0
TXREF-01046,18.75,18.94,473,2,8.17,0
TXREF-01047,23.64,18.21,205,1,0.75,0
TXREF-01048,51.45,15.64,1372,1,2.15,0
TXREF-01049,17.5,19.48,454,3,2.52,0
TXREF-01050,47.7,16.65,894,4,7.98,0
TXREF-01051,14.24,19.57,498,5,1.4,0
TXREF-01052,30.06,11.85,251,3,10.35,0
TXREF-01053,37.67,8.9,164,5,1.42,0
TXREF-01054,202.45,13.55,73,3,2.47,0
TXREF-01055,12.91,13.28,107,2,1.7,0
TXREF-01056,100.47,18.67,236,4,6.96,0
TXREF-01057,38.78,10.38,491,3,12.26,0
TXREF-01058,46.81,13.75,540,4,49.54,0
TXREF-01059,37.91,15.3,680,2,8.04,0
TXREF-01060,47.95,14.32,1021,2,4.47,0
TXREF-01061,31.17,13.45,431,3,3.27,0
TXREF-01062,99.18,18.71,464,3,7.04,0
TXREF-01063,25.06,17.45,177,2,67.1,0
TXREF-01064,78.67,18.91,167,3,2.34,0
TXREF-01065,21.89,14.1,396,4,37.36,0
TXREF-01066,33.34,20.95,66,2,12.61,0
TXREF-01067,16.09,18.91,749,6,2.7,0
TXREF-01068,48.31,21.0,731,3,6.06,0
TXREF-01069,98.54,19.73,74,1,0.88,0
TXREF-01070,32.93,18.3,794,1,9.91,0
TXREF-01071,30.21,18.77,336,3,1.66,0
TXREF-01072,15.6,16.19,586,3,6.32,0
TXREF-01073,29.52,23.37,65,3,5.13,0
TXREF-01074,11.06,10.67,251,3,8.61,0
TXREF-01075,18.04,14.98,215,4,3.51,0
TXREF-01076,40.99,22.9,316,2,8.85,0
TXREF-01077,89.99,12.99,329,1,3.79,0
TXREF-01078,263.13,15.96,147,2,4.12,0
TXREF-01079,22.82,13.46,974,6,9.52,0
TXREF-01080,97.85,17.34,691,3,1.21,0
TXREF-01081,41.49,17.91,435,2,7.2,0
TXREF-01082,31.22,15.65,1498,4,2.56,0
TXREF-01083,47.54,13.2,162,4,2.93,0
TXREF-01084,36.4,20.16,137,1,1.18,0
TXREF-01085,37.69,20.11,1180,3,1.06,0
TXREF-01086,25.95,18.26,2276,2,3.45,0
TXREF-01087,12.72,14.48,566,1,5.23,0
TXREF-01088,11.46,18.24,418,3,7.78,0
TXREF-01089,55.72,8.0,241,3,5.2,0
TXREF-01090,28.52,15.47,1075,3,9.15,0
TXREF-01091,22.66,12.73,109,1,3.45,0
TXREF-01092,35.03,11.25,649,3,3.69,0
TXREF-01093,61.7,18.34,136,3,31.03,0
TXREF-01094,39.64,16.85,580,2,12.5,0
TXREF-01095,21.71,7.58,201,3,2.89,0
TXREF-01096,84.18,16.29,1165,4,4.12,0
TXREF-01097,108.53,15.9,67,2,2.03,0
TXREF-01098,49.7,11.69,107,3,22.84,0
TXREF-01099,70.18,11.33,169,2,5.82,0
TXREF-01100,85.13,8.91,422,3,1.35,0
TXREF-01101,78.54,12.92,66,1,4.8,0
TXREF-01102,54.17,13.43,263,5,1.3,0
TXREF-01103,53.56,16.55,90,3,3.71,0
TXREF-01104,50.61,18.43,137,3,5.09,0
TXREF-01105,15.8,10.61,57,4,3.45,0
TXREF-01106,57.66,14.76,652,5,7.03,0
TXREF-01107,13.12,13.19,749,2,7.38,0
TXREF-01108,19.65,15.63,293,2,9.26,0
TXREF-01109,88.99,1.16,138,6,10.94,0
TXREF-01110,63.75,18.89,244,1,18.15,0
TXREF-01111,101.59,15.43,535,2,8.53,0
TXREF-01112,28.63,21.33,131,1,1.98,0
TXREF-01113,15.19,11.67,534,4,25.19,0
TXREF-01114,29.28,14.55,302,3,58.05,0
TXREF-01115,37.47,9.6,709,1,2.0,0
TXREF-01116,36.85,0.57,164,3,2.28,0
TXREF-01117,78.75,14.11,643,3,18.25,0
TXREF-01118,26.84,14.84,3353,1,17.15,0
TXREF-01119,44.86,8.79,276,2,3.43,0
TXREF-01120,17.08,19.34,293,2,1.13,0
TXREF-01121,48.15,12.83,887,3,0.85,0
TXREF-01122,34.89,17.07,203,4,2.76,0
TXREF-01123,20.29,22.51,17,4,23.33,0
TXREF-01124,29.38,14.45,224,6,6.61,0
TXREF-01125,30.49,14.79,282,3,3.55,0
TXREF-01126,28.66,13.2,537,1,29.76,0
TXREF-01127,124.63,20.17,440,4,8.45,0
TXREF-01128,32.43,9.7,255,1,3.51,0
TXREF-01129,29.21,11.9,200,3,1.45,0
TXREF-01130,7.69,18.59,57,1,2.12,0
TXREF-01131,18.29,18.82,83,1,30.06,0
TXREF-01132,28.81,17.45,337,2,4.63,0
TXREF-01133,21.25,18.04,694,3,0.99,0
TXREF-01134,94.14,8.16,192,5,3.84,0
TXREF-01135,30.92,10.96,499,4,8.23,0
TXREF-01136,88.03,13.0,170,2,5.73,0
TXREF-01137,36.39,21.73,7,2,26.23,0
TXREF-01138,35.76,13.0,671,4,16.53,0
TXREF-01139,32.66,16.38,1116,2,1.93,0
TXREF-01140,34.91,15.21,465,2,2.9,0
TXREF-01141,120.0,23.25,260,1,6.81,0
TXREF-01142,6.55,13.92,488,2,9.45,0
TXREF-01143,8.24,10.16,669,3,2.35,0
TXREF-01144,23.55,17.46,344,3,12.91,0
TXREF-01145,35.18,18.1,570,3,3.47,0
TXREF-01146,57.22,12.03,508,4,11.01,0
TXREF-01147,48.94,8.03,29,3,5.73,0
TXREF-01148,26.4,21.99,219,1,5.74,0
TXREF-01149,72.51,15.34,731,2,7.48,0
TXREF-01150,73.09,16.46,229,4,7.76,0
TXREF-01151,39.75,17.57,159,2,6.69,0
TXREF-01152,69.62,11.06,70,2,5.6,0
TXREF-01153,42.36,11.2,135,2,14.83,1
TXREF-01154,23.24,12.98,595,2,64.46,0
TXREF-01155,57.54,16.63,172,1,17.12,0
TXREF-01156,37.7,17.3,454,3,3.45,0
TXREF-01157,34.85,14.41,132,2,16.35,0
TXREF-01158,100.54,16.98,360,4,11.07,0
TXREF-01159,5.96,16.85,191,2,16.8,0
TXREF-01160,12.54,16.27,613,4,10.0,0
TXREF-01161,14.81,17.4,480,2,7.76,0
TXREF-01162,26.8,5.21,839,1,0.52,0
TXREF-01163,28.98,19.16,320,1,3.34,0
TXREF-01164,11.76,19.87,535,2,14.64,0
TXREF-01165,17.13,18.27,1165,4,22.11,0
TXREF-01166,18.73,22.03,746,2,1.49,0
TXREF-01167,204.25,8.39,11,2,1.79,1
TXREF-01168,127.39,1.05,1830,1,14.07,0
TXREF-01169,25.88,11.04,75,2,3.94,0
TXREF-01170,26.8,19.94,735,3,8.27,0
TXREF-01171,15.22,15.69,383,6,9.24,0
TXREF-01172,8.81,21.68,744,2,17.18,0
TXREF-01173,32.0,17.45,232,4,28.73,0
TXREF-01174,16.97,14.71,316,2,2.16,0
TXREF-01175,32.75,10.63,92,4,2.78,0
TXREF-01176,11.0,16.26,236,5,19.52,0
TXREF-01177,20.11,16.31,6,3,5.53,0
TXREF-01178,38.75,19.16,257,4,8.97,1
TXREF-01179,45.32,18.54,18,1,1.6,0
TXREF-01180,47.02,6.04,1347,2,4.76,0
TXREF-01181,13.45,22.38,5,2,15.68,0
TXREF-01182,64.42,19.51,25,4,8.8,0
TXREF-01183,19.57,18.92,1137,1,5.73,0
TXREF-01184,54.91,15.63,309,2,0.75,0
TXREF-01185,34.55,18.33,542,2,1.26,0
TXREF-01186,12.92,15.44,1403,4,17.47,0
TXREF-01187,27.73,23.88,139,3,10.01,0
TXREF-01188,45.29,16.28,1215,1,8.84,0
TXREF-01189,54.13,20.99,141,2,18.67,0
TXREF-01190,31.45,9.71,1008,4,9.57,0
TXREF-01191,104.89,3.8,479,6,2.34,0
TXREF-01192,71.91,12.67,1993,3,8.21,0
TXREF-01193,28.94,12.45,750,2,8.8,0
TXREF-01194,59.75,12.79,34,3,7.05,0
TXREF-01195,140.1,11.04,661,2,9.7,0
TXREF-01196,142.81,16.79,449,2,5.08,0
TXREF-01197,14.38,9.58,214,1,4.19,0
TXREF-01198,17.87,15.44,174,1,5.42,0
TXREF-01199,101.41,16.04,1,1,16.44,1
TXREF-01200,16.25,20.96,309,2,39.11,0
TXREF-01201,13.43,15.56,608,4,6.23,0
TXREF-01202,24.53,17.04,137,2,14.04,0
TXREF-01203,47.11,14.17,761,1,10.88,0
TXREF-01204,32.34,20.26,364,2,58.28,0
TXREF-01205,21.79,15.56,504,2,41.27,0
TXREF-01206,21.43,20.66,554,4,6.76,0
TXREF-01207,20.85,18.62,1162,3,3.94,0
TXREF-01208,18.48,8.52,14,1,0.64,0
TXREF-01209,179.97,20.32,184,3,7.52,0
TXREF-01210,43.13,10.59,1876,2,8.19,0
TXREF-01211,65.92,21.29,143,3,7.25,0
TXREF-01212,24.48,16.33,782,2,8.09,0
TXREF-01213,30.45,13.12,205,4,11.73,0
TXREF-01214,20.83,11.67,9,2,5.73,0
TXREF-01215,5.16,15.91,835,1,1.99,0
TXREF-01216,12.91,22.38,34,4,10.71,0
TXREF-01217,9.45,20.97,365,1,6.02,0
TXREF-01218,6.89,19.67,456,4,3.52,0
TXREF-01219,14.72,22.28,255,1,56.64,0
TXREF-01220,90.38,14.74,73,3,7.46,0
TXREF-01221,33.72,19.84,513,1,3.37,0
TXREF-01222,88.16,14.77,899,3,10.44,0
TXREF-01223,46.8,21.39,156,4,71.99,0
TXREF-01224,61.16,11.84,669,2,11.47,0
TXREF-01225,18.2,23.28,264,2,3.68,0
TXREF-01226,50.77,13.98,929,1,96.55,0
TXREF-01227,58.83,15.48,1464,2,11.4,0
TXREF-01228,22.98,22.09,222,2,10.41,0
TXREF-01229,52.08,12.56,132,2,2.77,0
TXREF-01230,52.33,14.68,422,2,5.94,0
TXREF-01231,23.44,16.06,366,1,15.65,0
TXREF-01232,15.51,13.92,269,3,14.51,0
TXREF-01233,14.84,14.78,373,2,0.58,0
TXREF-01234,37.05,19.52,130,2,4.29,0
TXREF-01235,44.06,11.08,1173,2,8.31,0
TXREF-01236,19.68,13.81,29,2,1.32,0
TXREF-01237,35.49,15.63,119,2,1.0,1
TXREF-01238,52.5,14.74,739,1,18.5,0
TXREF-01239,54.33,11.28,721,1,6.06,0
TXREF-01240,106.42,17.52,378,2,4.21,0
TXREF-01241,87.31,18.84,736,3,4.57,0
TXREF-01242,16.93,18.78,1394,2,11.44,0
TXREF-01243,117.0,13.48,108,4,10.56,0
TXREF-01244,23.75,20.38,508,3,15.24,0
TXREF-01245,73.87,11.72,174,1,9.22,0
TXREF-01246,36.56,21.23,348,4,13.09,0
TXREF-01247,25.87,17.48,79,4,17.75,0
TXREF-01248,9.47,15.81,248,4,27.73,0
TXREF-01249,30.77,22.38,618,2,8.27,0
TXREF-01250,11.33,12.82,1634,2,6.17,0
TXREF-01251,69.86,12.36,117,3,27.56,0
TXREF-01252,103.76,18.88,188,2,2.3,0
TXREF-01253,19.61,12.22,359,1,2.98,0
TXREF-01254,43.27,9.87,5,2,12.67,0
TXREF-01255,20.65,8.76,456,1,15.79,0
TXREF-01256,22.14,22.6,230,5,2.79,0
TXREF-01257,60.8,20.81,150,2,10.36,0
TXREF-01258,33.86,12.16,203,3,5.06,0
TXREF-01259,121.82,18.73,1022,3,4.33,0
TXREF-01260,24.6,13.98,115,3,6.97,0
TXREF-01261,71.49,20.38,45,2,15.53,0
TXREF-01262,37.34,11.58,371,2,20.94,0
TXREF-01263,61.74,11.62,111,2,24.82,0
TXREF-01264,25.23,21.5,397,2,9.28,0
TXREF-01265,33.59,15.54,714,1,3.69,0
TXREF-01266,32.04,13.43,239,4,5.2,0
TXREF-01267,19.07,14.94,306,5,5.38,0
TXREF-01268,56.08,15.88,415,2,1.66,0
TXREF-01269,55.6,9.45,76,2,1.93,0
TXREF-01270,53.38,18.96,363,2,0.46,0
TXREF-01271,105.28,12.34,1278,1,3.67,0
TXREF-01272,98.84,21.24,249,2,2.25,0
TXREF-01273,26.58,15.3,736,2,7.88,0
TXREF-01274,45.54,12.38,248,1,3.91,0
TXREF-01275,22.22,7.58,32,2,30.51,0
TXREF-01276,35.4,13.24,43,3,12.12,0
TXREF-01277,22.61,10.59,448,3,0.19,0
TXREF-01278,111.77,15.59,703,2,1.94,0
TXREF-01279,45.23,0.6,176,1,4.18,0
TXREF-01280,29.76,7.04,155,2,3.53,0
TXREF-01281,82.22,17.68,123,2,3.84,0
TXREF-01282,7.29,15.13,56,1,1.05,0
TXREF-01283,8.16,9.49,586,6,8.72,0
TXREF-01284,61.74,16.5,227,4,3.81,0
TXREF-01285,36.36,17.36,138,1,1.95,0
TXREF-01286,41.69,13.48,122,1,1.8,0
TXREF-01287,13.4,20.5,343,4,4.93,0
TXREF-01288,34.24,6.61,557,2,71.8,0
TXREF-01289,147.31,16.6,324,3,3.66,0
TXREF-01290,63.02,20.41,379,4,14.11,0
TXREF-01291,39.34,19.75,157,4,19.28,0
TXREF-01292,25.38,13.38,86,1,3.22,0
TXREF-01293,26.2,21.34,12,2,7.2,0
TXREF-01294,7.52,16.68,167,5,1.69,0
TXREF-01295,41.91,13.59,506,4,0.46,0
TXREF-01296,63.99,15.53,630,1,6.37,0
TXREF-01297,11.2,14.97,131,3,5.9,0
TXREF-01298,21.62,19.36,256,5,2.73,0
TXREF-01299,15.13,1.95,1091,1,22.2,0
TXREF-01300,17.37,17.41,25,2,9.11,1
TXREF-01301,36.18,12.33,386,3,0.64,0
TXREF-01302,7.76,11.05,1616,3,3.2,0
TXREF-01303,54.18,6.0,22,1,6.85,0
TXREF-01304,59.91,12.89,184,1,11.55,1
TXREF-01305,29.06,10.5,92,4,9.07,0
TXREF-01306,5.84,15.34,103,3,8.3,0
TXREF-01307,16.99,21.46,214,1,14.14,0
TXREF-01308,84.58,13.27,208,4,1.09,0
TXREF-01309,4.71,16.6,321,1,4.88,0
TXREF-01310,27.11,15.27,54,1,2.38,0
TXREF-01311,14.89,13.63,212,5,34.68,0
TXREF-01312,62.13,19.4,115,3,9.7,0
TXREF-01313,21.41,16.36,471,3,9.85,0
TXREF-01314,46.56,12.67,1090,3,11.95,0
TXREF-01315,52.31,12.81,78,4,5.0,0
TXREF-01316,130.59,16.52,1829,1,2.16,0
TXREF-01317,30.08,18.22,507,2,5.9,0
TXREF-01318,45.64,10.41,118,2,9.91,0
TXREF-01319,11.95,16.86,175,1,57.15,0
TXREF-01320,82.03,18.02,892,2,25.76,0
TXREF-01321,20.13,21.79,268,2,2.29,0
TXREF-01322,23.25,18.94,1430,3,12.07,0
TXREF-01323,34.26,22.66,80,1,15.38,0
TXREF-01324,11.3,19.54,178,2,1.59,0
TXREF-01325,41.05,15.09,104,4,3.79,0
TXREF-01326,69.87,13.33,507,2,4.38,0
TXREF-01327,42.99,8.15,912,6,1.47,0
TXREF-01328,11.09,14.03,20,3,3.83,0
TXREF-01329,31.84,15.66,250,4,4.88,0
TXREF-01330,59.4,14.14,731,3,14.63,0
TXREF-01331,9.01,7.96,381,3,4.22,0
TXREF-01332,16.06,13.08,1631,4,2.97,0
TXREF-01333,65.44,19.3,162,4,3.49,0
TXREF-01334,42.29,10.72,318,4,24.54,0
TXREF-01335,46.83,21.64,474,2,13.55,0
TXREF-01336,132.8,21.67,369,2,1.27,0
TXREF-01337,48.78,17.58,50,2,6.74,0
TXREF-01338,55.91,19.48,14,3,2.64,0
TXREF-01339,245.12,12.79,677,3,1.08,0
TXREF-01340,29.85,17.56,397,2,4.94,0
TXREF-01341,19.6,14.69,564,4,33.36,0
TXREF-01342,47.37,16.08,426,1,9.9,0
TXREF-01343,47.75,15.72,125,5,3.81,0
TXREF-01344,23.83,18.56,336,1,16.64,0
TXREF-01345,16.55,6.54,1790,2,12.4,0
TXREF-01346,183.66,21.01,215,4,3.98,0
TXREF-01347,44.05,15.56,833,2,22.97,0
TXREF-01348,20.55,0.34,82,3,1.77,1
TXREF-01349,67.32,21.5,602,2,26.58,0
TXREF-01350,32.18,21.63,2,3,11.38,0
TXREF-01351,29.02,11.73,853,1,7.23,0
TXREF-01352,52.19,19.37,68,5,4.09,0
TXREF-01353,13.73,15.2,645,3,0.68,0
TXREF-01354,44.88,11.45,135,3,2.38,0
TXREF-01355,138.01,7.43,890,4,5.93,0
TXREF-01356,48.7,15.89,385,4,2.85,0
TXREF-01357,26.55,16.23,377,2,2.24,0
TXREF-01358,24.16,13.31,77,4,8.43,0
TXREF-01359,25.91,15.93,60,3,1.42,0
TXREF-01360,29.0,12.89,253,1,5.61,0
TXREF-01361,26.52,17.42,563,3,1.83,0
TXREF-01362,67.34,19.67,486,2,1.7,0
TXREF-01363,10.0,8.76,369,3,24.05,0
TXREF-01364,64.76,9.54,250,5,1.72,0
TXREF-01365,26.49,21.52,1313,3,0.54,0
TXREF-01366,45.67,16.98,183,3,45.57,0
TXREF-01367,15.46,9.96,102,2,2.98,0
TXREF-01368,90.61,21.77,358,3,1.98,0
TXREF-01369,85.36,14.66,1197,3,14.34,0
TXREF-01370,69.47,20.03,11,3,2.89,0
TXREF-01371,11.7,12.99,11,1,3.79,0
TXREF-01372,63.24,13.85,643,3,5.03,0
TXREF-01373,46.6,13.71,396,2,9.62,0
TXREF-01374,10.96,20.49,69,1,9.68,0
TXREF-01375,34.21,22.48,479,4,27.89,0
TXREF-01376,45.26,19.63,665,1,24.16,0
TXREF-01377,51.95,10.38,90,2,6.53,0
TXREF-01378,39.55,20.02,2944,1,26.85,0
TXREF-01379,42.93,19.22,102,4,19.56,0
TXREF-01380,100.58,12.71,413,3,3.32,0
TXREF-01381,84.16,16.72,411,3,17.14,0
TXREF-01382,4.42,11.32,325,1,123.04,0
TXREF-01383,27.7,14.07,158,4,3.57,0
TXREF-01384,30.92,10.28,59,4,6.56,0
TXREF-01385,9.86,14.03,60,4,0.4,0
TXREF-01386,37.26,20.57,70,4,9.27,0
TXREF-01387,85.55,21.23,196,1,13.0,0
TXREF-01388,15.92,20.28,32,1,8.08,0
TXREF-01389,44.35,12.76,260,3,10.02,0
TXREF-01390,18.0,7.6,151,3,17.04,0
TXREF-01391,21.46,18.05,7,3,2.59,0
TXREF-01392,100.86,14.96,250,4,2.22,0
TXREF-01393,23.56,14.65,139,2,12.96,0
TXREF-01394,48.56,13.5,270,3,11.27,0
TXREF-01395,9.05,18.76,216,1,3.52,0
TXREF-01396,133.07,14.44,797,2,8.58,0
TXREF-01397,53.73,13.66,209,3,4.77,0
TXREF-01398,30.53,11.51,1222,5,17.12,0
TXREF-01399,52.69,8.41,868,2,12.7,0
TXREF-01400,12.62,15.05,219,2,9.25,0
TXREF-01401,81.57,15.23,412,2,3.18,0
TXREF-01402,27.57,19.01,188,2,1.92,0
TXREF-01403,30.06,13.86,580,2,13.1,0
TXREF-01404,24.43,13.54,673,5,113.8,0
TXREF-01405,22.92,22.49,846,1,7.2,0
TXREF-01406,57.41,16.03,431,1,1.7,0
TXREF-01407,41.86,15.3,2,4,41.73,1
TXREF-01408,55.66,21.41,72,2,32.21,1
TXREF-01409,34.59,21.38,748,2,29.2,0
TXREF-01410,50.38,11.24,322,1,4.38,0
TXREF-01411,25.75,13.58,1660,3,4.04,0
TXREF-01412,173.37,16.96,335,3,3.5,0
TXREF-01413,11.26,18.94,191,1,3.6,0
TXREF-01414,86.3,13.24,351,3,7.43,0
TXREF-01415,93.21,14.99,66,3,4.93,0
TXREF-01416,18.85,18.37,253,4,6.55,0
TXREF-01417,173.31,15.57,907,3,9.22,0
TXREF-01418,71.29,14.83,128,4,4.32,0
TXREF-01419,70.05,16.04,30,4,1.37,0
TXREF-01420,35.52,1.97,126,1,1.91,0
TXREF-01421,29.77,14.59,2569,2,5.62,0
TXREF-01422,29.94,21.12,67,2,7.1,0
TXREF-01423,46.12,16.85,484,3,1.15,0
TXREF-01424,95.47,15.1,1004,2,4.77,0
TXREF-01425,39.67,15.11,232,4,10.2,0
TXREF-01426,18.06,17.82,538,4,15.27,0
TXREF-01427,63.03,17.31,786,3,9.77,0
TXREF-01428,67.57,21.6,305,1,16.66,0
TXREF-01429,55.78,17.53,181,5,11.98,0
TXREF-01430,59.55,11.77,28,5,0.96,0
TXREF-01431,28.64,9.07,394,3,4.74,0
TXREF-01432,17.83,15.08,237,1,12.28,0
TXREF-01433,18.63,11.59,39,2,2.02,0
TXREF-01434,10.72,19.23,391,2,12.72,0
TXREF-01435,41.29,17.08,1444,3,0.96,0
TXREF-01436,32.78,11.04,18,1,27.18,0
TXREF-01437,25.36,11.41,797,3,7.04,0
TXREF-01438,4.15,20.24,1111,3,1.65,0
TXREF-01439,14.18,17.14,653,2,2.08,0
TXREF-01440,78.02,7.56,114,6,8.3,0
TXREF-01441,21.57,19.52,437,2,3.97,0
TXREF-01442,45.13,6.97,214,2,43.89,0
TXREF-01443,12.79,19.65,291,1,4.14,0
TXREF-01444,98.09,19.84,594,3,7.7,0
TXREF-01445,31.38,23.63,510,3,34.79,1
TXREF-01446,42.9,22.45,42,1,9.64,0
TXREF-01447,185.78,10.01,345,2,3.67,0
TXREF-01448,103.73,22.25,411,1,3.57,1
TXREF-01449,27.92,17.94,16,3,19.77,0
TXREF-01450,22.71,11.86,111,2,35.27,0
TXREF-01451,27.54,11.04,173,1,2.79,0
TXREF-01452,50.26,12.63,43,1,2.99,0
TXREF-01453,32.27,15.27,177,2,3.33,0
TXREF-01454,26.19,13.46,799,4,8.15,0
TXREF-01455,100.12,21.34,196,4,45.23,0
TXREF-01456,32.07,11.86,785,2,16.24,0
TXREF-01457,182.31,12.68,52,3,7.36,1
TXREF-01458,37.16,10.8,1138,2,7.97,0
TXREF-01459,125.89,17.41,274,2,11.22,0
TXREF-01460,45.03,19.17,28,1,0.98,0
TXREF-01461,69.64,21.32,116,3,8.66,0
TXREF-01462,20.66,8.39,754,4,88.01,0
TXREF-01463,18.83,17.28,1489,2,2.92,0
TXREF-01464,48.47,19.98,243,2,0.46,0
TXREF-01465,70.93,17.92,257,3,37.04,0
TXREF-01466,35.84,12.83,95,5,3.47,0
TXREF-01467,13.79,11.47,819,3,7.18,0
TXREF-01468,13.07,16.17,505,3,14.86,0
TXREF-01469,12.46,12.81,210,1,16.31,0
TXREF-01470,9.75,13.77,2280,5,35.96,0
TXREF-01471,37.67,13.39,195,2,11.62,0
TXREF-01472,78.26,17.27,382,4,9.62,0
TXREF-01473,34.48,18.5,117,3,19.7,0
TXREF-01474,6.84,16.12,534,3,1.24,0
TXREF-01475,30.35,11.61,440,3,39.06,0
TXREF-01476,30.96,14.61,86,4,0.14,0
TXREF-01477,157.45,17.12,35,1,6.67,0
TXREF-01478,12.19,14.18,62,1,8.11,0
TXREF-01479,26.28,18.98,208,3,12.43,0
TXREF-01480,118.89,21.36,758,3,0.32,0
TXREF-01481,48.13,13.6,1109,3,1.43,0
TXREF-01482,52.23,12.14,130,3,12.63,0
TXREF-01483,37.81,10.83,663,3,31.28,0
TXREF-01484,44.15,16.82,1021,2,3.78,0
TXREF-01485,60.94,17.41,114,6,3.54,0
TXREF-01486,19.44,12.87,2604,3,3.92,0
TXREF-01487,65.51,18.1,790,2,20.14,0
TXREF-01488,12.95,17.85,117,2,34.24,0
TXREF-01489,44.1,19.67,501,2,5.99,0
TXREF-01490,39.59,22.21,251,4,8.59,0
TXREF-01491,22.34,19.58,34,2,3.41,0
TXREF-01492,34.25,13.78,138,4,5.9,0
TXREF-01493,22.24,19.43,7,6,9.76,0
TXREF-01494,16.09,10.66,429,1,16.69,0
TXREF-01495,26.99,13.55,37,4,2.58,0
TXREF-01496,15.72,18.83,176,1,14.76,0
TXREF-01497,43.92,16.19,10,3,2.0,0
TXREF-01498,15.21,14.58,263,1,0.46,0
TXREF-01499,58.13,19.08,84,3,18.87,0
TXREF-01500,14.87,18.47,87,2,9.34,0
TXREF-01501,23.16,15.07,1,5,38.32,0
TXREF-01502,22.2,17.2,1542,1,1.87,0
TXREF-01503,90.39,13.21,107,3,16.98,1
TXREF-01504,44.16,19.4,422,3,4.15,1
TXREF-01505,29.89,12.74,507,2,22.69,0
TXREF-01506,49.85,18.95,308,5,7.48,0
TXREF-01507,7.64,13.21,225,1,4.47,0
TXREF-01508,33.75,15.48,423,2,2.38,0
TXREF-01509,146.67,21.65,358,3,9.81,0
TXREF-01510,38.29,18.22,66,2,6.48,0
TXREF-01511,36.56,15.53,20,3,3.47,0
TXREF-01512,51.66,11.52,289,2,20.28,0
TXREF-01513,66.34,14.6,198,5,12.67,0
TXREF-01514,8.26,10.77,500,3,0.78,0
TXREF-01515,10.37,16.84,189,3,2.97,0
TXREF-01516,40.5,16.76,44,4,10.99,0
TXREF-01517,20.81,13.43,203,4,3.07,0
TXREF-01518,89.54,19.32,95,2,1.82,0
TXREF-01519,27.75,18.87,335,4,1.4,0
TXREF-01520,8.65,20.2,11,1,1.68,0
TXREF-01521,13.97,17.58,485,4,10.7,0
TXREF-01522,4.81,12.12,324,3,4.25,0
TXREF-01523,29.41,13.13,108,5,0.97,0
TXREF-01524,30.4,23.37,270,4,2.4,0
TXREF-01525,25.65,12.47,1681,1,3.58,0
TXREF-01526,75.7,13.67,9,3,9.57,0
TXREF-01527,82.51,8.69,431,3,1.63,1
TXREF-01528,30.79,22.78,201,4,0.75,0
TXREF-01529,7.49,23.71,485,3,7.21,0
TXREF-01530,54.3,13.97,59,3,8.41,0
TXREF-01531,51.93,5.37,51,4,25.99,0
TXREF-01532,43.5,13.19,23,3,21.62,0
TXREF-01533,70.57,9.54,292,3,2.63,0
TXREF-01534,15.05,19.09,47,3,12.63,0
TXREF-01535,147.87,18.65,279,4,12.82,0
TXREF-01536,17.45,6.21,669,3,2.13,0
TXREF-01537,59.71,18.94,402,1,6.98,0
TXREF-01538,10.33,20.77,54,1,4.27,0
TXREF-01539,17.82,11.75,317,2,5.51,0
TXREF-01540,103.73,11.51,461,3,3.96,1
TXREF-01541,28.85,20.5,292,3,29.49,0
TXREF-01542,63.74,19.6,141,1,18.39,0
TXREF-01543,41.29,16.99,986,2,18.67,0
TXREF-01544,32.28,15.58,95,3,27.0,0
TXREF-01545,92.94,20.91,250,3,2.94,0
TXREF-01546,29.36,20.59,261,1,4.75,0
TXREF-01547,9.66,20.1,1455,2,10.9,0
TXREF-01548,19.52,21.37,487,5,2.17,0
TXREF-01549,51.77,13.89,398,1,23.09,0
TXREF-01550,46.28,13.86,315,2,3.12,0
TXREF-01551,11.27,20.74,287,1,0.68,0
TXREF-01552,20.67,17.14,999,2,3.67,0
TXREF-01553,22.9,20.1,1079,2,3.78,0
TXREF-01554,26.76,20.16,722,1,9.34,0
TXREF-01555,12.93,17.52,275,4,0.39,0
TXREF-01556,22.14,19.81,978,2,7.41,0
TXREF-01557,20.6,18.66,11,3,7.55,0
TXREF-01558,60.67,21.89,117,2,34.27,1
TXREF-01559,62.34,11.68,20,3,3.77,0
TXREF-01560,31.34,18.23,569,1,8.08,0
TXREF-01561,26.25,19.5,1349,3,4.54,0
TXREF-01562,38.5,11.0,354,1,5.99,0
TXREF-01563,19.34,10.41,218,3,2.93,0
TXREF-01564,15.25,23.18,195,2,82.58,0
TXREF-01565,17.69,13.54,33,4,4.18,0
TXREF-01566,22.04,15.7,48,3,5.83,0
TXREF-01567,15.06,21.05,21,2,19.38,0
TXREF-01568,39.12,17.07,2958,1,2.97,0
TXREF-01569,58.87,21.11,154,2,37.62,1
TXREF-01570,11.1,10.87,189,2,9.16,0
TXREF-01571,35.45,20.64,64,3,10.37,0
TXREF-01572,29.71,14.7,24,3,7.1,0
TXREF-01573,44.52,11.46,511,2,7.42,0
TXREF-01574,34.49,18.88,217,2,4.89,0
TXREF-01575,12.22,15.61,357,1,17.22,0
TXREF-01576,14.03,11.79,387,3,1.1,0
TXREF-01577,35.56,17.19,319,2,17.31,0
TXREF-01578,73.02,12.74,371,2,10.28,0
TXREF-01579,7.07,12.11,431,1,67.81,0
TXREF-01580,44.65,16.87,359,4,18.42,0
TXREF-01581,81.98,6.15,1317,1,1.98,0
TXREF-01582,31.18,16.35,1443,3,9.08,0
TXREF-01583,51.74,11.72,1204,2,42.39,0
TXREF-01584,20.98,11.71,137,1,5.62,0
TXREF-01585,31.95,20.27,337,1,3.07,0
TXREF-01586,10.84,12.3,488,3,20.23,0
TXREF-01587,6.44,17.06,626,4,6.38,0
TXREF-01588,68.63,21.31,901,4,3.42,0
TXREF-01589,17.13,15.23,446,2,1.37,0
TXREF-01590,25.08,13.2,958,2,11.61,0
TXREF-01591,12.83,13.03,436,3,1.24,0
TXREF-01592,12.61,18.89,589,2,17.43,0
TXREF-01593,30.72,20.71,342,2,9.78,0
TXREF-01594,20.59,12.4,67,2,2.06,0
TXREF-01595,45.7,20.4,375,1,23.88,0
TXREF-01596,48.22,12.13,30,1,5.24,0
TXREF-01597,43.86,17.14,123,2,2.8,0
TXREF-01598,41.34,17.77,180,1,1.49,0
TXREF-01599,108.42,15.78,4,2,2.03,0
TXREF-01600,16.14,8.83,503,1,8.7,0
TXREF-01601,33.46,16.41,208,2,4.86,1
TXREF-01602,78.69,18.17,37,4,5.52,0
TXREF-01603,86.53,14.56,436,2,4.48,0
TXREF-01604,12.51,20.34,274,1,61.8,0
TXREF-01605,27.8,19.24,194,3,24.07,0
TXREF-01606,92.56,21.46,350,2,47.38,0
TXREF-01607,50.19,10.74,5,1,3.81,0
TXREF-01608,40.07,17.0,577,2,16.07,0
TXREF-01609,29.76,15.96,259,4,3.15,0
TXREF-01610,26.41,19.76,668,2,0.49,0
TXREF-01611,42.84,20.72,744,4,1.89,0
TXREF-01612,29.03,12.71,435,5,36.59,0
TXREF-01613,33.76,12.43,220,2,9.67,0
TXREF-01614,36.84,13.2,2610,2,25.24,0
TXREF-01615,21.37,12.37,100,3,1.67,0
TXREF-01616,51.07,18.31,252,2,6.26,0
TXREF-01617,283.8,18.08,323,4,5.28,0
TXREF-01618,9.68,9.21,400,5,0.67,0
TXREF-01619,43.96,14.12,64,3,31.21,0
TXREF-01620,20.14,14.2,521,1,13.98,0
TXREF-01621,52.76,22.34,840,2,3.56,0
TXREF-01622,36.0,22.45,1179,2,29.09,0
TXREF-01623,60.25,18.67,370,2,1.24,0
TXREF-01624,81.16,16.85,1254,5,6.94,0
TXREF-01625,39.99,18.31,295,1,5.41,0
TXREF-01626,78.66,17.21,341,3,4.1,0
TXREF-01627,6.44,20.39,10,2,25.86,0
TXREF-01628,109.41,11.55,69,2,6.58,0
TXREF-01629,45.61,14.77,388,2,1.91,0
TXREF-01630,75.64,15.05,17,5,8.84,0
TXREF-01631,14.46,17.07,455,2,3.05,0
TXREF-01632,19.14,18.2,70,5,4.63,0
TXREF-01633,38.67,16.2,415,3,15.58,1
TXREF-01634,34.39,11.25,477,2,2.65,0
TXREF-01635,42.68,9.67,503,2,8.66,0
TXREF-01636,76.01,20.68,368,1,3.61,0
TXREF-01637,9.77,18.8,232,3,7.98,0
TXREF-01638,70.19,13.92,183,4,10.75,0
TXREF-01639,35.02,9.11,61,2,56.3,0
TXREF-01640,30.06,20.67,26,3,14.55,0
TXREF-01641,12.07,15.57,1144,1,30.71,0
TXREF-01642,50.01,16.4,85,3,5.5,0
TXREF-01643,6.12,10.26,521,4,2.55,0
TXREF-01644,55.53,18.01,492,2,2.7,0
TXREF-01645,11.89,16.2,885,2,12.52,0
TXREF-01646,36.18,19.07,333,1,59.74,0
TXREF-01647,31.95,11.82,26,2,6.1,0
TXREF-01648,80.81,13.82,93,3,37.21,0
TXREF-01649,30.61,12.03,397,2,1.19,0
TXREF-01650,21.12,19.33,36,2,10.04,0
TXREF-01651,24.17,16.86,9,4,5.35,0
TXREF-01652,87.05,12.32,713,1,4.39,0
TXREF-01653,51.22,10.26,211,2,5.78,0
TXREF-01654,26.37,19.6,479,2,3.43,0
TXREF-01655,29.36,21.47,234,3,7.67,0
TXREF-01656,11.26,12.66,630,3,7.81,0
TXREF-01657,46.05,10.37,572,1,13.44,0
TXREF-01658,9.81,10.76,16,1,6.42,0
TXREF-01659,59.82,14.52,81,2,6.82,0
TXREF-01660,38.19,13.15,711,2,7.55,0
TXREF-01661,194.14,21.99,201,3,4.32,1
TXREF-01662,15.77,15.9,60,4,3.0,0
TXREF-01663,32.33,10.31,268,4,5.92,0
TXREF-01664,127.07,9.09,279,3,1.29,0
TXREF-01665,82.09,15.27,333,4,2.86,0
TXREF-01666,21.09,21.18,31,1,1.16,0
TXREF-01667,40.91,17.96,484,4,3.2,0
TXREF-01668,34.86,22.53,231,1,7.5,0
TXREF-01669,42.65,7.66,256,2,1.79,0
TXREF-01670,21.05,21.6,22,3,4.68,0
TXREF-01671,32.64,11.84,701,6,8.58,0
TXREF-01672,11.02,15.41,85,3,7.8,0
TXREF-01673,38.37,18.67,507,1,8.64,0
TXREF-01674,48.14,14.49,210,2,1.45,0
TXREF-01675,29.56,9.72,356,1,9.47,0
TXREF-01676,10.88,19.87,209,2,5.2,0
TXREF-01677,70.93,15.18,42,2,36.09,0
TXREF-01678,45.26,18.68,222,1,6.2,0
TXREF-01679,20.64,14.79,30,1,12.58,1
TXREF-01680,28.44,21.26,10,3,4.65,1
TXREF-01681,11.82,18.78,928,4,4.29,0
TXREF-01682,16.64,13.41,72,4,2.63,0
TXREF-01683,23.64,16.48,291,1,0.22,0
TXREF-01684,84.31,12.04,4,4,2.04,1
TXREF-01685,21.97,14.29,273,1,19.5,0
TXREF-01686,55.2,20.0,34,1,5.67,1
TXREF-01687,23.63,15.03,259,1,17.15,0
TXREF-01688,41.62,18.83,1188,6,28.51,0
TXREF-01689,31.44,12.42,1402,1,2.93,0
TXREF-01690,65.27,20.27,321,1,15.98,0
TXREF-01691,23.69,19.65,30,1,1.19,0
TXREF-01692,11.22,11.36,66,1,2.07,0
TXREF-01693,12.87,9.14,561,1,6.44,0
TXREF-01694,23.74,15.13,133,3,7.85,0
TXREF-01695,14.16,13.66,566,4,8.22,0
TXREF-01696,46.78,13.59,98,1,45.78,0
TXREF-01697,24.89,18.94,1150,3,32.27,0
TXREF-01698,192.43,16.11,199,3,8.69,0
TXREF-01699,9.96,18.73,111,2,5.94,0
TXREF-01700,40.31,18.42,494,2,26.62,0
TXREF-01701,15.45,11.96,202,1,3.39,0
TXREF-01702,24.4,15.87,746,3,9.79,0
TXREF-01703,38.54,16.66,280,4,1.12,0
TXREF-01704,6.53,12.24,903,5,7.68,0
TXREF-01705,41.29,11.49,186,1,80.18,0
TXREF-01706,137.02,15.98,58,2,22.73,1
TXREF-01707,25.12,20.86,353,3,8.53,0
TXREF-01708,41.97,16.41,330,2,14.58,0
TXREF-01709,72.82,16.81,123,2,1.01,0
TXREF-01710,30.94,21.07,82,5,13.21,0
TXREF-01711,22.91,17.04,118,2,7.32,0
TXREF-01712,6.76,14.44,431,2,25.02,0
TXREF-01713,55.23,14.86,818,4,10.53,0
TXREF-01714,32.09,7.0,17,2,1.76,0
TXREF-01715,16.79,10.89,251,2,36.97,0
TXREF-01716,38.14,11.07,276,4,4.99,0
TXREF-01717,22.87,12.98,174,3,47.42,0
TXREF-01718,23.8,14.37,919,2,5.15,0
TXREF-01719,53.87,14.5,20,1,2.19,0
TXREF-01720,13.28,14.91,93,2,1.73,0
TXREF-01721,74.0,11.81,20,2,1.19,0
TXREF-01722,12.73,16.21,54,2,14.42,0
TXREF-01723,21.6,20.55,370,3,3.72,0
TXREF-01724,139.01,12.87,635,2,14.47,0
TXREF-01725,78.39,11.88,605,1,2.39,0
TXREF-01726,37.35,11.81,179,6,10.83,0
TXREF-01727,17.69,21.58,719,1,4.87,0
TXREF-01728,23.78,12.32,228,3,5.78,0
TXREF-01729,36.7,8.46,1525,3,12.14,0
TXREF-01730,35.77,9.34,284,2,20.68,0
TXREF-01731,32.61,17.26,88,1,11.15,0
TXREF-01732,34.05,21.61,425,2,33.28,0
TXREF-01733,29.83,19.12,126,3,1.02,0
TXREF-01734,12.33,14.72,470,3,2.09,0
TXREF-01735,24.0,10.83,127,3,3.34,0
TXREF-01736,67.26,12.6,35,3,11.73,0
TXREF-01737,13.0,23.92,606,2,1.16,0
TXREF-01738,30.37,9.1,419,4,1.88,0
TXREF-01739,19.29,14.82,137,1,8.97,0
TXREF-01740,37.72,15.72,463,3,3.5,0
TXREF-01741,26.32,19.68,473,2,0.83,0
TXREF-01742,100.86,13.73,325,3,9.4,0
TXREF-01743,50.14,9.65,512,3,4.65,0
TXREF-01744,13.54,13.61,85,2,1.45,0
TXREF-01745,56.45,13.1,1568,3,7.0,0
TXREF-01746,19.93,12.43,208,4,0.24,0
TXREF-01747,22.98,18.96,349,1,2.27,0
TXREF-01748,43.64,10.11,530,2,43.0,0
TXREF-01749,24.43,14.42,340,2,16.52,0
TXREF-01750,66.21,19.73,903,1,5.46,0
TXREF-01751,19.93,18.54,577,4,10.23,0
TXREF-01752,22.29,21.82,66,2,1.39,0
TXREF-01753,21.7,17.34,558,2,34.1,0
TXREF-01754,23.17,12.58,233,2,7.03,0
TXREF-01755,76.82,13.03,455,4,6.27,0
TXREF-01756,54.75,18.31,88,2,6.9,0
TXREF-01757,119.24,9.61,9,2,6.25,0
TXREF-01758,178.16,12.71,70,1,5.76,0
TXREF-01759,16.57,17.61,70,2,28.29,1
TXREF-01760,36.62,22.4,161,4,9.76,0
TXREF-01761,14.93,13.09,5,4,3.29,0
TXREF-01762,19.89,13.15,537,2,4.95,0
TXREF-01763,22.12,14.37,227,3,23.15,0
TXREF-01764,16.26,20.3,603,2,26.8,0
TXREF-01765,16.32,16.96,977,3,1.47,0
TXREF-01766,31.38,14.04,344,1,7.42,0
TXREF-01767,14.5,18.42,947,2,1.18,0
TXREF-01768,63.84,15.09,22,2,8.02,1
TXREF-01769,17.98,21.8,915,1,2.91,0
TXREF-01770,263.19,1.41,420,3,1.33,0
TXREF-01771,25.15,19.56,288,3,25.92,0
TXREF-01772,36.67,14.7,998,3,21.06,0
TXREF-01773,13.7,5.21,50,4,2.56,0
TXREF-01774,118.91,19.39,510,3,9.92,0
TXREF-01775,77.95,20.21,634,3,5.15,0
TXREF-01776,43.11,12.73,405,4,4.92,0
TXREF-01777,13.2,12.06,79,3,15.25,0
TXREF-01778,40.52,15.41,125,4,9.07,0
TXREF-01779,15.53,11.16,188,3,6.04,0
TXREF-01780,99.77,12.15,1023,4,82.67,0
TXREF-01781,62.34,23.04,54,2,5.8,0
TXREF-01782,37.29,13.06,67,2,5.2,0
TXREF-01783,6.02,12.35,14,3,0.77,0
TXREF-01784,17.15,16.73,186,3,76.91,0
TXREF-01785,57.12,21.92,80,3,1.62,0
TXREF-01786,83.37,15.26,122,1,25.73,0
TXREF-01787,77.37,15.95,442,5,2.01,0
TXREF-01788,11.06,20.45,650,1,5.56,0
TXREF-01789,43.26,19.67,519,4,12.4,0
TXREF-01790,72.33,19.78,389,2,84.39,0
TXREF-01791,10.55,16.97,87,2,2.36,0
TXREF-01792,34.62,19.16,26,6,31.75,0
TXREF-01793,42.4,17.31,33,1,2.86,0
TXREF-01794,28.03,21.67,379,2,8.9,0
TXREF-01795,9.17,6.49,963,3,1.82,0
TXREF-01796,27.54,10.07,62,1,7.5,0
TXREF-01797,27.5,16.04,273,2,11.63,0
TXREF-01798,31.29,21.75,39,2,15.84,0
TXREF-01799,23.2,20.81,2085,1,14.95,0
TXREF-01800,25.31,22.61,62,2,5.69,0
TXREF-01801,33.83,13.96,104,3,3.83,0
TXREF-01802,47.87,10.54,1941,3,19.9,0
TXREF-01803,27.96,11.68,193,3,31.9,0
TXREF-01804,25.92,16.72,469,6,1.65,0
TXREF-01805,37.21,10.71,38,2,5.3,0
TXREF-01806,8.73,11.01,1919,1,3.24,0
TXREF-01807,49.08,14.59,65,3,8.65,0
TXREF-01808,34.8,20.06,91,1,3.1,0
TXREF-01809,35.82,12.71,406,5,7.56,0
TXREF-01810,69.53,18.22,199,2,18.03,0
TXREF-01811,8.53,9.91,197,1,0.92,0
TXREF-01812,8.41,23.65,551,4,3.19,0
TXREF-01813,42.4,9.07,949,2,6.31,0
TXREF-01814,34.64,8.71,1800,2,2.42,0
TXREF-01815,39.35,15.08,19,2,10.02,0
TXREF-01816,24.96,19.43,85,3,1.85,0
TXREF-01817,56.17,9.49,989,1,9.26,0
TXREF-01818,68.14,15.22,102,1,5.76,0
TXREF-01819,49.33,20.87,145,3,2.51,0
TXREF-01820,28.85,17.36,300,6,1.41,0
TXREF-01821,7.63,22.68,33,1,9.06,0
TXREF-01822,60.57,20.66,372,2,50.95,0
TXREF-01823,83.9,14.88,131,3,13.93,0
TXREF-01824,55.37,22.93,397,2,13.31,0
TXREF-01825,18.48,12.48,826,6,3.96,0
TXREF-01826,56.55,21.76,679,5,6.16,0
TXREF-01827,64.69,9.99,11,4,2.05,0
TXREF-01828,106.95,22.54,299,3,2.52,0
TXREF-01829,18.53,15.19,176,3,11.04,0
TXREF-01830,29.58,18.82,2160,3,1.77,0
TXREF-01831,59.62,18.39,391,2,4.96,0
TXREF-01832,36.28,16.11,683,4,2.43,0
TXREF-01833,15.57,14.26,348,3,4.73,0
TXREF-01834,46.92,20.19,700,1,2.15,0
TXREF-01835,52.81,18.44,48,5,0.69,0
TXREF-01836,37.09,11.33,466,3,9.67,0
TXREF-01837,40.78,11.43,157,3,5.98,0
TXREF-01838,28.9,15.84,148,4,14.6,0
TXREF-01839,100.92,17.02,670,2,32.14,0
TXREF-01840,18.2,21.55,46,5,10.01,0
TXREF-01841,22.81,17.78,1082,3,14.93,0
TXREF-01842,35.09,14.23,52,2,14.73,1
TXREF-01843,65.55,10.85,360,1,41.81,0
TXREF-01844,11.84,13.84,221,2,2.46,0
TXREF-01845,13.55,11.68,976,4,4.4,0
TXREF-01846,8.03,16.11,600,2,3.31,0
TXREF-01847,35.64,12.85,427,3,6.44,0
TXREF-01848,15.56,13.68,198,2,2.82,0
TXREF-01849,26.39,19.0,722,1,2.01,0
TXREF-01850,56.05,11.63,37,4,3.29,0
TXREF-01851,21.94,17.08,348,1,2.21,0
TXREF-01852,41.12,19.6,186,3,2.67,0
TXREF-01853,28.06,14.98,819,2,0.9,0
TXREF-01854,56.48,21.85,140,4,57.53,0
TXREF-01855,49.01,16.65,831,3,2.47,0
TXREF-01856,21.15,9.6,930,1,19.06,0
TXREF-01857,30.83,9.1,208,4,18.74,0
TXREF-01858,73.81,12.92,494,2,6.79,0
TXREF-01859,46.21,12.75,137,1,2.13,0
TXREF-01860,12.73,13.71,273,3,19.79,0
TXREF-01861,55.82,11.89,517,1,16.94,0
TXREF-01862,15.94,22.21,92,3,15.65,0
TXREF-01863,96.26,14.96,232,2,16.28,0
TXREF-01864,72.77,14.77,816,4,10.53,0
TXREF-01865,42.89,10.26,52,2,12.22,0
TXREF-01866,38.99,15.6,44,3,17.13,0
TXREF-01867,29.95,20.41,371,3,3.06,0
TXREF-01868,56.74,11.89,281,2,5.56,0
TXREF-01869,26.66,9.63,512,2,1.36,0
TXREF-01870,41.25,19.03,363,3,30.82,0
TXREF-01871,65.22,18.48,79,4,9.93,0
TXREF-01872,23.23,15.46,695,3,1.5,0
TXREF-01873,22.34,12.59,61,4,0.48,0
TXREF-01874,14.73,14.35,1028,5,6.89,0
TXREF-01875,16.18,19.73,947,3,4.99,0
TXREF-01876,9.33,14.21,31,3,3.5,0
TXREF-01877,58.88,14.57,1017,2,8.5,0
TXREF-01878,128.05,20.0,667,2,17.71,0
TXREF-01879,97.15,14.34,417,2,23.37,1
TXREF-01880,10.8,21.19,228,5,29.32,0
TXREF-01881,58.67,1.34,385,3,6.42,0
TXREF-01882,96.92,10.47,593,3,40.19,0
TXREF-01883,25.06,21.86,329,3,3.76,0
TXREF-01884,37.45,20.11,349,2,8.67,0
TXREF-01885,8.2,19.52,933,3,10.36,0
TXREF-01886,42.18,8.75,1095,1,14.13,0
TXREF-01887,16.19,10.16,665,3,1.82,0
TXREF-01888,40.19,14.96,1121,2,15.16,0
TXREF-01889,11.31,20.94,286,2,12.04,0
TXREF-01890,51.46,13.09,669,1,1.3,0
TXREF-01891,72.8,16.86,343,1,7.2,0
TXREF-01892,19.81,11.45,881,1,4.87,0
TXREF-01893,15.35,12.72,549,1,49.79,0
TXREF-01894,7.37,20.78,308,1,9.49,0
TXREF-01895,28.74,13.39,1477,2,4.09,0
TXREF-01896,22.9,7.81,450,2,3.52,0
TXREF-01897,11.4,13.92,574,2,17.23,0
TXREF-01898,48.24,19.9,593,2,8.59,0
TXREF-01899,25.18,17.45,172,2,7.07,0
TXREF-01900,16.05,9.88,150,3,12.73,0
TXREF-01901,23.35,11.95,258,2,6.83,0
TXREF-01902,75.29,17.85,10,1,26.25,0
TXREF-01903,53.74,14.94,148,3,4.7,0
TXREF-01904,31.7,15.76,50,2,2.07,0
TXREF-01905,54.37,15.45,395,4,4.27,0
TXREF-01906,15.09,15.47,57,3,5.91,0
TXREF-01907,35.63,19.83,898,2,7.78,0
TXREF-01908,38.71,14.29,178,2,7.99,0
TXREF-01909,24.82,10.76,357,2,8.2,0
TXREF-01910,47.63,19.48,638,3,3.18,0
TXREF-01911,19.85,12.19,2106,1,1.25,0
TXREF-01912,50.25,22.02,227,1,0.74,0
TXREF-01913,51.8,22.48,262,2,13.45,0
TXREF-01914,4.26,11.37,244,3,0.46,0
TXREF-01915,82.02,22.44,1330,3,8.27,0
TXREF-01916,3.88,15.52,357,1,10.25,0
TXREF-01917,22.34,12.24,40,1,11.81,0
TXREF-01918,72.84,17.11,446,2,10.0,0
TXREF-01919,27.7,17.62,708,3,5.58,0
TXREF-01920,12.11,10.83,313,3,1.44,0
TXREF-01921,15.84,18.53,681,5,2.97,0
TXREF-01922,72.92,18.25,647,1,27.24,0
TXREF-01923,8.73,13.91,718,3,10.38,0
TXREF-01924,78.48,19.92,207,2,1.78,0
TXREF-01925,33.46,13.91,22,4,2.17,0
TXREF-01926,14.75,18.31,766,2,55.5,0
TXREF-01927,22.88,16.09,142,3,1.64,0
TXREF-01928,16.74,13.98,56,3,5.99,0
TXREF-01929,64.95,13.58,1057,2,7.47,0
TXREF-01930,58.99,19.04,62,3,17.95,0
TXREF-01931,10.1,19.06,677,4,17.44,0
TXREF-01932,26.03,14.74,16,3,11.73,0
TXREF-01933,18.7,14.74,136,1,6.81,0
TXREF-01934,88.35,21.89,97,3,10.9,0
TXREF-01935,13.17,14.9,945,1,182.22,0
TXREF-01936,110.5,17.42,43,2,286.94,1
TXREF-01937,33.99,17.73,122,5,11.99,0
TXREF-01938,15.08,15.73,368,2,3.92,0
TXREF-01939,21.38,13.72,1479,1,6.23,0
TXREF-01940,19.55,13.74,250,5,15.66,0
TXREF-01941,13.91,19.04,911,3,2.12,0
TXREF-01942,37.27,17.76,78,1,13.35,0
TXREF-01943,14.38,13.45,185,4,7.44,0
TXREF-01944,7.24,16.0,11,6,1.11,0
TXREF-01945,26.49,10.77,543,1,9.35,0
TXREF-01946,9.51,14.47,983,2,3.42,0
TXREF-01947,20.26,18.97,51,3,19.91,0
TXREF-01948,18.09,13.28,128,3,4.96,0
TXREF-01949,18.59,15.9,125,3,1.21,0
TXREF-01950,147.04,19.39,156,2,3.61,0
TXREF-01951,36.26,18.77,240,4,7.4,0
TXREF-01952,41.54,17.06,64,2,0.65,0
TXREF-01953,9.69,13.0,191,4,12.22,0
TXREF-01954,21.74,7.66,56,2,2.53,0
TXREF-01955,40.65,19.58,441,1,14.03,0
TXREF-01956,16.65,21.02,666,3,46.76,0
TXREF-01957,66.94,19.0,972,2,22.16,0
TXREF-01958,14.64,15.73,852,4,5.2,0
TXREF-01959,28.33,13.42,97,1,18.01,0
TXREF-01960,22.83,17.7,113,1,11.09,0
TXREF-01961,39.19,13.87,685,4,6.52,0
TXREF-01962,21.95,14.86,965,2,190.39,0
TXREF-01963,28.64,8.99,97,2,17.35,0
TXREF-01964,29.37,20.72,92,2,3.39,0
TXREF-01965,20.52,15.18,12,5,8.02,0
TXREF-01966,49.37,16.9,1068,2,11.14,0
TXREF-01967,41.33,23.92,71,1,10.13,0
TXREF-01968,32.66,20.52,150,2,6.23,0
TXREF-01969,25.54,9.27,291,2,9.05,0
TXREF-01970,61.78,15.87,302,5,4.99,0
TXREF-01971,29.38,11.61,38,3,8.59,0
TXREF-01972,27.92,16.86,70,4,50.64,0
TXREF-01973,37.54,21.58,163,4,9.83,0
TXREF-01974,118.1,13.69,563,3,7.38,0
TXREF-01975,13.26,21.69,1088,1,27.28,0
TXREF-01976,60.6,20.34,159,3,17.22,0
TXREF-01977,8.91,10.7,191,2,4.69,0
TXREF-01978,40.71,7.71,204,3,1.72,0
TXREF-01979,108.21,18.31,685,3,1.18,0
TXREF-01980,49.49,20.5,549,5,14.77,0
TXREF-01981,39.36,17.22,33,1,133.95,0
TXREF-01982,23.25,12.85,324,2,5.24,0
TXREF-01983,35.6,16.48,147,2,0.35,0
TXREF-01984,29.04,15.55,725,2,24.76,0
TXREF-01985,19.77,18.23,114,3,8.95,0
TXREF-01986,28.26,13.82,323,1,5.0,0
TXREF-01987,40.16,8.46,172,3,1.57,0
TXREF-01988,20.04,13.78,33,1,27.2,0
TXREF-01989,19.48,14.28,136,3,6.76,0
TXREF-01990,13.07,15.66,326,6,19.35,0
TXREF-01991,46.12,9.1,105,3,6.4,0
TXREF-01992,51.55,22.17,174,2,50.54,0
TXREF-01993,41.13,16.78,953,4,7.88,0
TXREF-01994,69.75,13.67,279,3,2.88,0
TXREF-01995,37.09,13.02,56,1,11.4,0
TXREF-01996,46.17,21.59,661,1,7.01,0
TXREF-01997,43.33,10.58,88,1,1.76,0
TXREF-01998,32.59,17.95,192,2,2.34,0
TXREF-01999,23.76,17.27,82,2,6.77,0
TXREF-02000,171.43,13.28,290,2,28.92,0
TXREF-02001,25.14,13.89,94,3,3.49,0
TXREF-02002,21.55,22.1,118,3,19.92,1
TXREF-02003,47.58,14.58,162,3,5.12,0
TXREF-02004,41.73,12.1,869,2,30.96,0
TXREF-02005,12.66,22.49,246,2,55.22,0
TXREF-02006,78.13,12.86,301,3,7.95,0
TXREF-02007,32.53,12.97,1953,2,3.23,0
TXREF-02008,15.64,13.01,1128,1,3.17,0
TXREF-02009,81.93,6.83,109,2,20.33,0
TXREF-02010,54.62,14.31,32,3,2.28,0
TXREF-02011,14.01,20.21,129,3,0.96,0
TXREF-02012,125.16,8.03,40,3,24.64,0
TXREF-02013,55.94,12.88,314,2,2.45,0
TXREF-02014,34.56,12.78,9,2,1.44,0
TXREF-02015,109.39,18.08,150,3,2.65,0
TXREF-02016,39.04,18.75,101,5,5.02,0
TXREF-02017,34.12,16.14,33,7,1.62,0
TXREF-02018,21.64,18.42,41,3,1.81,0
TXREF-02019,52.93,11.99,375,5,8.27,0
TXREF-02020,49.07,20.14,688,3,3.54,0
TXREF-02021,35.18,19.53,581,2,10.39,0
TXREF-02022,19.71,14.73,375,4,12.37,0
TXREF-02023,38.23,15.2,1589,2,3.26,0
TXREF-02024,33.11,12.7,24,4,5.27,0
TXREF-02025,13.33,16.2,692,3,15.6,0
TXREF-02026,12.06,13.87,266,3,23.64,0
TXREF-02027,52.3,8.14,608,2,0.44,0
TXREF-02028,5.35,12.86,424,1,1.23,0
TXREF-02029,40.36,10.21,872,3,7.82,0
TXREF-02030,24.67,14.36,290,4,6.48,0
TXREF-02031,89.29,11.07,1026,4,4.59,0
TXREF-02032,24.4,0.52,610,2,4.13,0
TXREF-02033,55.97,14.14,478,2,2.59,0
TXREF-02034,26.16,10.01,204,1,33.13,0
TXREF-02035,37.78,18.78,45,2,2.0,0
TXREF-02036,59.18,15.99,194,2,5.63,0
TXREF-02037,24.95,20.63,329,6,5.67,0
TXREF-02038,71.34,11.11,672,3,16.45,0
TXREF-02039,17.02,17.8,2,3,14.35,0
TXREF-02040,43.04,20.24,213,1,6.25,0
TXREF-02041,67.65,13.97,32,6,4.78,1
TXREF-02042,55.99,14.29,74,4,2.19,0
TXREF-02043,138.36,11.63,1026,2,24.15,0
TXREF-02044,20.09,14.69,76,4,0.89,0
TXREF-02045,12.9,19.49,192,3,2.06,0
TXREF-02046,17.01,14.81,501,1,16.71,0
TXREF-02047,56.01,17.41,101,3,2.07,0
TXREF-02048,49.82,14.09,323,5,12.68,0
TXREF-02049,37.47,10.72,337,3,27.93,0
TXREF-02050,15.51,11.81,127,3,23.04,0
TXREF-02051,60.47,10.42,24,5,2.99,0
TXREF-02052,14.41,19.65,273,8,4.07,0
TXREF-02053,80.19,17.92,226,3,1.96,0
TXREF-02054,272.42,14.52,154,5,7.38,0
TXREF-02055,45.32,13.02,477,3,38.19,1
TXREF-02056,52.98,11.47,28,4,6.43,0
TXREF-02057,24.41,15.14,183,3,6.23,0
TXREF-02058,9.46,10.04,2103,1,7.25,0
TXREF-02059,22.56,10.37,1028,2,5.5,0
TXREF-02060,15.85,16.88,105,2,12.31,0
TXREF-02061,12.28,13.11,874,4,1.17,0
TXREF-02062,120.31,19.29,265,2,7.22,0
TXREF-02063,42.37,13.46,234,3,13.2,0
TXREF-02064,45.76,16.32,174,1,19.14,0
TXREF-02065,27.87,14.53,204,1,32.2,0
TXREF-02066,30.74,18.34,22,2,2.72,0
TXREF-02067,69.72,11.74,1661,4,2.29,0
TXREF-02068,34.01,13.38,1226,5,4.02,0
TXREF-02069,51.01,14.97,565,3,14.73,0
TXREF-02070,30.23,13.89,19,2,1.33,0
TXREF-02071,27.21,13.6,199,3,7.91,0
TXREF-02072,12.64,22.64,44,3,8.23,0
TXREF-02073,8.38,13.88,445,2,3.32,0
TXREF-02074,28.84,11.5,680,2,14.14,0
TXREF-02075,36.26,17.54,80,2,1.43,0
TXREF-02076,13.79,12.46,9,3,28.07,0
TXREF-02077,33.96,14.41,356,3,12.17,0
TXREF-02078,36.19,18.37,56,2,4.81,0
TXREF-02079,7.37,21.41,10,1,1.5,0
TXREF-02080,18.01,10.48,1538,4,6.0,0
TXREF-02081,46.68,19.12,94,3,11.84,0
TXREF-02082,46.0,21.75,75,1,3.4,0
TXREF-02083,15.17,20.8,858,4,0.74,0
TXREF-02084,39.02,17.92,257,2,2.47,0
TXREF-02085,72.68,23.19,1108,3,97.79,0
TXREF-02086,60.92,19.42,112,1,9.77,0
TXREF-02087,32.51,13.36,339,2,4.49,0
TXREF-02088,24.85,19.14,737,2,102.86,0
TXREF-02089,22.13,16.71,249,1,17.31,0
TXREF-02090,48.76,14.13,688,4,43.86,0
TXREF-02091,40.06,14.84,494,1,9.31,0
TXREF-02092,54.77,13.56,513,4,17.18,0
TXREF-02093,38.28,14.17,433,1,7.89,0
TXREF-02094,62.77,13.86,562,1,2.6,0
TXREF-02095,37.27,15.22,1498,4,5.32,0
TXREF-02096,61.25,19.57,209,2,7.03,0
TXREF-02097,65.17,10.14,480,4,5.63,0
TXREF-02098,19.51,17.72,2227,3,2.93,0
TXREF-02099,9.47,12.82,1078,1,4.58,0
TXREF-02100,105.78,20.25,11,4,3.93,0
TXREF-02101,41.88,20.52,1451,3,3.62,0
TXREF-02102,10.13,20.07,24,7,28.25,0
TXREF-02103,20.82,13.49,146,1,8.41,0
TXREF-02104,60.69,8.46,489,2,1.43,0
TXREF-02105,28.46,19.56,94,2,1.32,0
TXREF-02106,24.08,10.98,627,3,4.02,0
TXREF-02107,95.45,20.91,69,1,2.22,0
TXREF-02108,16.38,10.63,1147,2,4.69,0
TXREF-02109,19.6,9.72,1080,4,52.12,0
TXREF-02110,40.54,13.34,61,3,2.77,0
TXREF-02111,46.11,12.1,1138,1,2.04,0
TXREF-02112,49.77,10.26,1195,2,9.19,0
TXREF-02113,67.09,13.89,302,4,2.62,0
TXREF-02114,40.16,9.26,13,2,0.78,0
TXREF-02115,49.52,19.44,933,3,4.44,0
TXREF-02116,28.89,23.63,102,4,1.05,0
TXREF-02117,36.42,6.06,338,2,2.28,0
TXREF-02118,37.62,12.33,287,2,9.21,0
TXREF-02119,40.64,15.5,561,1,1.31,0
TXREF-02120,60.72,22.32,241,2,17.93,0
TXREF-02121,51.92,19.89,340,3,5.0,0
TXREF-02122,35.94,15.38,787,1,36.31,0
TXREF-02123,19.44,10.74,827,2,6.68,0
TXREF-02124,36.55,13.96,239,2,5.43,0
TXREF-02125,34.12,16.64,66,2,6.86,0
TXREF-02126,40.01,11.2,177,3,11.72,0
TXREF-02127,170.49,13.34,1131,1,29.35,1
TXREF-02128,23.88,19.9,268,4,2.09,0
TXREF-02129,47.18,11.26,561,2,6.54,0
TXREF-02130,75.14,15.47,210,4,5.87,0
TXREF-02131,37.36,10.55,173,2,23.34,0
TXREF-02132,187.4,13.48,928,5,8.24,0
TXREF-02133,26.52,15.43,134,4,2.44,0
TXREF-02134,43.96,6.31,860,1,6.86,0
TXREF-02135,19.59,12.29,168,1,1.21,0
TXREF-02136,27.03,15.37,855,3,34.77,0
TXREF-02137,41.65,14.72,1130,2,3.19,0
TXREF-02138,64.03,22.38,88,3,1.7,1
TXREF-02139,43.81,10.47,370,2,15.51,0
TXREF-02140,86.19,22.44,75,2,11.81,1
TXREF-02141,32.51,20.39,1181,2,53.97,0
TXREF-02142,27.41,15.75,1022,3,7.98,0
TXREF-02143,243.93,15.22,602,1,11.7,0
TXREF-02144,46.24,12.57,470,2,10.92,0
TXREF-02145,20.74,21.58,506,2,3.94,0
TXREF-02146,21.12,12.1,170,1,5.16,0
TXREF-02147,17.66,20.93,337,1,22.26,0
TXREF-02148,68.33,21.58,301,3,2.66,0
TXREF-02149,26.78,23.42,175,2,6.85,0
TXREF-02150,38.16,18.48,1441,3,0.56,0
TXREF-02151,33.26,21.58,196,2,12.9,0
TXREF-02152,58.95,19.8,836,4,13.35,0
TXREF-02153,18.92,14.77,218,2,33.38,0
TXREF-02154,16.05,13.93,40,2,8.8,0
TXREF-02155,40.91,10.38,843,3,2.15,0
TXREF-02156,53.66,18.14,146,3,7.65,0
TXREF-02157,44.23,12.17,516,3,128.54,0
TXREF-02158,19.44,23.4,58,1,1.39,0
TXREF-02159,56.7,17.41,133,2,7.19,0
TXREF-02160,20.38,15.93,393,2,0.99,0
TXREF-02161,23.91,15.64,503,5,28.06,0
TXREF-02162,17.64,12.91,214,1,4.6,0
TXREF-02163,88.84,5.43,483,4,15.14,0
TXREF-02164,54.93,21.93,36,8,1.19,0
TXREF-02165,53.82,20.29,647,4,4.79,0
TXREF-02166,85.46,20.02,880,2,0.6,0
TXREF-02167,263.78,12.11,93,4,2.8,0
TXREF-02168,10.17,13.05,70,1,11.86,0
TXREF-02169,20.46,17.89,47,2,1.75,0
TXREF-02170,22.34,13.83,327,3,27.38,0
TXREF-02171,18.87,20.1,232,1,2.59,0
TXREF-02172,16.02,16.11,1283,2,3.76,0
TXREF-02173,28.06,17.76,1754,2,1.92,0
TXREF-02174,14.5,12.61,13,3,41.47,0
TXREF-02175,44.31,20.64,176,2,0.63,0
TXREF-02176,36.13,19.54,192,4,8.39,0
TXREF-02177,49.22,19.92,508,4,4.98,0
TXREF-02178,50.18,12.66,1180,3,37.03,0
TXREF-02179,53.74,18.89,22,1,3.71,0
TXREF-02180,26.61,16.51,957,1,4.78,0
TXREF-02181,160.33,16.68,409,2,3.39,0
TXREF-02182,41.21,10.1,24,2,6.4,0
TXREF-02183,9.11,15.11,198,4,13.01,0
TXREF-02184,16.92,20.09,41,1,5.54,0
TXREF-02185,9.94,14.82,379,4,2.06,0
TXREF-02186,35.25,9.14,134,3,3.85,0
TXREF-02187,31.89,13.7,195,1,10.88,0
TXREF-02188,24.85,17.51,143,4,12.86,0
TXREF-02189,148.1,15.75,3,2,44.54,1
TXREF-02190,51.69,10.05,76,2,3.79,0
TXREF-02191,58.72,18.2,63,1,6.23,0
TXREF-02192,17.81,18.35,481,1,8.97,0
TXREF-02193,16.96,20.7,1578,3,13.39,0
TXREF-02194,35.75,0.27,117,5,12.46,0
TXREF-02195,39.43,20.71,197,2,1.38,0
TXREF-02196,9.15,13.98,365,5,0.97,0
TXREF-02197,30.57,7.73,460,3,9.19,0
TXREF-02198,35.17,9.01,516,2,2.2,0
TXREF-02199,29.82,16.46,549,2,2.31,0
TXREF-02200,19.38,14.41,39,5,4.23,0
TXREF-02201,23.61,18.74,791,4,0.82,0
TXREF-02202,30.65,10.17,25,2,4.44,0
TXREF-02203,37.17,14.38,221,3,4.02,0
TXREF-02204,53.81,14.02,22,6,3.67,0
TXREF-02205,75.81,13.54,142,1,1.56,0
TXREF-02206,28.16,12.78,155,3,35.96,0
TXREF-02207,25.07,12.84,248,2,24.38,0
TXREF-02208,47.71,20.3,619,3,37.93,0
TXREF-02209,54.04,19.86,369,1,1.79,0
TXREF-02210,25.47,14.81,246,2,9.82,0
TXREF-02211,61.5,17.86,779,1,68.09,0
TXREF-02212,70.48,10.16,341,3,7.5,0
TXREF-02213,88.24,8.2,60,2,8.37,0
TXREF-02214,125.26,17.25,723,1,5.22,0
TXREF-02215,18.66,10.98,724,1,5.78,0
TXREF-02216,35.16,12.79,471,4,48.27,0
TXREF-02217,35.1,12.04,265,1,1.09,0
TXREF-02218,32.44,18.77,161,1,4.71,0
TXREF-02219,21.81,9.33,436,3,15.42,0
TXREF-02220,11.95,12.18,471,4,3.04,0
TXREF-02221,37.22,22.55,263,3,12.28,0
TXREF-02222,20.02,13.99,127,2,8.17,0
TXREF-02223,37.04,15.61,753,5,20.11,0
TXREF-02224,19.65,12.41,1234,2,4.12,0
TXREF-02225,15.77,19.65,356,2,3.9,0
TXREF-02226,41.21,19.08,503,3,7.35,0
TXREF-02227,38.81,7.25,9,2,5.68,0
TXREF-02228,52.83,18.3,351,3,7.52,0
TXREF-02229,167.98,16.46,160,1,11.96,0
TXREF-02230,42.51,12.21,242,2,7.7,0
TXREF-02231,49.37,17.84,242,4,4.36,0
TXREF-02232,16.03,20.33,719,2,1.94,0
TXREF-02233,13.78,16.15,505,2,8.39,0
TXREF-02234,108.81,19.58,475,2,1.59,0
TXREF-02235,17.91,14.12,842,3,11.02,0
TXREF-02236,16.42,13.28,274,6,4.61,0
TXREF-02237,33.85,13.66,943,3,4.17,0
TXREF-02238,32.62,19.21,17,1,3.34,0
TXREF-02239,18.18,15.29,263,1,7.26,0
TXREF-02240,27.95,20.86,40,2,4.89,0
TXREF-02241,84.36,14.89,350,2,4.13,0
TXREF-02242,19.49,11.91,33,4,9.84,0
TXREF-02243,12.76,12.13,215,3,4.23,0
TXREF-02244,68.63,17.58,299,3,9.16,0
TXREF-02245,49.62,7.47,171,2,19.63,0
TXREF-02246,22.27,12.48,164,3,6.17,0
TXREF-02247,11.14,12.55,127,3,6.22,0
TXREF-02248,20.37,22.08,324,1,0.64,0
TXREF-02249,33.47,23.67,1491,5,11.32,0
TXREF-02250,80.58,19.63,642,2,0.87,0
TXREF-02251,16.5,7.85,132,1,8.95,0
TXREF-02252,32.76,11.08,309,2,3.91,0
TXREF-02253,56.61,14.84,1013,1,4.63,0
TXREF-02254,6.27,14.3,16,3,1.84,0
TXREF-02255,73.28,19.2,175,6,2.52,0
TXREF-02256,14.86,17.07,1870,3,0.52,0
TXREF-02257,44.21,18.42,601,3,20.2,0
TXREF-02258,41.58,13.31,1475,1,5.18,0
TXREF-02259,76.01,17.52,158,3,3.64,0
TXREF-02260,51.76,11.13,167,1,0.53,0
TXREF-02261,6.29,17.1,918,3,3.73,0
TXREF-02262,19.79,13.1,128,3,1.58,0
TXREF-02263,38.46,9.37,147,4,0.53,0
TXREF-02264,30.25,15.9,553,4,9.65,0
TXREF-02265,49.1,18.47,327,1,3.25,0
TXREF-02266,61.46,12.7,497,2,102.67,0
TXREF-02267,53.95,19.82,91,4,5.02,1
TXREF-02268,29.84,8.7,245,2,3.84,0
TXREF-02269,9.21,21.83,60,2,34.74,0
TXREF-02270,25.08,13.53,526,3,3.99,0
TXREF-02271,46.98,12.81,496,4,6.32,0
TXREF-02272,15.88,11.87,144,5,25.03,0
TXREF-02273,54.85,20.83,251,3,7.08,0
TXREF-02274,66.96,12.31,735,5,4.08,0
TXREF-02275,38.14,12.85,669,2,25.24,0
TXREF-02276,3.83,14.89,363,1,16.98,0
TXREF-02277,13.87,19.63,198,3,63.44,0
TXREF-02278,135.38,13.66,113,2,19.37,1
TXREF-02279,23.49,11.93,706,5,6.7,0
TXREF-02280,8.34,21.87,1426,1,6.75,0
TXREF-02281,84.72,16.44,457,2,5.93,0
TXREF-02282,35.15,21.52,380,4,2.26,0
TXREF-02283,77.14,17.41,608,1,8.08,0
TXREF-02284,42.5,21.55,6,3,24.26,1
TXREF-02285,48.43,11.95,92,3,19.63,0
TXREF-02286,45.21,13.08,251,2,2.74,0
TXREF-02287,57.52,17.38,127,1,3.04,0
TXREF-02288,179.42,6.7,35,2,17.58,1
TXREF-02289,70.04,17.56,1754,2,2.77,0
TXREF-02290,11.16,16.35,219,4,2.51,0
TXREF-02291,48.02,10.36,914,4,2.49,0
TXREF-02292,79.19,15.35,7,2,4.88,0
TXREF-02293,82.76,23.18,143,3,23.36,0
TXREF-02294,25.61,9.35,27,2,6.12,0
TXREF-02295,80.54,14.28,5,5,3.89,1
TXREF-02296,67.9,21.02,165,1,24.53,0
TXREF-02297,221.9,15.33,27,2,3.11,1
TXREF-02298,20.29,16.14,1067,1,2.21,0
TXREF-02299,24.16,15.28,659,2,4.59,0
TXREF-02300,27.93,14.23,228,3,4.5,0
TXREF-02301,24.46,14.92,32,2,8.47,0
TXREF-02302,18.34,19.03,420,1,66.69,0
TXREF-02303,4.76,0.78,2383,2,1.82,0
TXREF-02304,25.46,11.45,45,3,4.4,0
TXREF-02305,45.42,17.3,88,1,13.47,0
TXREF-02306,24.41,16.19,115,2,15.48,1
TXREF-02307,140.26,16.18,144,4,58.64,0
TXREF-02308,35.15,19.48,205,3,18.61,0
TXREF-02309,88.19,12.94,612,4,4.23,0
TXREF-02310,42.02,12.24,320,2,5.11,0
TXREF-02311,63.12,12.87,1077,4,2.46,0
TXREF-02312,42.57,8.87,362,2,5.54,0
TXREF-02313,93.27,9.12,174,3,12.42,0
TXREF-02314,36.24,15.99,45,4,6.0,0
TXREF-02315,49.76,9.54,121,3,5.29,0
TXREF-02316,45.32,10.56,650,6,12.8,0
TXREF-02317,28.29,13.67,396,1,16.79,0
TXREF-02318,46.6,15.51,392,1,14.38,0
TXREF-02319,173.95,20.98,264,2,20.16,0
TXREF-02320,28.65,16.55,948,4,8.08,0
TXREF-02321,47.09,11.44,420,2,2.04,0
TXREF-02322,86.11,20.78,183,1,3.66,0
TXREF-02323,79.12,16.33,125,2,4.26,0
TXREF-02324,35.11,9.48,587,2,7.33,0
TXREF-02325,6.26,14.81,204,1,19.31,0
TXREF-02326,50.5,21.85,907,4,8.09,0
TXREF-02327,7.04,18.64,504,2,2.03,0
TXREF-02328,100.32,19.98,224,5,13.83,0
TXREF-02329,39.33,14.4,125,2,9.31,0
TXREF-02330,71.5,13.3,44,1,9.99,1
TXREF-02331,18.18,23.66,36,5,73.16,0
TXREF-02332,11.38,21.53,227,2,88.96,0
TXREF-02333,42.0,11.75,494,3,11.47,0
TXREF-02334,33.98,12.3,565,1,5.1,0
TXREF-02335,24.44,16.1,678,3,14.78,0
TXREF-02336,37.0,9.15,891,1,0.44,0
TXREF-02337,255.33,17.17,192,2,1.31,0
TXREF-02338,63.49,15.22,890,2,24.03,0
TXREF-02339,74.12,13.21,169,2,3.36,0
TXREF-02340,63.92,20.06,279,1,3.31,0
TXREF-02341,101.01,19.58,154,2,20.05,0
TXREF-02342,30.36,18.15,2155,2,7.86,0
TXREF-02343,7.93,17.34,76,2,6.61,0
TXREF-02344,30.39,17.68,120,2,9.26,0
TXREF-02345,62.46,9.36,48,3,15.55,0
TXREF-02346,17.32,17.46,254,1,35.2,0
TXREF-02347,30.66,15.09,769,4,1.32,0
TXREF-02348,21.16,22.04,166,3,11.01,0
TXREF-02349,102.66,11.44,257,1,27.65,0
TXREF-02350,59.72,12.15,395,5,0.6,0
TXREF-02351,55.65,10.38,243,2,12.49,0
TXREF-02352,54.46,19.31,98,2,5.56,0
TXREF-02353,33.89,12.48,312,1,1.45,0
TXREF-02354,40.13,19.13,170,2,4.49,0
TXREF-02355,14.83,14.27,178,2,47.5,0
TXREF-02356,7.21,17.54,262,2,0.78,0
TXREF-02357,38.79,10.95,39,4,14.51,0
TXREF-02358,43.96,17.06,257,4,1.89,0
TXREF-02359,83.15,9.91,275,1,61.56,0
TXREF-02360,107.92,17.73,566,3,132.43,0
TXREF-02361,107.81,8.51,465,2,2.39,0
TXREF-02362,16.97,13.67,93,1,5.45,0
TXREF-02363,27.01,19.2,315,3,14.48,0
TXREF-02364,49.2,16.23,1097,2,25.29,0
TXREF-02365,215.5,15.35,1452,3,11.31,1
TXREF-02366,101.06,20.03,340,3,1.19,0
TXREF-02367,77.94,11.65,433,3,2.2,0
TXREF-02368,26.33,20.47,454,3,7.08,0
TXREF-02369,18.43,15.51,992,3,3.4,0
TXREF-02370,61.44,16.85,304,3,6.6,0
TXREF-02371,15.76,14.24,79,4,1.51,0
TXREF-02372,29.32,13.1,948,2,1.98,0
TXREF-02373,32.05,16.45,1060,3,1.53,0
TXREF-02374,109.61,14.83,117,2,11.99,1
TXREF-02375,26.97,13.46,118,1,14.35,0
TXREF-02376,6.01,19.07,306,3,6.13,0
TXREF-02377,50.06,17.05,166,2,0.93,0
TXREF-02378,21.05,15.41,256,2,8.2,0
TXREF-02379,35.9,12.06,575,1,5.57,0
TXREF-02380,32.71,17.77,127,4,26.1,0
TXREF-02381,28.59,14.78,912,2,5.66,0
TXREF-02382,61.5,14.84,67,3,1.97,0
TXREF-02383,11.55,22.25,240,1,6.59,0
TXREF-02384,23.99,16.14,81,2,3.07,0
TXREF-02385,56.97,21.72,288,2,3.2,0
TXREF-02386,22.37,22.9,154,1,3.62,0
TXREF-02387,10.93,20.35,179,1,4.09,0
TXREF-02388,56.34,11.65,152,4,4.39,0
TXREF-02389,78.15,16.39,316,2,3.59,0
TXREF-02390,33.7,13.73,492,2,14.05,0
TXREF-02391,8.48,15.46,818,3,1.59,0
TXREF-02392,57.88,20.43,157,3,6.59,0
TXREF-02393,10.54,13.0,559,3,3.17,0
TXREF-02394,43.48,19.96,27,1,3.04,0
TXREF-02395,18.38,14.85,240,6,15.72,0
TXREF-02396,15.1,11.95,49,2,14.98,0
TXREF-02397,25.33,18.03,64,2,8.34,0
TXREF-02398,30.51,16.28,127,2,17.33,0
TXREF-02399,21.89,12.61,279,3,40.5,0
TXREF-02400,53.19,17.53,230,3,14.06,0
TXREF-02401,25.25,11.34,313,2,7.11,0
TXREF-02402,70.51,13.91,1802,3,16.98,0
TXREF-02403,42.63,12.63,343,2,1.73,0
TXREF-02404,21.07,16.4,563,2,3.19,0
TXREF-02405,18.66,19.02,322,1,5.76,0
TXREF-02406,10.63,16.43,253,1,7.65,0
TXREF-02407,42.92,15.9,562,3,1.58,0
TXREF-02408,26.97,12.8,735,5,1.08,0
TXREF-02409,6.31,19.86,280,5,4.51,0
TXREF-02410,23.67,18.54,1228,3,9.05,0
TXREF-02411,18.2,9.49,90,2,33.6,0
TXREF-02412,108.25,16.74,1066,5,5.71,0
TXREF-02413,10.22,7.12,789,4,9.51,0
TXREF-02414,12.33,21.29,445,1,6.05,0
TXREF-02415,77.41,14.33,870,2,92.91,1
TXREF-02416,92.47,9.43,30,1,9.78,1
TXREF-02417,20.36,10.96,3,2,1.99,0
TXREF-02418,22.08,8.77,507,3,10.49,0
TXREF-02419,54.25,15.23,49,1,6.88,0
TXREF-02420,6.52,9.75,82,5,4.37,0
TXREF-02421,9.12,15.61,618,5,2.89,0
TXREF-02422,28.44,13.02,490,3,6.34,0
TXREF-02423,106.26,12.48,453,3,3.97,0
TXREF-02424,25.44,15.63,468,2,3.89,0
TXREF-02425,37.44,16.0,136,2,8.46,0
TXREF-02426,78.75,17.67,10,1,11.28,0
TXREF-02427,158.69,18.07,43,2,5.13,0
TXREF-02428,22.98,13.9,488,3,3.56,0
TXREF-02429,34.39,11.97,144,1,3.83,0
TXREF-02430,129.27,14.52,573,2,12.32,0
TXREF-02431,11.63,11.51,880,3,7.09,0
TXREF-02432,72.96,12.64,610,2,2.57,1
TXREF-02433,16.72,12.66,257,2,0.6,0
TXREF-02434,37.48,14.94,310,5,16.73,0
TXREF-02435,29.23,14.01,450,1,1.93,0
TXREF-02436,17.47,15.62,181,1,1.53,0
TXREF-02437,17.15,13.66,195,1,11.47,0
TXREF-02438,42.48,12.14,269,4,1.07,0
TXREF-02439,71.29,14.61,573,2,2.9,0
TXREF-02440,31.71,11.07,1593,3,15.0,0
TXREF-02441,36.62,15.82,79,1,9.94,0
TXREF-02442,52.52,13.09,314,3,3.87,0
TXREF-02443,17.3,18.59,654,3,3.98,0
TXREF-02444,59.3,14.7,100,2,2.49,0
TXREF-02445,62.8,19.12,939,1,3.86,0
TXREF-02446,226.92,15.22,1099,4,3.78,0
TXREF-02447,26.55,20.05,384,3,5.57,0
TXREF-02448,25.03,11.78,545,5,15.49,0
TXREF-02449,60.56,16.57,397,1,9.57,0
TXREF-02450,62.79,13.14,192,1,5.4,0
TXREF-02451,23.68,9.12,166,2,3.27,0
TXREF-02452,26.04,13.38,51,2,14.15,0
TXREF-02453,51.4,14.61,669,2,19.69,0
TXREF-02454,19.19,18.24,527,4,6.24,0
TXREF-02455,25.9,13.62,171,2,10.08,0
TXREF-02456,37.13,13.77,480,2,0.44,0
TXREF-02457,71.31,13.82,652,1,2.92,0
TXREF-02458,22.53,20.08,128,2,1.26,0
TXREF-02459,9.24,21.36,64,2,7.22,0
TXREF-02460,8.76,20.51,38,3,1.65,0
TXREF-02461,14.06,13.89,14,4,152.83,0
TXREF-02462,13.52,15.86,112,3,13.92,0
TXREF-02463,31.15,14.41,699,2,8.51,0
TXREF-02464,14.79,8.48,30,2,3.4,0
TXREF-02465,20.99,0.39,527,2,3.72,0
TXREF-02466,19.94,22.63,507,1,8.01,0
TXREF-02467,25.35,17.18,209,2,57.18,0
TXREF-02468,90.22,9.57,496,4,14.06,0
TXREF-02469,56.07,11.26,678,1,10.99,0
TXREF-02470,35.22,14.53,1024,2,4.51,0
TXREF-02471,24.98,15.51,45,3,0.69,0
TXREF-02472,25.48,15.42,185,2,3.71,0
TXREF-02473,44.08,10.85,195,4,3.54,0
TXREF-02474,53.02,21.7,585,1,4.74,0
TXREF-02475,18.11,20.2,92,2,5.54,0
TXREF-02476,35.74,18.59,31,2,6.95,0
TXREF-02477,8.06,12.9,854,4,2.5,0
TXREF-02478,40.55,17.23,66,1,16.25,0
TXREF-02479,60.26,19.91,1176,4,34.66,0
TXREF-02480,28.46,19.62,311,2,4.16,0
TXREF-02481,128.75,13.25,316,4,6.91,0
TXREF-02482,18.46,18.5,332,3,1.82,0
TXREF-02483,40.71,16.96,802,3,1.64,0
TXREF-02484,33.93,14.59,157,1,24.11,0
TXREF-02485,32.39,22.15,1041,1,15.57,0
TXREF-02486,32.06,11.78,1014,3,6.2,0
TXREF-02487,37.6,21.12,314,4,9.24,0
TXREF-02488,64.11,11.61,313,1,10.1,0
TXREF-02489,93.88,0.4,265,3,1.76,0
TXREF-02490,34.76,14.68,842,2,1.27,0
TXREF-02491,62.62,8.64,1,2,0.98,1
TXREF-02492,21.0,22.0,586,3,7.99,0
TXREF-02493,60.43,20.04,1220,2,22.54,0
TXREF-02494,20.11,15.14,519,1,10.82,0
TXREF-02495,76.35,21.63,384,4,2.8,0
TXREF-02496,171.0,20.04,280,7,0.66,0
TXREF-02497,31.88,18.03,98,2,16.02,0
TXREF-02498,7.18,13.55,15,3,6.44,0
TXREF-02499,23.46,18.84,164,4,5.47,0
TXREF-02500,84.52,11.14,1441,1,7.8,0
TXREF-02501,51.84,18.6,884,2,2.75,0
TXREF-02502,41.65,11.11,2,3,3.64,0
TXREF-02503,71.97,19.11,197,4,3.59,0
TXREF-02504,49.34,0.04,17,5,10.63,1
TXREF-02505,83.66,22.52,238,1,2.66,0
TXREF-02506,67.49,20.97,209,1,3.73,0
TXREF-02507,104.13,16.29,367,3,2.96,0
TXREF-02508,45.08,13.87,122,1,2.66,0
TXREF-02509,66.81,19.77,422,2,3.97,0
TXREF-02510,27.91,5.05,995,1,6.17,0
TXREF-02511,22.58,22.02,172,2,11.09,0
TXREF-02512,118.97,14.23,38,1,18.32,0
TXREF-02513,40.68,4.58,65,1,126.15,0
TXREF-02514,62.15,14.97,90,5,17.94,1
TXREF-02515,38.06,16.21,8,1,13.72,0
TXREF-02516,22.82,11.71,410,4,4.84,0
TXREF-02517,35.09,11.73,463,3,17.93,0
TXREF-02518,97.9,13.94,69,2,36.55,0
TXREF-02519,51.92,17.85,284,2,8.85,0
TXREF-02520,10.15,22.13,141,2,6.34,0
TXREF-02521,29.82,18.68,587,2,11.26,0
TXREF-02522,125.62,17.62,371,2,38.16,0
TXREF-02523,29.85,15.22,846,2,2.87,0
TXREF-02524,9.52,19.85,57,2,29.77,0
TXREF-02525,136.05,13.27,163,1,13.54,0
TXREF-02526,56.9,19.25,207,1,3.21,0
TXREF-02527,33.1,14.19,143,2,4.64,0
TXREF-02528,26.64,20.47,339,3,8.89,0
TXREF-02529,75.89,22.68,55,3,2.91,0
TXREF-02530,23.57,15.7,638,2,26.71,0
TXREF-02531,79.58,13.12,266,2,14.18,0
TXREF-02532,51.44,15.66,2507,4,1.36,0
TXREF-02533,41.52,21.15,621,2,13.26,0
TXREF-02534,38.66,9.23,62,3,7.32,0
TXREF-02535,30.69,15.56,1431,1,9.4,0
TXREF-02536,73.91,19.86,419,2,13.55,0
TXREF-02537,18.67,19.65,42,4,7.84,0
TXREF-02538,10.83,19.15,655,1,9.98,0
TXREF-02539,54.18,17.63,53,2,3.12,0
TXREF-02540,54.84,0.48,133,2,32.3,1
TXREF-02541,49.19,16.28,354,5,12.32,0
TXREF-02542,46.69,20.4,324,4,1.8,0
TXREF-02543,27.64,13.81,51,3,12.79,0
TXREF-02544,61.37,19.47,66,2,0.91,0
TXREF-02545,33.69,18.2,90,2,1.13,0
TXREF-02546,24.51,22.85,53,2,32.79,1
TXREF-02547,27.81,12.52,118,3,30.61,0
TXREF-02548,149.14,12.57,291,3,5.04,0
TXREF-02549,9.98,22.37,435,3,10.67,0
TXREF-02550,49.89,10.55,1117,2,9.14,0
TXREF-02551,10.39,20.38,136,3,5.17,0
TXREF-02552,32.2,21.72,193,2,2.42,0
TXREF-02553,25.48,15.29,601,1,1.43,0
TXREF-02554,7.76,17.85,228,4,16.95,0
TXREF-02555,46.07,14.77,751,2,4.35,0
TXREF-02556,26.48,21.54,840,3,0.93,0
TXREF-02557,7.68,10.76,528,3,4.56,0
TXREF-02558,63.72,14.94,403,1,4.55,0
TXREF-02559,97.83,13.62,593,2,100.69,1
TXREF-02560,101.79,13.73,118,5,3.54,0
TXREF-02561,45.08,14.84,260,2,7.99,0
TXREF-02562,35.99,15.66,809,3,8.19,0
TXREF-02563,90.58,14.86,111,1,6.58,0
TXREF-02564,116.9,20.88,126,2,3.58,0
TXREF-02565,78.74,11.44,109,4,7.44,0
TXREF-02566,17.67,12.04,38,2,2.82,0
TXREF-02567,40.24,16.71,114,2,13.58,0
TXREF-02568,47.77,12.64,93,4,6.18,0
TXREF-02569,9.46,9.69,1019,4,2.66,0
TXREF-02570,48.81,17.71,281,3,16.53,0
TXREF-02571,178.85,10.98,663,5,9.13,0
TXREF-02572,55.19,14.11,384,4,4.05,0
TXREF-02573,100.57,20.11,143,1,20.69,1
TXREF-02574,39.71,14.01,177,4,7.41,0
TXREF-02575,33.03,18.23,40,3,15.29,0
TXREF-02576,45.81,15.25,299,1,2.8,0
TXREF-02577,19.35,18.24,374,3,5.04,0
TXREF-02578,17.39,16.52,432,4,13.54,0
TXREF-02579,86.64,22.11,1218,3,4.93,0
TXREF-02580,93.51,20.81,48,2,3.86,0
TXREF-02581,17.05,19.02,739,1,20.35,0
TXREF-02582,69.89,20.2,481,5,24.25,0
TXREF-02583,32.7,20.01,204,2,6.93,0
TXREF-02584,44.46,15.45,50,7,1.22,0
TXREF-02585,48.49,14.26,1042,2,21.12,0
TXREF-02586,71.23,12.18,104,1,0.65,0
TXREF-02587,36.95,18.26,174,3,7.4,0
TXREF-02588,96.09,13.87,130,1,31.06,0
TXREF-02589,43.5,8.99,202,1,2.92,0
TXREF-02590,54.57,17.94,205,3,12.93,0
TXREF-02591,19.11,22.03,500,2,1.45,0
TXREF-02592,164.72,17.57,341,3,4.06,0
TXREF-02593,48.83,15.83,644,1,17.28,0
TXREF-02594,58.17,19.37,539,2,6.19,0
TXREF-02595,10.94,20.92,210,3,0.4,0
TXREF-02596,19.25,20.37,690,1,3.86,0
TXREF-02597,84.88,19.28,1561,1,0.94,0
TXREF-02598,42.8,23.15,319,1,4.93,0
TXREF-02599,8.78,0.51,249,3,2.93,0
TXREF-02600,73.52,17.56,373,2,0.37,0
TXREF-02601,23.53,13.77,368,3,2.65,0
TXREF-02602,96.17,13.67,430,5,1.84,0
TXREF-02603,32.68,13.55,433,3,7.4,0
TXREF-02604,40.34,21.07,808,3,2.61,0
TXREF-02605,81.36,16.9,450,4,8.14,0
TXREF-02606,18.24,21.06,9,1,11.89,0
TXREF-02607,17.03,14.64,384,3,31.03,0
TXREF-02608,30.22,13.88,93,3,7.63,0
TXREF-02609,63.15,15.6,654,3,10.52,1
TXREF-02610,13.35,21.52,623,3,4.77,0
TXREF-02611,10.48,22.53,151,3,2.29,0
TXREF-02612,63.0,19.3,11,4,11.27,1
TXREF-02613,22.55,14.46,113,3,7.04,0
TXREF-02614,26.25,12.38,125,2,6.31,1
TXREF-02615,9.14,18.42,1864,2,5.68,0
TXREF-02616,21.35,13.09,345,2,4.46,0
TXREF-02617,34.62,15.82,493,4,3.11,0
TXREF-02618,68.02,19.49,122,1,5.8,0
TXREF-02619,19.98,11.46,61,4,2.35,0
TXREF-02620,114.81,13.29,123,4,24.22,1
TXREF-02621,21.27,9.12,373,3,7.88,0
TXREF-02622,21.29,13.41,128,2,0.28,0
TXREF-02623,105.31,21.61,3,2,23.82,0
TXREF-02624,40.54,19.67,327,2,27.14,0
TXREF-02625,23.4,18.32,182,4,4.94,0
TXREF-02626,31.13,10.69,515,1,4.02,0
TXREF-02627,92.22,14.65,112,3,23.06,0
TXREF-02628,100.05,14.7,340,3,24.84,0
TXREF-02629,19.33,22.36,450,3,0.98,0
TXREF-02630,33.77,13.47,818,3,14.56,0
TXREF-02631,37.15,12.87,91,1,22.12,0
TXREF-02632,17.11,19.99,1112,1,3.07,0
TXREF-02633,33.45,12.67,861,3,2.29,0
TXREF-02634,34.95,15.09,11,1,12.4,1
TXREF-02635,79.12,5.91,944,5,56.53,1
TXREF-02636,83.04,18.17,1103,4,28.57,0
TXREF-02637,27.47,20.98,375,1,13.9,0
TXREF-02638,29.84,10.63,419,2,5.38,1
TXREF-02639,56.16,12.36,98,1,6.42,0
TXREF-02640,22.84,15.44,158,6,5.83,0
TXREF-02641,53.19,14.06,171,3,4.49,0
TXREF-02642,32.68,15.49,24,4,3.0,0
TXREF-02643,17.32,13.08,1038,3,13.17,0
TXREF-02644,17.48,18.64,1200,3,1.36,0
TXREF-02645,98.68,11.86,673,1,15.33,0
TXREF-02646,31.11,22.61,879,1,3.51,0
TXREF-02647,113.42,17.97,301,3,10.45,0
TXREF-02648,24.05,16.66,200,2,2.67,0
TXREF-02649,42.93,10.67,240,3,1.02,0
TXREF-02650,194.95,16.91,657,2,30.15,0
TXREF-02651,16.26,15.93,789,4,18.03,0
TXREF-02652,8.88,7.22,200,2,4.23,0
TXREF-02653,87.91,22.35,76,4,58.8,1
TXREF-02654,19.2,20.43,556,3,37.06,0
TXREF-02655,34.3,13.57,55,4,11.5,0
TXREF-02656,22.83,20.97,1859,2,1.24,0
TXREF-02657,42.23,17.45,673,1,1.38,0
TXREF-02658,17.56,23.23,175,1,7.38,0
TXREF-02659,30.58,12.54,2203,1,18.9,0
TXREF-02660,48.13,11.93,449,2,39.87,0
TXREF-02661,16.84,15.63,63,3,8.08,0
TXREF-02662,21.03,8.5,477,1,15.1,0
TXREF-02663,27.11,12.41,75,4,22.77,0
TXREF-02664,12.44,20.8,53,6,0.97,0
TXREF-02665,25.68,13.0,1118,2,3.22,0
TXREF-02666,37.92,6.51,984,2,9.76,0
TXREF-02667,26.11,21.71,995,4,11.53,0
TXREF-02668,28.63,11.67,81,3,1.85,0
TXREF-02669,34.32,20.0,299,2,13.1,0
TXREF-02670,21.71,13.41,212,2,14.74,0
TXREF-02671,57.26,18.36,329,2,7.81,0
TXREF-02672,97.9,13.58,309,3,12.61,0
TXREF-02673,24.92,4.49,141,1,8.91,0
TXREF-02674,49.37,16.86,339,2,10.43,0
TXREF-02675,29.3,12.53,298,4,4.75,0
TXREF-02676,45.29,19.0,779,4,2.66,0
TXREF-02677,107.49,19.24,537,1,4.83,0
TXREF-02678,50.21,9.44,1022,3,8.73,0
TXREF-02679,9.71,14.24,770,1,0.59,0
TXREF-02680,48.27,17.11,508,1,1.7,0
TXREF-02681,84.58,15.17,521,3,2.64,0
TXREF-02682,29.68,21.84,539,1,1.16,0
TXREF-02683,71.3,17.17,1021,2,5.79,0
TXREF-02684,21.18,10.81,201,1,0.45,0
TXREF-02685,11.95,12.0,1427,2,9.39,0
TXREF-02686,38.54,13.56,130,2,4.15,0
TXREF-02687,9.83,21.91,8,3,7.47,0
TXREF-02688,29.29,12.96,189,3,21.11,0
TXREF-02689,87.93,22.37,20,2,14.33,0
TXREF-02690,8.8,14.94,315,2,1.59,0
TXREF-02691,13.86,20.69,571,4,2.18,0
TXREF-02692,16.56,21.97,33,1,2.42,0
TXREF-02693,33.26,16.35,151,3,123.0,0
TXREF-02694,26.75,16.48,713,2,0.88,0
TXREF-02695,95.33,0.69,1011,3,4.3,0
TXREF-02696,69.21,20.41,9,3,20.33,1
TXREF-02697,49.73,14.38,830,1,5.51,0
TXREF-02698,38.66,14.9,439,3,4.46,0
TXREF-02699,46.21,12.7,494,2,28.29,0
TXREF-02700,18.72,8.15,590,3,0.87,0
TXREF-02701,64.53,17.37,130,2,10.59,1
TXREF-02702,15.63,10.98,383,3,2.64,0
TXREF-02703,63.53,21.03,404,1,7.71,0
TXREF-02704,81.78,18.15,331,4,20.47,0
TXREF-02705,40.52,14.97,91,3,3.15,0
TXREF-02706,30.67,10.63,664,5,5.29,0
TXREF-02707,46.44,11.49,203,3,19.36,0
TXREF-02708,4.44,18.35,205,1,1.04,0
TXREF-02709,43.28,9.81,766,5,13.69,0
TXREF-02710,32.08,20.73,240,3,3.21,0
TXREF-02711,33.57,20.0,53,1,17.0,0
TXREF-02712,57.9,20.83,128,4,4.93,0
TXREF-02713,32.99,15.22,1216,4,3.37,0
TXREF-02714,15.32,12.91,746,3,7.24,0
TXREF-02715,31.44,15.14,520,2,22.58,0
TXREF-02716,36.55,16.91,767,4,3.74,0
TXREF-02717,37.82,11.92,165,3,3.49,0
TXREF-02718,39.12,10.48,117,1,22.16,0
TXREF-02719,73.58,13.09,285,2,5.39,0
TXREF-02720,15.93,11.53,275,3,4.09,0
TXREF-02721,39.51,17.97,182,3,4.33,0
TXREF-02722,88.12,23.59,2,5,17.03,1
TXREF-02723,9.98,14.31,409,2,14.37,0
TXREF-02724,39.62,17.15,2524,1,2.13,0
TXREF-02725,22.84,20.44,149,1,3.25,0
TXREF-02726,26.66,16.33,1036,2,16.23,0
TXREF-02727,18.15,15.23,332,3,10.41,0
TXREF-02728,30.81,10.75,94,4,0.38,0
TXREF-02729,131.07,19.42,234,3,7.72,0
TXREF-02730,14.01,18.04,127,4,5.09,0
TXREF-02731,15.0,8.01,463,4,19.37,0
TXREF-02732,13.63,19.64,138,4,34.88,0
TXREF-02733,120.75,11.76,1460,2,4.04,0
TXREF-02734,24.96,22.91,243,3,108.05,0
TXREF-02735,34.18,14.25,58,2,0.84,0
TXREF-02736,26.05,17.86,278,1,5.07,0
TXREF-02737,17.64,13.34,1671,2,6.09,0
TXREF-02738,29.39,10.82,97,4,12.9,0
TXREF-02739,204.37,19.66,882,2,17.05,0
TXREF-02740,94.85,13.08,579,3,21.39,0
TXREF-02741,18.84,18.68,42,3,13.98,0
TXREF-02742,55.49,10.69,158,4,8.6,0
TXREF-02743,19.13,9.86,43,5,4.88,0
TXREF-02744,9.69,12.32,1265,1,1.67,0
TXREF-02745,72.53,15.55,7,1,4.48,1
TXREF-02746,80.26,21.8,436,3,5.04,0
TXREF-02747,73.93,17.12,686,3,1.42,0
TXREF-02748,24.82,13.62,391,1,14.31,0
TXREF-02749,30.87,17.5,46,4,2.64,0
TXREF-02750,59.73,14.05,60,2,11.38,0
TXREF-02751,46.15,18.46,198,3,8.92,0
TXREF-02752,26.22,9.61,446,1,1.59,0
TXREF-02753,10.85,19.3,63,3,2.08,0
TXREF-02754,37.79,17.07,275,1,2.95,0
TXREF-02755,75.71,13.93,156,3,3.51,0
TXREF-02756,14.7,20.06,137,2,29.67,0
TXREF-02757,55.14,12.97,2029,2,7.75,0
TXREF-02758,44.2,14.91,1158,5,2.75,0
TXREF-02759,59.75,12.27,67,2,13.06,0
TXREF-02760,65.22,17.09,448,2,32.47,1
TXREF-02761,21.12,11.74,39,4,3.47,0
TXREF-02762,10.87,16.03,109,3,5.61,0
TXREF-02763,23.71,19.44,444,1,3.07,0
TXREF-02764,66.03,17.35,630,4,11.62,0
TXREF-02765,23.56,11.37,399,3,10.44,0
TXREF-02766,21.12,16.41,163,3,8.06,0
TXREF-02767,9.38,10.86,164,5,6.71,0
TXREF-02768,122.97,7.12,527,3,1.56,0
TXREF-02769,63.09,21.55,245,2,1.13,0
TXREF-02770,60.6,16.67,10,1,5.89,0
TXREF-02771,69.88,13.96,932,2,1.72,0
TXREF-02772,52.73,20.55,207,3,7.82,0
TXREF-02773,29.2,14.18,650,1,1.25,0
TXREF-02774,30.94,19.4,558,2,3.37,0
TXREF-02775,25.59,20.42,1837,2,3.64,0
TXREF-02776,232.06,8.84,27,3,0.39,0
TXREF-02777,51.95,13.67,120,2,2.28,0
TXREF-02778,24.93,14.4,242,2,8.09,0
TXREF-02779,48.67,9.63,268,3,33.2,0
TXREF-02780,16.81,21.04,148,2,31.73,0
TXREF-02781,102.85,20.11,39,3,7.75,0
TXREF-02782,21.63,22.3,549,1,8.41,0
TXREF-02783,49.94,14.04,408,2,16.29,0
TXREF-02784,75.0,12.22,493,2,1.96,0
TXREF-02785,45.93,12.09,67,5,1.28,0
TXREF-02786,37.26,12.74,702,2,2.26,0
TXREF-02787,35.09,14.96,257,1,3.94,0
TXREF-02788,33.43,17.98,325,2,10.73,0
TXREF-02789,22.98,6.89,164,1,1.63,0
TXREF-02790,25.19,15.99,173,4,9.64,0
TXREF-02791,101.02,13.64,47,2,4.31,0
TXREF-02792,32.2,15.68,72,4,1.95,0
TXREF-02793,19.77,17.79,179,2,19.7,0
TXREF-02794,24.01,11.58,542,2,16.59,0
TXREF-02795,76.88,17.02,291,2,9.01,0
TXREF-02796,56.62,9.99,61,1,25.76,0
TXREF-02797,52.11,19.64,124,4,6.13,0
TXREF-02798,28.92,13.22,116,2,4.79,0
TXREF-02799,52.61,14.15,686,4,4.32,0
TXREF-02800,21.9,10.84,1485,4,1.67,0
TXREF-02801,28.88,19.99,94,4,5.24,0
TXREF-02802,69.98,19.08,6,3,4.46,1
TXREF-02803,65.33,10.89,350,2,2.93,0
TXREF-02804,17.17,21.1,552,1,2.07,0
TXREF-02805,18.8,16.74,18,3,13.23,0
TXREF-02806,37.65,20.64,1114,3,10.75,0
TXREF-02807,120.64,18.35,1091,3,11.97,0
TXREF-02808,8.77,22.89,156,2,2.36,0
TXREF-02809,42.54,13.63,415,2,16.15,0
TXREF-02810,12.93,10.82,249,5,9.81,0
TXREF-02811,22.05,0.23,503,1,2.96,0
TXREF-02812,26.78,14.01,147,1,7.21,1
TXREF-02813,25.72,16.03,141,1,0.63,0
TXREF-02814,23.7,11.96,5,2,33.86,0
TXREF-02815,34.99,11.82,388,3,6.34,0
TXREF-02816,23.68,15.48,174,3,1.98,0
TXREF-02817,12.15,23.22,176,2,16.06,0
TXREF-02818,61.04,16.01,572,2,1.48,0
TXREF-02819,59.86,19.91,216,3,7.23,0
TXREF-02820,63.89,15.78,803,2,9.49,0
TXREF-02821,11.48,21.18,186,1,11.72,0
TXREF-02822,43.17,16.17,43,4,3.97,0
TXREF-02823,56.64,18.76,249,5,4.6,0
TXREF-02824,16.57,17.96,187,1,25.04,0
TXREF-02825,35.04,20.92,701,1,8.11,0
TXREF-02826,32.02,16.56,105,4,11.76,0
TXREF-02827,131.15,14.85,1371,2,2.14,0
TXREF-02828,139.16,13.38,347,2,7.74,0
TXREF-02829,10.5,8.33,80,1,4.84,0
TXREF-02830,209.69,16.88,69,4,0.93,1
TXREF-02831,18.01,12.83,2,4,3.18,0
TXREF-02832,70.53,9.31,46,1,4.9,0
TXREF-02833,70.02,23.28,122,3,12.56,1
TXREF-02834,17.0,16.29,1697,2,0.67,0
TXREF-02835,49.66,12.14,253,3,20.3,0
TXREF-02836,32.22,14.27,52,4,68.05,1
TXREF-02837,51.89,19.68,392,4,7.67,0
TXREF-02838,41.1,22.96,460,2,2.98,0
TXREF-02839,82.38,15.63,194,1,3.5,0
TXREF-02840,36.76,20.51,253,2,1.13,0
TXREF-02841,30.85,20.03,133,3,3.62,0
TXREF-02842,76.64,18.28,935,3,0.8,0
TXREF-02843,52.87,17.92,111,3,4.78,0
TXREF-02844,58.96,14.52,210,2,245.76,0
TXREF-02845,21.57,13.84,143,3,13.14,0
TXREF-02846,16.4,13.59,11,2,2.95,0
TXREF-02847,23.13,15.03,1129,3,0.73,0
TXREF-02848,22.26,15.1,194,3,3.65,0
TXREF-02849,61.32,12.41,98,1,15.75,0
TXREF-02850,70.3,11.97,235,3,6.12,0
TXREF-02851,31.13,13.81,335,2,12.04,0
TXREF-02852,97.54,13.39,122,1,34.6,0
TXREF-02853,93.25,20.59,486,2,14.85,0
TXREF-02854,41.48,12.77,652,2,8.99,0
TXREF-02855,19.26,14.93,548,3,4.25,0
TXREF-02856,108.23,23.23,459,2,1.84,0
TXREF-02857,33.32,18.48,89,2,10.39,1
TXREF-02858,38.12,19.4,333,4,20.13,0
TXREF-02859,27.26,22.78,144,2,0.86,0
TXREF-02860,18.34,13.53,164,2,19.62,0
TXREF-02861,12.09,22.0,288,1,16.81,0
TXREF-02862,54.91,15.16,176,4,1.24,0
TXREF-02863,19.81,10.07,357,4,5.26,0
TXREF-02864,315.09,13.37,1317,5,8.66,0
TXREF-02865,15.93,18.28,66,5,4.25,0
TXREF-02866,14.08,14.26,277,3,33.24,0
TXREF-02867,50.26,13.81,302,1,25.19,0
TXREF-02868,104.7,16.3,232,3,3.52,1
TXREF-02869,36.47,18.17,891,4,3.1,0
TXREF-02870,52.56,13.33,477,1,9.26,0
TXREF-02871,9.23,10.98,566,2,9.62,0
TXREF-02872,21.37,19.53,319,4,2.38,0
TXREF-02873,16.07,10.09,81,1,2.85,0
TXREF-02874,8.9,14.54,95,3,1.42,0
TXREF-02875,37.87,15.54,425,1,5.83,0
TXREF-02876,6.93,13.96,6,3,3.12,0
TXREF-02877,13.44,22.48,381,4,1.83,0
TXREF-02878,23.65,10.8,192,3,6.23,0
TXREF-02879,19.13,15.67,2,4,29.6,0
TXREF-02880,46.31,11.5,155,3,0.99,0
TXREF-02881,43.38,19.04,307,6,4.56,1
TXREF-02882,66.26,15.24,289,2,3.22,0
TXREF-02883,59.84,19.64,456,3,3.74,0
TXREF-02884,79.15,16.02,30,1,9.89,0
TXREF-02885,34.77,20.36,241,1,2.9,0
TXREF-02886,43.31,22.34,822,2,4.16,0
TXREF-02887,50.31,14.17,774,3,4.76,0
TXREF-02888,38.55,10.36,1462,3,13.75,0
TXREF-02889,26.15,23.71,627,7,2.4,0
TXREF-02890,27.4,13.17,665,1,9.95,0
TXREF-02891,19.32,10.34,297,3,11.24,0
TXREF-02892,47.16,16.28,1090,3,10.16,0
TXREF-02893,32.53,20.25,2425,4,1.53,0
TXREF-02894,21.6,0.04,96,3,7.72,1
TXREF-02895,21.61,12.21,815,4,9.27,0
TXREF-02896,14.56,14.32,371,1,2.87,0
TXREF-02897,70.44,12.57,74,4,15.31,0
TXREF-02898,36.84,15.28,9,2,8.25,0
TXREF-02899,18.7,15.84,320,2,6.71,0
TXREF-02900,62.31,21.69,733,1,6.41,0
TXREF-02901,23.25,17.68,52,3,9.9,0
TXREF-02902,12.65,8.76,92,6,2.55,0
TXREF-02903,72.62,12.85,232,3,3.23,0
TXREF-02904,23.65,13.15,622,4,9.14,0
TXREF-02905,25.93,19.32,271,2,18.16,0
TXREF-02906,35.86,11.01,252,6,5.34,0
TXREF-02907,79.25,12.3,367,1,2.56,0
TXREF-02908,35.32,10.02,289,4,6.46,0
TXREF-02909,14.68,12.07,149,6,13.09,0
TXREF-02910,51.5,12.19,72,5,9.61,1
TXREF-02911,24.55,13.0,266,2,28.7,0
TXREF-02912,135.55,10.2,1462,1,16.03,0
TXREF-02913,34.79,17.14,250,4,17.52,0
TXREF-02914,6.96,15.51,1690,1,9.32,0
TXREF-02915,45.03,18.2,18,3,8.03,0
TXREF-02916,141.19,14.08,83,3,0.96,0
TXREF-02917,108.27,8.99,391,2,6.6,1
TXREF-02918,130.1,18.3,1112,2,9.81,0
TXREF-02919,16.71,17.65,141,2,2.65,0
TXREF-02920,67.14,13.82,80,3,3.29,0
TXREF-02921,20.7,11.27,138,4,6.35,0
TXREF-02922,40.91,11.87,280,3,1.15,0
TXREF-02923,13.92,12.55,123,1,21.23,0
TXREF-02924,21.89,13.66,89,1,0.8,0
TXREF-02925,21.39,18.39,296,3,1.45,0
TXREF-02926,66.48,17.06,362,2,9.5,0
TXREF-02927,61.96,23.51,819,2,32.69,0
TXREF-02928,42.49,14.55,121,4,14.09,0
TXREF-02929,13.17,10.31,131,1,19.87,0
TXREF-02930,27.82,11.54,30,2,6.96,0
TXREF-02931,20.34,14.19,545,5,4.47,0
TXREF-02932,65.12,10.16,139,4,2.09,1
TXREF-02933,81.31,14.97,190,1,8.03,0
TXREF-02934,74.48,16.58,286,2,32.33,0
TXREF-02935,20.21,15.75,39,8,1.32,0
TXREF-02936,4.84,22.32,994,3,8.7,0
TXREF-02937,9.76,8.03,255,2,7.32,0
TXREF-02938,96.89,18.27,2202,3,59.06,0
TXREF-02939,26.08,19.57,276,1,12.92,0
TXREF-02940,20.28,13.51,179,1,6.81,0
TXREF-02941,113.6,15.98,406,2,21.24,0
TXREF-02942,86.57,15.15,370,2,3.84,0
TXREF-02943,35.43,9.91,309,4,28.85,1
TXREF-02944,28.18,10.49,451,4,0.99,0
TXREF-02945,31.65,14.92,206,2,3.28,0
TXREF-02946,41.0,15.63,195,3,5.9,0
TXREF-02947,110.17,21.06,174,1,44.84,0
TXREF-02948,47.19,15.26,792,3,1.57,0
TXREF-02949,58.72,9.15,349,1,13.31,0
TXREF-02950,80.79,19.9,1038,2,8.16,0
TXREF-02951,15.0,18.93,212,1,1.6,0
TXREF-02952,59.95,14.26,999,2,4.22,0
TXREF-02953,28.16,13.72,158,1,11.13,0
TXREF-02954,5.69,17.71,307,2,3.32,0
TXREF-02955,7.52,14.77,444,2,8.45,0
TXREF-02956,16.73,12.08,779,3,7.7,0
TXREF-02957,51.03,19.91,373,2,6.69,0
TXREF-02958,37.79,20.86,340,2,16.51,0
TXREF-02959,39.76,16.37,446,2,0.72,0
TXREF-02960,141.84,13.81,242,2,0.79,0
TXREF-02961,13.96,11.33,22,1,1.29,0
TXREF-02962,34.13,12.03,73,3,5.13,0
TXREF-02963,43.35,16.18,157,1,3.17,0
TXREF-02964,20.49,11.17,153,3,8.87,0
TXREF-02965,35.53,23.08,1,1,5.03,1
TXREF-02966,11.0,18.6,78,2,2.44,0
TXREF-02967,96.08,14.48,275,4,13.48,0
TXREF-02968,21.31,10.55,530,2,7.65,0
TXREF-02969,150.3,20.97,1736,4,2.31,0
TXREF-02970,34.01,19.64,525,1,4.19,0
TXREF-02971,72.98,15.6,308,4,6.35,0
TXREF-02972,33.5,18.08,62,4,98.02,1
TXREF-02973,34.05,13.15,654,4,9.54,0
TXREF-02974,22.86,16.32,201,3,1.54,0
TXREF-02975,37.93,12.64,1261,2,20.18,0
TXREF-02976,43.77,9.66,1016,3,14.91,0
TXREF-02977,19.79,21.31,14,2,19.8,0
TXREF-02978,31.82,21.64,405,1,1.06,0
TXREF-02979,22.44,14.95,768,1,3.44,0
TXREF-02980,182.32,14.91,70,2,1.3,0
TXREF-02981,32.64,20.2,270,4,20.13,0
TXREF-02982,105.91,13.71,276,2,2.69,0
TXREF-02983,30.24,13.75,513,2,0.4,0
TXREF-02984,41.96,14.44,396,2,22.91,0
TXREF-02985,13.45,15.54,89,1,14.41,0
TXREF-02986,25.23,13.99,5,2,2.15,0
TXREF-02987,40.51,17.26,9,2,8.7,0
TXREF-02988,109.06,9.77,22,3,9.7,0
TXREF-02989,40.85,20.44,1326,3,2.77,0
TXREF-02990,94.28,20.14,114,3,40.38,1
TXREF-02991,55.22,14.67,482,3,14.63,0
TXREF-02992,112.36,22.76,152,1,2.33,0
TXREF-02993,33.36,20.2,1555,1,2.38,0
TXREF-02994,194.6,16.75,130,1,5.15,0
TXREF-02995,24.55,18.24,180,5,3.09,0
TXREF-02996,20.05,21.76,1247,1,7.04,0
TXREF-02997,14.57,9.67,252,1,2.47,0
TXREF-02998,186.48,18.95,572,2,12.02,1
TXREF-02999,62.8,16.88,980,4,5.68,0
TXREF-03000,27.37,20.05,53,4,2.79,0
TXREF-03001,85.57,15.5,145,3,16.28,0
TXREF-03002,57.12,16.37,530,2,4.8,0
TXREF-03003,143.4,9.72,128,2,21.29,0
TXREF-03004,11.42,19.37,205,3,2.21,0
TXREF-03005,28.76,15.55,127,4,25.52,0
TXREF-03006,24.95,11.75,68,1,5.73,0
TXREF-03007,8.41,10.49,303,3,7.17,0
TXREF-03008,74.7,17.16,6,1,19.19,1
TXREF-03009,28.65,14.68,244,1,0.72,0
TXREF-03010,59.3,15.54,23,1,24.72,0
TXREF-03011,190.38,14.09,338,3,60.33,0
TXREF-03012,27.0,17.16,88,4,0.84,0
TXREF-03013,25.71,15.63,134,2,13.17,0
TXREF-03014,37.92,13.37,284,3,1.34,0
TXREF-03015,70.87,13.93,39,3,5.97,0
TXREF-03016,23.15,21.61,203,4,9.27,0
TXREF-03017,22.1,16.78,254,3,12.58,0
TXREF-03018,74.53,21.31,4,1,3.77,0
TXREF-03019,45.72,22.71,100,3,1.9,0
TXREF-03020,7.99,15.23,164,1,34.49,0
TXREF-03021,14.41,14.38,231,1,0.5,0
TXREF-03022,102.61,11.83,88,1,5.27,1
TXREF-03023,46.5,19.14,405,1,7.89,0
TXREF-03024,20.11,7.45,666,1,9.27,0
TXREF-03025,30.79,16.53,380,2,41.49,1
TXREF-03026,35.15,9.95,238,1,1.25,0
TXREF-03027,59.13,16.89,50,2,4.71,0
TXREF-03028,13.09,20.58,427,2,3.79,0
TXREF-03029,19.0,21.42,253,2,5.85,0
TXREF-03030,42.37,17.84,355,2,12.14,0
TXREF-03031,32.4,18.44,672,4,137.95,0
TXREF-03032,52.55,17.87,216,4,15.06,0
TXREF-03033,14.36,13.91,354,2,22.96,0
TXREF-03034,45.02,19.13,577,1,18.01,0
TXREF-03035,76.4,16.96,491,5,33.14,0
TXREF-03036,49.43,10.88,1132,2,1.16,0
TXREF-03037,38.48,9.02,140,4,11.35,0
TXREF-03038,32.49,23.34,639,5,1.06,0
TXREF-03039,19.09,22.8,1738,3,56.85,0
TXREF-03040,33.05,21.48,993,3,8.91,0
TXREF-03041,86.23,18.51,60,2,7.83,0
TXREF-03042,31.95,12.67,491,3,9.93,0
TXREF-03043,18.34,16.31,205,1,0.89,0
TXREF-03044,24.42,17.5,21,4,0.48,0
TXREF-03045,40.23,13.16,222,1,4.12,0
TXREF-03046,26.6,10.71,71,3,2.77,0
TXREF-03047,49.37,9.34,350,3,4.42,0
TXREF-03048,50.73,16.96,446,6,3.52,0
TXREF-03049,66.03,10.36,1306,1,8.58,0
TXREF-03050,97.02,21.1,471,3,9.7,0
TXREF-03051,71.31,15.65,377,6,10.04,0
TXREF-03052,17.77,12.4,71,2,4.43,0
TXREF-03053,18.16,21.51,29,3,13.61,0
TXREF-03054,32.96,19.89,624,3,2.14,0
TXREF-03055,25.16,22.55,384,4,39.71,0
TXREF-03056,15.34,11.09,309,2,7.4,0
TXREF-03057,25.33,13.25,1002,3,2.91,0
TXREF-03058,24.74,16.58,302,3,7.83,0
TXREF-03059,21.46,19.15,566,2,2.11,0
TXREF-03060,27.73,13.68,129,1,2.02,0
TXREF-03061,81.33,11.72,600,2,7.97,0
TXREF-03062,40.18,17.41,688,3,2.33,0
TXREF-03063,206.38,8.66,114,4,31.85,1
TXREF-03064,39.36,14.79,732,1,2.29,0
TXREF-03065,28.25,13.86,156,2,12.98,0
TXREF-03066,34.92,18.14,925,2,2.48,0
TXREF-03067,41.87,21.67,13,1,15.29,0
TXREF-03068,47.63,10.98,589,3,13.51,0
TXREF-03069,155.28,14.54,1117,2,0.55,0
TXREF-03070,18.94,12.17,165,4,15.18,0
TXREF-03071,64.62,13.06,1464,2,9.71,0
TXREF-03072,40.43,15.98,40,3,9.24,0
TXREF-03073,11.23,21.8,363,2,5.96,0
TXREF-03074,60.64,14.62,58,1,4.41,0
TXREF-03075,86.72,17.06,448,1,0.59,0
TXREF-03076,18.78,18.85,943,5,5.36,0
TXREF-03077,34.59,14.92,568,4,5.45,0
TXREF-03078,10.05,14.38,43,1,4.51,0
TXREF-03079,14.06,10.46,17,1,1.95,0
TXREF-03080,74.04,19.07,632,1,22.68,0
TXREF-03081,24.88,20.26,1098,1,8.02,0
TXREF-03082,15.67,14.44,362,2,3.41,0
TXREF-03083,41.07,14.27,61,3,0.92,0
TXREF-03084,23.9,18.92,126,1,2.3,0
TXREF-03085,24.8,16.47,1006,2,4.03,0
TXREF-03086,59.28,16.87,1189,3,21.65,0
TXREF-03087,15.08,19.15,1976,2,5.98,0
TXREF-03088,18.14,14.78,183,3,3.89,0
TXREF-03089,38.9,19.61,1903,4,11.95,0
TXREF-03090,69.96,17.38,951,4,12.74,0
TXREF-03091,84.9,13.81,307,2,6.36,0
TXREF-03092,21.57,8.66,990,4,14.16,0
TXREF-03093,68.37,14.27,113,2,12.34,0
TXREF-03094,19.79,17.41,94,2,14.76,0
TXREF-03095,129.65,11.52,360,6,5.9,0
TXREF-03096,15.39,21.15,690,2,2.41,0
TXREF-03097,90.6,19.21,136,3,4.25,0
TXREF-03098,21.7,20.79,153,2,13.65,0
TXREF-03099,148.34,12.76,645,3,28.51,0
TXREF-03100,53.29,11.22,42,2,16.33,0
TXREF-03101,16.75,21.81,145,3,5.73,0
TXREF-03102,23.9,20.14,96,5,16.8,0
TXREF-03103,61.1,8.13,1335,1,2.94,0
TXREF-03104,74.28,19.89,137,3,22.26,0
TXREF-03105,33.09,16.97,321,2,38.52,0
TXREF-03106,35.95,20.03,583,6,18.21,0
TXREF-03107,60.1,20.26,319,1,1.95,0
TXREF-03108,38.28,16.18,2,2,2.09,0
TXREF-03109,13.72,17.46,22,4,18.22,0
TXREF-03110,19.39,13.4,457,3,10.79,0
TXREF-03111,41.23,17.23,247,2,2.61,0
TXREF-03112,83.53,20.12,489,4,2.98,0
TXREF-03113,111.44,10.58,1681,3,10.66,0
TXREF-03114,61.02,18.71,355,1,2.15,0
TXREF-03115,42.81,18.13,440,2,9.45,0
TXREF-03116,59.69,10.06,222,2,27.34,0
TXREF-03117,21.54,10.11,1376,2,7.45,0
TXREF-03118,31.18,18.3,292,4,45.48,0
TXREF-03119,19.23,12.67,344,3,11.96,0
TXREF-03120,14.17,15.55,469,9,6.74,0
TXREF-03121,44.26,17.17,1394,3,16.37,0
TXREF-03122,39.79,21.23,447,2,20.09,0
TXREF-03123,57.12,11.98,309,1,2.63,0
TXREF-03124,51.58,18.11,136,2,5.15,0
TXREF-03125,41.46,15.52,50,1,2.11,0
TXREF-03126,51.98,14.09,1242,1,1.04,0
TXREF-03127,33.76,19.59,33,2,5.29,0
TXREF-03128,46.87,15.2,202,1,9.77,0
TXREF-03129,20.64,13.0,514,3,4.41,0
TXREF-03130,45.43,8.78,208,2,8.33,0
TXREF-03131,56.33,20.28,131,1,4.29,0
TXREF-03132,21.5,20.78,1063,1,2.36,0
TXREF-03133,36.14,6.64,811,1,8.81,0
TXREF-03134,22.22,22.24,72,4,1.97,0
TXREF-03135,23.83,19.62,58,1,5.39,0
TXREF-03136,15.49,19.35,525,2,2.19,0
TXREF-03137,86.61,13.77,105,3,3.09,0
TXREF-03138,74.99,21.83,322,1,2.6,0
TXREF-03139,51.26,19.31,339,1,33.99,0
TXREF-03140,144.02,17.59,536,2,6.92,0
TXREF-03141,30.38,11.19,127,3,2.73,0
TXREF-03142,308.85,15.09,102,4,3.41,0
TXREF-03143,29.55,21.37,1082,1,14.2,0
TXREF-03144,41.84,12.0,240,4,7.21,0
TXREF-03145,26.14,13.96,321,3,12.58,0
TXREF-03146,45.52,15.64,718,2,10.44,0
TXREF-03147,63.54,12.05,784,5,17.78,0
TXREF-03148,32.07,20.86,432,3,1.09,0
TXREF-03149,125.12,20.1,191,1,5.77,0
TXREF-03150,41.35,9.56,677,2,1.12,0
TXREF-03151,42.3,14.41,654,1,45.62,0
TXREF-03152,18.09,16.09,696,3,4.76,0
TXREF-03153,47.06,11.45,224,5,24.05,0
TXREF-03154,31.61,19.06,131,1,12.65,0
TXREF-03155,22.47,15.8,76,2,2.98,0
TXREF-03156,19.9,10.13,50,1,27.06,0
TXREF-03157,238.33,19.82,19,1,4.91,0
TXREF-03158,28.8,22.28,238,2,21.27,0
TXREF-03159,12.19,16.25,403,3,2.8,0
TXREF-03160,21.06,12.28,260,2,10.12,0
TXREF-03161,33.54,20.7,1,2,5.32,0
TXREF-03162,51.6,20.06,744,3,7.72,0
TXREF-03163,51.91,16.33,1,3,2.58,1
TXREF-03164,56.67,15.66,238,2,1.11,0
TXREF-03165,21.88,12.8,420,3,1.39,0
TXREF-03166,44.48,15.53,990,5,26.34,0
TXREF-03167,18.53,20.43,210,2,1.84,0
TXREF-03168,22.28,15.46,1299,5,3.74,0
TXREF-03169,17.98,22.63,68,3,3.98,0
TXREF-03170,14.8,21.59,536,2,17.07,0
TXREF-03171,74.91,12.92,1185,1,32.21,0
TXREF-03172,57.16,13.55,275,4,30.09,0
TXREF-03173,70.33,19.17,614,4,1.29,0
TXREF-03174,35.81,10.69,804,5,1.26,0
TXREF-03175,60.9,20.09,143,1,2.05,0
TXREF-03176,9.79,16.13,218,1,13.65,0
TXREF-03177,64.81,22.24,28,5,10.24,1
TXREF-03178,39.55,14.95,628,4,23.14,0
TXREF-03179,54.68,19.02,240,1,1.64,0
TXREF-03180,45.77,12.42,577,2,2.49,0
TXREF-03181,17.1,19.97,369,3,8.87,0
TXREF-03182,11.84,12.22,954,6,2.7,0
TXREF-03183,20.85,9.86,219,3,18.84,0
TXREF-03184,52.29,18.35,517,2,1.14,0
TXREF-03185,57.22,19.88,708,2,59.01,0
TXREF-03186,13.0,7.81,880,1,5.08,0
TXREF-03187,17.18,21.75,156,3,0.9,0
TXREF-03188,20.68,14.87,847,3,57.86,0
TXREF-03189,26.92,14.67,252,2,1.67,0
TXREF-03190,13.06,12.1,69,2,14.53,0
TXREF-03191,12.5,19.97,101,1,3.61,0
TXREF-03192,19.26,15.31,25,2,1.28,0
TXREF-03193,37.04,17.31,18,2,3.65,0
TXREF-03194,14.88,11.64,250,4,21.72,0
TXREF-03195,32.03,9.57,1012,3,9.99,0
TXREF-03196,74.6,15.39,252,2,1.16,0
TXREF-03197,13.64,10.92,439,4,10.98,0
TXREF-03198,30.0,20.36,156,3,4.2,0
TXREF-03199,72.81,7.19,1275,4,16.94,0
TXREF-03200,25.76,20.2,353,2,0.9,0
TXREF-03201,23.03,12.03,499,7,0.67,0
TXREF-03202,80.46,12.94,154,2,0.98,0
TXREF-03203,27.93,16.64,170,4,19.0,0
TXREF-03204,77.11,16.21,13,4,7.88,1
TXREF-03205,47.41,16.05,237,2,90.57,0
TXREF-03206,27.2,16.42,208,1,2.92,0
TXREF-03207,49.17,13.45,2204,4,2.2,0
TXREF-03208,43.85,20.75,67,2,0.88,0
TXREF-03209,72.61,20.37,316,5,20.47,0
TXREF-03210,23.46,20.43,97,2,9.64,0
TXREF-03211,35.86,13.56,196,2,9.84,0
TXREF-03212,33.31,12.93,295,4,8.51,0
TXREF-03213,57.8,17.15,1264,2,36.09,0
TXREF-03214,16.64,21.17,406,2,2.24,0
TXREF-03215,72.4,21.16,7,1,25.9,1
TXREF-03216,48.7,17.97,425,3,10.07,0
TXREF-03217,13.49,12.72,801,3,3.33,0
TXREF-03218,83.09,17.41,356,1,4.79,0
TXREF-03219,173.91,13.51,456,3,2.82,0
TXREF-03220,71.62,13.69,295,2,13.17,0
TXREF-03221,97.26,14.89,1756,1,26.82,1
TXREF-03222,37.02,10.79,73,2,17.09,0
TXREF-03223,10.52,14.08,1002,5,26.28,0
TXREF-03224,9.23,13.72,485,3,5.62,0
TXREF-03225,41.83,19.44,609,2,2.39,0
TXREF-03226,22.73,17.13,490,6,6.93,0
TXREF-03227,18.02,18.05,73,2,1.69,0
TXREF-03228,33.28,18.29,367,2,7.42,0
TXREF-03229,54.23,23.46,419,4,10.09,0
TXREF-03230,12.23,22.41,254,3,10.09,0
TXREF-03231,25.2,20.94,487,3,1.11,0
TXREF-03232,103.25,15.01,299,2,6.34,0
TXREF-03233,16.05,18.61,107,1,1.4,0
TXREF-03234,65.12,11.25,291,2,2.47,0
TXREF-03235,24.56,13.71,287,1,7.68,0
TXREF-03236,51.57,16.29,30,4,6.45,0
TXREF-03237,76.71,17.85,163,4,0.56,0
TXREF-03238,59.37,12.34,2097,4,4.29,0
TXREF-03239,66.99,13.08,423,3,4.44,0
TXREF-03240,15.19,0.23,253,3,4.46,0
TXREF-03241,77.62,16.14,277,3,4.19,0
TXREF-03242,18.84,19.35,197,3,34.24,0
TXREF-03243,41.97,18.5,147,3,0.22,0
TXREF-03244,41.93,10.21,27,2,3.81,0
TXREF-03245,49.37,14.87,358,5,0.54,0
TXREF-03246,44.37,17.42,913,2,3.7,0
TXREF-03247,18.96,18.6,966,3,18.08,0
TXREF-03248,13.17,17.63,23,1,153.03,0
TXREF-03249,65.24,15.74,12,1,12.65,0
TXREF-03250,39.8,16.65,662,4,6.41,0
TXREF-03251,79.64,14.16,233,4,14.96,0
TXREF-03252,33.71,16.84,562,2,3.05,0
TXREF-03253,12.66,9.31,456,2,12.19,0
TXREF-03254,69.8,20.97,342,4,8.82,1
TXREF-03255,26.66,16.28,680,1,23.01,0
TXREF-03256,44.53,14.95,590,1,5.9,0
TXREF-03257,21.84,17.51,1016,2,9.35,0
TXREF-03258,113.74,13.5,270,1,3.92,0
TXREF-03259,18.52,12.25,793,4,6.33,0
TXREF-03260,27.3,8.75,375,5,6.85,0
TXREF-03261,37.61,13.13,188,3,10.93,0
TXREF-03262,15.86,20.17,221,2,7.06,0
TXREF-03263,44.17,16.44,113,3,4.87,0
TXREF-03264,111.12,18.11,300,5,2.9,0
TXREF-03265,24.46,17.76,114,2,5.0,0
TXREF-03266,46.27,10.88,30,2,3.77,0
TXREF-03267,4.81,13.61,592,3,5.91,0
TXREF-03268,33.85,20.21,236,1,1.64,0
TXREF-03269,27.79,15.34,228,2,34.64,0
TXREF-03270,19.31,14.3,21,3,2.91,0
TXREF-03271,75.84,16.17,1315,1,34.28,0
TXREF-03272,27.53,18.61,275,4,1.78,0
TXREF-03273,30.64,19.73,98,3,44.69,1
TXREF-03274,26.53,0.24,110,5,14.11,0
TXREF-03275,8.76,15.48,194,4,1.8,0
TXREF-03276,15.41,18.99,418,2,8.47,0
TXREF-03277,69.55,16.1,85,5,10.12,0
TXREF-03278,7.62,17.03,376,1,32.88,0
TXREF-03279,20.05,8.9,1136,3,5.42,0
TXREF-03280,26.11,15.24,2131,1,18.19,0
TXREF-03281,122.17,19.69,1553,5,5.84,0
TXREF-03282,60.55,11.82,293,2,1.29,0
TXREF-03283,23.31,13.93,125,2,10.54,0
TXREF-03284,89.05,14.35,187,1,4.36,0
TXREF-03285,20.43,12.0,340,3,6.89,0
TXREF-03286,71.99,21.73,5,1,15.36,1
TXREF-03287,13.09,13.44,710,4,32.64,0
TXREF-03288,75.4,17.7,609,4,2.45,0
TXREF-03289,25.99,14.73,613,1,3.7,0
TXREF-03290,16.6,15.2,1879,1,3.9,0
TXREF-03291,29.77,17.13,245,3,8.92,0
TXREF-03292,42.51,20.02,1731,4,6.1,0
TXREF-03293,24.38,13.98,117,3,5.19,0
TXREF-03294,51.88,7.32,346,2,3.34,0
TXREF-03295,22.88,15.64,317,3,1.98,0
TXREF-03296,54.42,11.08,94,1,2.52,0
TXREF-03297,47.87,13.72,628,3,3.29,0
TXREF-03298,33.32,15.19,856,2,12.29,0
TXREF-03299,25.34,18.58,477,2,2.44,0
TXREF-03300,38.83,23.08,204,5,45.79,0
TXREF-03301,51.74,11.05,1397,3,0.69,0
TXREF-03302,153.62,9.79,1457,5,3.71,0
TXREF-03303,68.47,15.04,827,2,6.28,0
TXREF-03304,70.3,14.78,577,1,8.28,0
TXREF-03305,321.74,10.15,22,3,8.05,1
TXREF-03306,50.48,13.95,163,2,5.32,0
TXREF-03307,49.35,15.91,127,2,12.78,0
TXREF-03308,57.79,10.06,180,3,1.52,0
TXREF-03309,16.84,10.82,312,3,21.62,0
TXREF-03310,25.29,11.94,513,3,1.63,0
TXREF-03311,24.18,20.52,194,2,2.8,0
TXREF-03312,55.49,16.22,212,3,5.16,1
TXREF-03313,30.71,12.96,366,1,14.93,0
TXREF-03314,38.46,14.18,126,2,10.17,0
TXREF-03315,76.17,21.19,163,2,25.28,0
TXREF-03316,64.81,10.94,257,3,4.12,0
TXREF-03317,30.99,11.91,943,3,11.8,0
TXREF-03318,21.49,22.5,1,2,2.07,0
TXREF-03319,78.84,16.31,31,1,12.91,0
TXREF-03320,60.78,15.33,39,3,9.55,1
TXREF-03321,10.95,19.79,1046,2,3.85,0
TXREF-03322,27.79,15.02,856,3,3.24,0
TXREF-03323,39.22,7.68,504,3,22.34,0
TXREF-03324,60.99,19.18,385,2,8.42,0
TXREF-03325,67.04,21.38,106,3,25.76,0
TXREF-03326,42.71,18.43,133,2,5.5,0
TXREF-03327,53.06,17.09,22,3,15.22,0
TXREF-03328,36.46,8.91,2,3,42.31,0
TXREF-03329,21.43,18.32,621,4,13.27,0
TXREF-03330,28.84,17.01,223,1,27.26,0
TXREF-03331,35.29,12.96,1347,2,25.8,0
TXREF-03332,33.95,19.29,63,3,18.4,0
TXREF-03333,8.96,17.76,217,6,7.76,0
TXREF-03334,26.15,7.69,504,2,28.67,0
TXREF-03335,36.25,22.13,443,1,9.22,0
TXREF-03336,28.43,17.5,305,1,5.81,0
TXREF-03337,29.15,13.72,2216,1,5.65,0
TXREF-03338,49.47,16.07,172,1,10.72,0
TXREF-03339,16.01,14.33,188,4,8.49,0
TXREF-03340,10.78,22.26,526,2,1.53,0
TXREF-03341,27.09,11.41,296,3,59.78,0
TXREF-03342,60.35,21.44,2423,3,6.04,0
TXREF-03343,117.34,11.97,554,2,10.74,0
TXREF-03344,61.14,20.2,63,5,32.71,0
TXREF-03345,12.1,14.39,52,2,1.78,0
TXREF-03346,29.45,12.36,1433,2,15.56,1
TXREF-03347,41.88,10.16,219,4,2.53,0
TXREF-03348,39.56,14.23,465,2,6.8,0
TXREF-03349,51.33,21.8,132,3,25.21,0
TXREF-03350,17.99,20.57,95,2,19.07,0
TXREF-03351,36.48,20.7,136,2,3.51,0
TXREF-03352,47.12,15.54,4,4,1.23,0
TXREF-03353,63.09,17.31,638,4,0.54,0
TXREF-03354,19.49,21.08,410,4,36.36,0
TXREF-03355,27.15,18.61,175,3,0.57,0
TXREF-03356,4.97,10.78,199,1,5.68,0
TXREF-03357,22.25,16.75,355,1,2.43,0
TXREF-03358,23.87,22.68,366,2,0.87,0
TXREF-03359,16.71,10.31,261,1,2.55,0
TXREF-03360,39.22,14.91,428,2,4.02,0
TXREF-03361,33.44,20.14,139,1,14.61,0
TXREF-03362,6.84,17.83,3650,2,8.23,0
TXREF-03363,40.66,10.76,518,3,2.56,0
TXREF-03364,17.84,14.04,543,1,1.3,0
TXREF-03365,49.39,15.57,552,1,21.5,0
TXREF-03366,13.83,22.33,281,1,3.78,0
TXREF-03367,35.57,20.71,138,2,2.79,0
TXREF-03368,28.39,19.96,136,2,20.58,0
TXREF-03369,43.3,14.54,68,6,3.3,0
TXREF-03370,38.08,22.88,240,3,5.49,0
TXREF-03371,28.97,21.76,948,4,12.96,0
TXREF-03372,11.52,17.48,586,3,10.28,0
TXREF-03373,12.02,13.3,411,3,2.43,0
TXREF-03374,22.86,14.19,348,1,2.27,0
TXREF-03375,34.61,22.0,278,1,10.11,0
TXREF-03376,22.47,15.4,184,2,2.6,0
TXREF-03377,54.61,22.78,963,2,7.93,0
TXREF-03378,28.47,11.1,1143,1,1.98,0
TXREF-03379,17.38,12.73,401,4,13.2,0
TXREF-03380,28.5,11.25,613,2,29.17,0
TXREF-03381,40.96,18.69,477,1,10.2,0
TXREF-03382,43.99,23.74,390,3,10.71,0
TXREF-03383,134.62,10.45,277,2,1.39,0
TXREF-03384,21.51,13.31,75,5,0.77,0
TXREF-03385,33.02,17.62,812,1,3.32,0
TXREF-03386,47.31,16.84,473,2,1.89,0
TXREF-03387,34.23,20.86,326,3,6.84,0
TXREF-03388,24.28,22.56,450,4,22.64,0
TXREF-03389,11.41,17.89,277,4,0.39,0
TXREF-03390,24.1,14.58,463,3,9.7,0
TXREF-03391,16.07,18.0,20,1,6.41,0
TXREF-03392,10.04,12.33,195,3,9.64,0
TXREF-03393,19.63,21.45,16,3,30.91,0
TXREF-03394,16.38,14.77,230,5,3.48,0
TXREF-03395,53.0,17.67,295,1,8.64,0
TXREF-03396,53.67,21.96,6,3,4.24,0
TXREF-03397,18.16,21.37,81,5,33.52,0
TXREF-03398,28.87,15.74,2067,4,4.8,0
TXREF-03399,9.13,11.03,303,3,9.5,0
TXREF-03400,24.39,19.21,583,3,3.7,0
TXREF-03401,46.4,13.35,225,3,6.4,0
TXREF-03402,63.05,17.54,713,3,10.5,0
TXREF-03403,20.83,8.14,87,2,5.04,0
TXREF-03404,74.24,12.84,199,1,2.37,0
TXREF-03405,11.69,18.19,1134,5,2.33,0
TXREF-03406,14.18,10.06,353,2,44.69,0
TXREF-03407,58.03,18.01,863,1,4.63,0
TXREF-03408,115.96,18.46,264,4,38.79,0
TXREF-03409,49.66,11.07,319,2,9.86,0
TXREF-03410,33.82,13.53,360,3,14.29,0
TXREF-03411,7.17,20.09,432,1,3.48,0
TXREF-03412,8.12,22.1,99,2,20.2,1
TXREF-03413,38.21,8.45,563,4,14.36,0
TXREF-03414,26.9,9.51,228,4,41.49,0
TXREF-03415,15.7,16.98,463,2,2.73,0
TXREF-03416,36.5,23.39,531,1,9.26,0
TXREF-03417,37.82,18.28,1,3,39.3,1
TXREF-03418,68.72,14.22,130,3,2.73,0
TXREF-03419,38.41,18.87,61,5,2.67,0
TXREF-03420,84.31,14.95,134,1,11.99,0
TXREF-03421,35.01,11.44,915,3,5.32,0
TXREF-03422,32.04,14.44,25,3,8.13,0
TXREF-03423,74.91,10.18,76,3,2.5,0
TXREF-03424,17.21,21.96,359,2,6.73,0
TXREF-03425,264.12,19.83,250,2,17.38,0
TXREF-03426,45.61,15.4,7,2,6.13,0
TXREF-03427,45.8,10.69,29,2,22.59,0
TXREF-03428,50.81,23.05,431,1,0.88,0
TXREF-03429,134.5,12.8,283,2,10.69,0
TXREF-03430,61.6,20.85,48,2,9.5,0
TXREF-03431,10.96,13.95,324,3,5.94,0
TXREF-03432,95.63,11.37,540,3,44.68,0
TXREF-03433,27.24,12.58,30,3,7.27,0
TXREF-03434,37.61,9.19,359,2,3.56,0
TXREF-03435,13.86,22.46,307,4,9.26,0
TXREF-03436,50.85,17.56,696,3,1.12,0
TXREF-03437,21.78,15.08,540,3,3.8,0
TXREF-03438,37.42,16.89,532,3,2.46,0
TXREF-03439,28.37,17.06,789,3,0.62,0
TXREF-03440,139.21,13.35,1052,1,2.85,0
TXREF-03441,145.07,14.65,18,3,11.06,0
TXREF-03442,36.0,11.68,1404,2,6.14,0
TXREF-03443,36.45,15.28,136,2,23.22,0
TXREF-03444,26.61,15.97,135,2,3.58,0
TXREF-03445,77.19,15.74,75,2,2.31,0
TXREF-03446,27.47,19.93,114,6,7.99,0
TXREF-03447,25.7,17.49,273,2,15.4,0
TXREF-03448,70.43,13.18,176,2,8.18,0
TXREF-03449,23.63,12.88,10,3,5.24,0
TXREF-03450,33.88,18.61,1,2,13.15,0
TXREF-03451,11.15,10.46,152,2,4.55,0
TXREF-03452,57.8,8.55,245,3,14.29,0
TXREF-03453,140.81,11.22,248,4,2.53,0
TXREF-03454,58.51,15.24,135,3,4.79,0
TXREF-03455,99.73,18.11,123,1,4.63,0
TXREF-03456,18.93,11.89,465,4,34.31,0
TXREF-03457,41.27,17.2,85,3,10.61,0
TXREF-03458,17.65,14.09,171,2,0.46,0
TXREF-03459,29.55,22.28,1147,4,41.43,0
TXREF-03460,60.7,19.58,406,3,15.97,0
TXREF-03461,37.46,20.24,603,1,30.58,0
TXREF-03462,12.59,13.52,369,4,20.26,0
TXREF-03463,13.51,9.74,445,3,2.31,0
TXREF-03464,12.88,21.86,629,2,2.85,0
TXREF-03465,49.59,15.26,219,3,1.93,0
TXREF-03466,153.85,16.56,82,2,7.06,0
TXREF-03467,92.85,19.38,77,2,0.85,0
TXREF-03468,8.89,15.97,84,3,8.95,0
TXREF-03469,96.85,17.12,3,2,6.94,1
TXREF-03470,68.32,19.31,743,3,2.67,0
TXREF-03471,11.44,16.35,55,1,46.92,0
TXREF-03472,27.99,13.89,146,2,15.04,0
TXREF-03473,76.61,0.02,410,5,0.2,0
TXREF-03474,51.74,20.66,405,1,13.33,0
TXREF-03475,13.56,23.42,549,5,4.16,0
TXREF-03476,54.04,20.54,193,4,5.06,0
TXREF-03477,7.47,15.61,66,3,17.42,0
TXREF-03478,29.65,16.62,76,2,6.11,0
TXREF-03479,78.99,19.76,132,1,4.24,0
TXREF-03480,35.28,20.4,191,1,1.71,0
TXREF-03481,24.31,17.37,220,1,6.68,0
TXREF-03482,66.04,19.92,191,2,3.6,0
TXREF-03483,70.23,15.45,92,4,11.15,0
TXREF-03484,89.41,18.52,509,2,9.3,0
TXREF-03485,65.33,10.96,30,5,71.38,1
TXREF-03486,75.84,20.45,275,1,2.53,0
TXREF-03487,59.01,11.52,471,3,2.77,0
TXREF-03488,42.15,16.88,497,3,11.15,0
TXREF-03489,37.13,14.02,42,4,2.53,0
TXREF-03490,29.35,21.09,266,3,2.19,0
TXREF-03491,14.54,9.83,461,2,1.65,0
TXREF-03492,17.5,16.9,5,2,36.42,0
TXREF-03493,28.42,18.21,190,5,3.55,0
TXREF-03494,41.42,9.38,436,2,5.91,0
TXREF-03495,98.24,21.87,284,2,2.14,0
TXREF-03496,33.78,19.49,820,1,12.69,0
TXREF-03497,71.7,11.86,122,3,9.28,0
TXREF-03498,75.72,17.21,409,1,9.78,0
TXREF-03499,29.47,16.55,1197,2,3.28,0
TXREF-03500,53.42,22.87,195,4,7.63,0
TXREF-03501,29.21,20.18,590,2,6.81,0
TXREF-03502,90.19,13.48,96,2,6.34,0
TXREF-03503,55.03,22.67,1447,2,17.52,0
TXREF-03504,14.77,9.99,180,2,4.95,0
TXREF-03505,39.11,10.12,73,3,11.43,0
TXREF-03506,114.05,17.74,899,2,2.64,0
TXREF-03507,30.55,15.76,648,2,10.61,0
TXREF-03508,48.06,13.54,25,3,2.29,0
TXREF-03509,51.57,20.11,180,3,334.96,0
TXREF-03510,16.5,20.07,654,3,13.89,0
TXREF-03511,50.29,15.41,4,1,2.08,0
TXREF-03512,12.76,20.94,1140,1,6.17,0
TXREF-03513,22.19,19.69,180,2,5.67,0
TXREF-03514,75.53,11.34,188,2,7.06,0
TXREF-03515,45.01,14.29,292,3,2.5,0
TXREF-03516,27.96,18.09,494,2,0.62,0
TXREF-03517,48.01,10.17,296,4,34.52,0
TXREF-03518,33.34,6.76,34,3,5.69,0
TXREF-03519,35.13,14.54,478,1,14.61,0
TXREF-03520,55.86,23.26,36,4,1.63,0
TXREF-03521,20.62,12.98,90,4,14.72,0
TXREF-03522,35.84,16.22,468,2,5.88,0
TXREF-03523,27.8,21.76,44,1,5.54,0
TXREF-03524,11.12,10.53,82,3,1.5,0
TXREF-03525,17.94,21.18,501,3,5.95,0
TXREF-03526,107.67,11.35,997,1,15.54,0
TXREF-03527,45.92,21.11,436,2,5.75,0
TXREF-03528,13.42,17.73,407,2,47.58,0
TXREF-03529,11.48,13.67,1524,2,10.79,0
TXREF-03530,32.11,19.98,1211,2,44.39,0
TXREF-03531,107.13,13.96,376,3,2.75,0
TXREF-03532,30.43,19.23,747,2,1.68,0
TXREF-03533,89.21,14.64,494,3,3.43,0
TXREF-03534,44.85,21.54,51,5,2.62,0
TXREF-03535,48.88,12.0,83,3,3.52,0
TXREF-03536,13.31,16.18,108,2,7.97,0
TXREF-03537,68.38,13.12,19,1,8.97,0
TXREF-03538,27.35,14.09,65,4,3.17,0
TXREF-03539,64.81,16.08,43,1,7.68,0
TXREF-03540,19.37,20.53,1091,1,1.94,0
TXREF-03541,39.55,12.73,1118,2,4.85,0
TXREF-03542,44.86,21.65,177,2,3.25,0
TXREF-03543,31.16,20.92,316,1,2.72,0
TXREF-03544,46.58,14.55,1419,4,14.51,0
TXREF-03545,28.74,12.84,498,1,3.95,0
TXREF-03546,21.82,18.79,142,1,8.97,0
TXREF-03547,110.6,22.57,272,1,2.62,0
TXREF-03548,74.09,12.18,214,2,6.68,0
TXREF-03549,20.13,14.94,818,2,10.07,0
TXREF-03550,52.42,19.71,338,4,19.28,0
TXREF-03551,20.39,13.15,121,2,3.62,0
TXREF-03552,14.84,21.91,864,2,1.74,0
TXREF-03553,73.28,19.56,1294,3,5.69,0
TXREF-03554,10.21,16.18,551,6,1.12,0
TXREF-03555,67.85,15.02,139,1,13.05,0
TXREF-03556,29.02,23.67,191,2,5.05,0
TXREF-03557,29.89,16.46,13,1,1.43,0
TXREF-03558,46.76,13.85,69,4,3.44,0
TXREF-03559,52.9,22.11,202,4,15.3,0
TXREF-03560,19.2,12.42,1065,1,1.89,0
TXREF-03561,58.37,17.86,1198,5,12.04,0
TXREF-03562,37.77,22.53,270,6,35.3,0
TXREF-03563,14.09,17.44,19,1,19.26,0
TXREF-03564,30.81,19.54,1096,1,9.33,0
TXREF-03565,94.12,21.75,249,2,5.8,0
TXREF-03566,116.41,20.33,496,1,2.51,0
TXREF-03567,58.35,21.23,724,3,16.78,0
TXREF-03568,14.78,20.24,19,3,12.2,0
TXREF-03569,49.56,16.41,1155,2,38.5,0
TXREF-03570,64.24,14.15,660,2,8.67,0
TXREF-03571,58.7,13.43,86,2,7.07,0
TXREF-03572,61.26,13.95,1063,4,21.53,1
TXREF-03573,45.22,11.68,1292,3,20.72,0
TXREF-03574,33.04,20.4,131,5,0.7,0
TXREF-03575,22.47,14.99,210,2,24.32,0
TXREF-03576,8.88,19.93,151,2,14.7,0
TXREF-03577,44.46,12.28,94,1,3.86,0
TXREF-03578,39.8,22.96,144,3,7.73,0
TXREF-03579,52.01,14.17,699,3,17.69,0
TXREF-03580,13.29,14.02,475,2,24.16,0
TXREF-03581,55.39,19.56,338,2,12.94,0
TXREF-03582,152.82,16.12,506,1,8.97,0
TXREF-03583,36.84,20.75,8,1,12.46,1
TXREF-03584,33.3,12.6,424,2,12.77,0
TXREF-03585,43.49,16.51,379,2,85.55,0
TXREF-03586,150.4,12.77,155,2,28.16,1
TXREF-03587,16.66,12.2,451,2,12.42,0
TXREF-03588,40.3,20.87,227,2,2.41,0
TXREF-03589,19.57,11.54,807,4,13.94,0
TXREF-03590,23.48,6.86,186,3,4.65,0
TXREF-03591,33.59,22.96,456,1,4.92,0
TXREF-03592,91.84,22.99,189,2,2.29,0
TXREF-03593,127.32,10.96,7,2,7.26,1
TXREF-03594,48.07,11.25,505,2,7.27,0
TXREF-03595,26.55,14.11,66,3,33.88,0
TXREF-03596,209.51,7.44,134,3,4.53,0
TXREF-03597,25.59,17.83,139,5,9.21,0
TXREF-03598,23.08,8.0,600,2,17.23,0
TXREF-03599,9.7,13.59,627,2,11.43,0
TXREF-03600,95.12,12.96,1849,2,6.73,0
TXREF-03601,69.9,16.64,7,1,29.57,1
TXREF-03602,198.51,15.12,119,1,0.26,0
TXREF-03603,12.8,17.8,127,3,36.61,0
TXREF-03604,99.47,20.28,907,5,0.62,0
TXREF-03605,36.62,12.51,372,3,23.01,0
TXREF-03606,62.2,15.32,209,2,14.42,0
TXREF-03607,10.63,17.29,663,1,8.33,0
TXREF-03608,100.19,16.64,16,1,28.08,0
TXREF-03609,61.33,15.03,41,1,6.42,0
TXREF-03610,33.85,14.74,660,2,9.61,0
TXREF-03611,55.39,13.88,200,1,2.71,0
TXREF-03612,20.06,15.31,128,2,6.6,0
TXREF-03613,22.94,21.99,1937,4,29.13,0
TXREF-03614,24.94,13.22,793,1,12.33,0
TXREF-03615,9.17,12.83,784,4,15.62,0
TXREF-03616,64.75,22.58,1190,3,6.62,0
TXREF-03617,82.1,15.25,336,2,6.1,0
TXREF-03618,21.01,20.9,1966,3,2.78,0
TXREF-03619,44.73,13.57,1777,1,7.63,0
TXREF-03620,28.75,16.82,1089,3,1.51,0
TXREF-03621,44.1,12.32,739,2,3.16,0
TXREF-03622,22.16,18.53,422,1,2.42,0
TXREF-03623,18.43,21.53,297,3,20.45,0
TXREF-03624,74.25,15.06,284,2,16.5,0
TXREF-03625,33.25,20.27,403,3,19.85,0
TXREF-03626,149.29,9.49,961,2,7.73,0
TXREF-03627,35.99,13.2,615,5,18.95,0
TXREF-03628,17.87,11.43,501,3,13.3,0
TXREF-03629,84.22,14.33,753,2,2.19,0
TXREF-03630,54.83,13.06,771,4,0.61,0
TXREF-03631,58.75,20.66,876,1,3.46,0
TXREF-03632,82.04,10.51,588,5,11.15,0
TXREF-03633,21.76,13.34,231,2,44.25,0
TXREF-03634,31.77,14.7,445,5,14.16,0
TXREF-03635,30.77,15.09,90,3,2.16,0
TXREF-03636,13.74,14.47,739,2,8.16,0
TXREF-03637,28.8,22.6,303,3,13.81,0
TXREF-03638,91.12,14.27,424,4,15.7,0
TXREF-03639,41.3,13.52,981,2,5.51,0
TXREF-03640,13.21,20.74,531,2,2.19,0
TXREF-03641,11.36,20.5,921,4,19.56,0
TXREF-03642,115.43,14.77,365,1,1.53,0
TXREF-03643,32.62,15.0,91,2,11.91,0
TXREF-03644,21.84,18.33,257,1,2.55,0
TXREF-03645,28.58,17.68,487,3,0.37,0
TXREF-03646,12.02,19.5,754,2,5.76,0
TXREF-03647,96.99,20.87,351,4,5.41,0
TXREF-03648,26.23,20.82,310,2,2.64,0
TXREF-03649,93.18,21.39,778,2,23.45,1
TXREF-03650,36.13,20.11,83,1,0.95,0
TXREF-03651,97.44,12.8,1042,1,10.89,0
TXREF-03652,41.88,6.11,806,1,12.55,0
TXREF-03653,64.35,11.91,85,1,7.98,0
TXREF-03654,58.43,15.1,107,3,4.99,0
TXREF-03655,54.53,18.53,127,2,2.0,0
TXREF-03656,44.72,19.61,77,2,5.06,0
TXREF-03657,29.44,14.14,62,3,13.57,0
TXREF-03658,138.26,22.79,355,3,1.8,0
TXREF-03659,18.12,21.89,1149,2,0.55,0
TXREF-03660,34.92,11.95,369,3,3.38,0
TXREF-03661,35.19,16.8,268,2,3.49,0
TXREF-03662,46.51,20.43,47,2,0.75,0
TXREF-03663,25.55,23.33,317,5,2.89,0
TXREF-03664,43.67,22.94,89,5,39.66,0
TXREF-03665,30.83,10.72,16,2,19.34,1
TXREF-03666,11.15,11.89,314,1,11.84,0
TXREF-03667,35.05,20.73,379,4,8.32,0
TXREF-03668,15.76,11.35,1526,3,0.46,0
TXREF-03669,9.99,22.2,366,2,22.33,0
TXREF-03670,38.42,16.26,282,2,1.26,0
TXREF-03671,49.47,13.94,615,5,2.67,0
TXREF-03672,50.87,12.96,610,1,3.94,0
TXREF-03673,52.37,10.02,423,2,6.98,0
TXREF-03674,8.66,11.67,208,1,1.85,0
TXREF-03675,13.07,9.05,70,3,2.07,0
TXREF-03676,144.16,16.36,851,1,17.12,0
TXREF-03677,16.38,16.58,183,2,51.66,0
TXREF-03678,54.04,13.87,208,2,4.57,0
TXREF-03679,21.23,18.05,122,2,14.01,0
TXREF-03680,36.87,16.8,944,2,4.87,0
TXREF-03681,22.07,14.32,118,1,16.66,0
TXREF-03682,52.16,18.46,83,1,10.85,0
TXREF-03683,38.42,22.09,1328,2,11.27,0
TXREF-03684,25.21,12.88,97,3,2.23,0
TXREF-03685,16.34,12.5,195,3,3.49,0
TXREF-03686,42.22,16.07,480,2,6.21,0
TXREF-03687,14.54,18.29,1637,3,4.25,0
TXREF-03688,47.36,18.63,598,1,11.49,0
TXREF-03689,230.69,15.8,530,4,0.91,0
TXREF-03690,92.03,19.6,530,2,34.83,0
TXREF-03691,58.39,20.49,196,1,31.96,1
TXREF-03692,32.73,12.24,265,1,10.55,0
TXREF-03693,8.62,22.84,76,2,4.5,0
TXREF-03694,13.44,17.3,1264,3,4.3,0
TXREF-03695,87.67,11.71,727,3,3.75,0
TXREF-03696,19.71,20.74,1256,2,9.48,0
TXREF-03697,21.04,8.16,274,2,3.47,0
TXREF-03698,30.9,14.84,437,5,3.66,0
TXREF-03699,16.21,21.33,79,4,0.99,0
TXREF-03700,14.39,9.84,30,2,6.6,0
TXREF-03701,33.57,13.13,999,2,4.28,0
TXREF-03702,18.32,12.88,94,3,40.13,0
TXREF-03703,20.42,22.09,787,2,6.41,0
TXREF-03704,19.84,19.9,72,1,0.43,0
TXREF-03705,50.71,15.36,13,1,9.58,0
TXREF-03706,29.46,19.61,569,4,8.03,0
TXREF-03707,30.61,16.78,527,3,2.83,0
TXREF-03708,53.51,9.9,122,3,56.39,0
TXREF-03709,31.43,16.24,1,2,8.35,0
TXREF-03710,28.49,10.74,660,4,2.43,0
TXREF-03711,48.85,13.45,56,3,27.35,0
TXREF-03712,56.32,17.65,50,2,7.32,0
TXREF-03713,31.32,20.29,1046,6,5.25,0
TXREF-03714,36.89,17.85,537,1,3.03,0
TXREF-03715,19.83,18.16,412,2,4.54,0
TXREF-03716,18.73,8.38,200,1,1.17,0
TXREF-03717,60.57,21.11,155,2,4.29,0
TXREF-03718,47.96,21.18,1140,2,2.04,0
TXREF-03719,48.32,17.85,187,2,21.12,0
TXREF-03720,42.62,14.82,133,3,6.34,1
TXREF-03721,35.99,23.06,232,3,31.57,1
TXREF-03722,57.48,16.86,30,4,28.15,0
TXREF-03723,68.26,16.8,345,1,2.16,0
TXREF-03724,67.09,13.03,216,2,6.88,0
TXREF-03725,32.38,17.06,2731,2,6.27,0
TXREF-03726,94.5,22.13,101,4,7.14,0
TXREF-03727,41.04,14.78,327,4,21.11,0
TXREF-03728,54.89,18.79,310,1,5.54,0
TXREF-03729,42.65,11.25,414,4,6.85,0
TXREF-03730,41.59,11.62,348,2,6.39,0
TXREF-03731,20.5,21.15,4,3,6.28,0
TXREF-03732,57.68,11.15,171,2,2.1,0
TXREF-03733,270.05,15.18,707,4,3.25,0
TXREF-03734,26.58,15.86,177,2,0.49,0
TXREF-03735,36.64,21.7,282,3,9.29,0
TXREF-03736,25.25,20.7,2061,2,7.25,0
TXREF-03737,24.5,15.05,252,1,7.9,0
TXREF-03738,105.85,11.22,74,2,30.67,0
TXREF-03739,21.44,15.72,55,1,12.28,0
TXREF-03740,24.75,21.18,144,5,22.54,0
TXREF-03741,11.1,14.88,204,3,19.82,0
TXREF-03742,20.18,15.37,455,3,39.53,0
TXREF-03743,10.18,11.76,244,1,25.05,0
TXREF-03744,54.87,15.1,47,3,2.4,0
TXREF-03745,261.33,21.85,254,2,12.31,1
TXREF-03746,26.74,20.67,125,2,13.12,0
TXREF-03747,10.48,13.28,291,3,9.86,0
TXREF-03748,66.55,21.94,555,3,56.48,0
TXREF-03749,20.63,11.31,180,1,8.18,0
TXREF-03750,88.72,21.79,198,1,11.58,0
TXREF-03751,28.42,22.23,676,2,5.78,0
TXREF-03752,22.09,12.62,282,5,5.07,0
TXREF-03753,30.63,12.06,576,1,4.23,0
TXREF-03754,60.08,15.51,175,2,2.29,0
TXREF-03755,29.56,11.96,130,2,9.91,0
TXREF-03756,24.35,10.5,414,2,40.15,0
TXREF-03757,30.17,19.81,17,3,5.1,0
TXREF-03758,13.93,13.87,883,4,8.73,0
TXREF-03759,46.33,12.67,1195,2,2.45,0
TXREF-03760,9.62,23.39,121,3,0.87,0
TXREF-03761,25.29,12.75,153,3,6.16,0
TXREF-03762,60.14,12.5,615,1,2.99,0
TXREF-03763,43.3,12.05,1026,3,2.07,0
TXREF-03764,53.25,14.88,63,3,0.96,0
TXREF-03765,33.22,21.12,954,4,1.13,0
TXREF-03766,80.82,18.26,81,3,7.2,0
TXREF-03767,67.75,20.21,1204,1,48.56,0
TXREF-03768,48.0,12.18,108,2,3.34,0
TXREF-03769,67.89,19.36,214,3,10.92,0
TXREF-03770,59.76,21.31,120,3,2.14,0
TXREF-03771,25.37,18.25,1461,3,2.8,0
TXREF-03772,13.23,18.32,67,3,1.17,0
TXREF-03773,47.12,12.9,354,2,4.17,0
TXREF-03774,51.58,16.3,161,1,0.5,0
TXREF-03775,76.34,15.55,52,2,1.98,0
TXREF-03776,17.74,8.34,923,2,3.8,0
TXREF-03777,18.13,19.29,38,1,3.32,0
TXREF-03778,48.48,20.97,353,2,9.58,0
TXREF-03779,33.07,14.89,428,1,13.02,0
TXREF-03780,8.96,19.98,495,1,5.08,0
TXREF-03781,45.61,11.6,287,2,19.77,0
TXREF-03782,9.17,14.82,20,5,0.84,0
TXREF-03783,17.63,13.69,182,1,13.46,0
TXREF-03784,92.13,13.35,59,4,5.09,0
TXREF-03785,129.53,11.83,975,1,1.06,0
TXREF-03786,14.51,16.93,662,1,14.65,0
TXREF-03787,27.46,15.11,604,2,8.32,0
TXREF-03788,35.9,14.78,723,1,3.35,0
TXREF-03789,125.52,20.56,442,3,19.04,1
TXREF-03790,24.41,15.52,272,4,6.31,0
TXREF-03791,24.7,19.77,640,2,15.44,0
TXREF-03792,106.17,14.87,243,5,8.97,0
TXREF-03793,26.58,12.87,182,2,1.79,0
TXREF-03794,58.56,10.61,9,1,0.98,0
TXREF-03795,12.02,14.77,737,1,1.81,0
TXREF-03796,30.78,5.48,110,2,8.36,0
TXREF-03797,10.54,14.87,201,4,3.31,0
TXREF-03798,16.28,20.65,36,2,8.87,0
TXREF-03799,63.7,21.33,125,1,3.24,0
TXREF-03800,33.58,13.7,92,1,0.88,0
TXREF-03801,27.67,10.0,183,3,9.72,0
TXREF-03802,20.31,23.67,189,2,16.33,0
TXREF-03803,29.7,20.06,1245,2,5.02,0
TXREF-03804,43.24,22.11,124,3,4.53,0
TXREF-03805,70.65,21.54,200,1,17.14,0
TXREF-03806,5.26,14.35,815,1,11.38,0
TXREF-03807,19.13,12.85,621,1,24.24,0
TXREF-03808,39.04,12.52,988,5,17.49,0
TXREF-03809,32.42,18.56,116,4,2.96,0
TXREF-03810,46.55,21.37,271,1,3.99,0
TXREF-03811,42.21,15.5,108,2,6.23,1
TXREF-03812,27.95,13.89,113,5,4.68,0
TXREF-03813,23.82,16.73,125,3,3.55,0
TXREF-03814,29.17,23.54,155,1,10.42,0
TXREF-03815,79.61,15.28,743,3,7.41,0
TXREF-03816,20.55,14.48,1230,2,3.42,0
TXREF-03817,33.27,15.89,78,1,1.83,0
TXREF-03818,39.73,19.99,134,2,7.44,0
TXREF-03819,107.07,22.23,183,1,3.06,0
TXREF-03820,28.04,16.9,106,2,3.31,0
TXREF-03821,69.43,20.37,92,4,2.43,0
TXREF-03822,84.52,10.51,2761,6,3.96,0
TXREF-03823,33.25,14.57,1014,2,3.21,0
TXREF-03824,29.91,12.56,406,2,19.72,0
TXREF-03825,27.47,16.83,267,1,4.56,0
TXREF-03826,28.96,18.09,86,4,1.24,0
TXREF-03827,64.4,22.85,806,1,6.65,0
TXREF-03828,41.11,13.04,306,2,22.64,0
TXREF-03829,41.24,18.92,180,4,5.52,0
TXREF-03830,15.48,17.0,567,1,4.93,0
TXREF-03831,17.35,23.04,42,2,1.0,0
TXREF-03832,162.92,18.41,326,6,4.95,0
TXREF-03833,30.63,14.3,262,2,2.85,0
TXREF-03834,19.93,20.69,229,1,0.83,0
TXREF-03835,97.55,17.63,264,4,1.92,0
TXREF-03836,42.64,11.21,802,3,22.97,0
TXREF-03837,52.79,20.54,64,3,16.88,0
TXREF-03838,31.52,13.1,1063,3,24.14,0
TXREF-03839,27.68,8.48,340,3,6.33,0
TXREF-03840,30.81,16.75,738,2,0.61,0
TXREF-03841,12.86,17.4,9,2,8.31,0
TXREF-03842,32.68,11.97,385,2,81.12,0
TXREF-03843,43.08,17.3,450,4,1.58,0
TXREF-03844,131.94,16.99,927,1,0.94,0
TXREF-03845,37.04,21.99,279,4,1.93,0
TXREF-03846,6.48,22.65,46,2,11.82,0
TXREF-03847,32.54,14.28,251,3,0.57,0
TXREF-03848,250.25,14.26,170,3,10.69,1
TXREF-03849,64.96,13.75,100,3,3.74,0
TXREF-03850,19.42,12.76,790,4,5.47,0
TXREF-03851,53.28,13.65,307,3,10.0,0
TXREF-03852,20.4,18.36,204,1,3.97,0
TXREF-03853,13.13,12.15,835,4,5.2,0
TXREF-03854,27.09,21.22,176,2,6.34,0
TXREF-03855,37.18,11.97,12,4,18.63,0
TXREF-03856,9.04,14.77,678,1,5.33,0
TXREF-03857,15.22,21.63,1536,3,1.0,0
TXREF-03858,35.07,13.07,421,5,8.18,0
TXREF-03859,25.95,18.42,373,2,11.43,0
TXREF-03860,46.26,15.74,304,2,86.17,0
TXREF-03861,14.52,13.34,92,4,7.26,0
TXREF-03862,58.22,18.39,645,2,16.24,0
TXREF-03863,14.85,20.98,534,4,6.56,0
TXREF-03864,113.61,19.74,219,3,7.42,0
TXREF-03865,10.12,18.84,400,1,24.47,0
TXREF-03866,15.85,16.56,36,3,56.25,0
TXREF-03867,47.02,15.03,691,2,11.01,0
TXREF-03868,115.38,22.33,475,2,25.2,1
TXREF-03869,43.68,13.2,17,1,0.35,0
TXREF-03870,52.21,17.62,448,3,1.77,0
TXREF-03871,35.26,14.77,424,1,3.06,0
TXREF-03872,16.63,18.62,143,3,9.2,0
TXREF-03873,24.46,11.02,581,2,1.84,0
TXREF-03874,14.55,18.84,713,2,3.68,0
TXREF-03875,13.86,11.7,430,2,6.81,0
TXREF-03876,46.49,14.87,39,4,18.43,1
TXREF-03877,15.51,18.32,55,4,7.07,0
TXREF-03878,43.82,15.73,576,1,12.45,0
TXREF-03879,13.64,11.58,100,3,4.78,0
TXREF-03880,43.09,10.75,86,1,3.14,0
TXREF-03881,24.49,19.98,378,3,31.22,0
TXREF-03882,95.85,10.67,449,2,7.33,0
TXREF-03883,43.95,12.23,47,4,1.65,0
TXREF-03884,84.75,15.19,117,2,4.85,0
TXREF-03885,20.21,13.3,150,5,18.22,0
TXREF-03886,36.25,15.84,106,2,1.4,0
TXREF-03887,17.18,9.3,226,1,2.11,0
TXREF-03888,25.85,21.22,278,1,1.94,0
TXREF-03889,28.83,16.17,507,4,8.67,0
TXREF-03890,20.64,16.18,1133,2,3.26,0
TXREF-03891,14.51,12.17,705,4,1.44,0
TXREF-03892,12.58,10.73,415,4,1.55,0
TXREF-03893,6.46,18.79,52,3,19.82,0
TXREF-03894,16.27,9.8,358,2,5.87,0
TXREF-03895,54.7,18.11,985,1,9.05,0
TXREF-03896,11.01,18.43,65,3,4.73,0
TXREF-03897,13.0,11.77,450,4,1.27,0
TXREF-03898,126.4,10.63,841,3,13.56,0
TXREF-03899,22.01,21.05,59,4,3.18,0
TXREF-03900,43.87,9.0,299,3,9.91,0
TXREF-03901,55.28,15.58,924,5,3.7,0
TXREF-03902,56.09,11.43,54,2,2.57,0
TXREF-03903,11.63,15.28,264,3,9.36,0
TXREF-03904,29.48,15.72,601,1,3.58,0
TXREF-03905,10.86,17.09,871,3,47.9,0
TXREF-03906,202.62,22.04,66,2,21.82,0
TXREF-03907,11.04,17.6,352,2,1.38,0
TXREF-03908,16.37,18.44,1104,2,6.66,0
TXREF-03909,16.46,14.83,119,2,4.59,0
TXREF-03910,11.85,18.93,20,3,2.76,0
TXREF-03911,92.19,12.22,25,1,2.23,0
TXREF-03912,199.17,10.84,103,3,3.68,0
TXREF-03913,24.72,20.71,240,2,30.12,0
TXREF-03914,13.45,18.27,610,1,9.86,0
TXREF-03915,6.95,21.53,892,4,6.64,0
TXREF-03916,29.2,12.11,72,3,1.37,0
TXREF-03917,27.72,19.84,25,2,0.11,0
TXREF-03918,21.78,13.27,348,2,1.88,0
TXREF-03919,40.83,11.43,220,3,28.41,0
TXREF-03920,46.27,22.39,101,1,3.75,1
TXREF-03921,43.93,19.03,80,3,3.2,0
TXREF-03922,27.73,10.44,26,5,13.41,0
TXREF-03923,15.75,18.94,381,4,6.26,0
TXREF-03924,56.23,21.46,155,5,2.64,0
TXREF-03925,35.13,19.23,15,2,9.94,0
TXREF-03926,66.0,11.65,465,4,10.91,0
TXREF-03927,61.49,10.54,18,3,74.38,1
TXREF-03928,12.51,18.44,646,6,25.49,1
TXREF-03929,12.4,16.71,238,4,4.11,0
TXREF-03930,20.21,23.12,563,2,5.98,0
TXREF-03931,16.27,18.86,494,4,1.43,0
TXREF-03932,59.97,7.94,7,1,4.82,0
TXREF-03933,44.83,9.76,399,1,10.29,0
TXREF-03934,76.82,13.62,97,2,5.82,0
TXREF-03935,46.32,22.92,394,3,1.67,0
TXREF-03936,40.46,16.83,93,2,2.97,0
TXREF-03937,82.58,15.19,253,3,2.77,0
TXREF-03938,48.82,10.08,980,3,11.7,0
TXREF-03939,36.56,7.22,636,2,11.2,0
TXREF-03940,101.08,22.65,28,3,6.63,0
TXREF-03941,37.82,13.68,935,2,10.26,0
TXREF-03942,27.96,13.14,200,3,4.33,0
TXREF-03943,19.04,12.78,1070,2,2.31,0
TXREF-03944,57.75,11.61,320,1,4.6,0
TXREF-03945,84.83,20.48,269,6,6.68,1
TXREF-03946,33.57,22.76,255,6,7.94,0
TXREF-03947,89.27,11.16,1105,2,3.15,0
TXREF-03948,8.43,13.12,365,4,0.91,0
TXREF-03949,33.45,13.87,147,1,7.43,0
TXREF-03950,33.82,16.26,204,1,0.78,0
TXREF-03951,20.63,11.27,33,2,3.95,0
TXREF-03952,193.71,17.13,498,2,1.02,0
TXREF-03953,33.19,19.24,448,2,19.85,0
TXREF-03954,25.96,21.83,338,4,13.92,0
TXREF-03955,35.47,20.48,143,3,15.16,0
TXREF-03956,8.23,10.9,1443,5,1.53,0
TXREF-03957,20.14,16.31,993,1,1.18,0
TXREF-03958,70.66,17.21,734,3,60.95,0
TXREF-03959,22.13,19.63,96,3,6.7,0
TXREF-03960,19.17,13.62,1234,1,0.73,0
TXREF-03961,89.38,20.8,106,3,3.72,0
TXREF-03962,91.38,13.96,409,2,2.22,0
TXREF-03963,50.51,14.65,419,2,13.12,0
TXREF-03964,25.09,12.92,104,2,1.71,0
TXREF-03965,29.3,1.79,982,1,3.4,0
TXREF-03966,19.51,18.64,68,2,12.3,0
TXREF-03967,17.01,13.12,58,1,7.61,0
TXREF-03968,16.41,7.25,235,1,3.56,0
TXREF-03969,22.31,15.64,626,2,1.8,0
TXREF-03970,16.53,10.55,748,1,7.81,0
TXREF-03971,11.29,19.81,1069,1,0.74,0
TXREF-03972,40.77,14.0,177,4,8.49,0
TXREF-03973,41.22,17.02,396,3,6.06,0
TXREF-03974,118.46,10.97,97,3,4.08,0
TXREF-03975,21.52,12.29,95,2,1.93,0
TXREF-03976,43.09,12.91,828,1,8.63,0
TXREF-03977,43.6,9.26,135,2,7.66,0
TXREF-03978,29.0,20.89,417,1,2.25,0
TXREF-03979,59.5,20.13,29,1,0.42,0
TXREF-03980,60.83,18.77,505,3,6.21,0
TXREF-03981,44.07,15.36,58,1,20.52,0
TXREF-03982,28.96,13.36,44,3,4.14,0
TXREF-03983,26.91,20.42,123,3,4.03,0
TXREF-03984,13.0,15.02,9,3,7.6,0
TXREF-03985,19.49,12.72,1089,1,2.34,0
TXREF-03986,22.25,14.95,262,3,4.4,0
TXREF-03987,15.5,16.34,1072,3,17.99,0
TXREF-03988,47.79,10.98,141,5,7.43,0
TXREF-03989,82.4,15.11,174,4,38.27,0
TXREF-03990,18.11,5.6,42,1,7.24,0
TXREF-03991,42.69,21.18,71,3,11.59,0
TXREF-03992,16.53,15.81,748,1,3.36,0
TXREF-03993,27.95,15.81,218,1,4.47,0
TXREF-03994,21.18,11.27,809,4,7.26,0
TXREF-03995,53.7,20.73,566,1,22.81,0
TXREF-03996,21.35,12.73,23,6,5.04,0
TXREF-03997,72.12,10.84,1345,5,16.02,0
TXREF-03998,29.17,8.76,232,3,23.58,0
TXREF-03999,21.81,7.7,1376,3,51.98,0
TXREF-04000,14.12,16.36,744,4,7.29,0
TXREF-04001,41.78,12.65,1286,1,9.3,0
TXREF-04002,66.32,16.69,1385,4,3.35,0
TXREF-04003,42.38,12.62,2269,3,8.77,0
TXREF-04004,174.51,19.17,255,3,10.5,1
TXREF-04005,97.46,20.45,1472,4,5.17,0
TXREF-04006,27.9,1.27,72,5,1.42,0
TXREF-04007,27.69,14.3,161,2,4.08,0
TXREF-04008,48.82,12.57,199,2,0.38,0
TXREF-04009,19.04,20.94,72,7,5.34,0
TXREF-04010,80.62,16.45,490,2,1.83,0
TXREF-04011,45.17,19.1,3,5,9.4,0
TXREF-04012,41.87,19.31,138,3,73.08,1
TXREF-04013,57.09,12.23,566,2,16.95,0
TXREF-04014,120.35,21.9,812,3,2.75,0
TXREF-04015,39.37,17.67,72,2,20.54,0
TXREF-04016,32.09,13.44,583,1,8.49,0
TXREF-04017,103.16,19.48,363,2,12.06,0
TXREF-04018,69.87,10.81,53,2,4.93,0
TXREF-04019,27.63,9.26,814,3,18.39,0
TXREF-04020,34.94,14.16,205,2,2.46,0
TXREF-04021,40.07,21.41,541,2,0.81,0
TXREF-04022,45.17,22.46,106,4,3.09,0
TXREF-04023,13.11,10.98,209,3,8.74,0
TXREF-04024,11.47,21.09,466,2,3.25,0
TXREF-04025,18.38,17.35,1891,3,14.99,0
TXREF-04026,17.38,19.85,830,3,7.53,0
TXREF-04027,21.9,12.89,500,2,3.46,0
TXREF-04028,54.98,18.94,363,1,6.42,0
TXREF-04029,30.83,11.39,321,6,0.19,0
TXREF-04030,40.1,14.92,104,1,11.92,0
TXREF-04031,14.42,8.73,5,5,7.86,0
TXREF-04032,24.97,18.46,181,3,2.48,0
TXREF-04033,53.13,12.94,84,2,17.4,0
TXREF-04034,53.43,15.6,5,4,3.56,0
TXREF-04035,20.66,16.5,56,3,7.2,0
TXREF-04036,39.11,11.04,115,2,4.09,0
TXREF-04037,169.55,7.9,651,3,0.89,0
TXREF-04038,34.37,21.81,887,1,4.19,0
TXREF-04039,21.13,13.49,1441,3,0.84,0
TXREF-04040,30.72,15.83,281,3,6.32,0
TXREF-04041,37.2,0.67,1386,3,6.59,0
TXREF-04042,31.22,15.5,149,2,9.52,0
TXREF-04043,34.04,12.92,479,3,2.65,0
TXREF-04044,12.31,13.35,284,5,1.92,0
TXREF-04045,17.41,23.55,755,2,8.9,0
TXREF-04046,31.26,20.86,240,4,0.51,0
TXREF-04047,30.91,15.38,521,3,7.3,0
TXREF-04048,23.16,23.0,479,4,21.21,0
TXREF-04049,30.65,19.38,234,4,3.7,0
TXREF-04050,36.38,8.31,1883,3,20.35,0
TXREF-04051,66.05,19.71,372,3,8.69,0
TXREF-04052,32.41,23.14,402,4,24.33,0
TXREF-04053,46.4,22.1,232,1,11.01,0
TXREF-04054,23.57,17.85,135,2,4.26,0
TXREF-04055,52.56,15.49,189,4,5.59,0
TXREF-04056,45.63,6.52,1170,2,3.06,0
TXREF-04057,64.94,9.16,560,2,2.44,0
TXREF-04058,58.19,20.7,2270,2,9.93,0
TXREF-04059,53.19,19.58,363,3,5.44,0
TXREF-04060,32.43,10.8,394,5,2.65,0
TXREF-04061,41.53,14.78,428,2,21.6,0
TXREF-04062,74.87,10.63,772,1,10.03,0
TXREF-04063,21.77,1.42,530,1,0.33,0
TXREF-04064,22.14,9.35,1162,4,11.37,0
TXREF-04065,39.67,11.48,17,6,2.65,1
TXREF-04066,46.95,12.67,482,2,18.47,0
TXREF-04067,19.23,17.59,996,4,15.32,0
TXREF-04068,32.99,15.48,132,1,21.45,0
TXREF-04069,32.54,16.04,712,5,12.56,0
TXREF-04070,7.06,17.03,348,4,22.78,0
TXREF-04071,29.72,21.9,16,3,0.53,0
TXREF-04072,31.09,11.2,1403,4,1.0,0
TXREF-04073,31.02,11.66,163,4,16.49,0
TXREF-04074,96.49,15.3,521,2,1.34,0
TXREF-04075,14.51,13.11,219,3,4.06,0
TXREF-04076,19.23,13.96,129,2,15.88,0
TXREF-04077,5.31,13.47,251,6,98.62,0
TXREF-04078,24.62,18.01,22,2,8.47,0
TXREF-04079,26.18,18.18,17,2,6.77,0
TXREF-04080,24.11,12.0,377,2,0.64,0
TXREF-04081,77.29,8.37,50,3,9.29,0
TXREF-04082,64.69,0.31,301,2,5.86,0
TXREF-04083,36.82,21.05,177,1,16.48,0
TXREF-04084,26.66,16.66,31,2,11.18,0
TXREF-04085,72.88,17.38,866,4,17.41,0
TXREF-04086,34.32,20.64,895,1,1.84,0
TXREF-04087,19.31,11.59,282,4,14.53,0
TXREF-04088,10.12,9.27,75,6,3.14,0
TXREF-04089,25.34,14.43,495,2,1.78,0
TXREF-04090,59.94,13.86,84,3,4.16,0
TXREF-04091,179.31,16.53,333,3,6.14,0
TXREF-04092,36.39,15.59,65,4,7.5,0
TXREF-04093,20.06,15.95,204,2,1.49,0
TXREF-04094,14.83,9.07,43,4,22.7,0
TXREF-04095,51.8,12.0,177,2,14.68,0
TXREF-04096,9.77,21.4,129,3,20.67,0
TXREF-04097,51.74,12.28,2951,2,36.86,0
TXREF-04098,62.72,20.82,627,2,3.38,0
TXREF-04099,47.66,16.59,65,3,28.0,0
TXREF-04100,29.72,12.15,480,4,3.48,0
TXREF-04101,52.29,17.4,221,5,8.46,0
TXREF-04102,39.37,13.94,1424,4,15.17,0
TXREF-04103,19.88,13.11,108,2,5.88,0
TXREF-04104,131.93,18.36,568,4,14.48,0
TXREF-04105,27.03,9.83,84,3,2.51,0
TXREF-04106,60.86,18.59,345,3,6.49,0
TXREF-04107,6.1,11.95,403,3,12.18,0
TXREF-04108,87.27,14.52,136,1,8.6,0
TXREF-04109,100.23,14.55,1274,5,1.36,0
TXREF-04110,35.57,20.09,104,1,3.27,0
TXREF-04111,52.06,17.0,148,3,3.77,0
TXREF-04112,52.05,12.82,1016,2,9.0,0
TXREF-04113,21.92,10.75,408,3,41.22,0
TXREF-04114,51.62,20.28,382,3,1.34,0
TXREF-04115,19.45,12.46,269,3,2.12,0
TXREF-04116,22.46,17.71,681,2,34.15,0
TXREF-04117,78.37,21.02,154,2,16.99,0
TXREF-04118,70.23,15.16,164,2,7.44,0
TXREF-04119,20.93,13.57,11,3,9.71,0
TXREF-04120,20.53,14.62,288,4,12.17,0
TXREF-04121,21.87,15.83,227,3,7.53,0
TXREF-04122,59.0,14.32,293,4,6.74,0
TXREF-04123,16.95,8.99,154,2,26.74,0
TXREF-04124,45.01,19.08,2590,1,1.01,0
TXREF-04125,59.6,18.83,466,1,23.77,0
TXREF-04126,32.67,5.57,149,1,1.5,0
TXREF-04127,72.04,14.63,126,2,30.39,0
TXREF-04128,27.96,13.25,1065,4,5.23,0
TXREF-04129,29.85,17.99,67,4,4.63,0
TXREF-04130,17.23,10.35,1027,2,1.57,0
TXREF-04131,72.41,20.84,123,2,16.26,0
TXREF-04132,20.05,20.56,522,3,9.61,0
TXREF-04133,44.78,22.84,14,1,5.57,1
TXREF-04134,33.07,14.42,335,2,2.29,0
TXREF-04135,16.31,18.31,385,4,18.58,0
TXREF-04136,22.45,9.2,430,3,4.74,0
TXREF-04137,94.22,17.26,177,1,3.82,0
TXREF-04138,40.25,14.72,520,5,23.22,0
TXREF-04139,16.83,18.45,114,5,11.39,0
TXREF-04140,43.37,19.66,68,1,87.1,1
TXREF-04141,31.34,19.46,5,6,6.9,0
TXREF-04142,418.6,14.82,69,2,65.37,1
TXREF-04143,42.75,11.49,211,3,11.11,0
TXREF-04144,26.47,18.92,85,1,14.29,0
TXREF-04145,96.78,16.61,474,3,6.9,0
TXREF-04146,9.25,15.43,562,3,11.86,0
TXREF-04147,37.26,22.89,28,2,18.85,1
TXREF-04148,146.35,19.74,131,1,6.39,0
TXREF-04149,32.02,10.54,2161,1,3.11,0
TXREF-04150,9.99,18.68,133,3,3.44,0
TXREF-04151,26.18,11.42,133,2,8.72,0
TXREF-04152,99.21,1.63,647,3,4.54,0
TXREF-04153,45.64,12.26,163,2,7.42,0
TXREF-04154,19.03,18.86,223,3,13.21,0
TXREF-04155,21.26,20.5,521,3,10.05,0
TXREF-04156,23.27,18.04,485,2,18.75,0
TXREF-04157,45.15,22.07,297,1,7.47,0
TXREF-04158,91.24,14.15,184,4,2.43,0
TXREF-04159,74.27,18.81,87,4,3.98,0
TXREF-04160,48.34,11.76,20,2,11.07,0
TXREF-04161,13.35,19.8,1489,5,23.33,0
TXREF-04162,13.38,11.42,255,3,7.34,0
TXREF-04163,51.11,13.94,216,1,2.93,0
TXREF-04164,13.21,15.72,127,2,10.84,0
TXREF-04165,29.59,16.22,157,3,32.4,0
TXREF-04166,43.34,9.93,438,2,8.37,0
TXREF-04167,15.35,11.23,972,3,2.19,0
TXREF-04168,16.65,15.96,747,4,1.19,0
TXREF-04169,32.53,12.82,176,3,40.49,0
TXREF-04170,50.03,9.53,307,2,7.05,0
TXREF-04171,74.76,13.77,190,4,1.95,1
TXREF-04172,53.9,13.62,589,5,4.31,0
TXREF-04173,36.71,19.87,60,1,57.27,1
TXREF-04174,20.34,20.79,20,2,33.4,0
TXREF-04175,16.1,15.49,859,2,5.29,0
TXREF-04176,24.1,11.54,250,2,2.12,0
TXREF-04177,46.77,12.69,284,6,31.3,0
TXREF-04178,44.36,16.97,84,1,17.52,0
TXREF-04179,7.68,19.41,183,2,6.93,0
TXREF-04180,19.77,12.74,534,2,0.36,0
TXREF-04181,82.87,17.57,901,3,7.3,0
TXREF-04182,36.86,13.91,436,4,14.08,0
TXREF-04183,12.55,15.1,193,1,4.84,0
TXREF-04184,189.84,22.38,28,4,2.83,1
TXREF-04185,34.1,19.33,167,2,1.73,0
TXREF-04186,45.91,9.45,50,1,7.24,0
TXREF-04187,46.42,21.73,31,6,1.39,0
TXREF-04188,26.72,20.91,11,1,10.15,0
TXREF-04189,20.62,13.75,723,4,1.38,0
TXREF-04190,160.39,21.74,765,2,3.21,0
TXREF-04191,71.69,14.6,59,4,2.22,0
TXREF-04192,62.92,20.02,850,2,1.85,0
TXREF-04193,52.72,15.11,464,3,1.55,0
TXREF-04194,16.91,17.32,29,3,25.76,1
TXREF-04195,87.34,13.66,764,4,5.26,0
TXREF-04196,18.97,0.1,542,2,1.48,0
TXREF-04197,42.69,17.67,30,3,12.84,0
TXREF-04198,10.69,15.28,228,1,2.65,0
TXREF-04199,8.01,13.89,51,2,28.01,0
TXREF-04200,43.78,7.66,27,1,3.47,0
TXREF-04201,19.44,13.05,360,4,3.86,0
TXREF-04202,8.31,11.2,158,3,1.31,0
TXREF-04203,51.38,10.11,472,4,27.96,0
TXREF-04204,160.21,13.56,353,2,2.18,0
TXREF-04205,94.68,19.46,106,2,3.42,0
TXREF-04206,28.93,12.5,842,3,1.87,0
TXREF-04207,35.04,22.74,1131,3,1.75,0
TXREF-04208,65.97,19.34,792,1,9.92,0
TXREF-04209,78.1,23.52,381,3,54.53,0
TXREF-04210,27.18,12.01,264,3,13.17,0
TXREF-04211,35.68,18.02,256,3,0.86,0
TXREF-04212,43.23,23.69,92,1,16.82,0
TXREF-04213,51.87,15.87,441,2,5.47,0
TXREF-04214,31.63,19.13,114,3,2.25,0
TXREF-04215,31.93,18.67,598,2,8.61,0
TXREF-04216,94.02,15.87,72,3,2.69,0
TXREF-04217,83.17,5.24,210,3,35.61,1
TXREF-04218,49.09,14.27,1237,3,11.26,0
TXREF-04219,120.03,19.98,223,4,1.78,0
TXREF-04220,26.36,15.24,283,1,6.71,0
TXREF-04221,112.0,12.68,984,1,0.36,0
TXREF-04222,51.45,13.8,988,4,3.27,0
TXREF-04223,366.92,19.2,224,3,21.69,0
TXREF-04224,14.75,16.46,47,4,30.67,0
TXREF-04225,21.19,9.47,188,4,3.38,0
TXREF-04226,47.07,12.06,99,3,6.54,0
TXREF-04227,46.34,19.24,15,2,7.43,0
TXREF-04228,141.75,17.01,310,5,18.6,0
TXREF-04229,21.52,18.89,19,2,2.18,0
TXREF-04230,66.79,23.55,50,5,22.62,1
TXREF-04231,80.4,12.43,571,1,8.54,0
TXREF-04232,57.82,10.17,362,3,8.2,0
TXREF-04233,17.43,13.15,279,3,8.63,0
TXREF-04234,95.93,22.55,97,2,6.2,1
TXREF-04235,84.36,21.51,329,5,20.95,0
TXREF-04236,53.61,23.12,397,3,2.31,1
TXREF-04237,40.33,13.88,68,2,1.95,0
TXREF-04238,40.97,19.81,109,3,3.72,0
TXREF-04239,32.89,11.72,1654,1,56.52,0
TXREF-04240,55.22,5.98,599,4,30.02,0
TXREF-04241,35.6,20.22,24,1,2.99,0
TXREF-04242,18.9,18.3,143,3,4.73,0
TXREF-04243,16.36,16.06,25,2,3.25,0
TXREF-04244,20.26,7.98,331,2,8.6,0
TXREF-04245,40.85,11.63,377,1,4.08,0
TXREF-04246,34.14,14.86,1713,1,3.34,0
TXREF-04247,40.65,20.56,480,4,4.62,0
TXREF-04248,49.93,13.85,67,3,7.65,0
TXREF-04249,22.16,19.98,109,2,26.76,0
TXREF-04250,100.01,19.02,88,2,3.8,0
TXREF-04251,28.71,18.8,27,3,7.55,0
TXREF-04252,25.48,19.15,64,1,17.55,0
TXREF-04253,49.27,19.64,30,3,2.45,0
TXREF-04254,9.28,13.6,529,3,7.36,0
TXREF-04255,19.7,14.15,661,2,13.21,0
TXREF-04256,70.55,13.84,140,3,12.19,0
TXREF-04257,9.96,11.94,860,2,31.51,0
TXREF-04258,77.84,12.25,310,3,10.78,0
TXREF-04259,103.34,18.22,696,2,6.43,0
TXREF-04260,26.68,21.98,5,6,9.65,0
TXREF-04261,42.95,0.56,256,1,4.87,0
TXREF-04262,77.92,11.04,420,1,22.04,0
TXREF-04263,24.88,11.57,800,3,5.54,0
TXREF-04264,65.03,13.48,369,2,5.03,0
TXREF-04265,21.47,16.92,287,1,2.67,0
TXREF-04266,24.68,11.25,568,4,3.71,0
TXREF-04267,19.58,16.89,123,3,11.18,0
TXREF-04268,44.55,14.63,824,2,1.46,0
TXREF-04269,80.14,19.01,658,3,3.9,0
TXREF-04270,30.49,17.28,182,4,3.94,0
TXREF-04271,13.94,23.27,144,4,12.02,0
TXREF-04272,15.97,9.51,105,2,15.74,0
TXREF-04273,46.25,10.53,92,4,30.8,1
TXREF-04274,131.34,13.27,681,2,2.79,0
TXREF-04275,46.22,15.14,487,3,14.36,0
TXREF-04276,26.35,18.37,474,3,8.09,0
TXREF-04277,60.44,14.21,77,2,5.64,0
TXREF-04278,29.3,19.45,206,2,13.51,0
TXREF-04279,26.51,20.83,40,3,1.4,0
TXREF-04280,17.46,12.28,1761,2,3.38,0
TXREF-04281,95.97,13.02,603,3,1.83,0
TXREF-04282,5.59,18.96,170,2,25.38,0
TXREF-04283,61.83,17.71,243,1,15.89,0
TXREF-04284,24.93,22.39,111,3,1.86,0
TXREF-04285,25.91,12.39,129,2,1.38,0
TXREF-04286,117.74,22.11,607,5,11.69,1
TXREF-04287,20.82,13.0,512,1,2.34,0
TXREF-04288,21.34,19.98,259,1,12.57,0
TXREF-04289,31.69,21.03,376,1,43.35,0
TXREF-04290,46.9,14.26,751,5,2.35,0
TXREF-04291,25.33,17.74,234,2,11.75,0
TXREF-04292,11.21,18.8,1190,4,4.68,0
TXREF-04293,18.67,15.29,339,1,34.74,0
TXREF-04294,87.58,13.85,436,3,1.1,0
TXREF-04295,36.74,20.14,112,3,1.41,0
TXREF-04296,48.17,17.79,197,2,7.35,0
TXREF-04297,28.84,13.88,21,1,29.06,1
TXREF-04298,21.65,12.45,52,2,4.52,0
TXREF-04299,116.5,19.5,54,2,2.58,0
TXREF-04300,30.4,13.13,146,2,0.92,0
TXREF-04301,25.3,17.82,868,3,9.85,0
TXREF-04302,76.65,14.84,518,3,1.33,0
TXREF-04303,20.7,16.75,375,3,64.51,0
TXREF-04304,22.69,11.28,508,2,6.99,0
TXREF-04305,35.07,11.28,95,2,6.47,0
TXREF-04306,34.82,16.73,644,2,4.34,0
TXREF-04307,41.97,20.98,29,1,2.35,0
TXREF-04308,156.96,18.33,4,3,4.79,1
TXREF-04309,44.35,18.95,198,2,10.34,0
TXREF-04310,6.28,8.29,631,3,17.22,0
TXREF-04311,44.03,15.29,914,2,5.94,1
TXREF-04312,35.78,17.88,139,4,5.05,0
TXREF-04313,35.92,13.92,58,2,6.93,0
TXREF-04314,41.56,11.03,250,3,2.63,0
TXREF-04315,34.1,13.16,726,3,39.03,0
TXREF-04316,33.52,17.91,26,2,3.12,0
TXREF-04317,54.13,20.15,353,1,2.75,0
TXREF-04318,23.56,13.11,370,1,11.36,0
TXREF-04319,17.6,0.19,146,5,3.88,0
TXREF-04320,307.08,15.49,100,3,32.82,0
TXREF-04321,20.79,18.39,343,2,10.05,0
TXREF-04322,37.42,15.05,257,4,2.12,0
TXREF-04323,11.86,18.3,1633,2,17.95,0
TXREF-04324,37.86,19.05,49,2,5.82,0
TXREF-04325,17.78,12.12,1040,1,29.37,0
TXREF-04326,25.32,14.88,534,1,2.71,0
TXREF-04327,73.88,12.64,2,2,8.4,1
TXREF-04328,48.9,9.26,345,3,15.06,0
TXREF-04329,52.42,15.14,142,1,2.03,0
TXREF-04330,9.73,14.03,36,1,34.43,0
TXREF-04331,130.66,15.55,384,1,6.37,0
TXREF-04332,14.76,9.02,601,2,8.67,0
TXREF-04333,104.64,14.55,297,2,0.47,0
TXREF-04334,72.64,1.02,79,4,1.83,0
TXREF-04335,52.76,16.16,1528,4,2.14,0
TXREF-04336,18.81,12.74,342,4,24.71,0
TXREF-04337,38.83,12.43,475,2,0.78,0
TXREF-04338,24.8,17.6,533,3,2.38,0
TXREF-04339,35.55,20.5,25,2,6.74,0
TXREF-04340,29.08,22.85,537,2,10.42,0
TXREF-04341,8.02,13.36,146,3,15.12,0
TXREF-04342,78.08,21.59,1070,2,9.46,0
TXREF-04343,32.84,17.34,113,4,3.49,0
TXREF-04344,24.56,20.32,400,4,1.95,0
TXREF-04345,23.26,12.51,152,3,34.38,0
TXREF-04346,45.06,17.87,407,2,14.15,0
TXREF-04347,18.29,19.9,176,3,5.52,0
TXREF-04348,6.86,11.62,229,2,2.91,0
TXREF-04349,46.67,13.59,263,2,5.54,0
TXREF-04350,50.59,17.35,1820,4,4.49,0
TXREF-04351,30.15,10.26,171,2,4.06,0
TXREF-04352,15.23,16.85,59,3,2.63,0
TXREF-04353,37.12,13.82,45,2,17.55,0
TXREF-04354,12.13,21.14,110,3,3.3,0
TXREF-04355,16.62,20.37,48,2,3.91,0
TXREF-04356,20.28,11.43,7,3,17.24,0
TXREF-04357,63.92,21.31,2312,3,8.6,0
TXREF-04358,26.81,19.68,1577,1,31.6,0
TXREF-04359,25.22,14.48,755,2,0.87,0
TXREF-04360,142.22,18.94,258,5,5.69,0
TXREF-04361,44.87,14.56,401,1,6.27,0
TXREF-04362,44.44,17.8,604,3,10.5,0
TXREF-04363,26.68,7.75,1168,2,5.05,0
TXREF-04364,22.66,12.58,549,4,8.0,0
TXREF-04365,7.21,23.11,62,4,15.25,0
TXREF-04366,69.93,17.46,1,1,2.75,0
TXREF-04367,48.08,16.46,116,2,15.34,0
TXREF-04368,30.6,22.41,115,5,2.95,0
TXREF-04369,31.54,17.4,68,4,7.08,0
TXREF-04370,59.15,19.81,374,2,0.98,0
TXREF-04371,11.37,7.14,140,4,1.37,0
TXREF-04372,22.77,18.62,873,4,2.84,0
TXREF-04373,15.36,11.32,13,1,1.31,0
TXREF-04374,124.65,17.86,255,3,4.59,0
TXREF-04375,65.4,14.58,563,4,20.39,0
TXREF-04376,7.13,21.44,184,7,4.94,0
TXREF-04377,11.71,10.46,106,4,7.56,0
TXREF-04378,31.65,18.98,75,2,54.06,0
TXREF-04379,24.78,10.79,85,2,7.87,0
TXREF-04380,13.42,20.72,602,5,6.4,0
TXREF-04381,141.21,9.37,422,2,2.1,0
TXREF-04382,43.6,11.18,883,3,8.31,0
TXREF-04383,49.0,18.27,184,4,15.5,0
TXREF-04384,21.15,10.71,379,6,2.95,0
TXREF-04385,58.56,12.26,173,1,7.97,1
TXREF-04386,26.47,17.14,65,2,1.54,0
TXREF-04387,28.39,18.42,793,2,8.95,0
TXREF-04388,54.05,18.44,265,4,4.21,0
TXREF-04389,10.77,14.45,94,2,10.07,0
TXREF-04390,109.93,15.28,344,5,0.72,1
TXREF-04391,39.7,9.93,261,4,5.82,0
TXREF-04392,87.56,14.69,751,2,14.51,0
TXREF-04393,16.05,11.71,583,4,10.34,0
TXREF-04394,17.91,19.59,326,2,4.8,0
TXREF-04395,15.08,16.31,228,3,0.38,0
TXREF-04396,41.69,13.44,834,3,26.27,0
TXREF-04397,36.51,18.82,371,3,1.94,0
TXREF-04398,24.92,16.53,251,1,18.11,0
TXREF-04399,16.77,16.91,639,3,2.49,0
TXREF-04400,13.99,15.29,189,2,1.92,0
TXREF-04401,33.62,17.52,189,2,4.99,0
TXREF-04402,24.9,15.23,194,3,1.08,0
TXREF-04403,21.25,8.66,248,1,1.54,0
TXREF-04404,106.05,11.47,1498,1,20.8,0
TXREF-04405,32.81,13.32,52,4,15.68,0
TXREF-04406,86.87,21.54,41,2,2.14,0
TXREF-04407,23.71,15.14,147,3,3.16,0
TXREF-04408,41.52,11.42,501,4,0.66,0
TXREF-04409,33.45,22.4,965,4,3.78,0
TXREF-04410,10.25,13.67,917,2,3.16,0
TXREF-04411,97.36,18.9,745,2,30.75,0
TXREF-04412,31.59,18.65,63,4,6.74,0
TXREF-04413,59.59,21.6,232,3,6.75,0
TXREF-04414,20.26,13.6,1092,3,9.54,0
TXREF-04415,30.92,14.09,6,3,3.36,0
TXREF-04416,18.65,13.72,109,4,12.2,0
TXREF-04417,84.77,19.3,30,4,10.37,0
TXREF-04418,43.56,13.6,156,2,7.74,0
TXREF-04419,45.34,22.26,1069,2,9.73,0
TXREF-04420,92.56,19.47,1128,8,57.44,0
TXREF-04421,80.04,13.45,39,4,0.45,0
TXREF-04422,60.4,15.73,141,3,1.62,0
TXREF-04423,12.51,9.91,568,3,3.63,0
TXREF-04424,21.1,0.15,270,3,15.67,0
TXREF-04425,16.9,14.39,16,1,6.3,0
TXREF-04426,58.78,13.26,314,4,13.0,0
TXREF-04427,39.36,20.61,105,2,5.2,0
TXREF-04428,12.79,21.79,1240,2,2.74,0
TXREF-04429,30.39,14.67,2517,2,12.63,0
TXREF-04430,11.87,11.73,57,1,4.1,0
TXREF-04431,33.51,12.34,73,2,19.51,0
TXREF-04432,10.57,16.0,438,1,1.58,0
TXREF-04433,50.95,10.73,165,5,27.77,0
TXREF-04434,45.7,12.07,571,1,15.04,0
TXREF-04435,137.51,15.71,291,4,4.66,0
TXREF-04436,64.1,22.4,1068,5,1.48,0
TXREF-04437,25.67,12.47,84,2,3.19,0
TXREF-04438,62.74,11.11,847,2,4.74,0
TXREF-04439,12.73,10.76,312,2,19.6,0
TXREF-04440,17.41,13.58,1064,1,4.9,0
TXREF-04441,44.25,20.48,680,3,14.61,0
TXREF-04442,7.36,15.81,1932,2,3.01,0
TXREF-04443,33.89,18.22,340,4,4.87,0
TXREF-04444,16.7,16.26,803,2,5.28,0
TXREF-04445,37.45,22.31,580,3,105.22,0
TXREF-04446,16.02,13.98,175,2,21.95,0
TXREF-04447,47.25,12.12,442,1,11.58,0
TXREF-04448,35.3,20.47,343,2,10.07,0
TXREF-04449,95.42,10.37,188,3,26.28,1
TXREF-04450,34.98,15.0,202,1,1.09,0
TXREF-04451,20.02,11.81,490,1,0.44,0
TXREF-04452,29.14,16.36,158,1,8.6,0
TXREF-04453,13.23,14.94,262,5,4.05,0
TXREF-04454,46.64,18.01,326,3,2.56,0
TXREF-04455,53.23,16.3,344,1,13.14,0
TXREF-04456,205.99,11.78,494,1,0.55,0
TXREF-04457,22.25,18.27,200,2,18.67,0
TXREF-04458,28.71,19.52,165,1,31.17,0
TXREF-04459,23.0,12.24,734,2,1.7,0
TXREF-04460,40.56,14.66,333,7,40.94,0
TXREF-04461,45.82,16.02,266,2,17.64,0
TXREF-04462,33.5,20.86,378,3,4.32,0
TXREF-04463,76.11,19.06,167,2,4.85,0
TXREF-04464,22.33,17.09,590,2,6.21,0
TXREF-04465,70.81,16.78,357,2,7.56,0
TXREF-04466,51.3,11.29,61,2,9.61,0
TXREF-04467,34.51,23.38,253,3,46.94,0
TXREF-04468,27.75,20.3,810,2,3.15,0
TXREF-04469,199.78,16.56,411,3,6.04,0
TXREF-04470,19.33,14.12,672,4,7.6,0
TXREF-04471,43.14,14.18,74,1,1.16,0
TXREF-04472,20.28,12.96,279,5,10.72,0
TXREF-04473,125.92,13.38,458,3,3.71,0
TXREF-04474,65.92,7.0,70,1,10.31,0
TXREF-04475,21.36,18.9,31,2,4.86,0
TXREF-04476,50.35,19.62,174,4,18.76,0
TXREF-04477,41.91,8.63,64,3,1.04,0
TXREF-04478,24.0,20.43,268,5,0.74,0
TXREF-04479,60.09,13.98,390,2,20.57,0
TXREF-04480,46.08,21.85,295,1,4.29,0
TXREF-04481,40.66,15.58,1104,4,16.5,0
TXREF-04482,33.78,8.42,944,3,253.56,0
TXREF-04483,47.48,13.96,420,7,4.12,0
TXREF-04484,41.07,14.25,284,2,3.86,0
TXREF-04485,36.33,21.49,504,3,8.0,0
TXREF-04486,21.94,20.84,379,3,1.16,0
TXREF-04487,117.86,15.43,1128,4,3.86,0
TXREF-04488,16.34,17.39,225,4,13.72,0
TXREF-04489,47.37,15.3,1234,1,3.98,0
TXREF-04490,27.64,13.27,1380,3,5.62,0
TXREF-04491,123.58,22.6,280,2,0.84,0
TXREF-04492,18.16,11.04,99,4,14.12,0
TXREF-04493,20.5,21.38,315,5,28.53,0
TXREF-04494,17.32,19.78,504,6,0.61,0
TXREF-04495,43.94,20.44,424,2,10.47,0
TXREF-04496,12.95,15.24,489,1,17.99,0
TXREF-04497,24.67,15.92,275,3,7.14,0
TXREF-04498,7.39,15.62,670,3,8.66,0
TXREF-04499,41.39,10.61,757,3,28.21,0
TXREF-04500,24.28,11.22,266,2,45.97,0
TXREF-04501,11.92,13.12,922,3,8.1,0
TXREF-04502,76.07,17.06,1016,1,1.66,0
TXREF-04503,13.58,14.75,130,2,4.5,0
TXREF-04504,61.79,13.34,250,3,7.16,0
TXREF-04505,21.02,18.39,727,6,1.57,0
TXREF-04506,110.29,7.66,200,4,12.06,1
TXREF-04507,59.72,9.85,50,2,2.24,0
TXREF-04508,16.85,6.01,184,2,46.97,0
TXREF-04509,17.99,17.87,804,2,1.43,0
TXREF-04510,53.84,13.69,877,2,91.91,0
TXREF-04511,28.82,21.14,51,1,1.73,0
TXREF-04512,30.82,13.65,371,5,0.69,0
TXREF-04513,87.01,17.27,63,2,22.83,0
TXREF-04514,20.31,13.59,350,2,2.19,0
TXREF-04515,37.18,15.31,367,2,9.0,0
TXREF-04516,69.22,14.84,91,2,7.52,0
TXREF-04517,62.34,15.08,592,3,1.56,0
TXREF-04518,31.03,19.39,214,2,0.42,0
TXREF-04519,28.28,8.8,77,3,3.88,0
TXREF-04520,9.95,13.78,150,4,11.75,0
TXREF-04521,16.27,14.63,1704,3,4.0,0
TXREF-04522,43.78,21.16,188,1,5.42,0
TXREF-04523,31.52,12.73,205,2,11.51,0
TXREF-04524,36.74,12.29,191,2,0.88,0
TXREF-04525,73.57,19.48,308,1,3.43,0
TXREF-04526,14.81,13.77,17,5,26.91,0
TXREF-04527,29.37,21.21,356,2,3.27,0
TXREF-04528,39.88,15.69,249,6,7.16,0
TXREF-04529,20.97,13.07,925,5,3.18,0
TXREF-04530,97.58,22.38,159,2,4.28,1
TXREF-04531,66.97,14.35,76,1,6.02,0
TXREF-04532,42.9,18.29,528,3,1.44,0
TXREF-04533,126.7,10.26,191,1,32.12,0
TXREF-04534,11.83,8.24,494,1,13.98,0
TXREF-04535,34.62,15.16,29,3,25.63,1
TXREF-04536,45.32,16.67,1306,2,5.13,0
TXREF-04537,18.02,14.91,1480,1,1.0,0
TXREF-04538,43.23,16.15,231,3,3.7,0
TXREF-04539,15.69,15.68,70,2,10.37,0
TXREF-04540,57.24,9.26,301,1,14.02,0
TXREF-04541,74.56,14.9,304,6,5.63,0
TXREF-04542,42.35,23.86,69,1,1.59,0
TXREF-04543,9.17,14.55,41,3,18.14,0
TXREF-04544,17.36,9.81,36,6,5.07,0
TXREF-04545,52.28,19.64,162,4,4.01,0
TXREF-04546,35.35,15.78,594,2,7.18,0
TXREF-04547,5.0,19.75,15,2,8.46,0
TXREF-04548,85.19,7.74,656,2,5.42,0
TXREF-04549,38.41,15.16,754,3,15.04,0
TXREF-04550,19.3,11.02,180,3,14.75,0
TXREF-04551,71.26,19.4,955,1,11.88,0
TXREF-04552,21.37,15.88,122,2,3.1,0
TXREF-04553,21.21,13.25,672,3,3.06,0
TXREF-04554,45.06,16.02,237,1,4.79,0
TXREF-04555,125.51,20.35,20,2,13.05,1
TXREF-04556,112.05,22.25,167,3,1.76,0
TXREF-04557,45.1,9.72,95,2,8.54,0
TXREF-04558,48.57,18.56,1362,2,7.46,0
TXREF-04559,61.55,16.65,232,6,10.58,0
TXREF-04560,14.08,17.73,178,2,8.67,0
TXREF-04561,55.36,11.79,114,4,9.41,0
TXREF-04562,20.52,18.31,753,2,3.69,0
TXREF-04563,43.79,20.54,416,4,0.98,0
TXREF-04564,29.55,18.91,1129,4,3.58,0
TXREF-04565,49.94,14.3,20,2,11.99,0
TXREF-04566,37.9,10.59,517,4,25.93,0
TXREF-04567,3.81,11.7,1013,3,6.14,0
TXREF-04568,39.6,10.56,377,1,38.23,0
TXREF-04569,55.28,14.42,27,4,7.68,1
TXREF-04570,47.99,12.91,391,1,4.14,0
TXREF-04571,32.33,21.5,1784,2,7.23,0
TXREF-04572,113.56,11.15,425,4,5.24,0
TXREF-04573,43.56,13.46,818,4,53.17,0
TXREF-04574,47.71,10.95,463,3,5.1,0
TXREF-04575,73.85,14.6,878,3,5.06,0
TXREF-04576,45.2,8.78,15,3,2.43,0
TXREF-04577,18.24,14.49,506,2,19.06,0
TXREF-04578,6.02,13.11,490,3,1.42,0
TXREF-04579,24.69,14.58,740,4,1.3,0
TXREF-04580,60.21,21.07,286,3,1.17,0
TXREF-04581,27.0,16.1,996,3,1.38,0
TXREF-04582,61.98,13.04,168,1,8.71,0
TXREF-04583,38.75,14.69,121,4,6.43,1
TXREF-04584,88.01,8.02,23,4,1.3,0
TXREF-04585,28.15,10.02,611,2,5.77,0
TXREF-04586,48.75,12.75,183,1,7.85,0
TXREF-04587,50.11,18.4,330,3,5.83,0
TXREF-04588,102.63,15.69,41,3,0.33,0
TXREF-04589,10.19,14.42,346,3,15.63,0
TXREF-04590,25.03,11.04,361,5,11.84,0
TXREF-04591,64.13,19.11,614,4,5.77,0
TXREF-04592,105.96,18.21,452,2,24.55,0
TXREF-04593,41.38,16.24,313,4,20.27,0
TXREF-04594,28.2,21.96,149,2,1.14,0
TXREF-04595,60.05,19.47,230,3,16.67,0
TXREF-04596,65.07,11.82,150,3,2.55,0
TXREF-04597,26.87,19.97,1205,2,1.53,0
TXREF-04598,44.16,8.58,700,2,8.72,0
TXREF-04599,81.45,14.68,568,1,2.41,0
TXREF-04600,135.79,18.7,1639,2,18.05,0
TXREF-04601,59.42,23.13,8,2,8.35,1
TXREF-04602,35.94,16.69,274,2,27.9,0
TXREF-04603,33.48,19.99,275,3,4.79,0
TXREF-04604,52.0,19.52,1222,4,18.62,0
TXREF-04605,32.03,21.07,58,5,3.79,0
TXREF-04606,39.91,19.84,2203,5,21.75,0
TXREF-04607,16.25,14.74,651,2,9.66,0
TXREF-04608,88.58,16.52,424,2,4.67,0
TXREF-04609,15.32,20.6,1728,4,43.33,0
TXREF-04610,25.51,15.91,47,6,2.16,0
TXREF-04611,37.35,18.51,494,3,5.15,0
TXREF-04612,145.99,20.9,15,3,11.91,0
TXREF-04613,25.68,19.38,432,3,11.98,0
TXREF-04614,21.55,15.93,47,2,1.79,0
TXREF-04615,23.42,13.03,172,2,1.35,0
TXREF-04616,114.94,20.89,1222,2,3.44,0
TXREF-04617,4.6,14.99,26,2,6.87,0
TXREF-04618,16.91,21.32,338,2,3.27,0
TXREF-04619,248.77,13.45,463,2,6.78,1
TXREF-04620,53.27,14.94,181,2,27.57,0
TXREF-04621,15.7,16.57,244,3,8.69,0
TXREF-04622,33.78,20.71,368,4,5.6,0
TXREF-04623,36.55,12.65,399,3,12.11,0
TXREF-04624,64.02,17.97,298,4,3.41,0
TXREF-04625,130.9,16.1,166,2,2.99,0
TXREF-04626,46.05,15.23,105,2,3.39,0
TXREF-04627,23.6,19.29,80,1,6.43,0
TXREF-04628,61.36,19.53,351,2,28.12,0
TXREF-04629,21.06,21.78,1115,3,17.0,0
TXREF-04630,16.54,14.77,558,1,18.84,0
TXREF-04631,9.8,19.25,21,3,1.49,0
TXREF-04632,11.28,14.7,575,2,3.09,0
TXREF-04633,18.26,14.27,694,1,23.0,0
TXREF-04634,14.91,12.09,41,3,6.52,0
TXREF-04635,43.62,15.58,343,1,2.18,0
TXREF-04636,14.68,19.47,493,1,19.11,0
TXREF-04637,3.62,18.19,1167,3,1.03,0
TXREF-04638,16.42,11.24,47,2,10.42,0
TXREF-04639,24.79,12.55,697,2,1.56,0
TXREF-04640,22.51,12.08,17,5,14.32,0
TXREF-04641,103.97,19.87,454,2,5.46,0
TXREF-04642,22.38,13.39,8,2,14.72,0
TXREF-04643,65.65,12.25,7,4,2.84,0
TXREF-04644,34.34,7.31,642,2,0.97,0
TXREF-04645,33.77,11.08,383,2,3.36,0
TXREF-04646,19.08,15.69,638,2,1.45,0
TXREF-04647,33.37,15.68,216,3,5.19,0
TXREF-04648,20.07,11.92,225,3,3.96,0
TXREF-04649,39.35,12.09,1663,2,24.86,0
TXREF-04650,29.37,19.95,525,2,2.37,0
TXREF-04651,17.63,22.63,529,4,2.91,0
TXREF-04652,71.11,17.68,533,3,2.54,0
TXREF-04653,47.34,18.99,1616,2,13.15,0
TXREF-04654,25.21,21.37,904,3,7.54,0
TXREF-04655,38.66,21.09,887,4,0.83,0
TXREF-04656,32.77,13.03,718,1,71.51,0
TXREF-04657,18.64,11.19,335,2,15.76,0
TXREF-04658,36.63,19.87,535,4,3.77,0
TXREF-04659,22.26,23.64,760,1,0.64,0
TXREF-04660,17.63,10.71,335,6,6.8,0
TXREF-04661,10.82,10.78,129,4,4.0,0
TXREF-04662,26.89,19.88,361,2,3.61,0
TXREF-04663,52.36,7.65,40,3,10.99,0
TXREF-04664,21.11,9.41,96,1,12.07,0
TXREF-04665,213.77,22.41,1093,1,61.43,1
TXREF-04666,65.87,10.17,83,1,1.53,0
TXREF-04667,89.04,17.4,308,2,20.94,0
TXREF-04668,61.72,14.02,29,1,1.77,0
TXREF-04669,132.17,18.7,193,2,13.31,0
TXREF-04670,19.75,15.5,69,4,5.96,0
TXREF-04671,5.51,13.34,19,2,11.92,0
TXREF-04672,25.25,17.16,417,2,15.61,0
TXREF-04673,52.04,15.45,249,2,1.43,0
TXREF-04674,38.83,12.98,395,3,1.22,0
TXREF-04675,42.45,8.61,29,3,8.13,0
TXREF-04676,90.11,15.67,727,3,0.76,0
TXREF-04677,45.84,9.96,69,3,11.33,0
TXREF-04678,61.88,15.22,1135,4,8.28,0
TXREF-04679,17.7,14.25,1552,4,1.03,0
TXREF-04680,15.82,22.18,635,3,12.42,0
TXREF-04681,111.29,14.83,193,3,12.58,0
TXREF-04682,37.44,14.61,1501,2,1.79,0
TXREF-04683,22.23,14.62,146,2,12.63,0
TXREF-04684,22.26,14.47,70,3,4.58,1
TXREF-04685,21.82,11.91,720,1,0.94,0
TXREF-04686,20.9,15.89,69,1,22.73,0
TXREF-04687,13.82,11.8,584,6,6.63,0
TXREF-04688,11.82,10.56,175,2,32.57,0
TXREF-04689,30.25,16.16,415,2,2.38,0
TXREF-04690,22.72,17.0,7,5,5.15,0
TXREF-04691,77.26,15.94,238,3,8.58,0
TXREF-04692,42.99,20.32,401,2,19.6,0
TXREF-04693,42.14,7.79,96,1,3.17,1
TXREF-04694,20.39,18.74,202,4,11.77,0
TXREF-04695,31.91,7.74,505,3,2.47,0
TXREF-04696,45.15,19.08,15,3,26.27,0
TXREF-04697,58.3,19.65,337,3,0.42,0
TXREF-04698,32.54,19.01,478,3,24.04,0
TXREF-04699,75.71,18.72,20,7,2.52,0
TXREF-04700,35.01,20.59,269,3,1.17,0
TXREF-04701,61.61,22.47,126,1,55.57,1
TXREF-04702,24.47,21.52,1071,3,3.5,0
TXREF-04703,9.44,11.3,576,3,5.41,0
TXREF-04704,42.23,10.9,718,1,15.13,0
TXREF-04705,58.69,18.42,111,3,10.48,0
TXREF-04706,52.68,19.57,393,3,12.46,0
TXREF-04707,47.18,12.15,300,2,8.09,0
TXREF-04708,27.09,15.38,478,3,2.66,0
TXREF-04709,19.48,17.43,541,4,9.87,0
TXREF-04710,51.79,18.94,1006,2,68.23,0
TXREF-04711,47.33,17.26,732,1,13.32,0
TXREF-04712,23.25,20.33,1417,2,4.33,0
TXREF-04713,77.38,14.99,167,3,4.12,0
TXREF-04714,18.44,12.54,49,3,6.03,0
TXREF-04715,22.87,20.2,182,1,1.91,0
TXREF-04716,113.09,12.92,102,2,22.08,0
TXREF-04717,65.06,22.07,138,4,2.91,0
TXREF-04718,26.9,12.3,1482,2,10.06,0
TXREF-04719,42.82,20.13,47,2,129.68,0
TXREF-04720,38.92,9.2,765,2,2.88,0
TXREF-04721,4.82,14.43,827,2,3.66,0
TXREF-04722,18.13,13.08,788,1,9.11,0
TXREF-04723,33.56,16.16,689,1,18.08,0
TXREF-04724,26.93,16.25,66,2,2.12,0
TXREF-04725,41.59,19.51,57,3,11.23,0
TXREF-04726,78.51,18.28,258,2,9.01,0
TXREF-04727,27.62,20.38,353,2,1.56,0
TXREF-04728,16.26,10.98,1063,2,3.38,0
TXREF-04729,43.99,23.92,100,2,22.91,0
TXREF-04730,27.52,14.97,11,1,3.2,0
TXREF-04731,31.11,14.5,415,2,0.88,0
TXREF-04732,28.22,14.83,479,3,3.93,0
TXREF-04733,174.88,12.29,87,3,32.13,1
TXREF-04734,6.94,18.6,174,2,0.52,0
TXREF-04735,26.32,9.29,179,3,6.21,0
TXREF-04736,34.72,12.11,590,4,9.71,0
TXREF-04737,19.84,10.55,96,6,5.81,0
TXREF-04738,66.54,21.25,93,1,0.96,0
TXREF-04739,62.52,23.47,728,3,3.72,0
TXREF-04740,33.64,22.28,54,2,2.61,0
TXREF-04741,28.65,14.32,53,2,46.75,0
TXREF-04742,32.12,16.13,701,1,1.53,0
TXREF-04743,32.28,12.93,268,3,11.05,0
TXREF-04744,32.9,15.22,31,5,1.63,0
TXREF-04745,30.41,14.8,587,1,12.09,0
TXREF-04746,41.75,20.46,302,3,3.57,0
TXREF-04747,59.88,12.51,169,3,3.1,0
TXREF-04748,14.36,15.13,201,3,24.68,0
TXREF-04749,16.34,18.1,1085,3,3.0,0
TXREF-04750,9.89,18.1,79,4,0.97,0
TXREF-04751,64.96,20.71,221,3,2.38,0
TXREF-04752,41.69,22.25,89,2,5.39,0
TXREF-04753,50.09,23.48,75,4,13.89,0
TXREF-04754,12.44,20.43,463,3,0.7,0
TXREF-04755,125.86,13.64,197,3,4.1,0
TXREF-04756,22.46,22.22,94,2,1.36,0
TXREF-04757,39.3,15.23,99,1,0.68,0
TXREF-04758,64.4,15.37,165,5,35.98,0
TXREF-04759,17.11,10.24,478,4,5.31,0
TXREF-04760,23.49,19.4,1116,3,1.27,0
TXREF-04761,39.61,8.12,346,5,3.51,0
TXREF-04762,272.43,13.29,784,4,2.35,0
TXREF-04763,43.24,17.68,137,3,2.12,0
TXREF-04764,110.67,20.49,63,3,11.1,0
TXREF-04765,82.94,12.86,422,3,37.5,0
TXREF-04766,45.38,20.3,894,2,17.03,0
TXREF-04767,17.08,19.03,204,2,1.65,0
TXREF-04768,74.67,19.0,29,7,2.74,0
TXREF-04769,11.84,15.45,272,2,2.79,0
TXREF-04770,110.24,8.31,155,4,10.3,0
TXREF-04771,40.21,11.34,89,6,10.05,0
TXREF-04772,5.16,15.99,572,2,2.06,0
TXREF-04773,27.24,12.53,1407,2,8.86,0
TXREF-04774,55.75,15.86,52,1,12.66,0
TXREF-04775,29.35,23.05,384,4,8.25,0
TXREF-04776,58.25,16.75,164,4,2.42,0
TXREF-04777,18.88,8.59,662,3,14.73,0
TXREF-04778,13.59,18.22,186,2,12.38,0
TXREF-04779,33.07,12.48,356,3,5.65,0
TXREF-04780,35.61,18.9,46,3,15.77,0
TXREF-04781,27.09,11.31,411,3,17.92,0
TXREF-04782,84.24,20.16,271,3,87.29,0
TXREF-04783,18.88,10.94,32,2,7.32,0
TXREF-04784,43.62,8.26,261,2,7.35,0
TXREF-04785,36.56,14.14,663,2,1.22,0
TXREF-04786,11.35,17.95,456,1,12.6,0
TXREF-04787,13.47,16.53,40,1,4.74,0
TXREF-04788,35.11,17.16,3650,2,5.91,0
TXREF-04789,144.96,17.19,89,6,1.11,1
TXREF-04790,52.83,11.38,356,2,2.05,0
TXREF-04791,10.05,17.65,136,3,4.48,0
TXREF-04792,3.71,14.3,288,1,1.24,0
TXREF-04793,59.02,14.75,64,3,14.03,0
TXREF-04794,32.48,14.57,986,4,9.72,0
TXREF-04795,79.18,13.82,9,5,13.54,0
TXREF-04796,18.47,18.53,309,3,5.3,0
TXREF-04797,44.8,12.35,1631,2,32.6,0
TXREF-04798,64.02,12.2,224,2,96.41,0
TXREF-04799,25.22,11.76,465,2,5.03,0
TXREF-04800,25.62,19.95,1161,3,6.41,0
TXREF-04801,35.45,11.94,569,2,5.65,0
TXREF-04802,51.46,18.15,397,4,2.66,0
TXREF-04803,34.46,10.7,144,4,0.96,0
TXREF-04804,70.2,23.53,177,1,4.03,0
TXREF-04805,24.96,14.84,473,1,13.81,0
TXREF-04806,13.38,17.95,161,1,6.53,0
TXREF-04807,144.52,17.48,1284,3,2.98,0
TXREF-04808,22.53,14.26,61,3,22.94,0
TXREF-04809,23.12,12.28,33,2,9.87,0
TXREF-04810,33.2,19.2,116,1,161.58,0
TXREF-04811,36.54,23.48,521,1,13.72,0
TXREF-04812,26.35,19.73,99,2,11.06,0
TXREF-04813,34.38,8.05,1167,3,4.2,0
TXREF-04814,33.83,21.92,776,3,15.06,0
TXREF-04815,39.48,15.91,68,1,1.77,0
TXREF-04816,6.38,20.88,21,4,7.0,0
TXREF-04817,134.86,7.47,590,4,5.43,0
TXREF-04818,31.31,11.5,81,3,12.01,0
TXREF-04819,52.88,18.09,87,2,9.57,0
TXREF-04820,12.91,18.95,1218,6,7.45,0
TXREF-04821,24.8,1.79,111,2,25.04,0
TXREF-04822,21.45,15.89,1134,2,35.42,0
TXREF-04823,100.3,13.2,397,2,32.19,0
TXREF-04824,22.83,22.34,66,1,16.79,0
TXREF-04825,60.09,14.46,633,2,10.39,0
TXREF-04826,21.8,15.14,40,3,16.41,0
TXREF-04827,25.13,14.27,487,2,10.37,0
TXREF-04828,29.17,12.67,1419,2,18.05,0
TXREF-04829,87.74,17.04,542,3,5.58,0
TXREF-04830,8.93,10.29,943,3,8.23,0
TXREF-04831,13.5,7.59,106,1,32.78,0
TXREF-04832,8.57,13.52,37,1,16.67,0
TXREF-04833,15.91,22.24,445,4,14.69,0
TXREF-04834,19.41,12.14,394,3,6.51,0
TXREF-04835,10.89,14.6,887,3,7.06,0
TXREF-04836,20.52,20.95,220,1,2.31,0
TXREF-04837,8.16,23.21,70,1,6.52,0
TXREF-04838,16.73,21.56,185,2,7.77,0
TXREF-04839,82.62,14.06,49,2,8.94,0
TXREF-04840,46.55,14.54,55,2,1.71,0
TXREF-04841,39.84,9.54,848,4,38.52,0
TXREF-04842,16.91,20.5,446,2,4.25,0
TXREF-04843,11.52,13.61,151,4,1.31,0
TXREF-04844,15.33,15.64,69,2,2.61,0
TXREF-04845,33.75,15.81,148,2,2.0,0
TXREF-04846,65.05,21.83,203,4,2.9,0
TXREF-04847,66.67,16.39,1066,3,10.02,0
TXREF-04848,54.82,18.55,517,4,20.58,0
TXREF-04849,20.47,13.72,139,2,4.49,0
TXREF-04850,35.43,14.99,216,1,0.4,0
TXREF-04851,27.62,13.33,438,5,1.35,0
TXREF-04852,30.12,13.6,372,1,9.96,0
TXREF-04853,150.92,14.54,434,3,1.77,0
TXREF-04854,9.79,19.45,410,6,5.53,0
TXREF-04855,29.4,16.93,1457,2,1.54,0
TXREF-04856,83.3,21.24,647,1,5.32,0
TXREF-04857,12.12,12.55,675,2,4.44,0
TXREF-04858,21.9,11.13,181,4,4.86,0
TXREF-04859,23.79,15.25,72,2,3.72,0
TXREF-04860,29.64,17.98,484,1,1.21,0
TXREF-04861,11.03,19.51,1023,2,18.51,0
TXREF-04862,53.44,6.15,161,3,4.67,0
TXREF-04863,56.25,21.46,13,3,15.54,0
TXREF-04864,50.2,15.33,1535,2,6.83,0
TXREF-04865,18.6,16.91,463,2,11.21,0
TXREF-04866,37.05,8.43,398,2,4.33,0
TXREF-04867,18.22,13.24,43,2,5.64,0
TXREF-04868,27.4,16.63,191,1,2.7,0
TXREF-04869,164.1,10.24,202,1,6.31,0
TXREF-04870,37.3,4.76,742,5,7.99,0
TXREF-04871,14.81,15.07,451,2,1.6,0
TXREF-04872,39.64,13.84,240,3,8.18,0
TXREF-04873,13.15,22.12,39,1,13.65,0
TXREF-04874,14.68,13.49,4,2,39.69,1
TXREF-04875,16.45,13.72,348,5,5.9,0
TXREF-04876,25.28,19.13,77,2,4.31,0
TXREF-04877,68.35,23.96,146,3,0.97,1
TXREF-04878,52.8,19.91,491,2,3.85,0
TXREF-04879,50.73,17.02,49,2,12.55,0
TXREF-04880,15.78,12.33,304,1,4.7,0
TXREF-04881,23.58,14.05,38,2,0.48,0
TXREF-04882,42.34,16.15,177,3,4.32,0
TXREF-04883,22.14,16.7,334,3,5.58,0
TXREF-04884,28.49,15.02,215,1,6.54,0
TXREF-04885,47.84,10.54,199,3,28.45,0
TXREF-04886,27.08,8.02,16,3,11.35,0
TXREF-04887,40.97,13.4,874,1,2.46,0
TXREF-04888,109.59,21.17,743,1,5.36,0
TXREF-04889,30.76,15.44,222,1,2.38,0
TXREF-04890,81.38,14.77,564,5,10.41,0
TXREF-04891,52.08,17.97,71,2,5.41,0
TXREF-04892,12.1,14.99,681,2,7.8,0
TXREF-04893,15.74,20.41,75,2,3.57,0
TXREF-04894,19.1,23.58,952,4,0.9,0
TXREF-04895,18.81,16.71,264,5,6.71,0
TXREF-04896,32.62,22.88,13,1,9.2,1
TXREF-04897,54.19,15.4,594,3,25.22,0
TXREF-04898,85.95,17.47,455,1,7.13,0
TXREF-04899,43.46,14.58,1158,2,4.22,0
TXREF-04900,25.26,22.45,636,1,37.81,0
TXREF-04901,7.77,19.39,176,4,4.87,0
TXREF-04902,36.63,13.36,152,3,3.42,0
TXREF-04903,35.47,16.78,613,3,6.13,0
TXREF-04904,39.71,12.75,132,4,5.55,0
TXREF-04905,158.62,6.68,1705,4,2.9,0
TXREF-04906,85.05,21.53,1298,1,1.79,0
TXREF-04907,61.27,14.63,139,1,6.33,0
TXREF-04908,17.41,20.53,1112,1,1.06,0
TXREF-04909,24.06,23.15,480,1,3.88,0
TXREF-04910,32.52,20.98,920,1,3.97,0
TXREF-04911,19.92,20.89,1526,1,5.85,0
TXREF-04912,49.92,10.4,370,2,7.13,1
TXREF-04913,45.01,7.61,277,2,3.73,0
TXREF-04914,15.9,13.66,264,5,4.86,0
TXREF-04915,82.41,11.62,198,2,7.44,0
TXREF-04916,37.47,17.46,587,1,5.31,0
TXREF-04917,10.02,7.02,2318,2,2.82,0
TXREF-04918,33.55,18.45,55,3,6.31,0
TXREF-04919,42.63,17.82,119,3,44.11,0
TXREF-04920,70.13,13.41,1777,2,6.83,0
TXREF-04921,27.3,13.99,79,4,7.91,0
TXREF-04922,63.19,15.36,111,1,3.28,0
TXREF-04923,39.83,15.61,663,3,3.88,0
TXREF-04924,13.51,12.69,350,2,2.84,0
TXREF-04925,12.57,15.05,15,3,5.19,0
TXREF-04926,78.12,18.59,222,4,13.53,0
TXREF-04927,82.36,23.33,558,6,5.15,0
TXREF-04928,43.93,18.59,217,2,18.62,0
TXREF-04929,102.2,12.75,167,4,6.35,0
TXREF-04930,74.5,14.01,953,2,2.35,0
TXREF-04931,56.95,12.32,143,3,6.18,1
TXREF-04932,18.06,18.58,507,4,2.33,0
TXREF-04933,121.1,14.8,469,3,2.58,0
TXREF-04934,51.22,12.97,48,3,4.13,0
TXREF-04935,26.37,12.88,422,2,43.62,0
TXREF-04936,21.52,19.53,1028,1,15.82,0
TXREF-04937,41.88,21.67,1569,3,1.76,0
TXREF-04938,10.45,9.79,465,3,5.44,0
TXREF-04939,57.61,17.47,25,3,20.76,0
TXREF-04940,17.52,20.25,74,3,10.34,0
TXREF-04941,45.46,18.93,414,3,5.57,0
TXREF-04942,23.91,16.01,465,1,0.84,0
TXREF-04943,28.78,14.01,384,2,1.79,0
TXREF-04944,20.19,17.26,849,3,4.9,0
TXREF-04945,31.0,14.74,1182,2,19.13,0
TXREF-04946,135.69,16.42,145,2,27.58,1
TXREF-04947,94.37,18.57,43,3,3.34,0
TXREF-04948,44.94,19.51,54,2,15.76,0
TXREF-04949,34.19,12.64,498,2,2.47,0
TXREF-04950,63.93,11.94,246,5,11.42,0
TXREF-04951,78.54,15.44,1040,2,0.46,0
TXREF-04952,19.15,11.19,240,4,1.89,0
TXREF-04953,32.93,12.88,279,1,1.76,0
TXREF-04954,9.38,19.72,161,2,1.06,0
TXREF-04955,78.15,15.63,605,4,7.58,0
TXREF-04956,153.98,11.59,337,2,2.09,0
TXREF-04957,36.88,20.07,68,5,1.97,1
TXREF-04958,7.54,10.45,162,2,5.3,0
TXREF-04959,53.97,12.17,121,1,1.46,0
TXREF-04960,18.16,12.46,102,1,1.46,0
TXREF-04961,21.59,21.9,39,2,9.86,0
TXREF-04962,54.66,21.19,701,1,9.85,0
TXREF-04963,41.82,15.18,1107,2,20.13,0
TXREF-04964,24.5,15.44,451,2,19.15,0
TXREF-04965,21.81,19.24,1445,4,1.66,0
TXREF-04966,38.11,7.89,439,2,6.09,0
TXREF-04967,25.92,10.39,264,3,31.12,0
TXREF-04968,15.66,15.78,182,3,13.72,0
TXREF-04969,27.4,14.68,122,1,1.83,0
TXREF-04970,44.46,17.13,8,2,10.45,0
TXREF-04971,30.62,9.06,373,2,2.67,0
TXREF-04972,12.58,22.71,27,5,4.25,0
TXREF-04973,70.96,21.64,349,3,9.74,0
TXREF-04974,4.85,14.07,118,2,9.93,0
TXREF-04975,25.24,18.86,880,3,4.26,0
TXREF-04976,22.27,15.5,374,3,0.99,0
TXREF-04977,38.73,13.63,1209,3,4.22,0
TXREF-04978,52.16,18.39,28,2,6.25,0
TXREF-04979,78.36,19.41,46,1,0.56,0
TXREF-04980,20.84,10.42,1232,1,3.84,0
TXREF-04981,53.11,14.14,1352,3,2.47,0
TXREF-04982,40.08,16.55,113,4,3.65,0
TXREF-04983,10.15,15.87,1827,2,3.2,0
TXREF-04984,136.78,20.72,198,1,0.72,0
TXREF-04985,12.36,14.82,68,2,3.13,0
TXREF-04986,47.09,19.51,83,1,3.03,0
TXREF-04987,46.1,13.94,317,3,8.64,0
TXREF-04988,42.46,9.33,1,5,1.2,0
TXREF-04989,24.38,15.63,394,1,5.89,0
TXREF-04990,63.16,10.43,714,5,1.73,0
TXREF-04991,11.32,20.61,1088,3,9.84,0
TXREF-04992,33.2,15.02,129,1,16.53,0
TXREF-04993,23.2,14.24,401,2,21.53,0
TXREF-04994,21.38,11.98,239,2,49.33,0
TXREF-04995,47.4,21.85,488,2,0.24,0
TXREF-04996,75.62,17.78,1279,1,2.52,0
TXREF-04997,27.19,12.64,213,2,18.25,0
TXREF-04998,61.07,18.85,604,2,1.91,0
TXREF-04999,36.08,20.63,1373,2,27.49,0
TXREF-05000,18.31,22.0,1816,3,6.5,0
TXREF-05001,28.91,14.25,1006,3,7.42,0
TXREF-05002,28.06,19.0,323,2,3.11,0
TXREF-05003,21.08,14.02,1240,2,18.82,0
TXREF-05004,47.39,13.23,464,3,14.3,0
TXREF-05005,41.22,18.46,256,3,7.45,0
TXREF-05006,11.08,13.86,190,5,0.54,0
TXREF-05007,10.6,20.05,48,4,1.86,0
TXREF-05008,47.27,15.6,508,4,0.38,0
TXREF-05009,19.36,19.72,232,4,15.94,0
TXREF-05010,43.27,17.83,270,1,20.05,0
TXREF-05011,61.09,18.41,181,1,3.66,0
TXREF-05012,13.94,13.14,477,2,5.9,0
TXREF-05013,12.6,22.81,915,4,4.42,0
TXREF-05014,116.23,22.22,1633,4,30.61,0
TXREF-05015,44.84,15.22,365,3,6.53,0
TXREF-05016,25.74,12.9,94,1,3.25,0
TXREF-05017,17.77,11.07,173,6,5.59,0
TXREF-05018,24.11,17.05,379,4,6.18,0
TXREF-05019,14.77,10.4,512,4,8.88,0
TXREF-05020,65.76,11.43,1210,2,2.24,0
TXREF-05021,19.9,10.38,100,3,2.05,0
TXREF-05022,76.5,15.96,248,5,0.77,0
TXREF-05023,26.09,14.34,69,4,2.4,0
TXREF-05024,16.42,16.83,1069,1,10.14,0
TXREF-05025,25.61,20.8,719,2,8.09,0
TXREF-05026,5.26,9.99,151,1,17.4,0
TXREF-05027,31.91,18.84,23,5,0.24,0
TXREF-05028,30.8,13.42,182,2,10.21,0
TXREF-05029,63.04,14.67,126,4,3.96,0
TXREF-05030,8.95,19.52,520,4,5.54,0
TXREF-05031,80.36,15.53,354,3,4.19,0
TXREF-05032,62.86,11.14,507,2,4.17,0
TXREF-05033,85.75,23.5,23,2,5.73,0
TXREF-05034,33.52,17.76,647,2,15.94,0
TXREF-05035,72.24,7.01,127,3,17.32,0
TXREF-05036,12.07,15.03,587,3,1.32,0
TXREF-05037,58.17,15.02,559,3,8.53,0
TXREF-05038,19.98,11.38,405,2,2.26,0
TXREF-05039,10.6,12.57,86,4,6.19,0
TXREF-05040,15.5,20.14,268,3,6.21,0
TXREF-05041,34.95,19.96,486,1,12.32,0
TXREF-05042,19.23,17.41,51,3,1.24,0
TXREF-05043,45.64,20.03,1554,2,10.07,0
TXREF-05044,9.47,20.92,942,4,6.78,0
TXREF-05045,7.53,8.94,108,2,17.51,0
TXREF-05046,93.51,23.38,350,1,3.39,0
TXREF-05047,66.74,16.58,167,2,11.2,0
TXREF-05048,16.35,8.06,106,1,1.75,0
TXREF-05049,34.74,11.04,181,3,2.31,0
TXREF-05050,72.53,20.97,178,1,7.26,0
TXREF-05051,47.08,15.14,941,3,2.13,0
TXREF-05052,38.73,14.73,1378,2,9.41,0
TXREF-05053,76.59,11.52,293,4,0.49,0
TXREF-05054,20.57,14.58,492,1,5.61,0
TXREF-05055,35.6,23.8,235,1,5.84,0
TXREF-05056,34.37,12.64,84,4,3.55,0
TXREF-05057,28.61,9.95,585,2,14.34,0
TXREF-05058,26.29,13.52,584,3,7.65,0
TXREF-05059,36.69,11.44,553,2,3.6,0
TXREF-05060,35.69,16.21,437,2,2.87,0
TXREF-05061,16.36,0.65,44,3,6.29,1
TXREF-05062,62.01,22.69,114,2,5.84,0
TXREF-05063,17.24,19.66,597,1,4.89,0
TXREF-05064,29.75,15.23,40,1,13.22,0
TXREF-05065,28.15,12.82,543,3,1.92,0
TXREF-05066,45.05,12.13,387,1,4.83,0
TXREF-05067,7.57,10.22,205,4,40.4,0
TXREF-05068,66.12,13.79,361,3,4.74,0
TXREF-05069,21.38,14.98,746,3,2.97,0
TXREF-05070,83.8,7.87,718,2,4.97,0
TXREF-05071,24.67,9.64,53,2,3.44,0
TXREF-05072,33.61,19.42,317,6,4.23,0
TXREF-05073,138.09,0.31,804,3,10.65,0
TXREF-05074,28.51,14.14,1,4,7.58,0
TXREF-05075,84.94,14.58,245,3,0.64,0
TXREF-05076,35.81,21.41,248,4,24.33,0
TXREF-05077,46.95,15.76,259,3,4.19,0
TXREF-05078,36.61,12.13,73,3,2.68,0
TXREF-05079,64.1,13.85,2,1,9.52,1
TXREF-05080,21.25,20.92,981,5,28.59,0
TXREF-05081,17.14,14.91,1,2,14.04,0
TXREF-05082,21.98,21.15,468,1,4.77,0
TXREF-05083,37.4,10.16,452,1,8.13,0
TXREF-05084,29.7,13.5,938,1,5.35,0
TXREF-05085,58.06,13.88,806,1,1.34,0
TXREF-05086,89.07,14.9,144,2,2.56,0
TXREF-05087,17.24,21.1,1,3,1.11,0
TXREF-05088,20.52,11.69,1122,3,72.45,0
TXREF-05089,12.38,19.27,343,2,2.52,0
TXREF-05090,150.19,15.67,306,3,7.53,0
TXREF-05091,43.35,17.31,1196,4,12.98,0
TXREF-05092,49.18,19.54,43,3,5.82,0
TXREF-05093,13.26,11.93,1935,4,9.14,0
TXREF-05094,34.78,9.29,1035,3,3.28,0
TXREF-05095,50.23,19.53,1795,2,10.07,0
TXREF-05096,29.02,17.79,1194,4,2.13,0
TXREF-05097,75.53,18.55,929,4,3.69,0
TXREF-05098,183.92,10.51,517,2,13.79,0
TXREF-05099,17.6,16.52,65,5,3.2,0
TXREF-05100,16.68,19.01,263,3,12.01,0
TXREF-05101,18.5,6.33,136,2,2.12,0
TXREF-05102,110.66,12.94,252,2,34.3,1
TXREF-05103,73.74,22.32,171,4,28.39,1
TXREF-05104,31.58,17.87,995,3,5.09,0
TXREF-05105,35.74,11.21,215,1,19.08,1
TXREF-05106,19.34,15.8,223,5,7.11,0
TXREF-05107,66.08,13.66,189,1,1.86,0
TXREF-05108,26.48,9.37,506,2,24.18,0
TXREF-05109,28.87,22.1,8,2,1.33,0
TXREF-05110,53.96,18.9,909,1,4.65,0
TXREF-05111,30.41,20.66,107,1,2.58,0
TXREF-05112,29.39,16.9,184,1,21.41,0
TXREF-05113,35.08,16.72,669,4,5.67,0
TXREF-05114,61.72,12.57,167,1,4.74,0
TXREF-05115,113.92,9.89,511,3,6.99,0
TXREF-05116,53.07,10.31,460,4,32.53,0
TXREF-05117,62.08,18.65,352,1,17.98,0
TXREF-05118,30.15,14.49,44,3,35.88,0
TXREF-05119,20.91,22.62,319,3,3.05,0
TXREF-05120,55.75,16.67,103,2,18.55,0
TXREF-05121,39.38,8.28,190,3,3.38,0
TXREF-05122,12.5,11.36,426,3,0.86,0
TXREF-05123,27.49,14.26,224,4,2.96,0
TXREF-05124,32.8,22.07,217,3,3.94,0
TXREF-05125,24.11,16.61,232,1,1.28,0
TXREF-05126,101.17,12.46,218,4,49.31,0
TXREF-05127,49.18,14.09,762,5,1.66,0
TXREF-05128,93.57,16.94,571,2,5.51,0
TXREF-05129,42.08,22.24,228,4,1.77,0
TXREF-05130,36.91,13.21,664,3,13.96,1
TXREF-05131,17.74,19.28,171,3,5.25,0
TXREF-05132,35.11,11.34,465,4,6.65,0
TXREF-05133,35.14,16.13,258,2,11.37,0
TXREF-05134,13.01,21.75,558,4,2.42,0
TXREF-05135,23.61,7.8,533,1,17.66,0
TXREF-05136,27.58,12.73,189,2,5.15,0
TXREF-05137,46.89,10.12,454,1,0.36,0
TXREF-05138,48.53,20.5,1182,2,2.18,0
TXREF-05139,22.91,17.83,306,2,53.8,0
TXREF-05140,48.79,9.78,194,3,12.59,0
TXREF-05141,30.54,17.6,1134,2,3.12,0
TXREF-05142,4.41,13.47,910,2,6.9,0
TXREF-05143,24.56,13.81,724,2,11.21,0
TXREF-05144,75.71,15.38,62,1,10.58,0
TXREF-05145,10.37,18.43,172,1,52.02,0
TXREF-05146,37.76,12.66,10,2,9.3,0
TXREF-05147,109.0,12.73,36,3,18.96,1
TXREF-05148,20.13,12.75,245,2,13.7,0
TXREF-05149,34.87,17.46,156,1,2.83,0
TXREF-05150,13.61,13.78,1457,3,14.13,0
TXREF-05151,112.35,13.07,958,4,5.13,0
TXREF-05152,32.79,15.25,108,3,3.43,0
TXREF-05153,36.0,22.83,379,2,11.12,0
TXREF-05154,92.3,14.24,3,2,20.79,1
TXREF-05155,56.05,13.14,170,1,10.1,0
TXREF-05156,18.53,20.22,948,2,45.49,0
TXREF-05157,21.84,18.26,1423,2,13.75,0
TXREF-05158,49.72,17.79,6,3,32.81,0
TXREF-05159,22.21,18.42,245,2,4.56,0
TXREF-05160,7.58,12.08,1081,2,0.79,0
TXREF-05161,33.5,17.36,41,2,1.88,0
TXREF-05162,11.99,17.09,922,1,8.1,0
TXREF-05163,111.47,18.84,291,3,1.77,0
TXREF-05164,39.54,8.24,1101,2,6.58,0
TXREF-05165,18.14,21.42,958,4,8.73,0
TXREF-05166,21.05,12.92,835,1,2.3,0
TXREF-05167,8.93,13.31,2090,2,11.01,0
TXREF-05168,15.77,9.16,950,1,9.42,0
TXREF-05169,72.37,15.58,381,4,1.61,0
TXREF-05170,173.62,15.61,196,4,6.54,0
TXREF-05171,58.73,19.62,2078,2,49.63,0
TXREF-05172,32.58,12.66,73,3,5.87,0
TXREF-05173,25.51,22.4,530,2,1.35,0
TXREF-05174,17.48,10.15,106,4,1.29,0
TXREF-05175,153.4,11.69,378,6,17.23,1
TXREF-05176,30.39,16.27,1120,5,3.57,0
TXREF-05177,159.69,10.75,463,3,11.67,0
TXREF-05178,94.95,21.27,134,2,3.11,0
TXREF-05179,9.94,17.62,654,2,3.6,0
TXREF-05180,21.55,15.94,801,4,11.03,0
TXREF-05181,21.51,15.55,723,2,11.07,0
TXREF-05182,32.87,14.58,1035,3,11.2,0
TXREF-05183,33.33,0.9,568,5,6.28,0
TXREF-05184,301.05,13.19,27,2,29.56,0
TXREF-05185,16.03,13.75,770,1,10.85,0
TXREF-05186,41.05,16.71,552,4,2.36,0
TXREF-05187,54.27,15.36,29,4,4.41,0
TXREF-05188,34.77,22.24,15,7,6.78,0
TXREF-05189,37.69,16.53,293,3,1.53,0
TXREF-05190,16.41,21.02,648,5,3.73,0
TXREF-05191,37.59,12.97,141,2,26.93,0
TXREF-05192,50.31,21.43,121,4,1.96,0
TXREF-05193,44.07,11.26,32,2,3.69,0
TXREF-05194,52.49,0.93,38,3,3.95,0
TXREF-05195,96.26,9.29,11,5,8.16,0
TXREF-05196,68.35,18.63,963,3,11.27,0
TXREF-05197,36.65,15.63,585,3,4.31,0
TXREF-05198,14.97,12.5,1017,2,16.15,0
TXREF-05199,22.6,14.5,95,2,2.05,0
TXREF-05200,29.72,21.39,110,2,2.26,0
TXREF-05201,41.75,16.09,102,3,47.99,1
TXREF-05202,24.67,21.38,695,3,8.35,0
TXREF-05203,17.75,13.57,304,3,9.18,0
TXREF-05204,14.8,15.7,65,2,1.7,0
TXREF-05205,10.6,20.27,256,4,9.9,0
TXREF-05206,29.4,14.07,197,1,1.51,0
TXREF-05207,12.08,15.15,240,1,4.57,0
TXREF-05208,16.94,15.16,212,3,2.23,0
TXREF-05209,26.22,20.14,115,2,4.31,0
TXREF-05210,13.3,20.49,177,1,3.7,0
TXREF-05211,45.76,16.38,1115,1,12.98,0
TXREF-05212,59.32,14.93,398,2,4.09,0
TXREF-05213,23.44,7.34,873,3,4.36,0
TXREF-05214,25.42,11.36,85,2,5.84,0
TXREF-05215,51.26,12.46,48,1,29.77,0
TXREF-05216,20.82,19.48,22,1,44.74,1
TXREF-05217,19.81,17.85,926,2,2.37,0
TXREF-05218,82.39,0.25,757,1,2.93,1
TXREF-05219,65.8,23.36,333,1,7.2,0
TXREF-05220,53.68,21.06,1069,3,10.13,0
TXREF-05221,67.79,14.22,6,3,41.7,1
TXREF-05222,8.38,13.42,869,2,3.89,0
TXREF-05223,92.27,15.74,881,2,10.1,0
TXREF-05224,46.17,21.31,1224,1,7.58,0
TXREF-05225,72.08,22.42,872,3,3.88,1
TXREF-05226,46.01,14.09,445,2,5.19,0
TXREF-05227,36.06,22.04,416,1,4.26,0
TXREF-05228,28.55,15.48,189,3,1.44,0
TXREF-05229,45.35,17.8,1,1,83.73,1
TXREF-05230,27.81,1.31,1273,1,28.6,0
TXREF-05231,65.03,23.02,144,2,35.09,1
TXREF-05232,11.11,15.15,103,3,3.38,0
TXREF-05233,23.57,16.44,138,4,2.41,0
TXREF-05234,151.76,12.38,472,2,25.43,0
TXREF-05235,22.18,20.82,131,2,2.39,0
TXREF-05236,29.32,14.58,824,3,57.39,0
TXREF-05237,18.44,21.44,358,3,6.95,0
TXREF-05238,44.34,11.71,22,3,48.18,1
TXREF-05239,20.49,22.06,493,2,0.78,0
TXREF-05240,30.46,20.29,138,2,3.79,0
TXREF-05241,64.15,10.58,266,4,28.93,0
TXREF-05242,21.05,14.14,107,2,4.47,0
TXREF-05243,61.42,18.47,554,5,6.86,0
TXREF-05244,62.93,14.42,115,1,5.79,0
TXREF-05245,74.41,17.62,592,1,1.56,0
TXREF-05246,38.52,20.61,342,1,3.28,0
TXREF-05247,359.14,12.79,181,4,27.06,0
TXREF-05248,74.39,9.47,234,2,1.01,0
TXREF-05249,43.99,18.33,63,2,4.16,0
TXREF-05250,18.53,18.33,478,1,7.64,0
TXREF-05251,32.46,22.3,128,2,2.6,0
TXREF-05252,97.22,14.24,20,4,10.13,0
TXREF-05253,119.21,12.63,503,2,22.88,1
TXREF-05254,100.93,11.99,312,2,11.68,1
TXREF-05255,61.27,22.33,9,2,13.54,1
TXREF-05256,14.1,21.35,1317,2,3.07,0
TXREF-05257,49.44,19.57,617,1,5.05,0
TXREF-05258,14.24,8.82,371,4,3.83,0
TXREF-05259,11.93,14.21,10,2,13.08,0
TXREF-05260,41.36,17.41,277,2,29.88,0
TXREF-05261,50.74,16.26,90,1,9.55,0
TXREF-05262,66.72,18.53,220,1,2.39,0
TXREF-05263,49.8,11.84,51,2,0.55,0
TXREF-05264,51.05,20.91,15,3,7.44,0
TXREF-05265,17.13,10.47,191,2,14.0,0
TXREF-05266,32.28,16.27,12,1,2.41,0
TXREF-05267,11.76,19.26,212,2,6.2,0
TXREF-05268,8.23,15.59,143,5,1.58,0
TXREF-05269,59.34,19.32,1907,1,8.17,0
TXREF-05270,20.24,22.02,352,3,1.05,0
TXREF-05271,65.25,22.47,176,2,11.95,0
TXREF-05272,77.32,11.07,191,3,3.13,1
TXREF-05273,22.29,14.11,73,4,8.46,0
TXREF-05274,53.25,14.86,131,3,5.33,1
TXREF-05275,21.63,14.08,54,1,15.52,0
TXREF-05276,9.22,12.48,491,4,16.35,0
TXREF-05277,38.05,12.43,195,4,4.73,0
TXREF-05278,24.8,15.1,248,4,45.42,0
TXREF-05279,25.36,19.58,459,3,8.53,0
TXREF-05280,144.35,22.08,180,2,0.76,0
TXREF-05281,11.6,17.68,523,1,2.88,0
TXREF-05282,45.86,12.09,604,3,1.5,0
TXREF-05283,17.01,9.58,692,2,1.79,0
TXREF-05284,66.95,11.33,297,5,4.28,0
TXREF-05285,43.16,12.65,636,2,2.58,0
TXREF-05286,45.75,21.44,4,2,6.88,0
TXREF-05287,17.63,11.87,193,2,3.01,0
TXREF-05288,20.06,21.01,1052,2,45.01,0
TXREF-05289,67.87,9.96,184,3,9.52,0
TXREF-05290,124.58,18.56,180,4,0.78,0
TXREF-05291,49.2,13.48,1111,2,10.56,0
TXREF-05292,18.24,18.07,481,2,6.13,0
TXREF-05293,44.44,15.88,327,3,1.02,0
TXREF-05294,199.89,12.55,717,2,3.22,0
TXREF-05295,37.48,0.6,18,3,5.07,0
TXREF-05296,99.74,19.73,429,4,5.24,0
TXREF-05297,20.43,6.98,511,2,1.34,0
TXREF-05298,33.77,13.22,556,3,18.73,0
TXREF-05299,54.38,14.61,415,3,9.02,0
TXREF-05300,46.34,20.03,301,1,14.33,0
TXREF-05301,20.05,12.73,28,2,6.07,0
TXREF-05302,19.44,22.52,61,2,4.37,0
TXREF-05303,70.92,16.43,11,1,14.86,0
TXREF-05304,82.1,21.18,273,3,6.36,0
TXREF-05305,103.41,20.16,272,1,13.14,0
TXREF-05306,127.59,14.76,335,1,9.93,0
TXREF-05307,38.36,10.34,209,2,5.95,0
TXREF-05308,27.83,15.75,232,1,30.91,0
TXREF-05309,92.09,0.2,680,5,20.86,0
TXREF-05310,58.17,10.17,104,2,19.3,0
TXREF-05311,17.16,0.11,81,1,3.22,0
TXREF-05312,16.54,16.73,499,4,1.13,0
TXREF-05313,49.61,7.53,536,3,4.05,0
TXREF-05314,30.64,20.66,680,2,3.67,0
TXREF-05315,34.16,17.44,3,4,38.5,0
TXREF-05316,75.36,12.94,403,3,0.44,0
TXREF-05317,60.13,20.83,171,2,53.16,0
TXREF-05318,90.7,20.27,451,1,10.88,0
TXREF-05319,8.67,12.44,630,1,12.12,0
TXREF-05320,41.78,9.15,354,2,44.33,0
TXREF-05321,57.41,20.11,11,2,42.14,1
TXREF-05322,11.6,11.17,1269,3,10.95,0
TXREF-05323,21.73,9.29,745,3,8.35,0
TXREF-05324,19.01,14.91,194,7,10.5,0
TXREF-05325,35.36,21.34,390,2,9.89,0
TXREF-05326,112.4,18.76,611,5,8.18,0
TXREF-05327,149.35,12.78,716,2,12.91,0
TXREF-05328,19.37,12.82,332,3,3.09,0
TXREF-05329,50.86,15.07,593,4,13.39,0
TXREF-05330,52.06,23.14,514,2,1.83,0
TXREF-05331,46.02,14.74,633,6,6.08,0
TXREF-05332,46.4,14.87,646,3,11.5,0
TXREF-05333,43.32,1.36,3,3,0.68,0
TXREF-05334,117.34,12.67,156,2,0.66,0
TXREF-05335,77.0,16.66,319,2,8.17,0
TXREF-05336,16.23,12.85,573,2,0.91,0
TXREF-05337,61.74,16.57,523,3,6.61,0
TXREF-05338,66.19,18.44,73,2,3.51,0
TXREF-05339,43.68,11.83,625,2,9.74,0
TXREF-05340,78.62,21.69,536,2,17.94,0
TXREF-05341,39.86,11.72,545,2,1.35,0
TXREF-05342,40.22,11.74,64,2,26.16,1
TXREF-05343,37.99,15.73,808,2,5.71,0
TXREF-05344,8.14,15.41,462,2,13.02,0
TXREF-05345,32.86,14.23,542,7,34.07,0
TXREF-05346,21.52,16.62,209,3,9.71,0
TXREF-05347,14.82,22.12,264,3,4.76,0
TXREF-05348,97.76,20.61,18,2,5.43,0
TXREF-05349,50.05,13.83,383,1,7.81,0
TXREF-05350,34.07,20.06,49,3,13.76,0
TXREF-05351,23.18,23.02,71,1,31.15,0
TXREF-05352,43.09,15.51,214,3,12.1,0
TXREF-05353,71.08,15.56,126,4,0.56,0
TXREF-05354,19.19,14.66,803,3,31.35,0
TXREF-05355,34.69,11.28,75,1,7.8,0
TXREF-05356,65.04,17.55,65,4,17.69,0
TXREF-05357,8.64,20.2,636,3,9.27,0
TXREF-05358,33.4,17.16,21,3,0.96,0
TXREF-05359,25.56,19.79,286,2,0.68,0
TXREF-05360,31.62,16.77,1310,3,2.42,0
TXREF-05361,24.26,20.8,210,2,7.18,0
TXREF-05362,38.44,15.51,1024,4,1.7,0
TXREF-05363,139.07,21.06,8,5,20.41,0
TXREF-05364,27.57,16.7,144,2,3.1,0
TXREF-05365,42.95,12.61,374,1,9.35,0
TXREF-05366,146.38,15.3,205,3,11.52,0
TXREF-05367,23.43,23.28,826,4,5.65,0
TXREF-05368,128.58,23.13,73,1,2.5,0
TXREF-05369,34.95,22.19,663,3,4.36,0
TXREF-05370,125.58,14.64,262,1,3.25,0
TXREF-05371,59.75,21.19,366,4,2.62,0
TXREF-05372,43.43,16.32,56,3,1.93,0
TXREF-05373,33.21,16.4,361,1,13.77,0
TXREF-05374,22.21,15.09,86,3,41.9,0
TXREF-05375,36.77,11.36,476,4,6.91,0
TXREF-05376,66.43,20.03,20,2,8.73,0
TXREF-05377,34.49,15.48,1869,1,4.88,0
TXREF-05378,27.72,16.66,535,2,4.41,0
TXREF-05379,29.06,16.25,249,3,2.05,0
TXREF-05380,71.14,11.84,137,2,17.72,1
TXREF-05381,84.11,13.52,546,2,7.43,0
TXREF-05382,21.53,18.78,794,3,10.0,0
TXREF-05383,21.51,9.55,282,1,4.82,0
TXREF-05384,45.75,14.26,773,1,0.91,0
TXREF-05385,104.57,18.35,549,2,2.48,0
TXREF-05386,79.45,14.32,203,2,9.58,0
TXREF-05387,14.14,20.11,885,3,8.16,0
TXREF-05388,28.79,13.47,84,2,6.4,0
TXREF-05389,17.81,14.1,159,4,12.09,0
TXREF-05390,28.71,10.83,793,3,1.74,0
TXREF-05391,110.52,12.89,1391,2,16.4,0
TXREF-05392,12.5,10.19,258,2,44.66,0
TXREF-05393,10.85,9.05,193,2,19.94,0
TXREF-05394,19.17,10.25,266,3,4.38,0
TXREF-05395,42.81,14.27,365,3,25.57,0
TXREF-05396,54.43,0.92,495,2,9.55,0
TXREF-05397,47.7,12.4,51,5,5.39,0
TXREF-05398,81.17,21.3,126,2,11.78,0
TXREF-05399,9.78,9.04,632,1,26.86,0
TXREF-05400,81.91,14.26,797,4,0.42,0
TXREF-05401,27.81,16.71,24,3,0.67,0
TXREF-05402,58.95,18.82,110,2,1.15,0
TXREF-05403,13.43,15.65,527,2,3.77,0
TXREF-05404,34.94,22.81,1082,3,10.18,0
TXREF-05405,41.27,12.0,245,4,29.89,0
TXREF-05406,80.01,18.09,30,5,1.6,0
TXREF-05407,11.12,20.74,140,1,29.1,0
TXREF-05408,35.59,23.75,71,3,3.71,0
TXREF-05409,15.94,13.66,234,3,13.45,0
TXREF-05410,50.1,15.8,893,5,4.62,0
TXREF-05411,60.92,14.16,285,2,1.39,0
TXREF-05412,87.95,14.72,108,2,20.94,0
TXREF-05413,23.68,13.21,205,3,2.29,0
TXREF-05414,67.87,21.69,1015,1,1.24,0
TXREF-05415,92.74,17.19,264,5,21.39,0
TXREF-05416,10.66,7.76,178,3,11.51,0
TXREF-05417,54.1,15.53,970,4,26.38,0
TXREF-05418,69.42,12.47,243,2,33.08,0
TXREF-05419,28.9,22.68,25,2,11.26,1
TXREF-05420,14.56,21.39,322,2,1.6,0
TXREF-05421,68.64,13.88,98,2,1.23,0
TXREF-05422,14.68,14.32,733,5,2.19,0
TXREF-05423,30.62,16.37,49,2,38.06,0
TXREF-05424,33.82,16.59,26,4,9.19,0
TXREF-05425,58.28,9.05,358,1,4.23,0
TXREF-05426,22.17,15.21,486,3,15.59,0
TXREF-05427,21.27,16.33,561,1,12.66,0
TXREF-05428,37.38,14.7,873,5,6.44,0
TXREF-05429,71.85,15.61,550,1,14.29,0
TXREF-05430,180.72,22.95,17,3,1.67,0
TXREF-05431,11.76,21.55,21,3,92.53,0
TXREF-05432,43.69,18.37,50,3,0.47,0
TXREF-05433,15.92,13.1,750,3,2.14,0
TXREF-05434,72.5,21.11,669,1,2.74,0
TXREF-05435,17.71,9.91,1656,1,3.61,0
TXREF-05436,21.42,19.0,280,2,4.57,0
TXREF-05437,22.78,12.05,115,2,19.12,0
TXREF-05438,32.95,22.19,18,1,9.17,1
TXREF-05439,43.93,13.05,637,2,4.08,0
TXREF-05440,49.32,14.37,502,3,19.86,0
TXREF-05441,34.67,22.09,127,2,3.43,1
TXREF-05442,13.36,21.08,12,3,5.61,0
TXREF-05443,58.79,20.49,288,4,2.57,0
TXREF-05444,33.51,18.61,261,2,1.05,0
TXREF-05445,80.35,21.92,22,3,4.38,0
TXREF-05446,20.91,5.54,344,3,7.84,0
TXREF-05447,10.98,22.24,812,3,49.01,0
TXREF-05448,33.97,23.7,1386,5,4.02,0
TXREF-05449,88.51,16.22,112,3,5.17,0
TXREF-05450,39.09,16.84,185,4,2.76,0
TXREF-05451,30.15,14.17,395,5,0.9,0
TXREF-05452,18.6,19.36,523,2,2.5,0
TXREF-05453,123.42,14.92,180,2,2.88,0
TXREF-05454,16.59,11.89,184,2,17.68,0
TXREF-05455,20.65,16.74,122,3,4.47,0
TXREF-05456,52.48,16.95,607,5,4.88,0
TXREF-05457,9.15,20.0,325,2,21.06,0
TXREF-05458,87.16,21.96,479,4,13.5,0
TXREF-05459,54.57,20.55,149,6,12.04,0
TXREF-05460,66.52,18.46,408,2,22.39,0
TXREF-05461,52.03,17.76,28,3,1.57,0
TXREF-05462,31.0,9.27,4,5,0.6,0
TXREF-05463,16.19,11.99,587,2,6.52,0
TXREF-05464,31.47,11.84,1462,2,3.39,0
TXREF-05465,17.25,11.59,774,3,21.15,0
TXREF-05466,49.4,7.24,19,3,5.15,1
TXREF-05467,62.23,20.05,234,2,61.32,0
TXREF-05468,100.82,23.69,604,1,26.84,0
TXREF-05469,45.5,20.67,162,2,14.25,0
TXREF-05470,67.74,7.79,122,2,22.25,0
TXREF-05471,28.11,16.77,55,1,2.02,0
TXREF-05472,24.67,21.11,8,3,2.38,0
TXREF-05473,48.96,21.91,1079,3,1.66,0
TXREF-05474,26.36,21.17,668,4,4.22,0
TXREF-05475,42.26,15.88,506,2,0.98,0
TXREF-05476,16.22,19.32,1763,4,1.52,0
TXREF-05477,18.45,21.32,495,2,3.21,0
TXREF-05478,55.01,9.87,411,3,0.61,0
TXREF-05479,65.92,21.12,647,7,4.69,0
TXREF-05480,17.12,16.46,590,2,1.01,0
TXREF-05481,56.42,16.98,769,2,3.29,0
TXREF-05482,23.72,18.69,93,1,0.73,0
TXREF-05483,35.23,23.15,1392,4,21.81,0
TXREF-05484,96.56,15.98,81,3,20.49,1
TXREF-05485,62.26,20.6,104,3,1.97,0
TXREF-05486,61.75,23.36,323,2,5.34,0
TXREF-05487,137.6,18.43,164,3,32.79,0
TXREF-05488,20.97,19.45,12,3,34.38,0
TXREF-05489,17.12,16.57,74,3,3.91,0
TXREF-05490,20.7,15.22,392,4,2.14,0
TXREF-05491,28.98,12.71,232,3,53.07,0
TXREF-05492,6.39,12.08,1362,2,1.62,0
TXREF-05493,29.98,11.44,228,6,13.9,0
TXREF-05494,23.52,15.98,199,2,4.02,0
TXREF-05495,61.21,18.99,807,2,3.88,0
TXREF-05496,44.87,12.86,552,3,2.79,0
TXREF-05497,22.59,11.69,45,3,8.91,0
TXREF-05498,53.24,9.25,457,3,6.04,0
TXREF-05499,58.6,14.78,1345,1,1.29,0
TXREF-05500,20.02,17.93,952,5,5.78,0
TXREF-05501,24.41,21.3,515,1,2.7,0
TXREF-05502,7.01,21.0,1124,2,5.23,0
TXREF-05503,15.87,20.11,219,2,10.45,0
TXREF-05504,20.4,14.29,325,2,3.48,0
TXREF-05505,36.72,18.1,1705,2,4.32,0
TXREF-05506,17.63,10.45,646,1,2.76,0
TXREF-05507,24.05,12.59,486,1,9.48,0
TXREF-05508,14.41,19.47,174,2,5.41,0
TXREF-05509,39.38,10.56,1257,2,9.39,0
TXREF-05510,47.3,13.89,244,5,6.63,0
TXREF-05511,46.51,16.02,642,2,46.38,0
TXREF-05512,35.12,14.26,913,4,9.48,0
TXREF-05513,11.48,20.95,742,3,6.68,0
TXREF-05514,22.28,17.94,17,3,7.31,1
TXREF-05515,25.96,15.53,191,1,39.38,0
TXREF-05516,26.04,18.45,982,3,25.27,0
TXREF-05517,36.74,18.89,149,3,27.53,0
TXREF-05518,97.16,13.5,1685,3,5.99,0
TXREF-05519,62.47,21.7,219,2,13.69,0
TXREF-05520,17.1,18.18,112,2,5.42,0
TXREF-05521,56.74,17.53,88,3,12.78,0
TXREF-05522,55.2,13.96,41,2,5.77,0
TXREF-05523,19.48,14.44,50,3,5.28,0
TXREF-05524,64.15,21.29,92,4,4.1,0
TXREF-05525,31.02,17.64,1521,2,7.92,0
TXREF-05526,12.61,19.89,129,2,16.9,0
TXREF-05527,48.32,14.12,238,2,17.38,0
TXREF-05528,40.7,17.59,739,2,3.15,0
TXREF-05529,29.55,16.07,346,2,5.73,0
TXREF-05530,33.89,19.63,116,3,1.91,0
TXREF-05531,20.74,19.73,168,2,3.84,0
TXREF-05532,54.02,17.26,383,3,2.98,0
TXREF-05533,33.74,21.72,89,4,1.48,0
TXREF-05534,39.25,15.25,1196,1,4.46,0
TXREF-05535,45.02,10.86,471,4,40.38,0
TXREF-05536,15.16,20.27,70,4,5.75,0
TXREF-05537,18.29,14.49,1524,3,17.41,0
TXREF-05538,7.09,20.16,473,2,6.26,0
TXREF-05539,52.28,9.83,2330,3,4.34,0
TXREF-05540,14.54,16.17,176,1,23.42,0
TXREF-05541,38.3,16.26,2243,3,35.51,0
TXREF-05542,45.47,12.52,240,1,1.75,0
TXREF-05543,53.72,15.48,149,2,24.77,0
TXREF-05544,14.63,16.14,420,3,7.98,0
TXREF-05545,33.22,19.33,661,4,1.67,0
TXREF-05546,115.89,20.15,497,2,4.16,0
TXREF-05547,119.62,17.08,297,1,5.66,0
TXREF-05548,70.87,16.68,77,2,13.48,0
TXREF-05549,44.39,15.82,786,5,10.22,0
TXREF-05550,16.88,11.33,890,5,4.25,0
TXREF-05551,58.41,9.74,239,3,13.58,0
TXREF-05552,31.07,21.39,488,2,3.24,0
TXREF-05553,52.12,16.97,325,2,3.96,0
TXREF-05554,22.07,17.33,38,3,50.5,0
TXREF-05555,30.74,23.41,210,5,1.08,0
TXREF-05556,39.18,12.56,287,1,15.29,0
TXREF-05557,41.57,11.43,30,2,1.86,0
TXREF-05558,49.67,20.3,35,1,9.56,0
TXREF-05559,22.94,20.18,90,1,6.94,0
TXREF-05560,13.23,17.54,1241,3,3.09,0
TXREF-05561,112.15,12.46,2,2,5.74,1
TXREF-05562,208.99,12.73,403,2,2.19,0
TXREF-05563,48.05,20.58,362,2,11.08,0
TXREF-05564,13.42,18.96,18,3,13.86,1
TXREF-05565,19.95,23.48,424,2,23.98,0
TXREF-05566,50.23,18.7,647,6,39.55,0
TXREF-05567,91.43,10.41,75,1,4.43,1
TXREF-05568,14.54,12.61,60,5,3.2,0
TXREF-05569,31.83,21.9,80,1,3.35,0
TXREF-05570,40.09,13.75,513,1,26.55,0
TXREF-05571,64.88,20.9,105,1,3.79,0
TXREF-05572,27.18,14.34,67,2,10.98,0
TXREF-05573,11.29,15.97,309,2,1.52,0
TXREF-05574,54.45,12.71,753,3,5.76,0
TXREF-05575,78.25,15.2,16,3,8.61,0
TXREF-05576,32.8,14.25,421,3,4.84,0
TXREF-05577,46.61,9.56,625,2,3.75,0
TXREF-05578,24.74,15.55,711,3,1.12,0
TXREF-05579,18.94,14.31,493,2,43.19,0
TXREF-05580,72.9,18.74,61,2,8.14,1
TXREF-05581,46.02,20.9,75,4,51.82,0
TXREF-05582,49.55,18.17,364,2,12.3,0
TXREF-05583,102.67,13.22,460,5,19.0,1
TXREF-05584,16.29,19.63,250,3,4.6,0
TXREF-05585,23.4,20.69,198,3,6.86,0
TXREF-05586,39.01,5.28,673,1,7.17,0
TXREF-05587,23.19,15.56,631,1,6.96,0
TXREF-05588,61.18,17.06,556,3,44.06,0
TXREF-05589,30.42,13.31,853,2,5.26,0
TXREF-05590,17.04,19.14,163,5,7.15,0
TXREF-05591,36.5,19.29,301,5,3.35,0
TXREF-05592,39.36,19.45,103,5,8.62,0
TXREF-05593,68.24,14.43,88,4,3.12,0
TXREF-05594,46.2,20.26,291,5,4.42,0
TXREF-05595,48.52,10.04,592,2,41.33,0
TXREF-05596,43.84,21.47,447,1,5.5,0
TXREF-05597,30.4,12.57,500,3,2.12,0
TXREF-05598,20.79,17.37,74,1,31.41,0
TXREF-05599,42.86,17.81,55,1,5.58,0
TXREF-05600,27.39,14.52,457,3,19.96,0
TXREF-05601,117.53,14.1,692,2,20.45,0
TXREF-05602,91.5,20.29,362,1,9.95,0
TXREF-05603,54.91,18.55,369,1,9.89,0
TXREF-05604,45.72,20.62,363,2,3.25,0
TXREF-05605,32.68,13.54,1096,4,6.81,0
TXREF-05606,14.04,20.78,605,1,26.82,0
TXREF-05607,29.8,20.86,234,4,4.86,0
TXREF-05608,37.45,21.65,187,3,2.47,0
TXREF-05609,41.07,15.93,21,1,1.05,0
TXREF-05610,48.82,14.65,1154,3,7.5,0
TXREF-05611,67.58,17.47,168,2,2.9,0
TXREF-05612,21.15,10.41,17,3,29.33,0
TXREF-05613,21.29,0.44,460,2,10.17,0
TXREF-05614,98.95,18.62,176,6,7.84,0
TXREF-05615,60.65,11.12,440,2,7.61,0
TXREF-05616,26.28,11.71,323,2,6.01,0
TXREF-05617,32.23,19.59,784,3,7.82,0
TXREF-05618,32.33,14.49,303,3,1.81,0
TXREF-05619,35.61,18.49,315,2,13.12,0
TXREF-05620,48.93,15.75,562,3,5.13,0
TXREF-05621,215.98,19.61,290,3,8.68,0
TXREF-05622,39.91,16.08,145,2,1.9,0
TXREF-05623,56.1,12.59,50,2,1.58,0
TXREF-05624,10.34,15.63,293,3,3.07,0
TXREF-05625,24.55,13.52,1324,3,6.03,0
TXREF-05626,84.33,11.25,192,3,28.89,0
TXREF-05627,46.51,13.77,861,3,0.19,0
TXREF-05628,1.48,12.59,1198,5,51.93,0
TXREF-05629,56.56,14.98,221,2,1.97,0
TXREF-05630,138.53,11.16,1,3,12.0,1
TXREF-05631,8.27,10.4,78,2,15.2,0
TXREF-05632,103.96,16.34,382,2,3.26,0
TXREF-05633,4.73,17.55,460,5,9.27,0
TXREF-05634,68.4,15.86,1251,3,3.31,0
TXREF-05635,34.6,11.92,611,1,5.02,0
TXREF-05636,6.41,20.82,397,2,1.45,0
TXREF-05637,48.0,11.82,88,4,3.78,0
TXREF-05638,79.73,20.55,351,4,23.07,0
TXREF-05639,45.24,11.36,563,2,29.83,0
TXREF-05640,53.04,16.83,635,2,3.4,0
TXREF-05641,25.88,16.04,815,1,3.41,0
TXREF-05642,9.11,22.88,262,1,1.76,0
TXREF-05643,57.29,17.4,121,3,13.21,0
TXREF-05644,122.71,20.43,212,3,7.1,1
TXREF-05645,78.52,9.3,40,3,4.33,0
TXREF-05646,8.32,15.95,1244,2,3.14,0
TXREF-05647,11.7,14.37,398,2,11.17,0
TXREF-05648,18.93,19.02,311,2,5.03,0
TXREF-05649,11.06,21.36,368,2,11.3,0
TXREF-05650,35.94,13.52,17,1,5.46,0
TXREF-05651,46.21,12.31,164,3,16.46,1
TXREF-05652,12.43,23.11,937,3,12.15,0
TXREF-05653,60.92,12.7,289,2,2.82,0
TXREF-05654,53.67,12.15,368,5,4.64,0
TXREF-05655,23.46,10.39,488,3,0.9,0
TXREF-05656,30.75,11.38,1007,4,8.89,0
TXREF-05657,8.55,21.74,126,4,1.99,0
TXREF-05658,27.41,15.99,1020,5,9.5,0
TXREF-05659,35.0,10.74,625,3,1.89,0
TXREF-05660,39.31,19.44,272,2,3.2,0
TXREF-05661,45.73,19.93,196,4,1.5,0
TXREF-05662,41.51,11.97,908,2,24.77,0
TXREF-05663,28.78,13.95,30,1,9.85,0
TXREF-05664,42.78,18.1,812,1,10.13,0
TXREF-05665,71.63,14.23,110,2,1.1,0
TXREF-05666,32.5,18.83,138,3,4.51,0
TXREF-05667,43.76,13.78,445,3,11.18,0
TXREF-05668,30.45,17.22,640,2,15.91,0
TXREF-05669,21.85,20.04,15,1,3.72,0
TXREF-05670,50.73,14.34,938,4,3.09,0
TXREF-05671,23.34,11.01,190,3,2.25,0
TXREF-05672,45.97,11.39,176,2,16.92,0
TXREF-05673,35.53,21.79,963,1,0.78,0
TXREF-05674,27.97,9.75,247,3,7.1,0
TXREF-05675,27.49,14.51,42,2,0.4,0
TXREF-05676,24.15,13.03,979,3,15.46,0
TXREF-05677,10.64,14.75,85,1,2.47,0
TXREF-05678,45.86,9.8,3,2,19.7,1
TXREF-05679,41.13,16.25,808,4,1.82,0
TXREF-05680,64.18,19.43,758,2,8.0,0
TXREF-05681,23.74,17.14,636,3,10.37,0
TXREF-05682,136.28,20.09,333,3,3.87,0
TXREF-05683,26.49,20.22,747,1,0.93,0
TXREF-05684,18.54,12.87,453,3,2.44,0
TXREF-05685,17.02,15.56,550,2,2.46,0
TXREF-05686,9.99,13.24,365,2,13.54,0
TXREF-05687,104.95,8.43,1003,4,4.66,0
TXREF-05688,93.43,16.62,162,3,14.35,0
TXREF-05689,53.65,20.83,201,2,34.88,0
TXREF-05690,18.26,9.3,292,2,0.64,0
TXREF-05691,128.27,12.37,1129,3,7.56,0
TXREF-05692,27.02,13.32,21,2,3.87,0
TXREF-05693,28.68,20.73,183,3,11.94,0
TXREF-05694,97.99,14.08,17,3,4.31,0
TXREF-05695,55.95,18.38,435,3,6.5,0
TXREF-05696,169.83,9.88,211,1,1.53,0
TXREF-05697,41.64,13.51,678,3,2.23,0
TXREF-05698,26.16,11.19,41,2,6.88,0
TXREF-05699,22.41,18.02,302,1,1.15,0
TXREF-05700,9.21,12.2,1668,3,1.7,0
TXREF-05701,28.49,12.9,60,1,7.29,0
TXREF-05702,79.37,22.28,95,1,6.35,1
TXREF-05703,53.58,18.24,208,3,3.39,0
TXREF-05704,35.33,18.71,1213,3,4.69,0
TXREF-05705,17.01,8.74,1352,3,3.5,0
TXREF-05706,40.99,22.32,58,3,4.07,1
TXREF-05707,72.18,14.86,23,4,2.61,0
TXREF-05708,47.47,13.84,214,2,1.12,0
TXREF-05709,39.25,20.76,645,2,15.92,0
TXREF-05710,19.61,18.11,169,5,10.98,0
TXREF-05711,65.0,19.41,71,2,1.01,0
TXREF-05712,3.65,16.87,300,4,1.58,0
TXREF-05713,45.86,14.66,56,5,43.18,0
TXREF-05714,221.55,21.17,194,3,10.57,0
TXREF-05715,11.75,12.72,1,2,22.26,0
TXREF-05716,29.26,8.83,80,1,2.1,0
TXREF-05717,34.62,13.15,173,2,14.31,0
TXREF-05718,24.95,21.17,320,2,2.84,0
TXREF-05719,73.42,18.17,481,2,1.79,0
TXREF-05720,48.92,12.36,162,3,7.47,0
TXREF-05721,38.85,15.57,36,2,1.74,0
TXREF-05722,61.81,9.27,254,4,3.82,0
TXREF-05723,35.24,17.46,331,1,3.31,0
TXREF-05724,343.61,16.48,244,3,0.46,0
TXREF-05725,38.82,13.1,857,4,0.84,0
TXREF-05726,40.07,19.75,119,3,7.21,0
TXREF-05727,10.16,17.42,138,3,2.87,0
TXREF-05728,23.54,10.67,61,1,13.73,1
TXREF-05729,79.53,13.65,334,2,7.18,0
TXREF-05730,13.31,22.76,6,4,5.12,0
TXREF-05731,7.36,20.33,1699,2,35.13,0
TXREF-05732,35.63,16.95,732,2,10.27,0
TXREF-05733,93.4,8.09,88,2,7.29,0
TXREF-05734,35.89,18.26,222,1,11.42,0
TXREF-05735,27.33,11.97,52,2,9.25,0
TXREF-05736,9.13,18.24,202,4,5.43,0
TXREF-05737,48.21,15.84,981,3,7.73,0
TXREF-05738,56.04,15.56,503,1,3.07,0
TXREF-05739,9.65,21.51,134,4,13.72,0
TXREF-05740,78.8,12.84,569,2,4.27,0
TXREF-05741,60.42,15.99,722,1,10.78,0
TXREF-05742,78.67,9.78,27,5,3.67,0
TXREF-05743,52.99,21.59,275,2,0.55,0
TXREF-05744,55.74,10.71,11,4,8.5,0
TXREF-05745,50.65,10.53,221,2,60.5,0
TXREF-05746,65.06,16.0,136,1,2.24,0
TXREF-05747,9.4,18.13,201,2,5.07,0
TXREF-05748,11.81,23.64,186,3,7.97,0
TXREF-05749,20.49,18.72,373,2,9.02,0
TXREF-05750,31.71,11.05,248,2,14.91,0
TXREF-05751,46.04,10.7,474,3,3.77,0
TXREF-05752,43.98,14.99,595,4,3.14,0
TXREF-05753,77.81,13.78,483,2,1.95,0
TXREF-05754,79.59,15.36,495,1,9.78,0
TXREF-05755,18.58,15.17,654,3,14.58,0
TXREF-05756,41.34,17.52,1090,5,8.62,0
TXREF-05757,18.91,12.69,661,2,6.97,0
TXREF-05758,30.4,11.64,59,4,4.98,0
TXREF-05759,43.89,22.35,258,3,22.21,0
TXREF-05760,2.99,19.65,300,3,35.73,0
TXREF-05761,197.57,14.81,82,3,5.1,1
TXREF-05762,52.34,11.72,188,1,2.34,0
TXREF-05763,22.67,22.1,112,1,1.57,0
TXREF-05764,139.45,10.23,325,3,14.52,0
TXREF-05765,27.11,12.59,215,4,1.74,0
TXREF-05766,38.3,18.3,43,2,3.55,0
TXREF-05767,24.51,22.63,568,2,2.89,0
TXREF-05768,114.37,17.36,858,2,34.43,1
TXREF-05769,32.28,9.49,13,2,15.2,0
TXREF-05770,38.77,8.93,61,2,28.13,0
TXREF-05771,82.82,18.67,1100,2,4.09,0
TXREF-05772,53.05,21.46,240,2,18.66,0
TXREF-05773,33.48,16.33,220,5,14.96,0
TXREF-05774,77.44,19.76,100,2,9.36,0
TXREF-05775,216.53,17.88,663,4,3.02,0
TXREF-05776,43.75,16.76,271,4,6.1,0
TXREF-05777,37.87,11.34,312,1,10.01,0
TXREF-05778,39.36,23.51,171,3,4.99,0
TXREF-05779,89.43,16.52,133,1,3.04,0
TXREF-05780,22.61,22.35,666,3,41.69,0
TXREF-05781,28.49,19.77,889,2,9.79,0
TXREF-05782,11.51,19.95,786,3,5.61,0
TXREF-05783,14.84,7.85,309,5,13.97,0
TXREF-05784,23.98,15.25,811,3,20.56,0
TXREF-05785,33.44,13.67,1719,2,2.15,0
TXREF-05786,124.43,13.35,335,4,0.72,0
TXREF-05787,51.21,14.1,692,5,8.64,0
TXREF-05788,18.05,11.27,202,3,17.18,0
TXREF-05789,20.61,15.43,26,2,22.75,0
TXREF-05790,93.67,14.19,227,3,11.11,0
TXREF-05791,78.35,16.99,242,3,1.66,0
TXREF-05792,35.53,19.09,157,1,8.93,0
TXREF-05793,25.31,14.41,501,2,12.13,0
TXREF-05794,78.25,11.38,256,2,4.36,0
TXREF-05795,17.03,10.36,706,2,13.51,0
TXREF-05796,46.17,19.43,69,5,1.43,0
TXREF-05797,178.81,19.03,214,2,33.74,0
TXREF-05798,40.36,16.84,522,1,3.11,0
TXREF-05799,19.92,14.19,27,3,1.08,0
TXREF-05800,46.78,16.61,220,3,2.62,0
TXREF-05801,24.82,18.17,50,1,13.46,1
TXREF-05802,12.76,12.02,156,1,13.99,0
TXREF-05803,57.67,14.1,157,3,7.02,1
TXREF-05804,77.85,21.52,158,2,0.65,0
TXREF-05805,27.83,13.59,140,2,1.99,0
TXREF-05806,26.53,21.9,547,2,4.02,0
TXREF-05807,17.42,22.85,5,2,4.23,1
TXREF-05808,31.25,14.43,79,4,1.67,0
TXREF-05809,23.22,15.85,1351,1,4.88,0
TXREF-05810,16.81,11.9,710,3,17.47,0
TXREF-05811,135.96,14.33,303,1,6.41,0
TXREF-05812,48.71,13.31,809,2,29.69,0
TXREF-05813,52.57,14.1,127,2,5.59,0
TXREF-05814,65.76,20.34,350,3,29.61,0
TXREF-05815,60.65,18.04,130,1,39.79,0
TXREF-05816,25.86,13.98,115,1,9.14,0
TXREF-05817,42.36,23.17,30,1,7.04,0
TXREF-05818,28.68,13.34,5,2,24.1,0
TXREF-05819,47.74,21.04,546,3,20.42,0
TXREF-05820,44.52,12.48,287,4,4.41,0
TXREF-05821,26.43,6.79,252,6,4.32,0
TXREF-05822,13.37,19.71,644,2,9.89,0
TXREF-05823,38.68,11.29,338,2,1.55,0
TXREF-05824,30.05,16.88,689,2,10.12,0
TXREF-05825,8.93,11.82,360,2,6.3,0
TXREF-05826,50.17,19.74,313,2,1.85,0
TXREF-05827,69.76,13.85,61,5,3.93,0
TXREF-05828,214.95,17.2,90,2,10.53,1
TXREF-05829,26.27,13.32,329,1,4.87,0
TXREF-05830,23.62,11.9,97,2,8.41,0
TXREF-05831,15.66,18.26,351,4,13.25,0
TXREF-05832,40.46,12.78,235,3,33.23,0
TXREF-05833,40.27,7.83,32,1,4.07,0
TXREF-05834,19.41,18.02,72,3,5.3,0
TXREF-05835,30.69,18.35,738,2,7.29,0
TXREF-05836,8.38,20.91,734,3,49.21,0
TXREF-05837,67.83,21.84,32,4,19.65,0
TXREF-05838,19.99,13.22,1008,3,2.32,0
TXREF-05839,33.96,20.93,24,2,1.22,0
TXREF-05840,12.46,10.44,41,2,24.87,0
TXREF-05841,22.89,14.32,1,3,7.58,0
TXREF-05842,28.47,16.2,84,3,29.63,0
TXREF-05843,34.53,21.38,7,6,32.45,0
TXREF-05844,49.18,11.54,419,1,3.72,0
TXREF-05845,98.11,18.35,126,1,5.72,0
TXREF-05846,59.0,13.01,705,7,14.06,0
TXREF-05847,69.6,13.0,596,2,2.54,0
TXREF-05848,98.61,16.98,644,5,6.97,0
TXREF-05849,52.47,15.29,126,4,5.0,0
TXREF-05850,33.91,15.77,41,2,3.73,0
TXREF-05851,71.99,15.06,515,4,13.06,0
TXREF-05852,75.38,17.07,357,1,5.66,0
TXREF-05853,55.53,18.17,14,4,2.55,0
TXREF-05854,12.22,13.08,352,3,17.23,0
TXREF-05855,18.99,16.62,83,1,21.95,0
TXREF-05856,28.56,21.83,763,2,17.89,0
TXREF-05857,61.03,6.79,253,4,3.33,0
TXREF-05858,34.28,18.1,525,2,9.75,0
TXREF-05859,78.93,12.93,486,1,7.23,0
TXREF-05860,89.74,14.81,61,5,6.88,0
TXREF-05861,82.55,16.02,52,3,11.1,1
TXREF-05862,82.93,9.93,289,3,12.48,0
TXREF-05863,16.5,11.72,837,2,34.72,0
TXREF-05864,49.28,16.06,255,1,10.84,0
TXREF-05865,22.48,12.35,136,2,9.49,0
TXREF-05866,10.62,12.93,564,1,9.86,0
TXREF-05867,28.3,11.62,187,2,39.55,0
TXREF-05868,90.36,21.01,73,5,1.4,0
TXREF-05869,48.51,22.63,99,3,20.57,0
TXREF-05870,148.83,12.45,61,5,11.61,1
TXREF-05871,39.55,16.19,52,5,6.63,0
TXREF-05872,202.84,13.22,575,2,9.27,1
TXREF-05873,39.56,12.92,236,3,30.17,0
TXREF-05874,35.38,13.84,164,3,11.2,0
TXREF-05875,13.86,16.06,1027,4,11.82,0
TXREF-05876,77.45,11.14,304,3,6.19,0
TXREF-05877,24.25,21.17,35,3,16.6,0
TXREF-05878,21.85,21.99,350,3,17.23,0
TXREF-05879,87.57,20.06,291,2,0.71,0
TXREF-05880,80.15,14.11,350,4,9.14,0
TXREF-05881,78.66,13.73,21,2,103.43,1
TXREF-05882,26.82,15.53,808,1,40.3,0
TXREF-05883,33.56,21.48,73,2,22.09,1
TXREF-05884,33.34,18.85,685,3,6.8,0
TXREF-05885,61.16,17.14,2172,3,24.37,0
TXREF-05886,106.54,11.94,47,2,9.04,0
TXREF-05887,45.38,14.1,1291,2,1.02,0
TXREF-05888,144.3,12.22,28,3,5.78,0
TXREF-05889,66.42,14.96,132,4,1.28,0
TXREF-05890,29.4,14.2,236,1,6.2,0
TXREF-05891,63.22,14.73,717,2,81.28,0
TXREF-05892,118.9,10.71,218,1,3.16,0
TXREF-05893,146.76,12.46,893,4,17.21,0
TXREF-05894,81.82,17.67,996,2,1.39,0
TXREF-05895,35.46,21.72,460,6,8.19,0
TXREF-05896,29.78,5.54,212,4,1.09,0
TXREF-05897,52.71,13.52,101,1,1.45,0
TXREF-05898,116.19,21.72,244,2,13.44,0
TXREF-05899,47.58,21.4,153,2,5.22,0
TXREF-05900,48.29,12.13,860,4,5.6,0
TXREF-05901,36.13,23.64,200,3,6.16,1
TXREF-05902,27.49,16.18,74,1,0.59,0
TXREF-05903,30.98,8.38,721,4,3.78,0
TXREF-05904,38.38,21.41,550,2,6.03,0
TXREF-05905,119.94,15.27,305,2,9.34,0
TXREF-05906,29.29,22.6,94,2,0.33,0
TXREF-05907,36.16,12.59,296,2,19.03,0
TXREF-05908,18.67,21.8,110,4,1.91,0
TXREF-05909,58.32,11.59,2021,4,11.15,0
TXREF-05910,93.13,3.17,548,2,6.6,0
TXREF-05911,112.13,16.38,1560,2,17.53,0
TXREF-05912,40.3,15.73,775,1,33.76,0
TXREF-05913,52.64,16.36,1396,2,6.67,0
TXREF-05914,31.17,16.23,82,1,8.22,0
TXREF-05915,50.92,14.61,275,4,0.47,0
TXREF-05916,43.64,13.17,929,6,2.62,0
TXREF-05917,36.3,13.29,594,2,2.11,0
TXREF-05918,38.44,12.53,209,1,5.67,0
TXREF-05919,48.2,12.72,396,1,5.69,0
TXREF-05920,28.17,8.2,57,2,5.39,0
TXREF-05921,29.24,10.11,451,3,8.61,0
TXREF-05922,119.02,13.48,13,2,65.59,1
TXREF-05923,245.08,6.83,363,3,14.61,1
TXREF-05924,14.63,7.57,474,4,12.28,0
TXREF-05925,14.06,21.78,1418,2,6.36,0
TXREF-05926,17.48,13.59,250,2,6.47,0
TXREF-05927,32.32,13.0,723,2,10.0,0
TXREF-05928,66.35,6.38,35,1,6.28,0
TXREF-05929,53.29,19.31,17,4,42.36,1
TXREF-05930,39.4,9.4,356,1,2.5,0
TXREF-05931,50.95,11.38,379,3,13.4,0
TXREF-05932,21.15,9.96,1117,1,2.82,0
TXREF-05933,29.2,18.35,7,1,9.69,0
TXREF-05934,34.31,15.35,18,3,10.96,0
TXREF-05935,11.13,12.49,350,2,9.76,0
TXREF-05936,15.09,12.26,604,2,4.95,0
TXREF-05937,15.53,14.57,573,2,1.61,0
TXREF-05938,60.35,15.33,1,1,4.16,0
TXREF-05939,41.54,15.22,817,3,10.27,0
TXREF-05940,54.05,12.24,318,3,0.55,0
TXREF-05941,9.26,20.53,1007,2,9.17,0
TXREF-05942,11.96,15.55,269,2,4.59,0
TXREF-05943,56.12,12.1,1073,4,1.53,0
TXREF-05944,4.71,7.43,110,2,7.27,0
TXREF-05945,84.08,0.79,215,4,34.19,0
TXREF-05946,9.37,22.63,617,3,21.5,0
TXREF-05947,63.89,14.25,680,1,2.4,0
TXREF-05948,18.36,20.03,57,2,65.02,0
TXREF-05949,74.08,12.12,88,3,11.56,0
TXREF-05950,350.68,9.85,38,3,15.15,1
TXREF-05951,6.78,17.8,3225,4,6.67,0
TXREF-05952,57.44,12.55,321,2,4.34,0
TXREF-05953,9.47,21.53,882,3,1.03,0
TXREF-05954,47.34,14.11,14,2,34.66,0
TXREF-05955,30.0,15.13,243,2,9.41,0
TXREF-05956,38.22,14.13,1360,1,4.89,0
TXREF-05957,18.06,20.8,374,1,21.59,0
TXREF-05958,61.07,18.57,1965,4,7.98,0
TXREF-05959,12.27,17.53,537,2,1.54,0
TXREF-05960,85.11,21.88,462,3,6.12,0
TXREF-05961,25.93,16.74,217,2,3.59,0
TXREF-05962,12.68,15.59,47,1,3.8,0
TXREF-05963,109.77,21.12,1201,2,33.1,0
TXREF-05964,33.17,19.48,300,2,10.98,0
TXREF-05965,137.48,18.51,331,3,14.42,0
TXREF-05966,83.88,16.89,268,2,23.58,0
TXREF-05967,19.6,12.26,135,3,13.53,0
TXREF-05968,32.75,21.11,763,1,13.43,0
TXREF-05969,37.98,17.11,524,1,12.27,0
TXREF-05970,104.47,18.35,766,1,7.4,0
TXREF-05971,47.7,7.51,164,2,7.49,0
TXREF-05972,39.52,17.48,213,1,2.83,0
TXREF-05973,30.15,13.18,363,1,4.34,0
TXREF-05974,33.57,8.21,915,2,9.09,0
TXREF-05975,89.06,15.5,576,4,8.03,0
TXREF-05976,34.91,16.91,179,2,2.99,0
TXREF-05977,26.2,12.88,678,2,5.22,0
TXREF-05978,23.19,16.74,32,4,4.24,0
TXREF-05979,23.37,19.48,199,1,23.35,0
TXREF-05980,12.69,11.86,319,2,5.83,0
TXREF-05981,20.28,19.07,26,4,3.8,0
TXREF-05982,102.4,9.16,1082,2,1.91,0
TXREF-05983,30.0,15.33,954,5,1.78,0
TXREF-05984,57.81,21.53,31,3,1.22,0
TXREF-05985,5.84,16.79,143,2,11.35,0
TXREF-05986,52.41,18.78,113,2,1.74,0
TXREF-05987,31.0,11.4,1037,1,1.96,0
TXREF-05988,24.62,20.88,176,3,0.54,0
TXREF-05989,39.66,22.63,187,3,2.99,0
TXREF-05990,24.36,21.16,45,2,0.93,0
TXREF-05991,7.54,12.15,98,4,1.04,0
TXREF-05992,67.63,15.31,55,2,13.53,0
TXREF-05993,41.47,19.37,30,2,5.99,1
TXREF-05994,27.77,19.95,626,3,3.25,0
TXREF-05995,17.36,12.86,519,1,16.51,0
TXREF-05996,12.08,14.98,2567,2,4.34,0
TXREF-05997,40.9,17.02,155,7,1.48,0
TXREF-05998,111.24,19.94,83,2,13.88,1
TXREF-05999,40.3,13.46,94,4,12.83,0
TXREF-06000,12.86,14.24,161,3,2.34,0
TXREF-06001,40.94,21.76,391,1,3.16,0
TXREF-06002,33.5,13.33,262,2,3.43,0
TXREF-06003,64.85,12.91,129,2,35.67,0
TXREF-06004,53.88,20.66,642,3,3.35,0
TXREF-06005,4.06,12.7,114,2,3.87,0
TXREF-06006,51.55,10.37,83,3,2.59,0
TXREF-06007,16.9,22.65,532,1,2.46,0
TXREF-06008,12.51,15.65,424,2,10.05,0
TXREF-06009,30.4,20.01,734,3,26.6,0
TXREF-06010,46.8,15.18,124,2,2.37,0
TXREF-06011,10.68,12.67,959,3,0.4,0
TXREF-06012,57.82,12.0,112,2,6.62,0
TXREF-06013,60.32,19.76,472,5,0.32,0
TXREF-06014,36.01,15.77,592,2,4.38,0
TXREF-06015,18.64,13.22,97,3,5.81,0
TXREF-06016,17.2,19.17,106,1,1.19,0
TXREF-06017,72.87,18.56,135,3,7.23,0
TXREF-06018,11.73,14.06,191,2,4.92,0
TXREF-06019,74.92,16.37,1026,3,0.8,0
TXREF-06020,30.91,9.25,488,2,2.18,0
TXREF-06021,32.49,14.85,287,5,5.54,0
TXREF-06022,10.18,14.71,90,5,15.97,1
TXREF-06023,31.32,19.25,78,1,3.02,0
TXREF-06024,54.15,12.12,113,2,3.88,0
TXREF-06025,13.3,11.64,31,3,1.87,0
TXREF-06026,49.85,14.45,95,3,7.24,0
TXREF-06027,37.12,17.61,327,2,5.04,0
TXREF-06028,21.9,17.83,498,2,10.07,0
TXREF-06029,64.42,21.38,14,1,2.82,0
TXREF-06030,7.13,13.4,2,5,2.17,0
TXREF-06031,44.68,22.15,250,4,3.83,0
TXREF-06032,111.72,14.35,14,3,4.74,0
TXREF-06033,98.18,21.33,289,2,8.02,0
TXREF-06034,46.09,19.03,86,1,10.57,0
TXREF-06035,28.02,8.28,341,4,8.99,0
TXREF-06036,22.03,10.52,257,2,3.7,0
TXREF-06037,27.99,14.46,188,4,17.89,0
TXREF-06038,51.5,19.41,520,5,7.47,0
TXREF-06039,19.47,14.55,1428,1,31.82,0
TXREF-06040,60.06,15.99,797,3,11.39,0
TXREF-06041,161.72,9.9,568,4,0.69,0
TXREF-06042,33.3,21.29,267,3,1.15,0
TXREF-06043,13.22,10.12,157,1,31.84,0
TXREF-06044,13.22,18.4,146,3,11.43,0
TXREF-06045,60.89,14.66,17,3,6.35,1
TXREF-06046,33.35,11.95,18,2,58.58,0
TXREF-06047,65.45,23.46,388,4,0.54,0
TXREF-06048,23.71,15.25,925,1,2.16,0
TXREF-06049,63.31,18.35,197,2,7.82,1
TXREF-06050,31.06,11.53,239,2,4.39,0
TXREF-06051,20.54,12.59,560,1,17.02,0
TXREF-06052,26.08,11.59,188,2,54.94,0
TXREF-06053,14.7,18.98,292,2,14.73,0
TXREF-06054,145.82,7.89,34,2,0.68,0
TXREF-06055,32.48,20.67,556,4,38.05,0
TXREF-06056,55.37,20.33,36,4,5.72,0
TXREF-06057,23.65,20.1,128,1,2.9,0
TXREF-06058,16.32,12.91,107,3,0.81,0
TXREF-06059,29.42,14.77,662,5,6.26,0
TXREF-06060,76.93,11.66,133,5,1.0,0
TXREF-06061,23.93,17.39,161,2,2.54,0
TXREF-06062,18.6,17.52,603,3,1.24,0
TXREF-06063,38.94,21.86,779,5,4.03,0
TXREF-06064,49.86,22.21,177,2,3.97,0
TXREF-06065,113.62,12.86,233,3,1.62,0
TXREF-06066,44.91,14.17,911,2,4.5,0
TXREF-06067,55.35,18.88,681,2,10.57,0
TXREF-06068,58.43,11.84,354,2,5.11,0
TXREF-06069,15.18,16.96,7,3,86.47,0
TXREF-06070,17.4,18.97,47,6,3.47,0
TXREF-06071,15.95,13.38,32,4,5.04,0
TXREF-06072,13.34,15.18,673,1,20.93,0
TXREF-06073,61.73,14.79,256,2,2.17,0
TXREF-06074,42.9,10.29,33,3,12.09,0
TXREF-06075,36.86,12.06,750,2,1.85,0
TXREF-06076,5.38,19.17,159,2,2.8,0
TXREF-06077,152.92,13.11,1117,4,8.08,1
TXREF-06078,18.29,18.3,174,4,2.5,0
TXREF-06079,152.52,15.86,468,3,3.49,0
TXREF-06080,12.26,23.13,159,3,0.65,0
TXREF-06081,19.4,13.13,479,4,36.17,0
TXREF-06082,7.13,14.75,13,2,12.75,0
TXREF-06083,45.18,16.38,70,3,8.86,1
TXREF-06084,15.75,22.83,887,1,3.03,0
TXREF-06085,16.08,10.04,313,4,0.75,0
TXREF-06086,12.96,13.82,7,1,9.05,0
TXREF-06087,60.93,15.82,444,1,8.85,0
TXREF-06088,58.11,14.75,1207,2,0.71,0
TXREF-06089,128.34,11.17,1007,4,1.17,0
TXREF-06090,21.25,19.61,430,2,5.49,0
TXREF-06091,40.75,13.68,316,3,8.24,0
TXREF-06092,13.76,14.62,439,4,5.01,0
TXREF-06093,27.35,19.83,486,2,0.29,0
TXREF-06094,23.96,17.54,85,2,6.99,0
TXREF-06095,48.64,20.09,483,2,5.02,0
TXREF-06096,72.4,15.01,1661,3,1.2,0
TXREF-06097,71.06,19.19,620,3,5.95,0
TXREF-06098,18.98,21.29,418,5,2.87,0
TXREF-06099,71.44,16.42,104,3,0.56,0
TXREF-06100,33.73,17.25,29,1,6.06,0
TXREF-06101,27.56,14.12,20,3,16.42,0
TXREF-06102,20.9,21.09,177,1,21.48,0
TXREF-06103,23.26,20.61,198,1,14.4,0
TXREF-06104,122.05,21.29,126,2,4.2,0
TXREF-06105,43.44,12.26,154,3,2.76,0
TXREF-06106,39.48,17.43,901,2,1.54,0
TXREF-06107,28.82,12.81,115,1,0.5,0
TXREF-06108,202.57,17.42,519,4,6.59,0
TXREF-06109,89.09,21.8,365,2,6.81,0
TXREF-06110,20.71,9.66,89,1,3.6,0
TXREF-06111,28.59,12.2,30,1,22.1,0
TXREF-06112,29.84,23.31,501,4,18.45,0
TXREF-06113,38.67,18.06,287,1,10.8,0
TXREF-06114,21.01,16.28,488,2,2.63,0
TXREF-06115,47.75,19.35,394,1,42.39,0
TXREF-06116,99.04,15.11,32,1,26.38,0
TXREF-06117,13.52,13.35,224,4,1.28,0
TXREF-06118,15.45,23.42,426,1,7.76,0
TXREF-06119,24.58,17.76,90,2,11.2,0
TXREF-06120,25.42,8.53,73,1,1.81,0
TXREF-06121,146.77,17.12,280,3,13.86,0
TXREF-06122,71.61,14.67,280,1,21.84,0
TXREF-06123,68.71,17.08,251,3,2.67,0
TXREF-06124,28.78,11.27,95,2,4.2,0
TXREF-06125,28.33,20.95,439,1,11.0,0
TXREF-06126,12.24,16.15,154,3,37.27,0
TXREF-06127,61.12,13.9,181,1,11.09,0
TXREF-06128,49.58,14.66,476,3,3.25,0
TXREF-06129,87.88,15.11,188,2,3.72,0
TXREF-06130,29.91,20.86,445,3,8.71,0
TXREF-06131,31.43,18.52,46,1,6.55,0
TXREF-06132,39.35,15.06,569,2,5.96,0
TXREF-06133,66.17,21.23,458,4,1.46,0
TXREF-06134,12.08,9.3,274,2,7.6,0
TXREF-06135,59.14,14.94,430,3,10.54,0
TXREF-06136,34.3,21.52,175,2,3.13,0
TXREF-06137,16.24,17.42,362,3,10.77,0
TXREF-06138,7.76,20.22,65,4,17.86,0
TXREF-06139,31.56,16.62,306,2,13.96,0
TXREF-06140,98.73,17.16,252,3,26.94,0
TXREF-06141,116.25,14.25,51,2,1.73,0
TXREF-06142,44.96,7.22,579,2,10.91,0
TXREF-06143,142.97,17.71,1605,1,36.51,0
TXREF-06144,33.75,11.14,15,3,27.64,0
TXREF-06145,69.16,10.38,598,3,0.54,0
TXREF-06146,25.16,10.47,645,1,3.5,0
TXREF-06147,24.03,19.24,103,1,7.69,0
TXREF-06148,21.37,15.41,65,2,0.51,0
TXREF-06149,7.9,10.67,137,3,8.84,0
TXREF-06150,87.94,11.81,424,2,0.93,0
TXREF-06151,21.93,14.0,550,1,3.8,0
TXREF-06152,19.55,15.74,1112,2,2.96,0
TXREF-06153,14.89,21.63,434,5,3.1,0
TXREF-06154,30.05,11.03,70,2,4.19,0
TXREF-06155,123.93,15.01,58,2,0.61,0
TXREF-06156,157.2,12.04,68,1,10.01,1
TXREF-06157,10.53,17.35,821,3,7.62,0
TXREF-06158,26.97,14.18,913,1,9.42,0
TXREF-06159,16.53,11.57,230,2,20.43,0
TXREF-06160,70.92,16.2,1046,2,17.92,0
TXREF-06161,42.79,15.23,133,1,5.96,0
TXREF-06162,22.01,12.48,154,3,9.03,1
TXREF-06163,36.68,16.34,156,3,19.05,0
TXREF-06164,24.69,16.01,712,2,1.86,0
TXREF-06165,111.3,19.87,610,3,9.21,0
TXREF-06166,51.61,16.27,269,2,1.82,0
TXREF-06167,56.39,13.32,119,4,1.55,0
TXREF-06168,5.1,8.59,68,2,2.85,0
TXREF-06169,33.18,14.6,75,1,5.56,0
TXREF-06170,156.01,15.09,327,5,9.48,1
TXREF-06171,90.45,14.16,40,2,2.19,0
TXREF-06172,9.21,4.37,642,2,25.24,0
TXREF-06173,27.78,21.37,46,7,7.3,0
TXREF-06174,14.66,22.32,607,4,4.31,0
TXREF-06175,119.34,16.87,728,3,3.71,0
TXREF-06176,41.51,19.44,462,2,3.62,0
TXREF-06177,20.03,13.19,978,2,1.77,0
TXREF-06178,35.68,15.4,336,2,1.7,0
TXREF-06179,5.33,17.42,498,5,4.24,0
TXREF-06180,15.94,15.68,585,3,4.48,0
TXREF-06181,35.74,14.33,254,4,12.41,0
TXREF-06182,64.0,12.35,176,3,61.02,0
TXREF-06183,8.6,11.1,453,2,8.9,0
TXREF-06184,26.46,22.15,5,2,1.87,0
TXREF-06185,72.02,15.4,595,1,3.75,0
TXREF-06186,12.24,16.66,566,5,49.42,0
TXREF-06187,41.06,15.28,931,3,60.31,0
TXREF-06188,36.51,17.12,47,4,6.78,0
TXREF-06189,119.62,11.13,49,1,37.35,0
TXREF-06190,29.5,14.27,1336,3,19.86,0
TXREF-06191,30.77,22.52,232,2,9.68,0
TXREF-06192,64.43,18.14,132,3,8.13,0
TXREF-06193,13.4,22.55,189,2,20.97,0
TXREF-06194,29.69,0.94,355,4,18.83,0
TXREF-06195,25.08,11.88,385,2,1.59,0
TXREF-06196,31.5,19.46,950,4,2.54,0
TXREF-06197,64.13,11.1,50,3,7.03,0
TXREF-06198,51.88,11.52,272,1,4.11,0
TXREF-06199,20.31,18.86,900,3,1.6,0
TXREF-06200,38.41,11.84,69,3,0.91,0
TXREF-06201,101.81,16.29,328,2,3.42,0
TXREF-06202,19.13,20.32,37,3,2.56,0
TXREF-06203,38.65,22.48,376,5,16.1,0
TXREF-06204,30.29,20.36,207,2,18.64,1
TXREF-06205,33.27,17.36,607,1,5.02,0
TXREF-06206,10.76,17.17,481,3,12.26,0
TXREF-06207,96.13,13.96,573,2,3.67,0
TXREF-06208,19.93,6.95,191,2,50.66,0
TXREF-06209,72.88,12.43,411,5,10.23,0
TXREF-06210,22.26,15.39,25,1,16.65,0
TXREF-06211,22.19,13.91,431,3,7.25,0
TXREF-06212,83.38,14.61,36,5,17.19,0
TXREF-06213,71.21,21.21,521,2,24.44,0
TXREF-06214,40.46,14.5,186,3,1.39,0
TXREF-06215,60.22,22.36,93,3,11.63,0
TXREF-06216,28.28,11.3,276,3,7.34,0
TXREF-06217,34.6,10.09,278,2,1.51,0
TXREF-06218,21.62,19.03,122,2,5.3,0
TXREF-06219,66.75,22.03,96,1,2.48,0
TXREF-06220,21.13,15.66,667,3,16.15,0
TXREF-06221,101.42,17.39,27,3,2.74,0
TXREF-06222,27.73,17.81,719,5,17.42,0
TXREF-06223,35.33,14.68,502,1,3.42,0
TXREF-06224,60.12,15.21,855,4,2.08,0
TXREF-06225,35.42,15.41,270,3,1.95,0
TXREF-06226,28.09,22.34,62,3,30.8,0
TXREF-06227,34.07,11.05,1757,4,8.41,0
TXREF-06228,66.26,0.32,511,1,4.45,0
TXREF-06229,21.6,9.98,159,1,24.86,0
TXREF-06230,31.79,21.23,264,5,56.3,0
TXREF-06231,35.07,10.18,56,4,3.0,0
TXREF-06232,64.88,14.98,150,3,27.09,0
TXREF-06233,32.4,22.93,180,3,4.82,0
TXREF-06234,127.99,14.1,117,2,7.62,0
TXREF-06235,31.1,17.11,85,3,3.21,0
TXREF-06236,29.34,12.64,2344,2,9.31,0
TXREF-06237,30.78,7.44,1134,3,13.67,0
TXREF-06238,13.49,17.63,265,2,14.11,0
TXREF-06239,16.5,14.1,115,2,2.44,0
TXREF-06240,23.76,20.77,451,2,31.74,0
TXREF-06241,78.87,19.34,2945,2,63.42,0
TXREF-06242,33.99,15.3,336,2,13.71,0
TXREF-06243,24.56,11.39,921,1,21.41,0
TXREF-06244,84.19,16.24,33,2,1.14,0
TXREF-06245,106.36,17.8,232,2,2.57,0
TXREF-06246,85.96,20.59,590,1,33.97,0
TXREF-06247,18.84,19.86,12,4,24.52,0
TXREF-06248,24.37,14.52,280,3,8.17,0
TXREF-06249,128.49,14.82,185,3,4.08,0
TXREF-06250,41.41,12.72,62,2,6.99,0
TXREF-06251,28.71,12.51,589,3,11.21,0
TXREF-06252,58.39,16.79,25,5,20.56,0
TXREF-06253,71.9,13.02,12,3,5.09,1
TXREF-06254,23.07,15.17,2,2,1.15,0
TXREF-06255,40.77,1.85,7,2,8.76,0
TXREF-06256,67.84,18.39,903,4,1.35,0
TXREF-06257,15.1,12.97,366,3,37.31,0
TXREF-06258,35.12,17.48,752,2,13.76,0
TXREF-06259,15.61,11.75,1546,2,28.85,0
TXREF-06260,17.15,11.58,19,2,16.96,0
TXREF-06261,23.21,18.25,613,1,12.82,0
TXREF-06262,49.08,12.0,436,4,2.05,0
TXREF-06263,27.61,8.98,76,3,3.69,0
TXREF-06264,21.83,10.67,62,7,2.69,0
TXREF-06265,36.13,16.74,221,3,3.88,0
TXREF-06266,15.24,20.35,1044,2,6.22,0
TXREF-06267,47.41,11.56,165,3,2.75,0
TXREF-06268,78.62,11.98,593,4,1.64,0
TXREF-06269,32.88,16.15,73,2,0.87,0
TXREF-06270,30.09,18.21,10,2,1.88,0
TXREF-06271,45.55,18.99,147,3,10.71,0
TXREF-06272,8.08,15.77,102,3,6.52,0
TXREF-06273,51.24,16.79,594,1,11.41,0
TXREF-06274,324.85,20.9,31,4,4.35,1
TXREF-06275,31.87,10.3,446,2,4.12,0
TXREF-06276,31.95,21.95,108,4,9.89,0
TXREF-06277,59.47,21.59,541,2,8.02,0
TXREF-06278,113.82,16.65,235,2,8.31,0
TXREF-06279,70.24,13.19,346,1,5.58,0
TXREF-06280,7.37,15.0,100,4,9.6,0
TXREF-06281,52.23,14.39,123,2,1.3,0
TXREF-06282,221.8,14.01,23,3,8.64,1
TXREF-06283,54.5,14.34,149,4,3.35,1
TXREF-06284,15.16,20.05,128,1,7.02,0
TXREF-06285,42.65,19.21,116,2,2.72,0
TXREF-06286,13.84,13.52,330,4,1.1,0
TXREF-06287,84.57,10.11,4,1,1.97,0
TXREF-06288,17.49,14.72,197,2,12.63,1
TXREF-06289,36.72,21.33,514,3,4.08,0
TXREF-06290,18.77,17.42,885,2,6.15,0
TXREF-06291,23.49,13.98,514,3,7.75,0
TXREF-06292,101.5,12.58,13,6,1.79,0
TXREF-06293,37.51,22.96,775,1,0.82,0
TXREF-06294,23.27,19.51,1202,4,5.88,0
TXREF-06295,15.26,8.98,1645,1,3.7,0
TXREF-06296,9.05,11.99,201,3,11.22,0
TXREF-06297,14.14,18.85,201,3,4.14,0
TXREF-06298,37.74,11.96,40,4,0.25,0
TXREF-06299,70.51,15.57,928,5,14.08,1
TXREF-06300,23.26,13.82,506,3,12.29,0
TXREF-06301,107.86,14.82,891,1,2.63,0
TXREF-06302,20.77,14.38,216,4,5.34,0
TXREF-06303,29.33,13.67,708,2,2.86,0
TXREF-06304,16.0,9.87,890,2,5.39,0
TXREF-06305,71.05,14.56,4,1,11.12,1
TXREF-06306,157.62,20.27,3,3,5.74,1
TXREF-06307,9.79,11.85,65,2,9.94,0
TXREF-06308,27.13,15.57,87,6,1.43,0
TXREF-06309,86.54,19.75,409,4,1.32,0
TXREF-06310,12.28,21.52,210,2,16.68,0
TXREF-06311,52.35,23.85,17,4,6.46,0
TXREF-06312,83.89,11.23,185,3,5.43,0
TXREF-06313,36.83,21.78,311,2,40.18,0
TXREF-06314,51.74,21.56,198,2,31.19,0
TXREF-06315,123.7,18.9,152,4,8.27,1
TXREF-06316,141.58,10.69,10,3,3.05,0
TXREF-06317,33.29,13.55,115,4,6.25,0
TXREF-06318,23.73,19.91,12,5,2.53,0
TXREF-06319,17.95,16.94,460,4,6.58,0
TXREF-06320,70.35,19.07,4,2,8.47,0
TXREF-06321,12.97,0.22,212,3,28.16,0
TXREF-06322,29.02,15.87,138,3,4.88,0
TXREF-06323,37.48,16.97,298,1,7.07,0
TXREF-06324,24.24,11.02,131,2,6.53,0
TXREF-06325,42.58,20.08,129,3,16.37,0
TXREF-06326,220.62,17.17,773,3,0.82,0
TXREF-06327,31.89,11.63,695,1,26.15,0
TXREF-06328,25.44,18.8,611,1,11.6,0
TXREF-06329,72.32,16.6,4,3,2.16,0
TXREF-06330,41.37,16.72,146,2,2.08,0
TXREF-06331,98.13,19.04,351,4,1.43,0
TXREF-06332,39.2,13.97,778,2,13.22,0
TXREF-06333,29.11,20.76,1365,1,19.35,0
TXREF-06334,9.64,5.56,266,2,9.08,0
TXREF-06335,10.85,17.57,216,3,18.26,0
TXREF-06336,9.28,17.26,52,2,13.44,0
TXREF-06337,45.75,18.34,619,4,1.35,0
TXREF-06338,13.06,20.23,421,3,1.57,0
TXREF-06339,85.97,1.53,1162,4,7.65,0
TXREF-06340,35.58,21.38,165,3,1.15,0
TXREF-06341,29.2,11.92,1211,4,1.94,0
TXREF-06342,18.96,17.38,105,2,29.31,0
TXREF-06343,54.49,15.48,163,4,14.16,0
TXREF-06344,19.51,8.57,455,2,0.27,0
TXREF-06345,17.12,15.87,169,2,1.68,0
TXREF-06346,81.91,11.54,318,2,3.59,0
TXREF-06347,44.94,8.64,437,3,1.39,0
TXREF-06348,29.4,15.17,157,4,13.84,0
TXREF-06349,55.25,13.79,1512,2,0.94,0
TXREF-06350,35.04,18.49,160,5,5.94,0
TXREF-06351,45.87,14.58,656,1,5.18,0
TXREF-06352,19.33,21.22,369,4,29.0,0
TXREF-06353,154.58,15.63,30,3,2.24,0
TXREF-06354,22.94,17.27,65,2,0.85,0
TXREF-06355,106.73,11.16,348,1,5.59,0
TXREF-06356,30.39,14.64,82,2,1.66,0
TXREF-06357,62.25,17.99,1171,4,12.31,0
TXREF-06358,59.07,16.58,1387,2,2.14,0
TXREF-06359,79.5,14.82,438,4,11.48,0
TXREF-06360,19.01,12.04,380,3,7.8,0
TXREF-06361,75.52,20.07,544,4,7.78,0
TXREF-06362,131.56,19.28,888,3,0.5,0
TXREF-06363,28.9,8.58,118,3,16.07,0
TXREF-06364,35.69,16.27,47,3,7.32,0
TXREF-06365,23.88,17.97,124,2,11.86,0
TXREF-06366,27.13,20.13,282,2,3.28,0
TXREF-06367,119.37,20.31,78,2,3.9,0
TXREF-06368,16.89,17.0,38,4,3.41,0
TXREF-06369,17.67,15.23,399,1,4.77,0
TXREF-06370,111.04,12.51,309,1,1.87,0
TXREF-06371,54.58,21.24,499,2,3.49,0
TXREF-06372,160.24,16.18,449,1,6.56,0
TXREF-06373,25.17,14.01,321,5,2.36,0
TXREF-06374,38.13,11.62,1349,4,6.52,0
TXREF-06375,21.64,10.15,24,2,149.74,0
TXREF-06376,38.6,14.59,11,1,5.83,0
TXREF-06377,9.71,9.26,1486,1,19.87,0
TXREF-06378,57.01,12.49,353,1,78.59,0
TXREF-06379,43.94,6.22,1289,3,31.16,0
TXREF-06380,33.4,16.67,190,3,28.27,0
TXREF-06381,26.28,17.69,658,3,10.79,0
TXREF-06382,18.28,14.25,320,1,2.95,0
TXREF-06383,58.79,19.86,238,2,19.39,0
TXREF-06384,14.98,18.31,166,2,2.8,0
TXREF-06385,50.33,15.54,637,1,80.66,0
TXREF-06386,155.03,13.64,357,1,13.97,0
TXREF-06387,101.45,12.88,257,2,0.86,0
TXREF-06388,11.78,15.8,74,6,6.64,0
TXREF-06389,23.65,13.55,126,1,11.76,0
TXREF-06390,47.16,15.75,66,1,2.69,0
TXREF-06391,33.1,21.55,31,1,10.2,0
TXREF-06392,12.71,13.27,69,4,2.7,0
TXREF-06393,45.94,17.51,385,1,11.68,0
TXREF-06394,34.56,13.27,569,6,1.9,0
TXREF-06395,138.15,14.07,8,1,13.66,1
TXREF-06396,29.01,10.87,718,3,5.14,0
TXREF-06397,80.72,20.28,93,3,3.64,0
TXREF-06398,13.98,20.91,81,2,0.86,0
TXREF-06399,16.61,11.12,147,2,5.8,0
TXREF-06400,58.53,15.4,59,2,2.35,0
TXREF-06401,75.97,12.55,63,3,2.82,0
TXREF-06402,17.47,6.92,233,6,1.36,1
TXREF-06403,35.42,15.79,1024,4,7.53,0
TXREF-06404,12.87,12.22,110,5,8.59,0
TXREF-06405,30.55,20.9,88,2,10.37,0
TXREF-06406,63.6,17.17,832,4,2.53,0
TXREF-06407,25.45,14.75,468,4,4.61,0
TXREF-06408,29.1,15.05,550,5,4.45,0
TXREF-06409,15.43,0.18,554,3,11.31,0
TXREF-06410,21.83,16.26,1334,2,3.02,0
TXREF-06411,123.45,18.38,280,3,1.71,0
TXREF-06412,36.69,7.61,1346,2,6.08,0
TXREF-06413,16.92,16.65,276,4,1.82,0
TXREF-06414,27.75,21.49,101,3,2.34,1
TXREF-06415,11.02,21.91,222,2,29.29,0
TXREF-06416,16.77,20.95,749,4,1.8,0
TXREF-06417,92.71,16.48,1743,3,5.17,0
TXREF-06418,31.42,15.64,1231,3,6.36,0
TXREF-06419,135.82,17.49,360,5,3.05,0
TXREF-06420,32.5,21.21,368,2,9.39,0
TXREF-06421,33.92,8.65,11,2,2.51,0
TXREF-06422,55.23,12.47,961,4,5.74,0
TXREF-06423,5.08,18.09,27,1,3.58,0
TXREF-06424,40.35,17.73,169,4,23.47,0
TXREF-06425,33.61,19.09,25,3,16.77,1
TXREF-06426,101.49,15.83,500,2,2.97,0
TXREF-06427,69.73,14.78,211,4,7.71,0
TXREF-06428,15.39,9.91,57,2,2.77,0
TXREF-06429,85.14,15.1,59,5,2.45,0
TXREF-06430,28.82,12.65,155,1,12.67,0
TXREF-06431,18.15,19.45,491,2,13.36,0
TXREF-06432,40.12,23.78,289,4,2.38,0
TXREF-06433,30.08,22.83,4,5,11.66,1
TXREF-06434,105.39,19.65,52,1,1.26,0
TXREF-06435,44.49,15.1,287,4,15.9,0
TXREF-06436,40.37,22.08,418,1,13.15,0
TXREF-06437,66.58,21.57,47,2,4.01,0
TXREF-06438,76.47,19.23,1150,3,4.59,0
TXREF-06439,61.2,23.71,46,1,6.36,0
TXREF-06440,96.74,16.29,158,1,3.49,0
TXREF-06441,53.96,9.65,254,4,23.79,0
TXREF-06442,39.28,10.16,202,1,27.42,0
TXREF-06443,84.96,20.4,1581,3,6.17,0
TXREF-06444,32.61,10.07,287,1,10.02,0
TXREF-06445,35.66,12.02,285,2,6.12,0
TXREF-06446,120.25,19.56,490,2,8.25,0
TXREF-06447,111.92,13.88,395,1,4.46,0
TXREF-06448,34.61,16.51,324,3,1.75,0
TXREF-06449,25.11,17.49,61,3,70.62,0
TXREF-06450,99.83,19.44,399,3,77.03,0
TXREF-06451,61.95,11.34,8,3,32.06,0
TXREF-06452,43.69,21.29,429,2,36.19,0
TXREF-06453,27.61,20.69,34,3,3.25,0
TXREF-06454,44.2,16.24,470,3,0.4,0
TXREF-06455,34.27,20.63,659,3,3.57,0
TXREF-06456,21.58,9.34,237,3,1.78,0
TXREF-06457,38.2,12.86,281,4,8.44,0
TXREF-06458,42.14,13.37,480,1,2.36,0
TXREF-06459,26.57,12.32,307,2,12.74,0
TXREF-06460,66.74,12.05,368,2,26.91,0
TXREF-06461,88.05,12.43,255,3,0.7,0
TXREF-06462,69.99,13.95,464,5,1.77,0
TXREF-06463,28.53,14.53,202,5,1.46,0
TXREF-06464,59.99,17.05,442,3,0.34,0
TXREF-06465,36.82,20.04,32,2,12.93,1
TXREF-06466,14.3,17.58,13,2,1.7,0
TXREF-06467,56.51,12.11,219,2,8.67,0
TXREF-06468,38.68,10.16,72,4,1.55,0
TXREF-06469,225.28,23.22,782,2,2.11,0
TXREF-06470,99.41,22.66,107,3,4.64,1
TXREF-06471,58.09,16.75,225,5,5.28,0
TXREF-06472,41.65,18.67,70,2,4.38,0
TXREF-06473,39.17,14.93,316,4,6.19,0
TXREF-06474,16.9,1.0,1506,2,13.44,0
TXREF-06475,9.95,18.38,32,1,10.76,0
TXREF-06476,18.57,23.52,296,1,4.93,0
TXREF-06477,33.64,13.33,26,7,4.64,0
TXREF-06478,7.64,22.86,864,2,6.73,0
TXREF-06479,23.53,19.26,1138,1,6.28,0
TXREF-06480,29.13,19.13,355,4,2.91,0
TXREF-06481,29.81,16.86,191,3,23.84,0
TXREF-06482,21.62,9.73,15,2,6.92,0
TXREF-06483,27.22,11.93,898,1,6.61,0
TXREF-06484,120.45,10.76,7,3,1.6,0
TXREF-06485,56.08,15.34,160,2,1.82,0
TXREF-06486,23.26,12.82,234,3,1.5,0
TXREF-06487,33.14,14.31,309,3,6.41,0
TXREF-06488,34.11,13.0,213,2,7.17,0
TXREF-06489,20.03,8.8,460,2,3.11,0
TXREF-06490,20.01,16.83,439,2,2.12,0
TXREF-06491,72.07,8.36,217,4,5.7,0
TXREF-06492,25.73,11.67,1098,2,20.38,0
TXREF-06493,15.83,9.79,345,1,3.59,0
TXREF-06494,33.75,11.18,233,3,7.03,0
TXREF-06495,37.9,14.65,18,1,5.09,0
TXREF-06496,8.41,21.81,252,1,2.99,0
TXREF-06497,33.81,9.0,828,3,4.46,0
TXREF-06498,65.04,19.48,1032,1,27.48,0
TXREF-06499,48.18,8.4,273,4,4.04,0
TXREF-06500,173.37,12.06,544,4,10.32,0
TXREF-06501,85.7,20.41,27,2,5.56,0
TXREF-06502,98.81,16.45,40,1,10.73,0
TXREF-06503,261.4,18.65,464,3,1.62,0
TXREF-06504,60.09,15.76,882,2,9.05,0
TXREF-06505,39.15,22.6,190,6,11.25,0
TXREF-06506,70.18,10.11,93,3,3.02,0
TXREF-06507,23.27,14.22,776,4,1.74,0
TXREF-06508,37.62,16.01,62,3,72.85,0
TXREF-06509,21.84,13.68,629,4,16.97,0
TXREF-06510,46.37,10.5,98,3,14.83,0
TXREF-06511,21.77,21.99,1,2,23.01,1
TXREF-06512,21.23,11.68,81,3,29.44,0
TXREF-06513,46.89,15.93,415,2,3.16,0
TXREF-06514,31.53,17.44,179,1,13.69,0
TXREF-06515,8.69,17.97,645,1,2.58,0
TXREF-06516,12.21,13.94,109,3,3.11,0
TXREF-06517,15.24,17.59,162,3,6.24,0
TXREF-06518,18.44,10.73,1,2,1.59,1
TXREF-06519,46.92,19.71,913,3,47.87,0
TXREF-06520,40.76,19.29,641,1,4.63,0
TXREF-06521,74.96,7.5,402,2,4.52,0
TXREF-06522,59.86,18.37,319,5,12.76,0
TXREF-06523,75.32,11.73,721,1,4.24,0
TXREF-06524,53.95,22.14,264,2,4.0,0
TXREF-06525,40.49,23.26,156,2,3.41,0
TXREF-06526,76.83,21.56,76,4,11.87,1
TXREF-06527,67.49,19.83,319,3,2.22,0
TXREF-06528,45.64,18.95,737,6,2.74,0
TXREF-06529,86.94,14.28,127,3,4.09,0
TXREF-06530,6.43,17.14,256,5,5.52,0
TXREF-06531,28.24,13.83,48,1,6.34,0
TXREF-06532,27.93,17.59,9,4,2.84,0
TXREF-06533,79.83,0.17,103,5,3.11,0
TXREF-06534,107.92,19.07,193,3,13.8,0
TXREF-06535,12.25,12.53,157,3,10.11,0
TXREF-06536,96.16,12.89,764,1,14.54,0
TXREF-06537,14.98,12.51,181,4,4.65,0
TXREF-06538,15.31,14.62,102,3,11.14,0
TXREF-06539,29.41,12.76,298,3,2.65,0
TXREF-06540,27.69,15.56,1294,2,5.14,0
TXREF-06541,11.34,12.46,863,3,15.5,0
TXREF-06542,55.58,16.16,245,3,6.59,0
TXREF-06543,56.78,18.86,188,4,16.93,0
TXREF-06544,74.36,20.95,2,3,4.47,1
TXREF-06545,25.48,20.2,23,2,5.35,0
TXREF-06546,33.84,17.61,150,2,20.11,0
TXREF-06547,34.06,21.12,44,3,0.63,0
TXREF-06548,117.37,13.8,115,3,18.98,1
TXREF-06549,4.52,8.68,38,4,8.18,0
TXREF-06550,17.48,22.43,337,4,7.07,0
TXREF-06551,34.95,12.07,177,4,0.9,0
TXREF-06552,15.93,10.95,114,3,2.64,0
TXREF-06553,28.9,6.97,1705,2,14.77,0
TXREF-06554,31.79,17.28,1277,2,8.72,0
TXREF-06555,21.68,8.05,921,2,3.13,0
TXREF-06556,36.47,16.97,26,3,9.58,1
TXREF-06557,54.72,20.99,1181,3,3.44,0
TXREF-06558,29.37,11.51,175,5,3.46,0
TXREF-06559,25.12,15.24,50,2,115.93,1
TXREF-06560,30.9,21.5,314,3,3.2,0
TXREF-06561,34.63,16.65,55,3,0.26,0
TXREF-06562,9.94,20.49,382,2,2.99,0
TXREF-06563,48.54,13.58,219,2,0.98,0
TXREF-06564,25.16,17.59,232,4,2.35,0
TXREF-06565,86.34,13.84,75,3,3.76,0
TXREF-06566,53.28,8.79,69,4,1.49,0
TXREF-06567,80.84,17.83,153,2,36.44,0
TXREF-06568,16.81,9.85,641,3,4.4,0
TXREF-06569,26.65,21.05,103,3,9.39,0
TXREF-06570,14.23,15.86,1154,3,1.97,0
TXREF-06571,20.95,17.53,1187,2,3.59,0
TXREF-06572,85.76,19.38,247,2,5.6,0
TXREF-06573,101.59,18.64,593,1,2.58,0
TXREF-06574,15.23,13.35,209,2,11.61,0
TXREF-06575,25.03,15.93,204,2,2.8,0
TXREF-06576,32.95,21.36,877,4,3.21,0
TXREF-06577,53.07,20.37,91,3,22.17,1
TXREF-06578,9.81,14.78,945,2,25.3,0
TXREF-06579,10.98,12.61,200,1,32.29,0
TXREF-06580,49.53,14.68,544,2,31.65,0
TXREF-06581,8.56,12.38,114,1,3.65,0
TXREF-06582,25.24,7.93,318,6,8.83,0
TXREF-06583,39.12,17.65,305,4,3.75,0
TXREF-06584,46.96,12.19,273,2,12.97,0
TXREF-06585,31.44,14.45,389,4,42.39,0
TXREF-06586,26.75,11.57,849,1,13.15,0
TXREF-06587,63.95,11.66,130,1,31.63,1
TXREF-06588,42.75,10.68,10,2,2.43,0
TXREF-06589,21.85,17.03,372,3,4.05,0
TXREF-06590,35.77,17.81,169,1,16.25,0
TXREF-06591,45.87,14.08,99,5,9.44,0
TXREF-06592,119.96,12.28,348,4,0.99,0
TXREF-06593,61.32,8.58,53,2,36.64,1
TXREF-06594,83.47,16.55,5,4,4.54,0
TXREF-06595,22.43,11.84,5,2,2.16,0
TXREF-06596,23.87,10.42,67,3,2.72,0
TXREF-06597,29.39,14.09,154,3,7.02,0
TXREF-06598,31.39,12.93,1717,2,4.11,0
TXREF-06599,16.85,9.14,97,2,18.77,0
TXREF-06600,86.61,9.58,139,1,13.43,0
TXREF-06601,65.76,18.81,302,1,4.01,0
TXREF-06602,27.94,11.9,827,3,3.37,0
TXREF-06603,55.26,15.63,98,3,71.25,1
TXREF-06604,40.87,14.47,1629,1,7.26,0
TXREF-06605,58.46,17.35,1189,3,27.17,0
TXREF-06606,13.22,11.34,1064,2,12.91,0
TXREF-06607,31.35,14.74,207,1,16.9,0
TXREF-06608,33.39,22.21,202,2,1.99,0
TXREF-06609,54.54,17.03,244,3,4.45,0
TXREF-06610,22.14,17.61,25,3,11.96,0
TXREF-06611,5.75,21.07,811,3,1.45,0
TXREF-06612,15.98,11.33,230,3,3.86,0
TXREF-06613,33.32,8.55,65,3,5.45,0
TXREF-06614,36.45,11.65,134,4,2.54,0
TXREF-06615,117.01,13.51,654,3,1.32,0
TXREF-06616,52.96,16.66,432,2,18.08,0
TXREF-06617,36.92,22.65,94,4,7.3,0
TXREF-06618,34.01,12.09,146,1,67.25,0
TXREF-06619,77.09,9.04,282,2,11.56,1
TXREF-06620,22.76,21.4,49,1,8.88,0
TXREF-06621,31.47,14.99,1070,3,5.27,0
TXREF-06622,15.89,16.82,96,2,3.69,0
TXREF-06623,96.7,12.66,72,1,32.25,0
TXREF-06624,46.18,17.88,1113,3,11.95,0
TXREF-06625,20.92,10.96,234,2,6.95,0
TXREF-06626,32.06,12.75,549,3,11.9,0
TXREF-06627,50.25,13.02,528,1,10.16,0
TXREF-06628,29.06,19.61,250,3,5.01,0
TXREF-06629,23.69,14.43,48,4,4.81,0
TXREF-06630,21.73,8.25,60,4,2.81,0
TXREF-06631,44.44,17.05,40,1,8.36,0
TXREF-06632,26.9,19.91,274,5,6.92,0
TXREF-06633,25.11,13.2,798,1,0.3,0
TXREF-06634,13.3,11.13,386,6,2.62,0
TXREF-06635,36.81,18.53,569,2,32.41,0
TXREF-06636,30.55,20.29,281,1,2.47,0
TXREF-06637,27.62,16.72,109,3,18.33,0
TXREF-06638,40.17,8.81,183,3,2.72,0
TXREF-06639,59.65,16.41,111,1,22.91,1
TXREF-06640,57.69,15.29,1724,3,5.74,0
TXREF-06641,51.83,10.95,33,3,7.84,0
TXREF-06642,29.27,18.12,420,2,22.28,0
TXREF-06643,23.14,21.57,234,1,2.67,0
TXREF-06644,16.42,18.21,24,3,18.03,0
TXREF-06645,22.71,10.6,359,2,4.82,0
TXREF-06646,35.31,15.28,537,2,22.26,0
TXREF-06647,19.76,11.14,1496,4,1.5,0
TXREF-06648,37.31,20.41,230,2,13.91,0
TXREF-06649,17.37,18.73,976,3,4.75,0
TXREF-06650,10.53,9.44,1,1,4.26,0
TXREF-06651,62.8,9.62,947,3,11.28,0
TXREF-06652,24.74,17.06,4,3,1.38,0
TXREF-06653,19.06,13.95,1110,2,4.98,0
TXREF-06654,15.84,17.75,92,4,24.39,0
TXREF-06655,47.21,11.42,750,2,7.21,0
TXREF-06656,93.68,14.16,513,2,5.4,0
TXREF-06657,26.04,16.2,388,2,32.7,0
TXREF-06658,29.81,14.67,58,2,4.21,0
TXREF-06659,75.31,8.28,123,4,13.15,0
TXREF-06660,9.45,23.03,1199,2,8.59,0
TXREF-06661,143.47,21.82,20,1,30.34,0
TXREF-06662,202.3,9.71,422,4,14.63,0
TXREF-06663,4.96,18.29,258,1,8.58,0
TXREF-06664,32.45,15.37,258,3,1.15,0
TXREF-06665,20.75,17.18,894,2,6.05,0
TXREF-06666,28.77,16.97,323,1,44.52,0
TXREF-06667,25.76,13.32,284,1,41.13,0
TXREF-06668,62.46,8.49,252,2,3.72,0
TXREF-06669,32.1,15.48,57,4,7.55,0
TXREF-06670,18.07,19.19,909,2,1.27,0
TXREF-06671,30.75,17.89,318,2,13.46,0
TXREF-06672,50.43,19.53,799,2,1.96,0
TXREF-06673,14.85,20.44,2632,2,5.62,0
TXREF-06674,10.64,11.9,183,4,15.77,0
TXREF-06675,146.17,12.43,240,6,4.21,0
TXREF-06676,21.92,11.44,1911,3,7.25,0
TXREF-06677,31.54,16.29,4,3,22.06,0
TXREF-06678,26.14,12.01,97,1,23.14,0
TXREF-06679,51.66,16.46,225,1,3.55,0
TXREF-06680,124.76,21.22,590,3,1.86,0
TXREF-06681,52.86,19.67,71,1,4.78,0
TXREF-06682,11.67,14.11,329,1,2.99,0
TXREF-06683,12.85,14.49,247,3,1.17,0
TXREF-06684,26.12,19.51,185,2,18.55,0
TXREF-06685,28.7,16.25,696,3,1.34,0
TXREF-06686,10.08,13.13,131,2,6.73,0
TXREF-06687,62.8,19.39,238,5,7.19,0
TXREF-06688,15.92,19.06,180,2,1.88,0
TXREF-06689,102.02,15.88,882,2,5.82,0
TXREF-06690,129.13,12.68,243,3,15.56,0
TXREF-06691,29.12,11.47,81,4,7.7,0
TXREF-06692,47.75,15.37,141,3,2.6,0
TXREF-06693,14.34,12.42,95,1,17.67,0
TXREF-06694,54.55,18.67,73,4,5.0,0
TXREF-06695,24.32,21.37,408,4,13.1,0
TXREF-06696,15.91,9.6,1911,2,9.32,0
TXREF-06697,28.27,21.58,123,3,8.05,1
TXREF-06698,24.89,10.8,46,4,4.4,0
TXREF-06699,27.55,17.43,256,2,3.82,0
TXREF-06700,68.98,16.48,35,3,4.32,0
TXREF-06701,19.78,13.8,286,1,3.14,0
TXREF-06702,121.42,14.93,344,3,57.6,0
TXREF-06703,13.41,13.72,233,3,6.96,0
TXREF-06704,111.4,16.75,173,2,2.87,0
TXREF-06705,16.75,18.54,591,1,10.83,0
TXREF-06706,34.79,16.24,3,3,27.21,1
TXREF-06707,24.46,13.39,155,2,2.88,0
TXREF-06708,27.18,19.43,373,1,12.71,0
TXREF-06709,61.99,16.13,51,3,7.02,1
TXREF-06710,102.5,18.96,638,4,0.71,0
TXREF-06711,82.04,17.54,105,2,1.54,0
TXREF-06712,26.01,19.06,306,4,2.97,0
TXREF-06713,39.75,14.52,733,1,3.17,0
TXREF-06714,19.82,10.9,185,2,2.23,0
TXREF-06715,17.05,11.18,44,3,4.91,0
TXREF-06716,15.25,23.07,727,3,16.39,0
TXREF-06717,25.41,8.04,273,2,2.51,0
TXREF-06718,41.67,18.82,411,1,20.45,0
TXREF-06719,8.79,23.7,18,3,20.15,0
TXREF-06720,33.67,18.65,2019,1,5.0,0
TXREF-06721,103.7,21.14,1397,4,5.63,0
TXREF-06722,78.08,16.31,74,4,15.64,0
TXREF-06723,22.84,21.63,791,3,2.33,0
TXREF-06724,12.73,12.94,233,4,1.14,0
TXREF-06725,48.48,12.89,78,1,0.87,0
TXREF-06726,6.56,11.78,235,1,6.44,0
TXREF-06727,77.43,10.79,536,3,2.13,0
TXREF-06728,29.85,12.94,211,2,0.28,0
TXREF-06729,130.13,12.22,219,4,33.07,1
TXREF-06730,10.04,17.65,9,1,69.05,0
TXREF-06731,67.43,13.33,3,4,3.42,0
TXREF-06732,32.38,17.79,231,2,111.73,0
TXREF-06733,27.43,11.13,909,3,6.76,0
TXREF-06734,12.98,13.48,590,2,17.42,0
TXREF-06735,53.46,18.5,604,4,10.8,0
TXREF-06736,56.65,9.46,25,3,5.53,0
TXREF-06737,125.88,20.18,15,3,2.02,0
TXREF-06738,71.94,11.84,85,4,7.07,0
TXREF-06739,22.7,14.64,255,5,1.19,0
TXREF-06740,16.9,18.09,1,3,0.81,0
TXREF-06741,13.0,19.07,551,2,1.97,0
TXREF-06742,100.56,21.2,255,4,10.07,0
TXREF-06743,19.88,0.4,704,1,5.77,0
TXREF-06744,101.07,18.84,174,3,2.19,0
TXREF-06745,50.81,12.16,1046,5,11.32,0
TXREF-06746,44.15,20.05,466,2,12.33,0
TXREF-06747,27.91,12.77,1002,5,1.9,0
TXREF-06748,56.02,22.35,185,2,2.96,0
TXREF-06749,34.43,10.66,1125,2,6.49,0
TXREF-06750,26.69,10.3,199,1,5.36,0
TXREF-06751,57.46,14.08,519,1,1.62,0
TXREF-06752,31.39,12.96,1209,5,7.82,0
TXREF-06753,19.59,13.19,120,2,4.99,0
TXREF-06754,53.62,21.41,96,1,6.03,1
TXREF-06755,33.25,13.76,53,1,0.81,0
TXREF-06756,49.5,19.77,489,3,13.78,0
TXREF-06757,25.11,11.27,80,1,7.51,0
TXREF-06758,14.58,0.06,544,1,20.13,0
TXREF-06759,121.42,2.91,654,5,12.26,1
TXREF-06760,106.01,22.22,30,3,21.67,1
TXREF-06761,65.78,19.84,1340,2,5.8,0
TXREF-06762,26.33,23.86,19,2,1.34,0
TXREF-06763,28.04,16.81,26,4,16.11,0
TXREF-06764,94.19,10.69,106,1,4.3,0
TXREF-06765,26.98,14.93,624,3,10.04,0
TXREF-06766,22.08,17.85,356,2,2.5,0
TXREF-06767,134.02,21.89,785,4,9.27,0
TXREF-06768,33.64,12.7,24,1,1.34,0
TXREF-06769,124.37,18.64,389,4,18.4,0
TXREF-06770,12.72,11.12,173,3,6.48,0
TXREF-06771,50.56,16.45,588,4,12.72,0
TXREF-06772,154.65,21.67,187,3,2.13,0
TXREF-06773,35.57,13.83,486,2,5.52,0
TXREF-06774,28.79,19.86,39,1,11.11,0
TXREF-06775,15.02,22.67,36,3,10.32,0
TXREF-06776,75.89,18.77,165,3,8.29,0
TXREF-06777,20.0,10.07,293,3,2.95,0
TXREF-06778,32.52,19.26,509,2,5.6,0
TXREF-06779,14.31,17.2,316,1,4.31,0
TXREF-06780,106.8,13.77,1079,3,1.12,0
TXREF-06781,79.96,16.54,298,5,2.89,0
TXREF-06782,34.03,8.86,275,3,4.07,0
TXREF-06783,15.17,9.41,88,2,3.29,0
TXREF-06784,105.2,21.36,32,4,5.62,1
TXREF-06785,26.75,13.1,1065,3,8.63,0
TXREF-06786,15.71,15.07,1021,3,5.9,0
TXREF-06787,9.79,20.17,68,1,3.81,0
TXREF-06788,21.87,19.5,1406,2,15.35,0
TXREF-06789,12.21,22.93,1754,4,1.76,0
TXREF-06790,22.23,19.76,51,3,2.6,0
TXREF-06791,59.5,21.91,1159,3,1.9,0
TXREF-06792,26.57,17.45,133,2,10.34,0
TXREF-06793,44.97,17.63,24,5,10.17,0
TXREF-06794,20.68,12.57,233,3,9.43,0
TXREF-06795,36.49,20.61,129,3,40.62,0
TXREF-06796,138.8,11.73,136,2,2.73,0
TXREF-06797,27.09,17.3,605,2,6.32,0
TXREF-06798,45.91,20.78,23,2,10.73,0
TXREF-06799,11.28,9.64,871,5,4.26,0
TXREF-06800,104.01,23.96,168,4,11.49,0
TXREF-06801,24.69,5.28,217,2,15.61,0
TXREF-06802,74.17,16.64,1148,4,13.53,0
TXREF-06803,31.86,21.5,1800,3,34.81,0
TXREF-06804,54.07,15.82,251,2,37.03,0
TXREF-06805,56.44,16.42,128,2,10.7,0
TXREF-06806,25.13,17.58,300,3,2.85,0
TXREF-06807,76.41,16.85,278,2,216.24,0
TXREF-06808,20.16,14.18,88,2,1.75,0
TXREF-06809,60.95,12.78,69,3,5.43,1
TXREF-06810,26.29,13.76,250,4,15.59,0
TXREF-06811,44.78,18.97,498,3,8.32,0
TXREF-06812,24.96,13.32,328,3,7.87,0
TXREF-06813,36.09,13.07,471,2,9.72,0
TXREF-06814,16.06,11.48,613,1,14.5,0
TXREF-06815,41.61,8.43,826,2,1.81,0
TXREF-06816,35.94,9.91,69,3,14.95,0
TXREF-06817,23.6,3.92,389,1,7.32,0
TXREF-06818,33.46,13.01,155,1,14.14,0
TXREF-06819,38.34,15.15,493,3,6.38,0
TXREF-06820,22.34,5.42,349,3,1.9,0
TXREF-06821,31.73,14.76,1711,5,11.93,0
TXREF-06822,16.88,13.61,814,3,1.39,0
TXREF-06823,188.47,21.72,307,2,10.72,0
TXREF-06824,74.63,12.62,253,4,96.14,0
TXREF-06825,42.38,19.0,273,1,3.13,0
TXREF-06826,80.96,10.88,50,4,2.2,0
TXREF-06827,8.37,14.25,101,3,7.35,0
TXREF-06828,5.52,15.11,200,1,4.18,0
TXREF-06829,26.12,19.17,22,1,8.29,0
TXREF-06830,12.9,20.09,107,2,2.98,0
TXREF-06831,29.36,15.29,837,1,1.79,0
TXREF-06832,40.37,13.19,210,3,0.25,0
TXREF-06833,67.54,21.56,598,1,1.69,0
TXREF-06834,15.34,17.24,84,2,7.15,0
TXREF-06835,46.42,8.6,188,1,16.82,0
TXREF-06836,35.18,12.75,78,5,11.27,0
TXREF-06837,44.71,21.89,565,4,12.4,0
TXREF-06838,23.95,10.86,40,7,13.1,0
TXREF-06839,94.24,14.21,568,2,2.92,0
TXREF-06840,32.31,17.94,76,3,0.7,0
TXREF-06841,124.89,20.8,623,1,4.97,0
TXREF-06842,19.71,16.55,19,2,1.02,0
TXREF-06843,59.43,20.15,488,4,7.35,0
TXREF-06844,33.35,14.08,3,2,5.21,0
TXREF-06845,27.5,11.46,724,2,53.82,0
TXREF-06846,54.89,15.39,2262,1,23.12,0
TXREF-06847,28.07,12.71,518,2,10.27,0
TXREF-06848,5.12,12.46,423,5,3.16,0
TXREF-06849,3.84,18.74,232,2,1.2,0
TXREF-06850,87.02,19.02,7,3,57.05,1
TXREF-06851,84.42,20.88,772,5,5.21,0
TXREF-06852,135.49,14.82,947,2,9.04,0
TXREF-06853,34.38,13.49,273,3,2.52,0
TXREF-06854,13.73,8.18,481,3,38.28,0
TXREF-06855,25.74,20.78,53,3,2.17,0
TXREF-06856,35.1,13.98,286,1,3.84,0
TXREF-06857,16.86,6.73,73,4,9.13,0
TXREF-06858,114.09,17.16,134,2,17.94,0
TXREF-06859,174.59,1.56,296,2,4.11,0
TXREF-06860,49.12,11.02,191,1,6.46,0
TXREF-06861,34.54,18.54,1557,3,2.92,0
TXREF-06862,13.7,0.5,160,2,5.47,0
TXREF-06863,106.0,11.71,1243,2,10.57,0
TXREF-06864,36.78,23.1,230,2,31.22,0
TXREF-06865,28.27,16.73,721,1,6.87,0
TXREF-06866,49.23,21.17,102,2,1.64,0
TXREF-06867,22.83,13.22,993,1,38.55,0
TXREF-06868,38.7,15.47,27,4,13.24,0
TXREF-06869,12.32,22.79,1015,2,9.72,0
TXREF-06870,76.15,14.02,1137,3,45.05,1
TXREF-06871,32.29,21.6,261,3,34.06,0
TXREF-06872,80.19,10.04,272,4,1.93,0
TXREF-06873,30.12,20.27,581,2,5.0,0
TXREF-06874,31.56,17.98,365,1,1.3,0
TXREF-06875,14.54,14.86,204,5,5.71,0
TXREF-06876,60.16,19.29,1125,5,8.14,0
TXREF-06877,18.53,18.93,106,2,0.88,0
TXREF-06878,24.53,12.61,2,1,5.3,0
TXREF-06879,34.84,14.77,366,2,3.58,0
TXREF-06880,37.99,19.62,562,1,20.27,0
TXREF-06881,10.19,20.13,279,1,38.15,0
TXREF-06882,29.48,13.44,89,3,21.36,0
TXREF-06883,61.72,12.56,73,3,4.67,0
TXREF-06884,26.51,11.41,1321,2,15.02,0
TXREF-06885,29.61,22.6,198,3,3.88,0
TXREF-06886,39.13,14.41,284,2,2.37,0
TXREF-06887,31.79,17.57,582,1,2.48,0
TXREF-06888,16.58,22.63,1105,1,20.33,0
TXREF-06889,33.91,21.07,145,2,41.48,0
TXREF-06890,71.22,18.65,909,2,5.35,0
TXREF-06891,16.33,10.46,158,2,12.75,0
TXREF-06892,26.59,19.95,613,3,3.1,0
TXREF-06893,12.87,16.89,144,2,15.77,0
TXREF-06894,68.57,15.46,231,3,1.05,0
TXREF-06895,32.57,23.33,881,4,21.98,0
TXREF-06896,18.88,21.54,98,3,23.47,0
TXREF-06897,37.2,19.02,56,4,3.02,0
TXREF-06898,14.63,14.79,451,1,28.07,0
TXREF-06899,16.54,16.89,701,2,0.22,0
TXREF-06900,12.17,15.68,87,4,4.28,0
TXREF-06901,16.15,12.96,991,1,16.77,0
TXREF-06902,92.51,13.34,279,4,5.38,0
TXREF-06903,20.54,18.56,248,3,0.91,0
TXREF-06904,48.7,14.85,579,2,7.41,0
TXREF-06905,19.07,12.54,37,3,2.48,0
TXREF-06906,60.15,20.03,613,2,26.36,0
TXREF-06907,16.63,20.31,66,2,0.89,0
TXREF-06908,35.81,19.21,392,4,5.92,0
TXREF-06909,36.16,14.71,314,2,1.14,0
TXREF-06910,186.05,12.19,282,4,6.7,1
TXREF-06911,54.81,13.1,77,1,1.78,0
TXREF-06912,22.72,16.9,62,3,5.12,0
TXREF-06913,57.01,13.62,1129,4,3.25,0
TXREF-06914,162.31,19.16,81,2,3.29,0
TXREF-06915,10.77,14.32,669,1,6.96,0
TXREF-06916,18.98,11.71,216,6,13.63,0
TXREF-06917,29.35,7.44,5,1,6.96,0
TXREF-06918,25.78,21.21,122,2,5.19,0
TXREF-06919,27.4,13.26,135,3,22.66,1
TXREF-06920,13.61,18.63,16,5,2.41,0
TXREF-06921,95.66,12.31,142,3,11.22,0
TXREF-06922,12.5,19.43,443,4,4.27,0
TXREF-06923,30.14,10.31,1093,4,68.56,0
TXREF-06924,73.92,20.12,182,1,2.47,0
TXREF-06925,34.06,20.1,111,2,1.96,0
TXREF-06926,17.2,23.36,458,3,5.34,0
TXREF-06927,13.18,13.2,302,1,4.71,0
TXREF-06928,29.5,16.65,52,4,7.34,0
TXREF-06929,20.18,15.44,147,1,6.14,0
TXREF-06930,40.36,13.92,1298,4,5.45,0
TXREF-06931,12.69,15.66,641,2,26.53,0
TXREF-06932,62.51,18.35,541,1,26.46,1
TXREF-06933,37.83,16.14,800,2,6.28,0
TXREF-06934,39.91,14.52,528,2,5.4,0
TXREF-06935,98.26,15.66,29,1,6.99,0
TXREF-06936,25.4,20.13,44,1,10.01,0
TXREF-06937,20.64,12.67,531,1,0.97,0
TXREF-06938,23.47,8.07,660,3,27.46,0
TXREF-06939,30.31,23.36,545,2,16.4,1
TXREF-06940,32.61,19.44,488,2,4.25,0
TXREF-06941,19.14,11.18,48,1,2.72,0
TXREF-06942,8.11,11.29,1278,3,1.53,0
TXREF-06943,23.25,13.92,717,2,11.06,0
TXREF-06944,45.11,20.0,605,3,47.18,0
TXREF-06945,38.4,14.76,690,2,0.36,0
TXREF-06946,82.57,18.77,501,6,5.63,0
TXREF-06947,142.3,17.18,262,3,0.89,0
TXREF-06948,60.14,15.71,152,1,3.61,0
TXREF-06949,94.2,20.72,610,1,3.72,0
TXREF-06950,60.47,22.23,185,5,27.71,0
TXREF-06951,119.24,12.88,557,2,7.32,0
TXREF-06952,131.98,18.18,79,2,14.16,0
TXREF-06953,69.05,20.26,461,1,3.36,0
TXREF-06954,57.89,21.05,118,1,8.0,0
TXREF-06955,30.03,16.31,234,3,7.38,0
TXREF-06956,33.79,13.6,118,2,53.21,0
TXREF-06957,27.3,14.33,41,4,5.23,0
TXREF-06958,54.45,13.58,326,3,7.78,0
TXREF-06959,20.73,11.27,101,3,21.4,0
TXREF-06960,30.34,7.14,765,2,2.8,0
TXREF-06961,6.39,11.78,1244,4,1.12,0
TXREF-06962,120.38,14.64,48,1,3.85,0
TXREF-06963,29.7,17.47,62,1,12.16,0
TXREF-06964,48.33,21.27,972,2,4.16,0
TXREF-06965,99.45,13.11,1395,5,7.12,0
TXREF-06966,43.22,0.65,166,2,3.31,0
TXREF-06967,98.49,13.42,2,2,5.08,1
TXREF-06968,14.24,0.5,7,1,1.55,0
TXREF-06969,195.61,7.23,242,4,13.04,0
TXREF-06970,76.15,9.06,142,2,12.67,0
TXREF-06971,40.47,18.39,118,5,34.1,0
TXREF-06972,97.13,19.94,73,1,1.85,0
TXREF-06973,15.01,16.41,187,3,54.21,0
TXREF-06974,28.28,20.76,73,7,3.76,0
TXREF-06975,98.48,9.54,659,5,0.65,0
TXREF-06976,9.08,13.48,6,4,20.91,0
TXREF-06977,52.12,15.96,159,6,21.1,0
TXREF-06978,51.07,16.66,86,4,3.59,0
TXREF-06979,143.72,22.52,43,5,1.85,0
TXREF-06980,11.14,23.87,641,3,0.3,0
TXREF-06981,110.93,20.22,214,2,1.29,0
TXREF-06982,23.27,12.7,886,5,2.3,0
TXREF-06983,25.23,22.98,173,5,13.4,1
TXREF-06984,14.44,22.45,336,1,8.29,0
TXREF-06985,15.91,11.51,1069,2,7.13,0
TXREF-06986,46.55,14.64,55,2,3.61,0
TXREF-06987,15.63,21.34,277,2,5.73,0
TXREF-06988,59.32,23.62,25,1,12.95,1
TXREF-06989,21.6,20.38,40,6,11.14,0
TXREF-06990,14.54,21.05,491,3,8.28,0
TXREF-06991,23.81,12.26,713,3,18.13,0
TXREF-06992,44.36,10.74,29,3,1.56,0
TXREF-06993,28.51,19.41,1876,3,1.79,0
TXREF-06994,35.68,20.47,618,1,14.69,0
TXREF-06995,57.47,18.62,360,3,3.4,0
TXREF-06996,75.89,18.09,1901,3,4.32,0
TXREF-06997,27.85,9.6,317,2,2.59,0
TXREF-06998,16.41,14.27,252,3,3.17,0
TXREF-06999,36.77,22.66,10,2,2.87,0
TXREF-07000,48.86,14.78,944,2,33.48,0
TXREF-07001,12.16,16.09,758,1,6.64,0
TXREF-07002,18.33,19.2,586,2,8.69,0
TXREF-07003,20.74,13.7,142,3,1.12,0
TXREF-07004,29.98,16.39,1365,1,2.41,0
TXREF-07005,20.13,11.11,444,3,2.44,0
TXREF-07006,57.92,17.09,213,2,9.42,0
TXREF-07007,10.96,21.07,225,4,2.54,0
TXREF-07008,11.16,11.44,186,5,10.1,0
TXREF-07009,27.37,15.7,509,3,0.93,0
TXREF-07010,30.68,1.45,235,2,1.88,0
TXREF-07011,12.21,14.25,62,3,1.08,0
TXREF-07012,22.49,11.37,310,4,5.57,0
TXREF-07013,26.08,14.57,515,3,1.79,0
TXREF-07014,26.23,15.77,251,2,4.62,0
TXREF-07015,38.84,11.34,1590,2,1.15,0
TXREF-07016,21.62,10.78,893,2,1.01,0
TXREF-07017,100.89,20.95,1142,4,2.6,0
TXREF-07018,49.48,16.63,1684,3,32.58,0
TXREF-07019,19.47,20.88,384,2,1.13,0
TXREF-07020,37.26,16.13,1170,3,4.37,0
TXREF-07021,38.06,10.13,193,5,9.11,0
TXREF-07022,83.48,20.53,39,1,6.83,0
TXREF-07023,22.59,17.38,382,2,2.32,0
TXREF-07024,60.49,7.58,60,2,1.85,0
TXREF-07025,35.88,10.7,62,2,5.9,0
TXREF-07026,101.89,12.43,54,1,19.2,1
TXREF-07027,88.19,20.71,36,3,3.62,0
TXREF-07028,40.12,6.39,544,1,8.25,0
TXREF-07029,28.82,18.75,358,1,5.51,0
TXREF-07030,50.14,19.46,166,3,32.28,0
TXREF-07031,30.57,21.07,699,2,1.76,0
TXREF-07032,116.73,16.39,429,1,18.69,0
TXREF-07033,36.84,20.03,628,4,1.76,0
TXREF-07034,26.0,11.29,14,2,4.05,0
TXREF-07035,25.01,10.31,2,3,18.9,0
TXREF-07036,14.54,22.29,378,4,15.4,0
TXREF-07037,51.97,5.45,483,2,1.42,0
TXREF-07038,19.29,21.49,214,3,6.0,0
TXREF-07039,76.76,19.64,324,3,19.26,0
TXREF-07040,13.72,10.1,557,4,10.87,0
TXREF-07041,38.15,17.11,234,3,1.61,0
TXREF-07042,79.69,22.44,1043,2,4.41,0
TXREF-07043,7.39,19.48,123,3,9.74,0
TXREF-07044,148.88,12.71,154,1,4.46,0
TXREF-07045,25.63,16.38,161,4,1.61,0
TXREF-07046,38.54,0.57,69,2,6.75,0
TXREF-07047,52.53,12.7,511,4,51.6,0
TXREF-07048,58.72,21.18,145,3,6.37,0
TXREF-07049,42.4,16.47,231,1,0.89,0
TXREF-07050,71.39,15.34,400,2,1.45,0
TXREF-07051,50.59,19.37,126,2,17.02,0
TXREF-07052,123.7,11.68,736,2,9.74,0
TXREF-07053,50.71,12.65,25,4,8.97,0
TXREF-07054,143.24,11.51,240,4,10.43,0
TXREF-07055,66.6,20.06,480,2,36.71,0
TXREF-07056,9.49,13.13,532,3,11.83,0
TXREF-07057,228.15,11.77,124,2,4.4,0
TXREF-07058,23.02,19.32,81,2,4.74,0
TXREF-07059,102.19,19.39,1177,2,9.41,0
TXREF-07060,35.49,12.95,338,4,0.62,0
TXREF-07061,74.74,9.62,325,1,57.67,0
TXREF-07062,21.21,19.96,50,2,4.29,0
TXREF-07063,54.63,21.29,36,5,1.86,0
TXREF-07064,29.01,21.07,551,2,5.77,0
TXREF-07065,108.51,14.34,124,2,3.14,0
TXREF-07066,47.74,22.37,460,2,53.63,0
TXREF-07067,68.3,18.45,167,2,6.27,0
TXREF-07068,7.33,16.17,1009,3,8.45,0
TXREF-07069,32.73,12.57,254,4,13.53,0
TXREF-07070,46.79,15.39,24,3,3.15,0
TXREF-07071,40.89,19.85,250,3,5.48,0
TXREF-07072,69.55,10.62,53,4,8.19,0
TXREF-07073,26.75,19.19,525,6,11.06,0
TXREF-07074,36.06,15.9,371,1,1.69,0
TXREF-07075,81.49,15.06,484,1,2.62,0
TXREF-07076,6.75,15.78,813,1,0.26,0
TXREF-07077,53.21,8.26,358,3,3.06,0
TXREF-07078,27.37,12.42,936,2,7.36,0
TXREF-07079,18.05,19.19,597,3,18.3,0
TXREF-07080,44.36,14.4,31,3,12.44,0
TXREF-07081,84.25,15.04,220,2,2.48,0
TXREF-07082,73.57,14.45,821,5,3.8,0
TXREF-07083,31.59,17.77,28,4,15.43,0
TXREF-07084,65.4,9.21,100,3,4.07,0
TXREF-07085,65.04,18.29,180,1,4.6,0
TXREF-07086,32.69,21.96,89,2,25.39,0
TXREF-07087,21.14,14.84,221,3,14.25,0
TXREF-07088,22.03,9.79,183,4,2.06,0
TXREF-07089,63.64,17.83,269,4,3.2,0
TXREF-07090,33.77,18.94,59,2,39.07,0
TXREF-07091,16.39,15.36,617,2,8.95,0
TXREF-07092,10.35,9.17,731,1,24.0,0
TXREF-07093,63.37,14.51,347,4,1.72,0
TXREF-07094,23.48,15.09,321,5,10.23,0
TXREF-07095,44.16,13.13,171,1,12.28,0
TXREF-07096,84.99,22.94,1386,1,23.24,0
TXREF-07097,13.57,19.47,44,3,24.57,0
TXREF-07098,33.7,20.73,348,4,3.88,0
TXREF-07099,30.79,21.67,589,4,8.56,0
TXREF-07100,45.76,14.88,199,2,4.73,0
TXREF-07101,84.96,18.66,1079,3,12.48,0
TXREF-07102,13.37,18.9,515,1,1.18,0
TXREF-07103,52.47,19.05,108,1,0.71,0
TXREF-07104,73.16,13.76,1426,2,8.28,0
TXREF-07105,30.44,11.89,147,4,5.98,0
TXREF-07106,31.53,10.41,73,3,8.16,0
TXREF-07107,47.05,6.19,2,1,4.25,1
TXREF-07108,44.62,14.56,437,2,19.93,0
TXREF-07109,52.95,12.76,423,4,10.64,0
TXREF-07110,52.15,12.93,1654,4,3.6,0
TXREF-07111,17.17,17.29,27,2,5.16,0
TXREF-07112,71.02,13.64,247,3,0.81,0
TXREF-07113,80.65,20.06,1458,3,74.74,0
TXREF-07114,39.8,21.75,50,3,4.52,0
TXREF-07115,11.87,10.89,753,6,11.84,0
TXREF-07116,32.05,23.01,173,2,8.13,0
TXREF-07117,40.04,16.31,41,2,5.86,0
TXREF-07118,15.27,17.68,28,3,7.51,0
TXREF-07119,26.86,23.68,789,1,0.54,0
TXREF-07120,12.62,10.6,213,1,12.5,0
TXREF-07121,53.91,18.15,9,4,3.47,1
TXREF-07122,39.23,21.78,114,1,13.33,0
TXREF-07123,10.64,17.23,840,2,11.99,0
TXREF-07124,44.84,12.17,221,2,5.45,0
TXREF-07125,33.43,15.99,73,2,22.75,0
TXREF-07126,50.49,17.45,278,2,48.52,0
TXREF-07127,26.26,15.52,669,1,2.44,0
TXREF-07128,19.55,13.06,759,4,3.35,0
TXREF-07129,19.99,20.37,572,1,0.81,0
TXREF-07130,23.63,14.93,377,3,5.53,0
TXREF-07131,35.29,1.78,297,5,8.51,0
TXREF-07132,38.73,8.54,215,5,2.35,0
TXREF-07133,30.35,8.5,43,2,4.69,0
TXREF-07134,25.67,17.18,875,5,56.67,0
TXREF-07135,27.03,13.9,126,2,8.66,0
TXREF-07136,211.78,16.54,507,3,5.39,0
TXREF-07137,19.99,10.49,337,2,9.21,0
TXREF-07138,23.3,14.17,78,1,8.87,0
TXREF-07139,373.0,15.46,590,4,0.61,0
TXREF-07140,47.14,22.67,945,2,5.02,0
TXREF-07141,12.89,14.74,837,4,3.73,0
TXREF-07142,63.86,9.64,254,4,24.41,0
TXREF-07143,18.08,21.76,96,4,4.31,0
TXREF-07144,66.99,18.63,228,2,38.78,0
TXREF-07145,29.91,10.04,1077,2,15.79,0
TXREF-07146,25.36,9.85,616,4,27.74,0
TXREF-07147,110.9,17.81,299,2,2.65,0
TXREF-07148,52.34,21.52,146,3,7.22,0
TXREF-07149,70.14,16.69,160,4,50.72,0
TXREF-07150,47.61,14.18,65,2,1.14,0
TXREF-07151,25.28,12.66,36,3,11.62,0
TXREF-07152,54.06,22.22,705,3,21.1,0
TXREF-07153,83.15,16.97,97,1,5.27,0
TXREF-07154,38.36,14.9,220,3,8.28,0
TXREF-07155,127.38,7.11,113,1,26.85,1
TXREF-07156,64.22,20.16,342,3,39.11,0
TXREF-07157,40.55,10.57,180,2,1.07,0
TXREF-07158,41.72,13.29,1289,3,21.57,0
TXREF-07159,38.43,14.02,352,2,1.71,0
TXREF-07160,14.14,20.07,11,2,12.53,0
TXREF-07161,32.63,13.19,1391,6,1.02,0
TXREF-07162,40.82,9.45,114,2,1.14,0
TXREF-07163,25.8,18.7,58,4,76.47,0
TXREF-07164,44.4,16.32,1,1,16.13,1
TXREF-07165,35.35,16.44,151,1,0.55,0
TXREF-07166,60.77,18.76,207,4,1.86,0
TXREF-07167,56.12,19.51,116,2,2.26,0
TXREF-07168,39.27,11.15,1470,2,3.78,0
TXREF-07169,13.01,9.55,1416,3,2.25,0
TXREF-07170,126.38,16.7,23,3,1.24,0
TXREF-07171,31.43,13.16,343,2,3.03,0
TXREF-07172,32.84,13.45,312,6,4.84,0
TXREF-07173,27.2,10.41,183,2,2.09,0
TXREF-07174,24.49,15.87,168,3,16.32,0
TXREF-07175,105.82,15.29,435,5,1.76,0
TXREF-07176,94.44,0.09,310,2,10.51,0
TXREF-07177,47.94,20.46,21,5,8.9,0
TXREF-07178,32.22,17.87,1409,2,3.38,0
TXREF-07179,54.37,14.82,65,1,3.01,0
TXREF-07180,36.71,17.58,416,3,17.55,0
TXREF-07181,30.36,7.27,77,2,2.41,0
TXREF-07182,44.41,14.18,1014,2,19.01,0
TXREF-07183,25.34,11.71,3,2,6.02,0
TXREF-07184,41.75,14.12,367,5,23.74,0
TXREF-07185,40.33,17.02,990,2,1.08,0
TXREF-07186,53.74,15.18,120,3,5.04,0
TXREF-07187,22.29,14.06,602,2,2.74,0
TXREF-07188,58.05,22.0,1062,4,35.56,0
TXREF-07189,18.13,9.01,186,4,7.35,0
TXREF-07190,23.05,11.1,166,2,3.33,0
TXREF-07191,23.79,17.59,1193,1,1.74,0
TXREF-07192,16.09,12.38,166,4,2.18,0
TXREF-07193,72.33,17.65,1152,1,9.59,0
TXREF-07194,17.33,16.64,371,2,12.46,0
TXREF-07195,21.05,0.32,644,3,36.71,0
TXREF-07196,85.96,15.07,864,3,6.23,0
TXREF-07197,23.08,12.6,62,4,0.66,0
TXREF-07198,30.4,13.52,882,1,9.39,0
TXREF-07199,16.8,23.95,204,1,10.44,0
TXREF-07200,63.42,7.2,1036,3,3.73,0
TXREF-07201,64.05,17.98,66,4,11.78,0
TXREF-07202,59.27,12.4,194,2,7.25,0
TXREF-07203,51.27,22.09,273,3,11.36,0
TXREF-07204,36.71,20.73,1338,1,1.3,0
TXREF-07205,23.87,13.87,349,1,9.76,0
TXREF-07206,19.36,9.8,838,2,1.26,0
TXREF-07207,88.12,18.29,64,3,1.95,0
TXREF-07208,60.38,15.9,46,2,6.71,0
TXREF-07209,21.13,18.83,3,3,3.19,0
TXREF-07210,35.83,9.84,628,3,3.22,0
TXREF-07211,28.05,16.87,55,2,6.51,0
TXREF-07212,15.45,16.27,352,3,5.89,0
TXREF-07213,39.56,18.5,681,3,1.18,0
TXREF-07214,25.81,11.82,98,3,4.57,0
TXREF-07215,17.53,16.29,976,3,15.85,0
TXREF-07216,12.0,10.15,595,5,7.97,0
TXREF-07217,11.29,13.56,114,1,57.65,0
TXREF-07218,26.64,9.82,612,2,10.47,0
TXREF-07219,32.74,13.48,1301,3,33.69,0
TXREF-07220,18.54,10.7,136,4,1.42,0
TXREF-07221,55.62,19.26,37,3,5.43,0
TXREF-07222,33.21,15.39,146,1,1.75,0
TXREF-07223,52.74,12.17,857,2,2.52,0
TXREF-07224,30.52,17.49,2144,1,40.34,0
TXREF-07225,19.75,10.94,323,3,0.85,0
TXREF-07226,37.79,13.89,84,4,17.13,0
TXREF-07227,14.03,12.03,1199,2,10.28,0
TXREF-07228,51.34,16.38,225,1,12.53,0
TXREF-07229,17.73,20.65,1008,2,4.26,0
TXREF-07230,67.43,19.92,15,3,28.3,1
TXREF-07231,27.28,14.27,212,3,7.36,0
TXREF-07232,74.82,4.53,450,2,11.48,1
TXREF-07233,15.51,16.16,720,3,0.66,0
TXREF-07234,21.37,19.01,540,1,1.7,0
TXREF-07235,45.8,22.47,1089,2,3.78,0
TXREF-07236,80.86,7.86,87,3,11.14,1
TXREF-07237,115.58,18.19,9,3,1.45,0
TXREF-07238,35.87,15.68,422,1,0.86,0
TXREF-07239,130.74,11.67,676,1,6.3,0
TXREF-07240,28.26,13.21,107,1,1.95,0
TXREF-07241,76.79,11.29,123,4,7.51,0
TXREF-07242,17.67,15.67,31,4,3.86,0
TXREF-07243,47.11,18.51,595,4,10.74,0
TXREF-07244,6.45,10.27,326,5,1.11,0
TXREF-07245,15.53,13.97,459,3,2.96,0
TXREF-07246,48.72,11.65,17,2,3.87,0
TXREF-07247,13.53,18.68,779,3,15.63,0
TXREF-07248,47.34,16.86,74,2,3.18,0
TXREF-07249,66.86,13.61,137,2,5.68,0
TXREF-07250,24.27,14.26,46,1,1.75,0
TXREF-07251,17.33,17.24,115,3,10.05,0
TXREF-07252,24.74,19.68,220,1,11.59,0
TXREF-07253,17.37,16.43,355,5,4.93,0
TXREF-07254,32.37,18.73,332,1,2.83,0
TXREF-07255,37.47,12.43,279,1,2.93,0
TXREF-07256,27.93,20.56,77,2,4.05,0
TXREF-07257,116.23,19.33,193,1,10.21,0
TXREF-07258,20.74,14.8,105,1,3.9,0
TXREF-07259,94.81,19.89,51,1,20.53,0
TXREF-07260,16.45,14.76,315,4,4.83,0
TXREF-07261,36.69,13.22,100,3,1.65,0
TXREF-07262,81.6,11.46,9,1,38.77,0
TXREF-07263,78.62,15.7,337,2,2.69,0
TXREF-07264,25.72,10.72,7,4,2.11,1
TXREF-07265,51.92,12.92,1045,4,3.71,0
TXREF-07266,47.15,12.96,201,1,20.82,0
TXREF-07267,23.6,22.29,295,4,15.73,0
TXREF-07268,54.24,16.11,323,1,10.46,0
TXREF-07269,133.09,13.27,531,3,9.09,0
TXREF-07270,48.89,18.16,102,3,8.29,0
TXREF-07271,52.34,13.22,79,1,7.98,0
TXREF-07272,56.48,12.7,367,1,9.3,0
TXREF-07273,12.16,11.11,47,3,3.8,0
TXREF-07274,48.49,20.98,367,3,2.3,0
TXREF-07275,16.74,21.34,1185,4,13.09,0
TXREF-07276,22.77,16.37,202,5,1.84,0
TXREF-07277,165.11,14.21,151,2,5.74,0
TXREF-07278,29.01,20.7,178,1,2.73,0
TXREF-07279,20.43,15.46,988,2,2.35,0
TXREF-07280,79.83,19.06,538,1,11.37,0
TXREF-07281,17.6,19.59,1583,1,7.72,0
TXREF-07282,25.23,15.71,134,3,21.68,0
TXREF-07283,85.57,20.69,16,1,3.78,0
TXREF-07284,35.9,15.9,349,1,10.0,0
TXREF-07285,11.31,16.87,492,4,2.44,0
TXREF-07286,51.5,16.94,432,1,7.86,0
TXREF-07287,26.17,11.22,724,2,1.61,0
TXREF-07288,105.5,16.95,135,3,2.42,0
TXREF-07289,22.5,15.03,548,2,8.94,0
TXREF-07290,74.21,22.7,401,3,0.93,0
TXREF-07291,125.02,13.49,73,2,20.82,1
TXREF-07292,18.87,18.94,413,3,6.74,0
TXREF-07293,30.29,11.85,74,2,3.46,0
TXREF-07294,46.05,14.97,207,4,7.91,0
TXREF-07295,18.78,18.63,757,3,11.69,0
TXREF-07296,42.29,17.08,442,5,48.69,0
TXREF-07297,29.61,14.26,213,3,1.18,0
TXREF-07298,29.18,14.75,382,1,2.92,0
TXREF-07299,36.06,12.28,874,3,21.51,0
TXREF-07300,36.65,12.37,115,2,4.68,0
TXREF-07301,39.17,9.08,553,4,8.97,0
TXREF-07302,22.62,14.8,328,3,0.67,0
TXREF-07303,23.34,16.18,66,2,9.5,0
TXREF-07304,31.96,13.77,493,3,5.46,0
TXREF-07305,33.71,11.19,199,1,6.25,0
TXREF-07306,25.38,14.21,187,1,7.2,0
TXREF-07307,43.96,18.29,373,2,1.75,0
TXREF-07308,9.43,16.87,441,2,2.35,0
TXREF-07309,20.57,13.91,91,2,25.24,0
TXREF-07310,28.46,18.34,610,3,4.2,0
TXREF-07311,18.8,22.64,17,2,50.54,0
TXREF-07312,112.51,12.46,933,3,20.17,0
TXREF-07313,35.29,21.2,295,1,6.58,0
TXREF-07314,39.54,20.17,113,4,5.98,0
TXREF-07315,24.58,17.43,95,2,5.05,0
TXREF-07316,34.42,16.72,51,5,4.07,0
TXREF-07317,14.51,14.32,232,3,4.34,0
TXREF-07318,30.81,15.19,50,3,74.11,0
TXREF-07319,17.73,12.16,14,2,5.28,0
TXREF-07320,28.51,11.48,139,2,20.65,0
TXREF-07321,5.51,7.65,98,1,3.82,0
TXREF-07322,15.45,18.75,554,4,1.0,0
TXREF-07323,99.89,17.01,127,2,2.72,0
TXREF-07324,63.3,18.42,211,1,5.31,0
TXREF-07325,89.99,15.11,232,1,4.86,0
TXREF-07326,94.55,6.63,438,2,8.09,0
TXREF-07327,56.52,11.6,434,2,4.26,0
TXREF-07328,25.13,13.18,138,2,0.84,0
TXREF-07329,16.5,10.54,301,1,11.65,0
TXREF-07330,79.49,8.58,486,1,4.7,0
TXREF-07331,36.47,10.87,182,4,4.19,0
TXREF-07332,209.7,20.35,696,2,7.26,0
TXREF-07333,26.77,14.16,64,3,14.05,0
TXREF-07334,144.1,16.9,886,4,12.03,0
TXREF-07335,31.1,20.6,709,2,6.57,0
TXREF-07336,91.1,16.19,31,2,18.79,0
TXREF-07337,118.11,13.44,510,1,11.73,1
TXREF-07338,16.67,19.76,87,1,2.24,0
TXREF-07339,24.55,17.91,73,3,3.24,0
TXREF-07340,16.55,7.35,231,1,4.53,0
TXREF-07341,14.36,20.97,531,3,43.56,0
TXREF-07342,56.28,16.6,654,4,6.72,1
TXREF-07343,30.22,14.54,102,2,1.73,0
TXREF-07344,36.15,10.39,153,4,16.52,0
TXREF-07345,51.96,19.51,228,1,3.09,0
TXREF-07346,9.14,10.03,88,5,73.12,0
TXREF-07347,87.92,10.03,1506,1,8.78,0
TXREF-07348,27.08,20.43,555,4,0.68,0
TXREF-07349,51.08,15.67,1012,5,4.63,0
TXREF-07350,54.43,19.66,1235,1,4.79,0
TXREF-07351,93.41,11.15,339,2,4.27,0
TXREF-07352,32.28,15.57,375,2,15.23,0
TXREF-07353,7.55,14.73,266,2,10.37,0
TXREF-07354,36.28,16.81,146,1,21.51,0
TXREF-07355,40.23,14.81,805,1,10.75,0
TXREF-07356,16.53,17.15,204,3,9.42,0
TXREF-07357,38.71,18.51,119,2,1.54,0
TXREF-07358,26.84,10.51,231,1,7.89,0
TXREF-07359,13.24,16.34,538,4,11.35,0
TXREF-07360,56.46,19.25,417,3,9.5,0
TXREF-07361,23.2,11.51,388,2,10.16,0
TXREF-07362,25.98,16.22,284,5,1.06,0
TXREF-07363,24.95,16.95,142,2,8.11,0
TXREF-07364,84.74,19.83,247,3,3.63,1
TXREF-07365,33.8,12.88,154,3,11.11,1
TXREF-07366,36.85,9.56,223,1,18.83,0
TXREF-07367,25.35,8.22,362,2,14.37,0
TXREF-07368,48.58,13.22,247,4,4.61,0
TXREF-07369,91.97,16.53,746,2,2.41,0
TXREF-07370,55.5,12.17,261,3,6.01,0
TXREF-07371,57.09,19.2,193,5,5.19,0
TXREF-07372,53.87,20.19,103,2,15.71,0
TXREF-07373,12.89,13.36,281,3,16.85,0
TXREF-07374,18.53,13.07,19,3,12.89,0
TXREF-07375,30.04,17.14,611,2,3.85,0
TXREF-07376,20.64,10.93,2405,3,16.15,0
TXREF-07377,16.18,13.59,9,1,9.43,0
TXREF-07378,9.04,12.25,584,4,1.11,0
TXREF-07379,13.2,19.16,233,3,1.87,0
TXREF-07380,28.94,14.11,58,1,1.66,0
TXREF-07381,33.12,20.14,1001,4,3.06,0
TXREF-07382,19.67,17.37,76,5,14.2,0
TXREF-07383,36.85,13.97,1410,2,24.46,0
TXREF-07384,25.47,15.78,661,1,4.47,0
TXREF-07385,76.34,14.55,5,1,5.48,0
TXREF-07386,30.99,18.49,286,4,3.25,0
TXREF-07387,57.48,13.03,495,2,7.51,0
TXREF-07388,40.3,19.93,689,3,3.01,0
TXREF-07389,12.69,16.38,1813,4,8.21,0
TXREF-07390,32.61,22.27,671,2,22.79,0
TXREF-07391,14.3,15.59,133,2,4.82,0
TXREF-07392,32.21,18.34,353,3,3.84,0
TXREF-07393,20.36,20.09,1380,2,5.63,0
TXREF-07394,45.83,19.35,113,2,3.98,0
TXREF-07395,13.24,12.42,841,3,8.31,0
TXREF-07396,35.18,18.28,967,2,16.2,0
TXREF-07397,52.57,16.2,375,3,1.76,0
TXREF-07398,66.92,22.31,396,2,1.41,0
TXREF-07399,20.08,13.52,99,2,2.83,0
TXREF-07400,35.26,13.2,78,2,9.73,0
TXREF-07401,39.75,11.69,383,1,11.2,0
TXREF-07402,106.05,14.02,668,1,39.49,0
TXREF-07403,11.98,13.41,92,2,12.24,0
TXREF-07404,18.07,14.61,176,2,5.18,0
TXREF-07405,262.23,9.49,56,5,1.77,1
TXREF-07406,28.6,14.07,677,3,6.22,0
TXREF-07407,8.92,18.04,170,2,7.35,0
TXREF-07408,22.89,18.88,91,2,5.17,0
TXREF-07409,4.74,14.07,596,4,4.56,0
TXREF-07410,41.41,19.67,73,3,8.9,0
TXREF-07411,62.37,12.15,301,3,7.19,0
TXREF-07412,18.06,13.72,539,7,33.15,0
TXREF-07413,24.81,9.36,665,1,3.37,0
TXREF-07414,67.7,12.71,345,4,9.64,0
TXREF-07415,9.87,19.72,849,2,4.18,0
TXREF-07416,13.44,17.6,85,6,4.14,0
TXREF-07417,29.54,21.67,113,2,6.46,0
TXREF-07418,20.25,19.58,95,4,26.26,0
TXREF-07419,28.17,15.25,328,2,16.1,0
TXREF-07420,14.01,16.66,564,4,1.74,0
TXREF-07421,40.62,13.05,1,3,7.94,0
TXREF-07422,31.27,17.88,541,4,0.91,0
TXREF-07423,51.7,18.2,162,2,4.04,0
TXREF-07424,40.22,15.78,16,1,18.93,0
TXREF-07425,40.4,13.77,18,4,3.52,0
TXREF-07426,12.29,20.65,444,1,3.31,0
TXREF-07427,49.63,12.28,30,4,48.1,0
TXREF-07428,27.43,15.36,110,4,9.91,0
TXREF-07429,30.88,13.99,1913,1,19.78,0
TXREF-07430,74.05,20.76,451,2,24.04,1
TXREF-07431,20.74,14.45,1699,3,5.63,0
TXREF-07432,92.1,12.76,88,3,17.35,0
TXREF-07433,98.5,22.77,264,6,5.69,0
TXREF-07434,59.86,20.71,139,2,5.31,0
TXREF-07435,17.18,15.6,244,1,9.5,0
TXREF-07436,7.21,19.51,276,1,17.39,0
TXREF-07437,75.7,10.91,197,2,5.22,0
TXREF-07438,37.72,20.81,99,2,12.93,0
TXREF-07439,20.36,17.39,412,2,2.27,0
TXREF-07440,81.04,12.26,140,3,9.47,0
TXREF-07441,18.72,16.96,35,2,0.82,0
TXREF-07442,25.65,16.24,562,2,7.56,0
TXREF-07443,50.8,12.64,379,2,1.24,0
TXREF-07444,15.61,15.89,932,6,18.57,0
TXREF-07445,32.17,15.05,471,1,5.05,0
TXREF-07446,76.26,19.52,37,3,5.23,0
TXREF-07447,40.53,19.3,393,5,7.72,0
TXREF-07448,85.47,11.88,367,3,3.88,0
TXREF-07449,78.74,14.17,246,2,3.81,0
TXREF-07450,35.01,10.64,44,3,5.12,0
TXREF-07451,6.47,10.79,71,2,1.99,0
TXREF-07452,15.7,9.65,1634,2,0.92,0
TXREF-07453,60.32,10.85,497,3,3.43,0
TXREF-07454,11.4,21.47,59,3,3.34,0
TXREF-07455,27.52,13.03,261,3,0.82,0
TXREF-07456,44.42,21.89,404,2,9.06,0
TXREF-07457,100.29,13.04,403,5,4.48,0
TXREF-07458,23.01,0.9,136,2,12.88,0
TXREF-07459,21.9,10.36,63,3,6.05,0
TXREF-07460,33.52,20.97,299,5,4.3,0
TXREF-07461,44.82,11.29,871,2,6.28,0
TXREF-07462,31.15,13.77,62,2,1.04,0
TXREF-07463,74.1,15.65,225,3,3.66,0
TXREF-07464,19.58,15.98,686,3,14.27,0
TXREF-07465,37.96,21.31,583,4,66.73,0
TXREF-07466,47.97,13.65,838,2,2.55,0
TXREF-07467,26.1,12.73,604,2,11.61,0
TXREF-07468,63.73,19.52,241,1,3.92,0
TXREF-07469,38.75,5.09,293,4,11.66,1
TXREF-07470,61.43,14.2,679,4,7.93,0
TXREF-07471,40.04,15.38,77,1,1.29,0
TXREF-07472,45.65,20.14,894,1,6.43,0
TXREF-07473,22.08,8.69,606,2,7.5,0
TXREF-07474,22.11,12.66,785,4,5.47,0
TXREF-07475,84.06,9.66,454,3,1.06,0
TXREF-07476,55.01,8.25,708,4,5.86,0
TXREF-07477,16.67,13.35,252,3,4.68,0
TXREF-07478,39.66,16.67,10,1,5.75,0
TXREF-07479,6.3,17.86,182,1,11.77,0
TXREF-07480,23.03,12.3,547,2,2.99,0
TXREF-07481,69.54,16.13,579,2,7.21,0
TXREF-07482,31.81,17.6,12,1,6.79,0
TXREF-07483,37.9,15.78,237,3,1.74,0
TXREF-07484,3.97,17.69,55,1,0.82,0
TXREF-07485,26.25,13.38,177,2,5.4,0
TXREF-07486,44.41,17.45,1127,4,4.73,0
TXREF-07487,48.67,16.05,225,3,3.23,0
TXREF-07488,69.61,16.1,1781,3,8.29,0
TXREF-07489,29.92,17.31,22,4,8.63,1
TXREF-07490,30.9,16.98,714,6,3.08,0
TXREF-07491,13.34,10.21,271,5,23.62,0
TXREF-07492,30.05,13.34,252,2,2.84,0
TXREF-07493,14.04,14.97,576,3,43.09,0
TXREF-07494,9.2,15.42,416,3,13.38,0
TXREF-07495,15.94,20.33,699,1,6.24,0
TXREF-07496,103.16,18.57,395,1,1.23,0
TXREF-07497,28.65,9.85,289,2,1.52,0
TXREF-07498,40.78,13.23,106,2,7.89,0
TXREF-07499,24.05,8.6,512,1,4.66,0
TXREF-07500,9.59,15.99,1419,3,2.7,0
TXREF-07501,68.31,17.5,481,2,10.54,0
TXREF-07502,7.29,0.72,1278,1,5.82,0
TXREF-07503,23.35,17.28,1,4,1.88,0
TXREF-07504,33.47,15.06,218,3,3.97,0
TXREF-07505,41.1,14.82,1466,3,4.67,0
TXREF-07506,20.63,12.99,518,2,11.46,0
TXREF-07507,9.27,14.42,34,3,5.99,0
TXREF-07508,19.55,14.88,237,4,6.25,0
TXREF-07509,20.31,7.71,640,3,20.35,0
TXREF-07510,19.95,14.63,7,3,0.97,0
TXREF-07511,70.0,14.32,582,2,41.3,0
TXREF-07512,14.53,19.61,153,1,1.18,0
TXREF-07513,43.24,13.58,560,2,1.3,0
TXREF-07514,39.02,11.55,1046,2,4.41,0
TXREF-07515,69.51,14.86,293,1,2.77,0
TXREF-07516,31.63,14.24,42,3,46.72,0
TXREF-07517,61.54,13.58,325,2,2.11,0
TXREF-07518,30.75,9.91,106,1,2.65,0
TXREF-07519,47.6,13.5,338,1,5.41,0
TXREF-07520,11.8,12.15,57,1,33.81,0
TXREF-07521,5.21,13.31,80,2,20.54,0
TXREF-07522,45.69,16.34,329,2,7.58,0
TXREF-07523,47.49,18.72,69,2,1.52,0
TXREF-07524,49.03,13.29,386,2,0.87,0
TXREF-07525,23.86,15.73,1763,3,2.05,0
TXREF-07526,101.76,13.14,213,3,0.68,0
TXREF-07527,25.0,22.35,612,1,1.54,0
TXREF-07528,47.14,14.8,130,2,0.72,0
TXREF-07529,53.42,22.51,578,3,8.96,0
TXREF-07530,120.0,11.31,596,4,1.5,0
TXREF-07531,27.71,20.31,1311,1,17.72,0
TXREF-07532,21.75,11.36,719,2,6.93,0
TXREF-07533,11.84,15.72,578,4,5.73,0
TXREF-07534,106.45,10.46,264,2,12.45,1
TXREF-07535,47.15,12.94,66,2,3.76,0
TXREF-07536,48.24,19.26,738,1,6.55,0
TXREF-07537,328.33,12.34,1036,1,2.18,0
TXREF-07538,43.99,16.15,160,2,17.94,0
TXREF-07539,13.63,0.14,27,6,26.14,0
TXREF-07540,30.23,12.81,222,3,3.62,0
TXREF-07541,17.26,11.16,1530,4,24.71,0
TXREF-07542,26.18,14.96,658,4,5.65,0
TXREF-07543,26.05,10.69,480,1,13.05,0
TXREF-07544,22.81,20.62,55,2,5.52,0
TXREF-07545,12.77,8.75,685,2,4.69,0
TXREF-07546,109.57,17.63,588,1,3.48,0
TXREF-07547,43.17,22.35,688,1,11.05,0
TXREF-07548,29.6,16.56,584,2,1.57,0
TXREF-07549,60.07,14.17,469,3,7.59,0
TXREF-07550,48.87,19.94,263,2,18.22,0
TXREF-07551,42.46,19.37,301,2,1.92,0
TXREF-07552,57.01,13.34,2,2,14.16,0
TXREF-07553,38.34,14.5,144,2,20.99,0
TXREF-07554,56.41,12.23,419,4,2.36,0
TXREF-07555,59.87,10.26,1,5,4.4,0
TXREF-07556,39.14,21.24,1083,2,2.66,0
TXREF-07557,29.71,14.8,631,1,6.97,0
TXREF-07558,104.78,8.85,74,5,1.76,0
TXREF-07559,24.68,22.87,264,3,15.34,0
TXREF-07560,46.14,14.91,275,2,2.93,0
TXREF-07561,46.9,12.08,24,2,1.8,1
TXREF-07562,22.45,11.87,69,2,9.8,0
TXREF-07563,19.46,15.36,221,2,1.9,0
TXREF-07564,26.98,19.15,142,2,5.68,0
TXREF-07565,24.42,15.27,319,3,20.13,0
TXREF-07566,12.18,16.5,611,2,15.42,0
TXREF-07567,21.78,11.34,1207,2,18.43,0
TXREF-07568,42.17,12.67,12,2,4.4,0
TXREF-07569,86.62,20.0,237,3,5.6,0
TXREF-07570,51.89,9.65,130,2,9.96,1
TXREF-07571,5.36,14.66,1211,1,4.31,0
TXREF-07572,55.24,15.58,158,3,11.19,0
TXREF-07573,23.29,13.88,1958,3,1.37,0
TXREF-07574,48.24,15.02,350,1,5.57,0
TXREF-07575,34.46,14.19,607,1,21.68,0
TXREF-07576,30.3,12.01,803,2,4.11,0
TXREF-07577,32.34,10.23,442,1,6.17,0
TXREF-07578,34.26,21.0,632,3,68.28,0
TXREF-07579,91.65,18.17,342,1,3.02,0
TXREF-07580,34.32,17.28,155,1,5.33,0
TXREF-07581,76.06,12.89,491,3,0.79,0
TXREF-07582,68.49,12.83,1035,4,9.31,0
TXREF-07583,56.28,12.59,623,4,12.29,0
TXREF-07584,9.62,12.59,106,4,11.48,0
TXREF-07585,77.79,14.92,772,1,39.17,0
TXREF-07586,25.04,17.38,108,1,11.08,0
TXREF-07587,58.28,18.4,196,3,5.61,0
TXREF-07588,17.28,11.34,27,4,13.68,0
TXREF-07589,14.83,21.54,408,2,3.58,0
TXREF-07590,144.46,15.74,319,1,11.83,1
TXREF-07591,17.48,12.94,1063,3,140.63,0
TXREF-07592,79.46,10.72,353,1,56.98,1
TXREF-07593,37.91,14.88,190,1,35.91,0
TXREF-07594,25.73,20.78,81,1,9.27,0
TXREF-07595,33.71,22.71,236,1,2.33,0
TXREF-07596,13.64,11.48,56,3,4.08,0
TXREF-07597,34.47,13.5,253,1,75.09,0
TXREF-07598,15.97,10.35,102,3,4.85,0
TXREF-07599,26.19,14.06,12,4,23.09,1
TXREF-07600,67.78,19.47,365,2,2.33,0
TXREF-07601,41.81,11.78,284,6,9.74,0
TXREF-07602,11.98,3.58,208,4,12.11,0
TXREF-07603,64.27,22.22,281,4,3.01,0
TXREF-07604,34.64,12.4,288,1,1.54,0
TXREF-07605,23.56,11.6,17,3,2.95,0
TXREF-07606,59.6,11.57,28,2,16.85,0
TXREF-07607,30.86,18.79,1054,3,29.03,0
TXREF-07608,15.04,12.69,83,5,3.03,0
TXREF-07609,131.69,20.32,1,3,2.64,1
TXREF-07610,34.38,17.05,164,2,2.02,0
TXREF-07611,32.83,13.13,110,2,22.65,0
TXREF-07612,26.01,12.33,115,3,3.26,0
TXREF-07613,81.42,14.41,188,3,1.17,0
TXREF-07614,23.86,13.53,550,3,4.62,0
TXREF-07615,11.45,8.39,127,2,2.72,0
TXREF-07616,21.36,20.13,1228,3,27.66,0
TXREF-07617,90.49,16.29,807,4,14.76,0
TXREF-07618,63.38,12.52,11,2,8.1,0
TXREF-07619,28.97,17.59,665,6,29.17,0
TXREF-07620,93.57,13.42,297,2,7.59,0
TXREF-07621,59.65,12.12,1126,4,4.36,0
TXREF-07622,28.73,21.45,43,4,2.44,0
TXREF-07623,30.89,7.08,848,3,4.11,0
TXREF-07624,44.13,12.49,420,2,1.17,0
TXREF-07625,19.13,12.68,92,3,26.39,0
TXREF-07626,34.93,13.38,87,4,2.95,0
TXREF-07627,43.47,13.24,407,4,1.13,0
TXREF-07628,10.33,14.17,817,4,19.08,0
TXREF-07629,30.38,18.87,1205,2,5.35,0
TXREF-07630,27.99,12.35,183,2,0.77,0
TXREF-07631,72.98,20.97,80,2,1.29,0
TXREF-07632,9.23,8.47,80,1,1.55,0
TXREF-07633,26.45,18.09,257,5,1.04,0
TXREF-07634,24.61,9.52,1,4,3.97,0
TXREF-07635,69.49,17.07,172,3,15.3,1
TXREF-07636,33.74,13.69,95,4,7.23,0
TXREF-07637,126.87,21.36,1302,4,0.79,0
TXREF-07638,56.08,18.69,497,1,2.97,0
TXREF-07639,25.91,11.23,1232,1,9.3,0
TXREF-07640,41.37,12.89,806,2,4.76,0
TXREF-07641,26.98,18.26,46,1,9.58,0
TXREF-07642,64.64,18.04,372,2,6.84,0
TXREF-07643,13.34,15.67,63,2,1.82,0
TXREF-07644,19.24,17.31,181,1,1.51,0
TXREF-07645,48.33,16.87,126,1,4.96,0
TXREF-07646,84.15,15.31,39,2,2.84,0
TXREF-07647,7.13,16.16,358,2,7.37,0
TXREF-07648,93.66,19.26,805,3,19.34,0
TXREF-07649,31.47,21.11,161,2,19.72,0
TXREF-07650,8.97,22.42,204,2,1.48,0
TXREF-07651,4.01,17.27,156,4,3.45,1
TXREF-07652,11.57,11.76,126,3,1.81,0
TXREF-07653,34.32,8.61,703,5,11.94,0
TXREF-07654,33.2,16.1,429,1,8.71,0
TXREF-07655,54.92,19.48,1256,2,26.76,0
TXREF-07656,23.44,10.42,379,4,3.33,0
TXREF-07657,15.68,18.05,316,1,3.87,0
TXREF-07658,25.86,17.09,122,4,3.75,0
TXREF-07659,35.67,21.36,920,5,10.2,0
TXREF-07660,41.11,22.01,177,1,9.35,0
TXREF-07661,19.72,17.54,87,4,1.66,0
TXREF-07662,66.62,23.53,1792,4,0.85,0
TXREF-07663,22.26,16.89,641,3,4.72,0
TXREF-07664,18.61,21.12,799,3,1.65,0
TXREF-07665,23.56,13.42,142,2,3.86,0
TXREF-07666,75.48,19.25,25,2,9.17,0
TXREF-07667,31.64,10.46,1264,3,1.53,0
TXREF-07668,21.11,11.77,2545,4,1.85,0
TXREF-07669,67.82,15.03,119,5,5.03,0
TXREF-07670,162.84,15.08,502,1,90.12,0
TXREF-07671,40.49,16.53,197,5,3.08,0
TXREF-07672,84.64,9.5,1026,2,11.26,0
TXREF-07673,73.4,8.69,452,2,1.27,0
TXREF-07674,22.51,12.78,298,2,28.99,0
TXREF-07675,35.49,10.74,113,3,4.81,0
TXREF-07676,13.83,1.44,202,2,6.37,0
TXREF-07677,30.04,9.81,28,2,2.79,0
TXREF-07678,22.18,22.16,125,1,3.92,0
TXREF-07679,26.05,11.37,1015,2,37.06,0
TXREF-07680,20.29,18.58,269,2,2.64,0
TXREF-07681,28.31,19.88,833,3,3.98,0
TXREF-07682,51.07,10.62,170,1,6.97,0
TXREF-07683,31.94,20.7,152,2,6.16,0
TXREF-07684,9.09,14.85,722,2,4.76,0
TXREF-07685,20.34,14.53,925,2,5.26,0
TXREF-07686,11.66,13.79,117,2,20.6,0
TXREF-07687,41.5,18.5,317,4,12.73,0
TXREF-07688,50.02,21.99,42,2,3.56,0
TXREF-07689,41.88,11.23,521,4,7.21,0
TXREF-07690,19.75,13.32,117,1,14.06,0
TXREF-07691,41.58,19.77,1025,3,6.32,0
TXREF-07692,24.82,15.86,1058,3,1.17,0
TXREF-07693,15.34,15.92,62,2,26.71,0
TXREF-07694,59.39,14.53,26,3,1.08,0
TXREF-07695,62.74,12.24,50,2,56.57,1
TXREF-07696,68.94,12.07,773,4,5.15,0
TXREF-07697,22.47,21.19,480,2,34.35,0
TXREF-07698,81.38,22.27,1465,5,3.35,0
TXREF-07699,24.4,12.03,663,2,12.98,0
TXREF-07700,55.73,22.84,103,2,1.42,0
TXREF-07701,24.1,14.76,101,2,7.51,0
TXREF-07702,29.63,14.01,713,1,2.01,0
TXREF-07703,6.09,13.98,473,3,8.81,0
TXREF-07704,28.01,11.1,785,1,51.54,0
TXREF-07705,37.17,0.05,116,3,15.13,0
TXREF-07706,25.91,13.0,63,1,12.01,0
TXREF-07707,123.28,17.44,673,1,5.95,0
TXREF-07708,15.07,22.45,61,3,2.21,0
TXREF-07709,23.2,18.06,646,4,67.91,0
TXREF-07710,18.15,23.22,121,1,0.94,0
TXREF-07711,23.2,20.47,20,3,27.93,0
TXREF-07712,73.16,17.95,35,2,10.89,0
TXREF-07713,100.91,13.02,555,4,4.0,0
TXREF-07714,21.02,14.13,100,1,13.49,0
TXREF-07715,20.69,16.25,108,1,8.22,0
TXREF-07716,15.13,14.69,126,5,6.99,0
TXREF-07717,89.17,12.81,239,2,3.67,0
TXREF-07718,78.03,20.98,212,2,1.29,0
TXREF-07719,32.26,20.13,1505,1,1.94,0
TXREF-07720,12.74,16.11,130,2,11.44,0
TXREF-07721,13.59,18.23,832,1,3.84,0
TXREF-07722,39.36,9.31,1277,4,8.98,0
TXREF-07723,51.7,20.03,104,1,1.72,0
TXREF-07724,7.86,20.8,85,4,1.98,0
TXREF-07725,27.62,19.29,883,3,3.21,0
TXREF-07726,111.63,11.64,130,1,47.97,0
TXREF-07727,29.77,8.85,322,2,3.45,0
TXREF-07728,101.75,9.8,51,1,1.99,0
TXREF-07729,55.55,12.94,437,3,27.58,0
TXREF-07730,15.95,20.18,181,1,46.87,0
TXREF-07731,28.2,14.1,1241,1,1.11,0
TXREF-07732,31.73,13.2,312,2,2.36,0
TXREF-07733,17.53,17.58,5,4,62.29,0
TXREF-07734,17.32,14.01,322,1,5.16,0
TXREF-07735,103.01,14.9,260,4,11.52,0
TXREF-07736,17.22,23.82,128,2,4.99,0
TXREF-07737,75.68,13.97,161,2,10.3,0
TXREF-07738,25.42,11.77,918,2,5.35,0
TXREF-07739,34.18,0.68,575,4,3.98,0
TXREF-07740,52.17,16.35,429,2,2.41,0
TXREF-07741,22.62,22.46,223,2,6.32,0
TXREF-07742,52.4,14.5,90,1,6.02,0
TXREF-07743,7.98,20.56,718,5,15.62,0
TXREF-07744,47.78,18.34,258,1,4.82,0
TXREF-07745,5.89,13.63,20,1,2.3,0
TXREF-07746,29.57,11.94,58,7,2.35,0
TXREF-07747,64.4,15.37,151,4,4.54,0
TXREF-07748,54.49,18.65,76,3,1.05,0
TXREF-07749,13.67,16.83,190,1,13.12,0
TXREF-07750,15.0,15.36,271,2,10.85,0
TXREF-07751,21.2,22.54,355,4,52.83,0
TXREF-07752,39.81,18.71,31,3,1.23,0
TXREF-07753,8.06,10.55,80,1,3.89,0
TXREF-07754,34.48,18.96,90,3,2.54,0
TXREF-07755,43.56,23.18,1548,4,19.29,0
TXREF-07756,28.4,19.76,458,3,15.22,0
TXREF-07757,50.82,14.36,792,3,7.45,0
TXREF-07758,40.9,20.13,392,2,8.4,0
TXREF-07759,23.57,19.25,228,2,22.79,0
TXREF-07760,8.64,17.71,90,4,4.44,0
TXREF-07761,38.32,13.13,463,4,11.85,0
TXREF-07762,17.53,12.95,1142,2,10.98,0
TXREF-07763,22.96,18.75,58,3,2.5,0
TXREF-07764,49.15,19.49,1680,3,2.35,0
TXREF-07765,96.59,11.02,1404,4,2.74,0
TXREF-07766,33.87,19.72,347,1,25.36,0
TXREF-07767,51.88,21.07,405,3,12.92,0
TXREF-07768,12.3,17.35,21,1,25.79,0
TXREF-07769,41.54,20.0,181,4,2.83,0
TXREF-07770,33.34,15.45,117,3,36.16,1
TXREF-07771,84.36,20.24,1082,1,2.39,0
TXREF-07772,23.59,21.0,970,2,1.02,0
TXREF-07773,29.25,12.57,94,3,0.4,0
TXREF-07774,74.62,18.52,54,5,4.19,0
TXREF-07775,32.58,11.32,532,2,5.01,0
TXREF-07776,15.67,13.06,124,3,2.66,0
TXREF-07777,218.59,11.67,65,3,0.59,0
TXREF-07778,16.01,20.72,176,6,15.68,0
TXREF-07779,33.23,20.66,276,3,6.74,0
TXREF-07780,44.68,14.96,166,3,11.15,0
TXREF-07781,42.21,13.02,13,1,27.3,0
TXREF-07782,30.37,21.02,278,3,0.84,0
TXREF-07783,30.48,12.88,343,6,17.24,0
TXREF-07784,29.4,13.2,216,2,8.86,0
TXREF-07785,15.59,15.34,233,2,18.7,0
TXREF-07786,163.72,18.87,397,3,23.72,0
TXREF-07787,29.71,19.95,954,5,5.08,0
TXREF-07788,53.51,22.9,363,2,188.59,1
TXREF-07789,27.36,12.92,142,1,25.52,0
TXREF-07790,26.97,9.0,236,1,4.17,0
TXREF-07791,25.08,12.85,335,4,2.68,0
TXREF-07792,11.41,14.89,137,3,1.57,0
TXREF-07793,31.01,15.46,39,2,3.32,0
TXREF-07794,25.97,10.2,179,4,8.69,0
TXREF-07795,80.92,15.31,419,2,4.05,0
TXREF-07796,14.71,17.65,1013,2,20.47,0
TXREF-07797,22.98,12.42,16,2,24.8,0
TXREF-07798,18.23,18.96,173,5,12.03,0
TXREF-07799,98.36,7.38,61,1,4.85,0
TXREF-07800,18.62,11.13,667,2,26.03,0
TXREF-07801,52.19,14.87,106,2,6.92,0
TXREF-07802,70.0,17.06,1262,1,57.08,0
TXREF-07803,31.34,20.17,163,4,0.9,0
TXREF-07804,12.92,22.54,567,2,7.72,0
TXREF-07805,13.04,15.0,1872,3,11.18,0
TXREF-07806,64.65,9.93,1251,3,46.75,0
TXREF-07807,14.05,19.0,273,1,4.7,0
TXREF-07808,46.17,9.99,191,4,14.75,0
TXREF-07809,37.8,15.05,1225,2,0.57,0
TXREF-07810,45.67,22.59,495,2,5.37,0
TXREF-07811,48.89,20.43,111,6,14.46,0
TXREF-07812,17.77,17.45,179,3,10.29,0
TXREF-07813,17.25,13.17,462,4,4.61,0
TXREF-07814,58.25,20.86,197,3,2.04,0
TXREF-07815,22.13,10.74,297,3,5.84,0
TXREF-07816,4.81,9.01,181,2,6.88,0
TXREF-07817,55.54,12.47,904,2,6.37,0
TXREF-07818,16.51,23.25,289,3,59.47,0
TXREF-07819,48.73,16.67,196,2,2.5,0
TXREF-07820,94.9,15.77,41,1,21.65,0
TXREF-07821,35.24,20.49,156,3,10.53,0
TXREF-07822,71.3,12.45,71,4,4.08,0
TXREF-07823,38.89,22.73,870,3,14.56,0
TXREF-07824,109.17,15.47,29,2,35.62,1
TXREF-07825,16.2,15.17,376,4,1.25,0
TXREF-07826,34.61,17.15,51,3,77.64,0
TXREF-07827,56.52,9.93,206,1,51.51,0
TXREF-07828,30.35,11.19,83,1,20.2,0
TXREF-07829,79.81,13.21,140,2,4.49,0
TXREF-07830,25.51,17.17,985,5,3.14,0
TXREF-07831,154.46,9.85,148,3,96.3,0
TXREF-07832,160.45,13.78,253,3,17.95,0
TXREF-07833,42.65,13.33,773,2,26.04,0
TXREF-07834,51.83,8.96,814,2,71.68,0
TXREF-07835,82.11,21.34,129,3,38.81,0
TXREF-07836,14.81,0.19,1625,4,5.03,0
TXREF-07837,13.54,9.25,1664,4,2.71,0
TXREF-07838,86.02,18.52,377,1,2.74,0
TXREF-07839,42.41,15.5,81,3,5.32,0
TXREF-07840,29.57,19.24,190,3,1.76,0
TXREF-07841,35.09,14.03,234,5,7.98,0
TXREF-07842,6.25,10.5,321,3,1.32,0
TXREF-07843,30.35,11.92,412,1,30.04,0
TXREF-07844,20.24,15.16,14,1,42.5,0
TXREF-07845,67.42,11.91,52,2,12.54,0
TXREF-07846,71.27,19.84,229,4,12.43,0
TXREF-07847,52.73,11.12,740,1,18.22,0
TXREF-07848,46.28,16.21,277,2,2.28,0
TXREF-07849,11.85,15.68,218,3,2.64,0
TXREF-07850,53.26,18.88,50,3,10.8,0
TXREF-07851,54.77,14.22,172,3,0.68,0
TXREF-07852,85.33,9.13,759,2,8.66,0
TXREF-07853,159.99,8.04,155,4,22.93,0
TXREF-07854,10.29,12.1,907,3,2.66,0
TXREF-07855,26.32,22.95,123,4,17.76,0
TXREF-07856,20.4,16.48,1463,3,10.59,0
TXREF-07857,39.42,18.45,1188,2,5.43,0
TXREF-07858,35.15,22.28,348,2,2.57,0
TXREF-07859,29.41,14.66,32,3,6.06,0
TXREF-07860,72.96,16.87,231,1,5.25,0
TXREF-07861,15.75,11.95,742,1,7.6,0
TXREF-07862,16.45,15.51,622,3,4.19,0
TXREF-07863,16.65,17.77,110,2,3.36,0
TXREF-07864,26.86,16.24,968,4,5.44,0
TXREF-07865,14.37,17.98,105,1,9.27,0
TXREF-07866,33.62,14.58,717,1,29.91,0
TXREF-07867,30.9,19.41,94,2,15.05,0
TXREF-07868,19.76,19.35,77,3,1.91,0
TXREF-07869,65.31,20.78,61,3,10.2,0
TXREF-07870,33.35,15.84,307,3,17.27,0
TXREF-07871,74.82,12.77,301,3,24.76,0
TXREF-07872,30.25,10.23,886,6,5.54,0
TXREF-07873,34.21,11.41,198,2,147.11,0
TXREF-07874,23.21,20.18,399,2,10.15,0
TXREF-07875,34.64,13.72,754,5,4.16,0
TXREF-07876,58.14,9.92,69,4,1.29,0
TXREF-07877,25.89,18.14,933,4,17.14,0
TXREF-07878,50.56,14.35,281,1,3.85,0
TXREF-07879,19.39,14.22,407,3,1.39,0
TXREF-07880,60.13,18.71,672,6,5.36,0
TXREF-07881,22.93,11.54,13,2,51.53,0
TXREF-07882,64.28,1.42,146,3,5.15,0
TXREF-07883,36.38,20.09,1130,3,3.43,0
TXREF-07884,104.07,9.46,36,2,2.52,0
TXREF-07885,15.17,20.18,277,1,66.32,0
TXREF-07886,12.03,18.52,337,3,3.88,0
TXREF-07887,22.34,15.24,1028,3,6.51,0
TXREF-07888,12.85,14.39,794,3,13.24,0
TXREF-07889,12.86,20.17,112,2,1.06,0
TXREF-07890,54.46,17.05,839,4,2.44,0
TXREF-07891,34.71,14.32,637,1,5.0,0
TXREF-07892,24.65,22.47,250,1,3.23,0
TXREF-07893,26.35,16.35,459,2,4.39,0
TXREF-07894,22.65,15.35,45,2,81.5,0
TXREF-07895,114.24,17.75,573,3,35.83,0
TXREF-07896,20.5,20.41,58,2,1.1,0
TXREF-07897,13.44,11.67,733,2,4.63,0
TXREF-07898,61.75,23.3,161,2,24.74,0
TXREF-07899,29.8,21.77,24,3,4.79,0
TXREF-07900,151.1,6.47,49,4,2.09,0
TXREF-07901,23.83,19.98,11,3,22.3,0
TXREF-07902,64.01,16.86,108,1,7.94,0
TXREF-07903,75.88,13.59,202,1,1.9,0
TXREF-07904,23.92,15.75,26,2,3.04,0
TXREF-07905,20.39,15.29,1053,1,4.51,0
TXREF-07906,59.37,14.03,62,1,2.88,0
TXREF-07907,52.66,14.44,157,2,2.07,0
TXREF-07908,12.61,18.32,675,1,13.4,0
TXREF-07909,15.45,10.91,945,2,2.98,0
TXREF-07910,5.61,16.47,23,3,0.9,0
TXREF-07911,53.45,10.22,221,5,15.89,0
TXREF-07912,28.83,11.46,703,2,7.41,0
TXREF-07913,30.98,17.83,1311,2,3.33,0
TXREF-07914,10.3,21.07,281,2,15.36,0
TXREF-07915,15.79,13.23,493,1,6.38,0
TXREF-07916,24.68,21.62,56,5,8.75,0
TXREF-07917,21.45,17.28,276,2,6.12,0
TXREF-07918,37.9,11.64,269,1,7.65,0
TXREF-07919,52.99,18.16,1245,2,7.2,0
TXREF-07920,178.42,13.46,238,3,13.13,0
TXREF-07921,34.32,18.2,176,3,2.46,0
TXREF-07922,77.72,10.79,522,2,5.45,0
TXREF-07923,19.15,10.6,496,1,10.37,0
TXREF-07924,10.42,16.28,776,2,1.46,0
TXREF-07925,27.01,21.9,493,2,8.25,0
TXREF-07926,11.02,20.87,1750,3,4.92,0
TXREF-07927,35.18,13.73,126,2,13.34,0
TXREF-07928,19.85,13.89,209,1,6.95,0
TXREF-07929,8.52,9.63,936,3,13.82,0
TXREF-07930,121.5,15.13,74,1,20.35,0
TXREF-07931,23.64,22.58,19,2,1.38,0
TXREF-07932,10.71,11.88,633,1,11.26,0
TXREF-07933,66.47,19.31,834,2,33.22,0
TXREF-07934,20.6,19.79,162,2,6.91,0
TXREF-07935,76.32,20.18,456,3,9.73,0
TXREF-07936,20.53,19.19,116,3,5.32,0
TXREF-07937,23.58,12.33,10,3,14.07,0
TXREF-07938,44.62,14.57,1211,2,7.97,0
TXREF-07939,53.36,19.42,1021,1,33.93,0
TXREF-07940,60.54,16.0,337,5,10.3,0
TXREF-07941,32.64,1.5,175,2,1.07,0
TXREF-07942,50.94,12.65,2,3,10.23,0
TXREF-07943,59.55,20.58,1061,2,4.08,0
TXREF-07944,40.22,12.39,314,2,5.97,0
TXREF-07945,31.42,17.43,186,1,1.35,0
TXREF-07946,12.3,9.98,825,1,1.22,0
TXREF-07947,53.59,13.88,192,3,6.51,0
TXREF-07948,35.89,14.29,194,4,49.31,0
TXREF-07949,25.85,22.38,741,2,0.86,0
TXREF-07950,87.36,17.1,889,2,1.95,0
TXREF-07951,12.45,9.19,357,1,6.16,0
TXREF-07952,113.72,15.82,324,1,32.09,0
TXREF-07953,34.26,23.16,193,2,7.33,0
TXREF-07954,43.76,12.37,836,2,1.11,0
TXREF-07955,26.19,9.69,75,3,1.82,0
TXREF-07956,10.48,12.94,504,3,2.31,0
TXREF-07957,31.48,12.15,14,2,5.61,1
TXREF-07958,44.3,19.24,411,4,17.44,0
TXREF-07959,56.65,14.77,779,2,23.4,0
TXREF-07960,30.19,15.41,68,1,2.99,0
TXREF-07961,7.18,10.46,300,3,8.98,0
TXREF-07962,11.47,16.37,222,3,11.24,0
TXREF-07963,152.54,19.24,644,2,44.9,0
TXREF-07964,15.85,16.78,515,3,18.01,0
TXREF-07965,97.27,19.09,53,2,1.11,0
TXREF-07966,17.77,19.2,154,2,72.46,0
TXREF-07967,30.53,14.35,111,1,13.0,0
TXREF-07968,54.61,12.15,27,5,18.21,1
TXREF-07969,19.29,22.11,1331,4,9.12,0
TXREF-07970,109.55,12.46,22,4,4.36,1
TXREF-07971,36.76,16.68,1303,3,10.44,0
TXREF-07972,48.51,18.41,546,1,8.87,0
TXREF-07973,28.71,14.74,504,5,0.95,0
TXREF-07974,55.94,18.42,220,1,13.01,0
TXREF-07975,108.5,14.37,1126,3,4.35,0
TXREF-07976,31.67,13.3,313,2,9.76,0
TXREF-07977,120.95,10.56,416,1,38.52,0
TXREF-07978,22.41,17.87,404,3,1.29,0
TXREF-07979,60.35,13.54,434,3,0.38,0
TXREF-07980,49.51,13.4,297,3,3.72,0
TXREF-07981,16.13,20.99,559,2,2.79,0
TXREF-07982,40.61,13.59,1136,3,4.68,0
TXREF-07983,35.0,12.72,12,1,29.15,1
TXREF-07984,18.83,19.12,284,5,2.98,0
TXREF-07985,45.05,17.17,777,2,8.38,0
TXREF-07986,38.68,23.15,123,3,4.86,0
TXREF-07987,33.04,19.6,113,1,16.21,0
TXREF-07988,33.14,19.24,2200,2,15.06,0
TXREF-07989,32.63,21.43,593,3,25.73,0
TXREF-07990,26.72,18.38,729,3,1.81,0
TXREF-07991,38.5,19.15,531,4,20.39,0
TXREF-07992,21.9,19.2,481,2,7.29,0
TXREF-07993,235.78,21.12,353,1,2.91,1
TXREF-07994,12.62,7.1,523,2,5.09,0
TXREF-07995,22.85,15.22,14,2,8.22,0
TXREF-07996,24.19,10.89,298,2,7.71,0
TXREF-07997,151.28,15.31,566,4,8.79,0
TXREF-07998,13.46,12.18,350,2,19.43,0
TXREF-07999,47.31,11.5,548,3,35.36,0
TXREF-08000,41.63,12.2,77,3,13.68,0
TXREF-08001,44.26,9.84,323,2,4.77,0
TXREF-08002,84.79,12.2,726,3,3.26,0
TXREF-08003,83.55,11.64,317,2,5.89,0
TXREF-08004,25.16,19.89,186,3,16.07,0
TXREF-08005,40.03,14.33,375,2,22.85,0
TXREF-08006,9.1,10.57,1404,4,3.76,0
TXREF-08007,37.39,17.52,220,3,1.74,0
TXREF-08008,19.65,13.49,380,1,4.92,0
TXREF-08009,30.44,20.46,344,4,8.06,0
TXREF-08010,10.35,14.77,75,2,2.66,0
TXREF-08011,46.6,20.41,2067,4,2.49,0
TXREF-08012,10.26,12.43,599,1,1.4,0
TXREF-08013,38.74,15.97,136,1,2.78,0
TXREF-08014,14.4,14.11,318,2,9.77,0
TXREF-08015,18.88,0.47,461,3,4.28,0
TXREF-08016,79.95,19.13,644,3,10.06,0
TXREF-08017,53.16,11.67,73,4,5.01,0
TXREF-08018,79.63,15.96,24,2,1.27,0
TXREF-08019,107.02,15.87,218,2,3.57,0
TXREF-08020,19.96,15.47,23,1,12.79,0
TXREF-08021,102.44,12.61,382,3,7.8,1
TXREF-08022,12.12,12.68,405,4,0.55,0
TXREF-08023,59.57,19.66,300,4,16.91,0
TXREF-08024,24.41,12.07,112,3,2.25,0
TXREF-08025,17.82,11.31,292,2,2.46,0
TXREF-08026,54.19,13.67,641,3,35.69,0
TXREF-08027,68.74,11.57,208,1,0.67,0
TXREF-08028,67.29,15.39,23,1,2.87,0
TXREF-08029,40.64,14.18,522,2,45.25,0
TXREF-08030,38.28,14.54,328,2,23.62,0
TXREF-08031,50.87,1.94,104,4,176.61,1
TXREF-08032,43.32,18.6,697,2,4.77,0
TXREF-08033,51.41,19.75,938,4,8.81,0
TXREF-08034,40.32,16.49,45,2,19.94,0
TXREF-08035,63.87,19.89,1260,2,1.36,0
TXREF-08036,10.79,20.2,705,1,6.08,0
TXREF-08037,31.67,9.82,439,3,2.94,0
TXREF-08038,12.85,16.28,359,1,1.82,0
TXREF-08039,42.49,22.81,25,8,2.41,1
TXREF-08040,113.54,18.61,1007,2,10.48,0
TXREF-08041,24.75,22.13,198,3,3.31,0
TXREF-08042,38.15,19.54,221,4,7.85,0
TXREF-08043,60.02,12.46,116,2,6.66,0
TXREF-08044,7.86,18.8,107,1,9.41,0
TXREF-08045,23.9,11.94,468,4,29.6,0
TXREF-08046,45.26,6.93,3613,1,2.15,0
TXREF-08047,4.32,15.17,405,3,8.82,0
TXREF-08048,17.23,10.43,57,4,16.21,0
TXREF-08049,76.91,16.61,615,3,3.32,0
TXREF-08050,71.68,12.65,577,2,32.67,0
TXREF-08051,45.58,13.12,31,4,2.37,0
TXREF-08052,65.71,0.01,133,4,25.74,0
TXREF-08053,40.64,15.98,259,3,15.09,0
TXREF-08054,51.93,10.01,417,4,4.07,0
TXREF-08055,27.74,22.21,293,3,49.72,1
TXREF-08056,37.84,21.67,157,2,1.72,0
TXREF-08057,22.08,22.33,97,3,9.21,0
TXREF-08058,86.46,11.24,489,1,1.37,0
TXREF-08059,104.12,17.74,507,1,6.3,0
TXREF-08060,94.02,12.3,52,4,3.78,0
TXREF-08061,25.95,10.54,240,5,2.82,0
TXREF-08062,17.52,14.07,492,3,10.17,0
TXREF-08063,87.31,12.95,257,4,7.73,0
TXREF-08064,51.5,16.57,53,3,10.58,0
TXREF-08065,44.11,20.99,48,3,4.75,0
TXREF-08066,22.06,12.11,167,2,1.96,0
TXREF-08067,47.3,20.68,327,2,14.45,0
TXREF-08068,15.94,10.17,55,5,21.45,0
TXREF-08069,54.96,22.44,42,1,5.08,0
TXREF-08070,93.95,20.76,820,4,21.5,0
TXREF-08071,112.66,13.96,410,2,57.52,0
TXREF-08072,57.98,10.34,1677,1,30.98,0
TXREF-08073,12.87,9.96,220,1,9.39,0
TXREF-08074,40.13,18.63,224,2,3.35,0
TXREF-08075,162.48,11.98,1018,1,1.77,0
TXREF-08076,18.63,13.32,5,4,14.47,0
TXREF-08077,33.36,12.82,44,1,3.4,0
TXREF-08078,96.33,18.06,62,2,14.75,0
TXREF-08079,54.29,23.77,251,1,2.19,0
TXREF-08080,207.62,12.44,175,1,27.64,1
TXREF-08081,20.54,7.98,1105,2,3.58,0
TXREF-08082,17.07,23.9,344,4,1.91,0
TXREF-08083,84.05,19.68,248,3,7.04,0
TXREF-08084,14.72,13.43,24,5,2.46,0
TXREF-08085,30.21,19.21,1654,4,2.43,0
TXREF-08086,33.21,20.58,131,3,15.39,0
TXREF-08087,73.4,13.5,720,1,3.61,0
TXREF-08088,54.18,15.6,486,2,15.77,0
TXREF-08089,48.38,23.4,585,1,10.69,0
TXREF-08090,26.06,19.01,184,2,5.82,0
TXREF-08091,83.5,6.88,199,3,5.42,0
TXREF-08092,631.81,15.38,125,2,3.39,0
TXREF-08093,57.27,11.19,158,5,3.18,0
TXREF-08094,37.4,18.89,460,1,8.55,0
TXREF-08095,13.67,19.43,205,3,13.54,0
TXREF-08096,22.0,18.74,60,1,12.82,0
TXREF-08097,29.85,11.1,130,2,30.34,0
TXREF-08098,23.69,18.7,225,2,6.83,0
TXREF-08099,34.41,14.51,159,1,40.22,0
TXREF-08100,125.23,11.17,1,3,6.55,1
TXREF-08101,85.45,13.57,27,4,8.69,0
TXREF-08102,31.05,11.72,112,3,100.81,0
TXREF-08103,14.59,12.72,362,4,19.68,0
TXREF-08104,91.19,9.51,352,2,8.15,0
TXREF-08105,33.61,16.65,94,2,14.97,0
TXREF-08106,10.04,17.54,218,2,8.91,0
TXREF-08107,58.15,13.68,327,1,61.11,1
TXREF-08108,72.86,13.88,2434,4,4.57,0
TXREF-08109,6.07,20.24,86,3,1.61,0
TXREF-08110,19.23,14.01,111,2,5.82,0
TXREF-08111,32.15,19.53,325,1,3.89,0
TXREF-08112,59.08,9.79,191,1,4.02,0
TXREF-08113,24.01,16.76,52,3,1.55,0
TXREF-08114,19.12,13.63,495,4,21.11,0
TXREF-08115,58.77,10.41,407,2,13.62,0
TXREF-08116,24.85,19.23,568,5,52.49,0
TXREF-08117,51.43,21.63,2,2,11.15,1
TXREF-08118,15.64,13.33,2332,1,20.27,0
TXREF-08119,13.15,15.42,73,3,6.0,0
TXREF-08120,59.97,12.49,468,3,3.64,0
TXREF-08121,41.75,17.98,425,1,2.51,0
TXREF-08122,67.64,10.38,152,1,22.83,1
TXREF-08123,23.73,17.75,316,2,15.01,0
TXREF-08124,19.64,19.9,10,3,12.94,0
TXREF-08125,92.73,13.88,176,3,3.38,0
TXREF-08126,11.63,14.16,1792,4,41.35,0
TXREF-08127,85.72,21.66,332,1,4.76,0
TXREF-08128,90.09,14.61,239,2,6.18,0
TXREF-08129,64.67,22.36,438,4,4.29,0
TXREF-08130,21.22,11.52,12,2,8.69,0
TXREF-08131,19.34,10.16,458,3,22.69,0
TXREF-08132,29.93,18.14,80,3,7.5,0
TXREF-08133,13.7,23.36,470,1,5.72,0
TXREF-08134,17.42,10.23,994,3,2.08,0
TXREF-08135,55.38,7.45,54,4,38.91,0
TXREF-08136,55.56,11.15,119,5,1.33,0
TXREF-08137,16.35,12.53,240,2,1.55,0
TXREF-08138,56.65,17.13,435,6,11.2,0
TXREF-08139,48.28,13.29,2,3,5.38,0
TXREF-08140,103.25,12.69,679,5,10.68,0
TXREF-08141,52.45,14.96,926,2,5.73,0
TXREF-08142,74.6,21.04,391,5,1.25,0
TXREF-08143,49.08,21.71,1292,3,1.15,0
TXREF-08144,70.5,12.11,189,2,0.93,0
TXREF-08145,13.78,15.32,240,3,75.92,0
TXREF-08146,31.89,22.8,299,1,1.87,0
TXREF-08147,33.85,18.66,654,4,3.76,0
TXREF-08148,29.21,14.53,879,4,20.18,0
TXREF-08149,47.92,12.4,184,2,17.89,0
TXREF-08150,54.97,17.32,306,2,2.63,0
TXREF-08151,46.17,14.32,340,2,3.29,0
TXREF-08152,30.65,13.55,531,3,5.49,0
TXREF-08153,20.5,10.3,215,4,2.93,0
TXREF-08154,76.71,19.96,14,2,12.78,0
TXREF-08155,44.78,15.88,517,2,150.88,1
TXREF-08156,16.72,8.92,718,3,3.74,0
TXREF-08157,30.28,12.65,23,6,3.11,0
TXREF-08158,9.92,8.98,67,2,13.67,0
TXREF-08159,35.71,22.3,1721,1,0.39,0
TXREF-08160,30.18,13.93,327,4,7.66,0
TXREF-08161,23.02,21.32,322,3,2.2,0
TXREF-08162,108.95,19.52,483,2,35.21,0
TXREF-08163,15.14,12.99,18,4,2.31,0
TXREF-08164,57.89,21.96,310,6,5.68,0
TXREF-08165,168.08,17.38,156,4,5.2,0
TXREF-08166,75.61,19.73,423,2,9.1,0
TXREF-08167,34.03,9.03,156,3,13.92,0
TXREF-08168,15.39,13.4,185,3,10.3,0
TXREF-08169,13.06,19.06,1637,3,1.84,0
TXREF-08170,25.89,19.16,636,3,7.97,0
TXREF-08171,21.23,8.69,565,2,19.4,0
TXREF-08172,20.74,9.88,69,3,2.89,0
TXREF-08173,27.52,18.8,41,3,3.88,0
TXREF-08174,32.34,10.19,51,1,13.0,1
TXREF-08175,49.37,14.15,307,1,1.7,0
TXREF-08176,14.28,19.5,96,1,11.42,0
TXREF-08177,21.3,13.51,515,2,11.33,0
TXREF-08178,31.03,18.16,389,3,1.6,0
TXREF-08179,30.24,22.49,41,4,10.44,1
TXREF-08180,130.61,18.97,803,3,5.17,0
TXREF-08181,41.15,12.0,166,1,3.37,0
TXREF-08182,10.89,22.26,16,2,14.28,0
TXREF-08183,47.04,9.91,135,3,2.37,0
TXREF-08184,51.57,15.52,452,2,7.5,0
TXREF-08185,31.81,11.82,993,3,8.39,0
TXREF-08186,14.53,12.01,171,7,10.54,0
TXREF-08187,123.45,15.64,1033,7,26.65,0
TXREF-08188,16.11,20.4,601,5,10.84,0
TXREF-08189,56.02,12.88,141,3,7.44,0
TXREF-08190,40.21,20.45,386,1,3.26,0
TXREF-08191,53.66,10.89,809,1,13.97,0
TXREF-08192,118.98,15.59,186,2,11.13,1
TXREF-08193,52.16,21.83,290,4,2.23,0
TXREF-08194,23.28,21.24,474,2,4.71,0
TXREF-08195,77.19,20.96,1019,2,2.33,0
TXREF-08196,22.1,16.94,196,2,9.75,0
TXREF-08197,39.16,11.22,160,2,5.85,0
TXREF-08198,13.72,16.62,306,3,10.41,0
TXREF-08199,16.54,17.01,219,3,4.58,0
TXREF-08200,36.13,11.47,91,3,7.98,0
TXREF-08201,45.38,20.2,412,1,8.93,0
TXREF-08202,10.22,22.72,316,2,11.61,0
TXREF-08203,49.8,14.33,187,4,6.62,0
TXREF-08204,19.3,16.96,266,4,1.86,0
TXREF-08205,87.48,19.05,434,4,17.73,0
TXREF-08206,27.02,19.81,424,2,18.39,0
TXREF-08207,15.5,14.79,631,5,29.44,0
TXREF-08208,36.77,23.58,1093,3,2.18,0
TXREF-08209,18.0,11.48,94,2,3.3,0
TXREF-08210,86.8,14.08,728,2,2.05,0
TXREF-08211,34.83,12.57,224,1,0.6,0
TXREF-08212,31.21,7.97,251,3,15.49,0
TXREF-08213,53.31,8.87,339,3,1.24,0
TXREF-08214,16.89,18.98,746,2,12.48,0
TXREF-08215,13.76,15.44,459,2,1.32,0
TXREF-08216,46.71,10.67,405,2,0.96,0
TXREF-08217,15.77,18.98,1922,2,3.82,0
TXREF-08218,15.77,10.45,487,3,9.73,0
TXREF-08219,63.59,14.82,422,3,0.87,0
TXREF-08220,50.81,12.67,182,4,3.32,0
TXREF-08221,14.12,21.98,112,4,1.16,0
TXREF-08222,22.29,16.88,9,3,13.04,1
TXREF-08223,18.16,16.42,12,2,5.98,0
TXREF-08224,125.08,16.27,262,5,6.18,0
TXREF-08225,66.84,19.36,186,2,15.98,1
TXREF-08226,25.71,9.93,390,3,4.71,0
TXREF-08227,52.71,17.63,857,3,9.8,0
TXREF-08228,13.11,10.61,195,4,35.58,0
TXREF-08229,21.45,13.66,1060,3,6.3,0
TXREF-08230,37.54,12.88,87,1,0.85,0
TXREF-08231,48.21,15.12,226,3,10.0,0
TXREF-08232,32.45,12.45,22,3,2.39,0
TXREF-08233,41.62,13.49,417,3,3.81,0
TXREF-08234,36.83,19.18,753,1,2.87,0
TXREF-08235,30.95,9.86,1172,3,7.49,0
TXREF-08236,28.13,13.99,8,3,5.09,0
TXREF-08237,25.61,10.43,215,3,4.94,0
TXREF-08238,41.14,22.01,272,2,12.24,0
TXREF-08239,46.8,11.67,564,5,4.66,0
TXREF-08240,40.16,14.12,135,3,7.31,0
TXREF-08241,14.9,18.34,401,3,22.89,0
TXREF-08242,16.96,18.13,400,4,26.99,0
TXREF-08243,46.4,19.12,131,1,50.27,0
TXREF-08244,100.44,14.44,759,4,29.51,0
TXREF-08245,38.85,16.65,138,3,1.17,0
TXREF-08246,25.88,10.0,237,2,2.66,0
TXREF-08247,40.92,12.03,27,3,12.18,0
TXREF-08248,15.36,14.54,429,2,10.25,0
TXREF-08249,89.34,8.36,390,2,4.89,0
TXREF-08250,39.82,8.71,776,3,14.97,0
TXREF-08251,21.5,11.37,31,5,1.98,0
TXREF-08252,30.87,10.35,286,4,13.39,0
TXREF-08253,23.82,12.9,23,2,18.55,0
TXREF-08254,89.51,15.67,584,2,1.01,0
TXREF-08255,30.1,16.4,158,2,6.81,0
TXREF-08256,38.93,19.78,433,2,7.94,0
TXREF-08257,52.62,13.93,186,5,2.02,0
TXREF-08258,20.42,14.49,697,3,1.43,0
TXREF-08259,40.02,13.92,302,2,7.97,0
TXREF-08260,42.42,18.4,466,1,10.69,0
TXREF-08261,11.37,15.27,556,3,5.06,0
TXREF-08262,41.76,16.95,377,3,3.87,0
TXREF-08263,33.68,16.94,67,5,9.9,0
TXREF-08264,38.23,21.19,291,3,1.19,0
TXREF-08265,35.72,18.83,135,4,25.88,0
TXREF-08266,41.96,14.09,475,2,69.74,0
TXREF-08267,91.18,12.04,1150,3,6.81,0
TXREF-08268,14.89,12.57,100,3,26.68,0
TXREF-08269,27.21,13.66,202,4,16.25,0
TXREF-08270,56.26,10.53,656,1,99.68,0
TXREF-08271,49.22,12.04,86,2,0.43,0
TXREF-08272,48.46,19.65,279,1,12.41,0
TXREF-08273,252.79,0.85,106,1,0.38,0
TXREF-08274,54.17,15.13,527,2,2.12,0
TXREF-08275,78.59,0.57,284,4,5.63,0
TXREF-08276,27.91,11.91,140,1,4.0,0
TXREF-08277,17.03,19.84,980,4,22.45,0
TXREF-08278,27.76,16.02,587,2,42.67,0
TXREF-08279,58.13,15.45,1408,1,9.9,0
TXREF-08280,46.66,11.87,2276,2,104.28,0
TXREF-08281,46.54,14.92,573,1,1.63,0
TXREF-08282,29.83,13.95,285,1,2.17,0
TXREF-08283,26.6,11.45,290,3,1.77,0
TXREF-08284,30.58,12.42,12,2,19.18,0
TXREF-08285,58.65,12.49,290,4,24.46,0
TXREF-08286,63.77,9.24,242,2,1.13,0
TXREF-08287,16.87,21.76,158,2,2.39,0
TXREF-08288,60.27,13.36,122,3,4.72,0
TXREF-08289,21.79,11.29,96,4,3.16,1
TXREF-08290,48.79,13.04,413,4,3.04,0
TXREF-08291,30.32,8.86,399,5,4.42,0
TXREF-08292,107.49,21.52,130,1,2.11,0
TXREF-08293,25.76,20.66,888,2,18.79,0
TXREF-08294,39.59,17.29,333,1,36.99,0
TXREF-08295,53.88,17.62,666,4,1.26,0
TXREF-08296,18.56,21.28,10,2,8.55,0
TXREF-08297,33.03,14.85,362,3,12.32,0
TXREF-08298,28.73,20.89,92,4,2.2,0
TXREF-08299,24.05,11.07,172,4,0.96,0
TXREF-08300,25.37,16.21,130,2,4.96,0
TXREF-08301,77.53,16.02,946,1,3.19,0
TXREF-08302,22.62,20.89,223,2,3.85,0
TXREF-08303,52.34,15.68,83,1,11.64,0
TXREF-08304,43.66,11.78,240,2,22.27,0
TXREF-08305,12.73,18.01,116,4,114.77,0
TXREF-08306,50.59,21.84,59,1,9.41,0
TXREF-08307,12.58,23.05,318,4,5.57,0
TXREF-08308,54.72,21.36,174,1,1.4,0
TXREF-08309,24.16,12.89,374,3,10.69,1
TXREF-08310,35.02,14.56,6,2,7.57,0
TXREF-08311,13.71,8.13,37,2,5.23,0
TXREF-08312,38.02,11.58,466,3,7.13,0
TXREF-08313,67.86,20.0,579,6,0.82,0
TXREF-08314,19.47,14.04,108,2,0.65,0
TXREF-08315,22.48,17.48,157,3,21.14,0
TXREF-08316,48.29,20.35,1129,3,0.67,0
TXREF-08317,49.17,12.36,232,2,1.32,0
TXREF-08318,6.03,11.74,705,3,1.78,0
TXREF-08319,148.58,11.59,128,2,9.49,0
TXREF-08320,50.94,19.55,619,2,84.62,0
TXREF-08321,57.5,14.22,221,5,5.76,0
TXREF-08322,31.4,14.64,106,1,2.82,0
TXREF-08323,9.15,7.24,107,4,27.24,0
TXREF-08324,56.59,10.22,1811,1,1.83,0
TXREF-08325,23.17,13.86,95,2,14.1,0
TXREF-08326,51.5,12.41,382,1,9.57,0
TXREF-08327,29.74,14.43,1850,3,2.87,0
TXREF-08328,41.32,14.38,596,1,5.83,0
TXREF-08329,19.93,15.92,668,2,9.21,0
TXREF-08330,64.87,8.02,25,4,3.56,0
TXREF-08331,14.8,10.46,379,1,5.41,0
TXREF-08332,175.35,13.68,517,1,9.18,0
TXREF-08333,174.4,21.95,365,5,13.49,0
TXREF-08334,112.79,13.01,74,4,1.02,0
TXREF-08335,87.21,14.35,292,2,6.09,0
TXREF-08336,32.76,21.41,107,4,2.97,0
TXREF-08337,80.63,14.62,248,2,28.56,0
TXREF-08338,32.48,21.87,280,1,6.11,0
TXREF-08339,11.38,14.21,9,5,5.28,0
TXREF-08340,102.75,16.31,119,2,31.23,0
TXREF-08341,78.47,7.05,1784,1,1.73,0
TXREF-08342,34.04,12.12,83,4,7.14,0
TXREF-08343,14.41,16.86,110,3,3.64,0
TXREF-08344,22.83,11.23,253,3,55.23,0
TXREF-08345,9.38,10.8,319,1,2.35,0
TXREF-08346,68.75,13.6,334,1,6.75,0
TXREF-08347,10.97,13.94,14,2,5.75,0
TXREF-08348,42.8,12.29,831,2,5.94,0
TXREF-08349,18.96,19.9,2,3,27.9,0
TXREF-08350,12.46,0.68,443,3,12.91,0
TXREF-08351,41.33,21.09,282,3,6.85,0
TXREF-08352,27.38,9.39,92,3,14.11,1
TXREF-08353,63.66,15.3,147,2,6.8,1
TXREF-08354,13.98,11.03,220,2,1.36,0
TXREF-08355,20.18,20.89,9,1,8.68,0
TXREF-08356,6.24,15.37,39,2,144.0,0
TXREF-08357,7.22,15.79,183,1,15.03,0
TXREF-08358,127.06,14.8,2308,4,2.19,0
TXREF-08359,156.05,17.59,153,2,0.86,0
TXREF-08360,37.22,6.33,188,1,2.42,0
TXREF-08361,19.24,10.15,149,3,2.36,0
TXREF-08362,28.08,17.31,256,3,7.48,0
TXREF-08363,65.3,18.8,438,2,36.27,0
TXREF-08364,24.04,10.05,14,5,2.63,0
TXREF-08365,41.31,19.7,41,1,4.11,1
TXREF-08366,34.5,14.54,493,3,15.57,0
TXREF-08367,23.11,23.21,49,3,5.03,0
TXREF-08368,23.83,14.47,266,5,15.66,0
TXREF-08369,43.0,19.35,435,1,4.2,0
TXREF-08370,17.23,8.07,127,3,4.74,0
TXREF-08371,48.19,20.66,334,4,6.37,0
TXREF-08372,24.79,13.28,320,5,6.63,0
TXREF-08373,38.16,12.25,345,2,1.21,0
TXREF-08374,94.3,7.86,375,1,6.04,0
TXREF-08375,30.84,15.87,119,7,10.47,0
TXREF-08376,67.51,16.77,1,2,3.48,0
TXREF-08377,9.58,22.03,479,3,10.69,0
TXREF-08378,24.81,13.4,428,2,14.53,0
TXREF-08379,35.51,22.82,249,1,8.45,0
TXREF-08380,139.05,12.44,835,2,3.86,0
TXREF-08381,8.49,15.58,1295,3,1.59,0
TXREF-08382,32.48,15.66,35,4,12.49,0
TXREF-08383,99.37,17.44,240,5,14.89,0
TXREF-08384,19.78,23.35,865,3,52.8,1
TXREF-08385,29.87,13.45,213,2,1.14,0
TXREF-08386,44.21,23.09,112,1,30.2,0
TXREF-08387,39.76,18.96,736,3,23.17,0
TXREF-08388,107.49,16.05,671,4,8.32,0
TXREF-08389,48.08,21.01,586,3,22.1,0
TXREF-08390,90.56,7.65,319,2,7.25,0
TXREF-08391,26.86,14.09,169,1,7.87,0
TXREF-08392,20.43,19.36,87,1,1.98,0
TXREF-08393,29.59,22.9,1276,1,4.21,0
TXREF-08394,15.11,13.61,375,2,11.3,0
TXREF-08395,49.31,15.07,1065,2,5.63,0
TXREF-08396,26.37,17.93,4,3,2.68,1
TXREF-08397,21.46,20.34,430,4,4.63,0
TXREF-08398,49.85,16.14,243,2,6.22,0
TXREF-08399,15.28,22.5,137,3,23.97,0
TXREF-08400,60.63,12.99,1679,6,20.73,0
TXREF-08401,24.67,10.26,226,4,4.89,0
TXREF-08402,80.2,12.99,11,2,3.88,0
TXREF-08403,26.24,11.41,119,3,14.55,0
TXREF-08404,54.87,15.34,161,2,2.82,0
TXREF-08405,39.62,8.71,626,2,12.96,0
TXREF-08406,59.48,14.45,379,3,26.11,0
TXREF-08407,37.68,21.43,1461,4,35.13,0
TXREF-08408,10.51,18.75,445,3,2.47,0
TXREF-08409,71.98,16.18,112,2,7.76,0
TXREF-08410,32.68,18.55,54,2,6.5,0
TXREF-08411,61.46,12.06,8,1,1.1,0
TXREF-08412,57.22,15.26,661,4,10.99,0
TXREF-08413,19.95,6.87,425,2,5.94,0
TXREF-08414,18.02,21.54,204,3,4.91,0
TXREF-08415,55.8,15.24,627,4,6.35,0
TXREF-08416,27.98,19.0,93,4,4.44,0
TXREF-08417,68.32,8.96,641,3,3.34,0
TXREF-08418,30.62,12.75,699,2,14.99,0
TXREF-08419,72.74,18.59,1821,4,5.85,0
TXREF-08420,47.22,12.63,109,2,21.91,0
TXREF-08421,42.83,16.32,120,2,12.91,0
TXREF-08422,26.59,13.31,74,2,13.68,0
TXREF-08423,41.16,14.32,8,1,1.3,0
TXREF-08424,82.18,12.43,148,3,6.14,0
TXREF-08425,33.48,19.87,37,2,15.34,0
TXREF-08426,51.03,17.65,275,2,25.57,0
TXREF-08427,35.99,16.83,138,2,6.4,0
TXREF-08428,38.08,23.12,95,2,1.82,0
TXREF-08429,120.4,11.55,369,2,27.88,0
TXREF-08430,82.7,17.22,285,3,2.69,0
TXREF-08431,36.86,10.96,238,2,0.96,0
TXREF-08432,40.63,16.47,497,1,6.47,0
TXREF-08433,21.0,16.22,101,2,5.73,0
TXREF-08434,30.74,10.76,282,3,23.5,0
TXREF-08435,43.5,13.58,581,2,20.02,0
TXREF-08436,64.23,19.98,16,1,3.55,0
TXREF-08437,59.71,11.39,59,2,2.0,0
TXREF-08438,15.66,15.29,77,1,4.33,0
TXREF-08439,70.35,15.07,1453,3,7.62,0
TXREF-08440,32.66,13.86,162,5,12.72,0
TXREF-08441,17.1,8.46,77,2,4.06,0
TXREF-08442,91.12,16.83,373,1,13.13,0
TXREF-08443,99.84,14.04,868,1,3.2,0
TXREF-08444,42.09,17.53,247,1,38.29,0
TXREF-08445,57.99,14.74,106,4,8.85,0
TXREF-08446,60.5,14.21,163,2,1.58,0
TXREF-08447,95.1,15.19,509,3,3.05,0
TXREF-08448,58.8,20.07,152,5,2.68,0
TXREF-08449,13.38,18.99,239,3,4.37,0
TXREF-08450,147.98,12.8,177,5,1.78,0
TXREF-08451,74.98,12.84,212,2,4.23,0
TXREF-08452,24.12,18.14,739,3,3.81,1
TXREF-08453,16.59,14.79,209,3,8.58,0
TXREF-08454,50.07,21.4,1022,2,3.86,0
TXREF-08455,28.49,15.32,463,3,16.38,1
TXREF-08456,44.15,16.0,827,3,4.17,0
TXREF-08457,59.46,13.62,431,1,1.72,0
TXREF-08458,23.15,20.32,1389,3,0.48,0
TXREF-08459,15.59,19.02,148,3,7.94,0
TXREF-08460,45.96,14.84,701,3,3.65,0
TXREF-08461,23.71,16.56,196,2,1.21,0
TXREF-08462,38.67,15.99,194,4,6.37,0
TXREF-08463,13.23,6.83,1363,2,2.72,0
TXREF-08464,29.03,13.59,216,2,20.83,0
TXREF-08465,58.25,10.12,71,2,2.62,0
TXREF-08466,53.85,18.11,204,4,35.92,0
TXREF-08467,19.73,12.75,7,3,5.58,0
TXREF-08468,15.01,17.76,60,2,8.17,0
TXREF-08469,35.21,10.11,283,3,12.23,0
TXREF-08470,52.14,15.25,307,2,11.14,1
TXREF-08471,46.61,14.03,15,2,7.39,0
TXREF-08472,24.08,22.85,634,3,1.5,0
TXREF-08473,43.14,17.77,206,3,120.32,0
TXREF-08474,102.69,17.56,537,1,1.75,0
TXREF-08475,40.35,20.49,1178,3,1.64,0
TXREF-08476,10.74,19.98,175,2,9.25,0
TXREF-08477,40.3,13.68,1659,4,17.88,0
TXREF-08478,151.66,13.32,240,1,1.83,0
TXREF-08479,13.78,15.05,515,1,29.04,0
TXREF-08480,35.57,0.02,183,3,1.72,0
TXREF-08481,29.58,14.01,102,2,16.13,0
TXREF-08482,37.3,14.73,645,1,8.89,0
TXREF-08483,40.04,13.5,1162,3,75.74,0
TXREF-08484,79.11,9.1,2162,3,11.14,0
TXREF-08485,37.0,13.52,51,4,10.38,0
TXREF-08486,87.32,9.09,150,3,8.84,0
TXREF-08487,31.99,19.68,167,2,22.34,0
TXREF-08488,27.06,22.39,483,2,2.82,0
TXREF-08489,21.5,16.57,521,1,4.97,0
TXREF-08490,9.41,13.34,987,2,9.91,0
TXREF-08491,42.46,21.28,516,4,32.17,0
TXREF-08492,152.76,14.56,76,4,10.44,0
TXREF-08493,48.42,11.08,527,1,1.59,0
TXREF-08494,57.08,11.83,597,1,16.07,0
TXREF-08495,25.86,13.08,12,4,11.2,0
TXREF-08496,29.2,18.95,471,6,9.06,0
TXREF-08497,70.74,9.97,211,4,10.21,0
TXREF-08498,147.86,17.54,659,3,4.22,0
TXREF-08499,101.63,20.11,30,1,11.55,0
TXREF-08500,62.16,17.68,416,2,1.48,0
TXREF-08501,35.71,21.48,326,2,22.68,0
TXREF-08502,40.49,10.79,49,2,67.96,0
TXREF-08503,20.24,11.71,91,1,40.36,1
TXREF-08504,12.27,12.65,131,2,4.36,0
TXREF-08505,15.47,13.9,123,3,14.93,0
TXREF-08506,36.08,14.82,251,2,19.5,0
TXREF-08507,28.21,16.63,115,2,14.11,0
TXREF-08508,12.09,15.41,364,3,3.48,0
TXREF-08509,33.89,18.97,224,3,4.33,0
TXREF-08510,27.68,22.92,78,3,2.56,0
TXREF-08511,14.96,22.18,541,5,3.17,0
TXREF-08512,26.67,8.85,547,5,59.21,0
TXREF-08513,27.63,19.23,32,2,7.1,0
TXREF-08514,22.33,19.87,637,1,2.49,0
TXREF-08515,67.84,14.66,377,2,13.48,0
TXREF-08516,8.85,15.44,52,1,48.91,0
TXREF-08517,8.33,14.51,663,2,11.65,0
TXREF-08518,34.9,20.88,962,2,7.49,0
TXREF-08519,37.31,20.52,106,4,0.41,0
TXREF-08520,46.57,21.11,83,1,2.97,0
TXREF-08521,23.62,12.32,38,2,10.27,0
TXREF-08522,17.98,19.92,543,4,44.5,0
TXREF-08523,34.63,19.19,1440,2,6.23,0
TXREF-08524,25.33,13.24,399,4,18.14,0
TXREF-08525,106.35,18.06,105,4,10.84,0
TXREF-08526,27.57,12.54,21,5,5.68,0
TXREF-08527,33.51,9.59,119,1,2.8,0
TXREF-08528,206.91,14.91,477,1,7.55,0
TXREF-08529,30.26,11.92,119,3,71.65,0
TXREF-08530,51.96,18.95,127,1,0.6,0
TXREF-08531,55.44,17.44,708,1,5.06,0
TXREF-08532,58.95,9.93,548,4,4.87,0
TXREF-08533,42.88,17.94,325,3,4.27,0
TXREF-08534,40.03,22.45,174,3,17.9,1
TXREF-08535,37.42,10.29,838,2,13.2,0
TXREF-08536,23.0,21.42,150,5,6.17,0
TXREF-08537,44.01,16.62,1339,4,6.35,0
TXREF-08538,150.0,21.71,308,1,11.46,0
TXREF-08539,83.24,12.35,1004,3,19.6,0
TXREF-08540,43.33,6.94,412,1,33.53,1
TXREF-08541,64.47,11.87,99,1,7.01,0
TXREF-08542,18.62,15.77,430,2,1.26,0
TXREF-08543,28.86,23.19,30,4,18.15,0
TXREF-08544,68.89,19.16,261,4,6.14,0
TXREF-08545,101.57,16.56,1690,4,16.04,0
TXREF-08546,19.98,14.62,843,3,109.73,0
TXREF-08547,24.58,20.86,61,2,6.61,0
TXREF-08548,167.43,16.59,1352,3,5.88,0
TXREF-08549,37.31,20.62,151,3,2.08,0
TXREF-08550,129.39,12.09,2042,2,42.26,0
TXREF-08551,40.4,23.59,627,1,0.48,0
TXREF-08552,41.56,21.45,71,3,7.44,0
TXREF-08553,27.94,18.17,274,3,17.85,0
TXREF-08554,68.62,20.75,404,2,5.77,0
TXREF-08555,92.54,17.54,746,3,1.7,0
TXREF-08556,16.52,15.98,185,2,1.58,0
TXREF-08557,27.01,20.64,69,2,5.03,0
TXREF-08558,67.28,12.19,225,1,13.33,0
TXREF-08559,31.71,9.61,65,4,8.6,0
TXREF-08560,24.4,20.24,305,6,2.85,0
TXREF-08561,72.01,0.07,278,4,22.69,0
TXREF-08562,77.05,12.51,97,3,20.8,0
TXREF-08563,25.19,16.38,769,1,2.82,0
TXREF-08564,40.56,18.51,9,3,2.11,0
TXREF-08565,14.58,16.04,352,4,19.22,0
TXREF-08566,18.27,10.73,314,1,5.0,0
TXREF-08567,38.07,17.13,290,1,8.88,0
TXREF-08568,35.61,22.68,76,4,18.49,0
TXREF-08569,17.35,17.47,26,3,1.14,0
TXREF-08570,20.79,21.87,202,3,7.82,0
TXREF-08571,16.17,16.2,147,3,7.67,0
TXREF-08572,48.31,13.64,516,3,2.81,0
TXREF-08573,8.44,16.27,814,2,2.06,0
TXREF-08574,16.8,17.55,35,2,3.46,0
TXREF-08575,9.1,16.45,206,3,0.89,0
TXREF-08576,47.07,14.65,9,2,1.4,0
TXREF-08577,9.51,19.07,319,2,21.45,0
TXREF-08578,35.62,12.32,31,1,2.47,0
TXREF-08579,113.35,19.46,194,3,1.49,0
TXREF-08580,116.15,8.62,116,1,5.71,0
TXREF-08581,9.49,14.11,1319,2,3.02,0
TXREF-08582,43.16,12.7,337,2,3.17,0
TXREF-08583,17.08,11.95,676,3,22.6,0
TXREF-08584,14.75,14.98,2080,1,65.38,0
TXREF-08585,32.08,10.4,34,1,13.39,0
TXREF-08586,84.3,20.89,112,3,1.27,0
TXREF-08587,53.61,23.24,243,4,4.28,0
TXREF-08588,20.8,10.96,391,3,15.54,0
TXREF-08589,57.84,10.65,272,2,4.59,0
TXREF-08590,6.92,14.64,282,3,4.14,0
TXREF-08591,20.24,17.25,69,2,6.63,0
TXREF-08592,19.24,15.68,120,1,31.24,0
TXREF-08593,36.83,21.46,83,3,1.16,0
TXREF-08594,30.08,11.35,1086,1,6.92,0
TXREF-08595,31.44,16.11,400,4,0.7,0
TXREF-08596,30.7,13.03,266,2,20.65,0
TXREF-08597,35.38,14.73,17,2,7.44,0
TXREF-08598,51.36,18.57,775,2,3.34,0
TXREF-08599,38.77,8.58,270,4,13.57,0
TXREF-08600,28.37,20.37,179,2,3.24,0
TXREF-08601,46.49,20.45,34,4,1.57,0
TXREF-08602,63.11,8.86,248,2,45.51,0
TXREF-08603,23.33,11.78,483,5,5.02,0
TXREF-08604,33.36,20.37,94,3,7.05,0
TXREF-08605,80.36,22.1,184,4,20.27,1
TXREF-08606,15.74,7.45,903,1,34.06,0
TXREF-08607,127.66,19.18,1101,2,6.54,0
TXREF-08608,13.27,11.69,321,3,60.55,0
TXREF-08609,27.15,16.08,642,2,13.98,0
TXREF-08610,17.56,10.58,286,4,42.37,0
TXREF-08611,168.23,21.24,334,2,3.19,0
TXREF-08612,24.23,15.64,2062,3,3.39,0
TXREF-08613,24.27,14.63,1049,2,8.01,0
TXREF-08614,26.66,15.99,287,5,2.55,0
TXREF-08615,37.29,20.47,1440,2,31.07,0
TXREF-08616,27.48,12.41,2,5,3.4,0
TXREF-08617,31.64,21.51,477,1,3.1,0
TXREF-08618,2.74,18.86,200,4,0.98,0
TXREF-08619,36.28,13.8,283,2,2.87,0
TXREF-08620,35.26,12.51,45,2,0.47,0
TXREF-08621,73.54,18.69,344,3,3.68,0
TXREF-08622,89.35,13.22,668,2,0.6,0
TXREF-08623,30.41,18.45,226,2,2.07,0
TXREF-08624,62.66,22.25,389,1,2.71,0
TXREF-08625,15.75,9.6,38,3,4.82,0
TXREF-08626,60.49,13.69,1355,3,9.97,0
TXREF-08627,23.05,11.31,257,3,6.26,0
TXREF-08628,14.84,11.75,325,1,9.93,0
TXREF-08629,30.46,10.61,117,3,15.27,0
TXREF-08630,95.42,12.27,140,1,10.33,0
TXREF-08631,39.66,21.13,827,3,5.73,0
TXREF-08632,102.26,7.91,731,2,26.96,0
TXREF-08633,20.31,16.91,549,1,6.78,0
TXREF-08634,74.03,19.35,104,3,1.68,0
TXREF-08635,21.77,18.64,415,1,7.96,0
TXREF-08636,40.95,14.4,572,2,9.58,0
TXREF-08637,40.69,14.89,286,2,3.33,0
TXREF-08638,56.05,19.37,87,2,24.22,0
TXREF-08639,41.7,22.35,496,3,7.1,0
TXREF-08640,20.45,21.91,231,2,2.27,0
TXREF-08641,65.62,11.61,217,1,1.4,0
TXREF-08642,121.12,16.64,346,3,1.36,1
TXREF-08643,22.87,12.04,11,1,64.7,1
TXREF-08644,9.29,16.26,1037,4,6.57,0
TXREF-08645,49.87,9.04,453,1,10.58,0
TXREF-08646,27.43,8.58,1116,6,3.06,0
TXREF-08647,31.68,13.64,229,1,14.44,0
TXREF-08648,51.96,18.59,1771,2,5.25,0
TXREF-08649,25.06,22.44,158,1,4.94,0
TXREF-08650,28.69,23.21,300,3,5.13,0
TXREF-08651,32.39,16.75,54,4,1.53,0
TXREF-08652,100.31,17.34,201,5,13.04,0
TXREF-08653,35.58,19.29,81,2,40.88,0
TXREF-08654,14.3,12.15,478,3,8.68,0
TXREF-08655,14.72,18.53,260,1,5.29,0
TXREF-08656,38.48,13.39,681,5,2.42,0
TXREF-08657,15.44,12.25,102,4,4.54,0
TXREF-08658,11.3,13.79,632,5,2.62,0
TXREF-08659,55.01,13.19,1257,3,0.98,0
TXREF-08660,56.99,11.74,1924,1,4.36,0
TXREF-08661,26.71,13.55,462,1,5.16,0
TXREF-08662,43.01,14.5,105,3,8.05,0
TXREF-08663,39.86,16.68,167,4,22.14,0
TXREF-08664,53.72,21.64,1678,2,9.0,0
TXREF-08665,53.81,12.42,571,3,2.62,0
TXREF-08666,5.33,20.86,154,4,10.87,0
TXREF-08667,29.28,11.87,19,3,2.45,0
TXREF-08668,50.55,19.44,127,3,4.69,0
TXREF-08669,25.91,17.06,52,1,6.3,0
TXREF-08670,35.73,23.05,129,4,9.78,1
TXREF-08671,59.77,15.68,1815,6,4.97,0
TXREF-08672,36.9,18.63,338,2,0.9,0
TXREF-08673,103.1,23.1,74,1,4.14,1
TXREF-08674,78.37,11.22,821,3,2.38,0
TXREF-08675,31.96,16.35,98,2,2.66,0
TXREF-08676,30.19,9.82,749,3,2.55,0
TXREF-08677,4.47,11.51,1398,2,4.87,0
TXREF-08678,27.52,10.75,237,2,9.47,0
TXREF-08679,13.14,16.39,1,4,12.82,1
TXREF-08680,40.82,11.78,75,1,3.15,0
TXREF-08681,38.86,13.09,171,2,1.03,0
TXREF-08682,57.46,11.61,2244,3,2.4,0
TXREF-08683,95.16,17.68,40,2,22.97,1
TXREF-08684,34.16,11.25,137,4,12.19,0
TXREF-08685,179.81,9.5,24,2,17.48,0
TXREF-08686,41.16,9.37,138,3,6.52,0
TXREF-08687,13.55,16.22,1,1,4.02,0
TXREF-08688,23.23,22.3,47,4,1.44,0
TXREF-08689,26.62,18.0,657,2,15.79,0
TXREF-08690,53.32,9.96,509,2,8.06,0
TXREF-08691,17.6,13.26,245,2,3.53,0
TXREF-08692,28.09,21.77,132,2,0.81,0
TXREF-08693,31.0,20.25,107,2,23.13,1
TXREF-08694,25.21,22.91,214,1,21.17,0
TXREF-08695,62.44,13.93,46,3,3.75,0
TXREF-08696,55.24,15.7,48,2,5.32,0
TXREF-08697,80.63,15.64,503,3,3.63,0
TXREF-08698,27.43,17.44,177,2,4.78,0
TXREF-08699,82.75,12.13,480,4,0.5,0
TXREF-08700,13.04,13.05,708,3,8.98,0
TXREF-08701,12.81,11.66,138,3,3.43,0
TXREF-08702,14.53,10.05,188,1,4.18,0
TXREF-08703,35.04,19.79,182,3,2.73,0
TXREF-08704,82.74,12.7,684,2,4.42,0
TXREF-08705,22.57,12.88,78,2,9.79,0
TXREF-08706,24.7,12.98,494,2,9.65,0
TXREF-08707,29.8,13.74,161,6,5.86,0
TXREF-08708,52.59,20.48,173,1,6.42,0
TXREF-08709,24.68,12.51,285,2,5.11,0
TXREF-08710,23.71,17.65,256,4,22.21,0
TXREF-08711,13.21,15.91,222,4,5.98,0
TXREF-08712,23.07,13.39,220,2,6.65,0
TXREF-08713,81.27,17.71,842,2,43.56,0
TXREF-08714,37.17,17.47,186,1,5.94,0
TXREF-08715,20.44,19.05,688,3,2.48,0
TXREF-08716,84.78,10.02,33,1,17.65,1
TXREF-08717,22.84,17.27,999,3,0.77,0
TXREF-08718,96.77,20.22,82,3,2.88,0
TXREF-08719,95.64,16.78,708,1,4.81,0
TXREF-08720,36.25,21.97,884,3,0.39,0
TXREF-08721,11.83,0.57,470,4,9.07,0
TXREF-08722,180.99,17.71,853,2,9.91,0
TXREF-08723,46.01,14.02,154,1,1.49,0
TXREF-08724,27.57,15.91,74,2,5.0,0
TXREF-08725,69.3,21.19,947,3,107.8,0
TXREF-08726,57.72,15.11,574,3,6.2,0
TXREF-08727,89.47,14.01,735,3,37.89,0
TXREF-08728,21.61,14.78,582,1,4.36,0
TXREF-08729,43.79,20.53,104,5,19.42,0
TXREF-08730,14.82,18.17,365,2,4.32,0
TXREF-08731,56.25,16.53,662,2,4.87,0
TXREF-08732,34.24,21.1,854,2,2.14,0
TXREF-08733,42.62,11.09,260,2,35.21,1
TXREF-08734,31.33,18.14,70,1,3.96,0
TXREF-08735,29.06,9.1,358,2,4.19,0
TXREF-08736,18.63,17.72,242,3,8.81,0
TXREF-08737,61.5,11.16,297,3,0.84,0
TXREF-08738,101.76,19.4,488,2,6.0,0
TXREF-08739,23.32,10.08,277,2,6.77,0
TXREF-08740,51.86,21.67,223,7,2.54,0
TXREF-08741,47.52,20.49,148,2,20.19,1
TXREF-08742,35.02,15.71,39,4,10.02,0
TXREF-08743,11.6,18.88,544,4,3.04,0
TXREF-08744,13.64,9.76,637,2,1.31,0
TXREF-08745,19.84,23.01,374,3,13.0,0
TXREF-08746,7.46,6.79,247,2,1.79,0
TXREF-08747,95.95,13.54,81,3,3.35,0
TXREF-08748,45.37,10.17,22,5,16.13,0
TXREF-08749,34.07,11.91,66,3,7.4,0
TXREF-08750,7.19,19.79,276,5,4.75,0
TXREF-08751,9.36,12.89,1532,2,0.86,0
TXREF-08752,34.75,21.14,11,2,0.92,0
TXREF-08753,143.85,15.56,256,3,1.47,0
TXREF-08754,21.05,20.27,508,4,2.81,0
TXREF-08755,64.84,14.48,1337,4,3.89,0
TXREF-08756,24.64,11.07,1338,2,3.47,0
TXREF-08757,36.23,20.84,97,4,21.89,0
TXREF-08758,83.48,11.48,405,2,7.57,0
TXREF-08759,27.14,16.55,146,1,2.0,0
TXREF-08760,21.18,13.27,688,1,5.51,0
TXREF-08761,96.64,10.65,491,2,4.1,0
TXREF-08762,35.97,14.52,57,3,5.52,0
TXREF-08763,76.38,14.25,342,5,3.58,0
TXREF-08764,21.26,20.85,128,1,1.79,0
TXREF-08765,95.85,19.6,507,4,16.18,1
TXREF-08766,42.39,13.75,46,5,88.97,0
TXREF-08767,47.61,15.35,186,1,18.76,0
TXREF-08768,38.27,10.77,343,5,7.24,0
TXREF-08769,24.19,16.84,409,4,10.1,0
TXREF-08770,34.77,14.05,215,1,3.67,0
TXREF-08771,25.31,10.48,80,3,17.18,0
TXREF-08772,69.47,10.45,104,2,1.84,1
TXREF-08773,30.08,22.48,112,3,4.0,0
TXREF-08774,11.85,12.24,71,3,6.07,0
TXREF-08775,10.39,16.41,961,1,16.87,0
TXREF-08776,10.04,19.74,160,3,4.29,0
TXREF-08777,54.32,14.97,175,3,5.11,0
TXREF-08778,15.19,18.23,193,2,1.47,0
TXREF-08779,43.21,13.93,387,2,0.31,0
TXREF-08780,38.41,18.21,1132,3,5.89,0
TXREF-08781,33.23,13.53,1061,2,13.49,0
TXREF-08782,47.73,12.23,76,3,17.09,0
TXREF-08783,39.02,22.01,360,3,6.52,0
TXREF-08784,4.95,13.94,419,1,6.53,0
TXREF-08785,27.58,18.51,267,1,0.66,0
TXREF-08786,47.28,20.62,36,2,5.0,0
TXREF-08787,113.41,13.84,39,2,8.62,0
TXREF-08788,117.24,8.52,426,4,13.62,0
TXREF-08789,13.05,12.69,410,1,13.28,0
TXREF-08790,27.06,14.84,151,4,18.53,0
TXREF-08791,11.27,8.94,1399,1,3.82,0
TXREF-08792,103.99,18.78,688,1,1.18,0
TXREF-08793,72.19,22.74,216,3,10.51,1
TXREF-08794,44.81,14.42,83,4,4.12,0
TXREF-08795,39.24,15.08,247,4,3.88,0
TXREF-08796,94.07,10.88,729,3,12.55,0
TXREF-08797,83.28,14.93,134,4,11.99,0
TXREF-08798,80.14,19.12,239,1,6.04,0
TXREF-08799,48.37,16.28,189,1,3.14,0
TXREF-08800,27.07,6.61,353,3,23.36,0
TXREF-08801,60.48,13.07,245,1,7.76,0
TXREF-08802,62.65,14.32,358,2,1.34,0
TXREF-08803,30.35,18.32,130,3,4.36,0
TXREF-08804,27.03,14.28,188,1,1.89,0
TXREF-08805,78.73,14.6,348,3,4.77,0
TXREF-08806,115.37,15.2,74,2,4.72,0
TXREF-08807,20.3,18.01,400,5,0.88,0
TXREF-08808,28.8,12.78,31,4,0.51,0
TXREF-08809,44.82,9.51,46,2,6.44,0
TXREF-08810,49.42,8.9,361,1,0.53,0
TXREF-08811,23.9,16.13,503,2,6.46,0
TXREF-08812,135.12,14.71,65,2,58.44,0
TXREF-08813,47.18,18.38,1293,3,28.48,0
TXREF-08814,51.04,12.12,547,1,5.32,0
TXREF-08815,123.52,14.58,355,3,12.53,0
TXREF-08816,25.2,14.67,788,3,9.78,0
TXREF-08817,32.67,15.54,335,5,15.94,0
TXREF-08818,14.12,10.45,69,3,2.56,0
TXREF-08819,30.75,20.25,198,1,34.21,0
TXREF-08820,11.92,11.08,315,2,24.33,0
TXREF-08821,59.65,9.68,295,3,4.84,0
TXREF-08822,47.11,23.68,158,2,1.76,0
TXREF-08823,28.52,19.02,132,4,1.3,0
TXREF-08824,32.38,23.35,258,3,26.08,0
TXREF-08825,60.24,15.5,573,4,38.5,0
TXREF-08826,15.37,19.19,756,1,10.24,0
TXREF-08827,40.33,22.14,491,2,6.53,0
TXREF-08828,57.61,18.7,375,2,34.04,0
TXREF-08829,9.65,18.22,293,1,3.61,0
TXREF-08830,57.01,19.71,414,4,5.85,0
TXREF-08831,10.43,13.03,14,1,5.69,0
TXREF-08832,31.99,15.43,448,2,4.29,0
TXREF-08833,15.06,18.08,318,1,9.69,0
TXREF-08834,97.56,11.24,1368,1,6.58,0
TXREF-08835,15.13,13.22,289,3,3.22,0
TXREF-08836,10.61,12.0,84,4,1.87,0
TXREF-08837,38.32,19.13,1214,2,25.99,0
TXREF-08838,25.85,7.93,330,4,18.5,0
TXREF-08839,11.78,18.88,302,1,66.13,0
TXREF-08840,50.84,15.71,289,2,7.89,0
TXREF-08841,8.3,15.89,297,2,13.72,0
TXREF-08842,16.51,6.44,178,2,4.69,0
TXREF-08843,23.01,10.67,170,3,13.46,0
TXREF-08844,62.03,21.67,298,3,27.78,0
TXREF-08845,88.48,13.43,771,4,2.03,0
TXREF-08846,77.02,8.48,1607,3,5.19,0
TXREF-08847,31.18,22.57,132,2,10.05,0
TXREF-08848,6.06,16.17,643,2,2.29,0
TXREF-08849,46.13,22.1,346,5,1.55,0
TXREF-08850,100.36,13.52,1355,3,2.96,0
TXREF-08851,84.63,17.63,930,3,5.11,0
TXREF-08852,48.59,11.75,525,1,1.98,0
TXREF-08853,14.78,15.73,96,1,7.86,0
TXREF-08854,23.85,14.43,201,4,45.89,0
TXREF-08855,140.1,23.02,348,2,17.45,1
TXREF-08856,12.55,12.79,48,5,16.76,0
TXREF-08857,15.23,12.9,146,3,0.94,0
TXREF-08858,68.62,14.1,145,1,4.31,0
TXREF-08859,25.52,13.06,531,1,29.16,0
TXREF-08860,14.87,16.35,627,3,3.56,0
TXREF-08861,104.6,12.28,621,2,4.25,0
TXREF-08862,48.52,19.02,9,3,17.55,0
TXREF-08863,26.45,12.14,2153,2,9.59,0
TXREF-08864,15.26,16.94,656,2,2.37,0
TXREF-08865,152.04,17.08,332,3,1.21,0
TXREF-08866,34.21,14.53,482,4,3.93,0
TXREF-08867,95.21,14.25,18,3,12.78,0
TXREF-08868,66.25,11.67,335,5,56.33,0
TXREF-08869,23.93,12.35,310,3,1.67,0
TXREF-08870,24.06,14.7,700,3,1.31,0
TXREF-08871,98.63,13.86,101,2,33.96,0
TXREF-08872,99.78,17.79,711,3,3.21,0
TXREF-08873,9.01,23.73,353,3,20.58,0
TXREF-08874,51.72,12.74,223,3,3.05,0
TXREF-08875,31.9,8.67,248,3,59.84,0
TXREF-08876,16.54,16.06,847,4,3.63,0
TXREF-08877,42.03,15.77,559,2,11.52,0
TXREF-08878,13.17,17.13,24,2,2.45,0
TXREF-08879,24.88,18.11,264,2,13.04,0
TXREF-08880,19.59,16.52,338,3,2.0,0
TXREF-08881,24.29,16.66,646,2,0.99,0
TXREF-08882,33.07,20.3,251,4,5.68,0
TXREF-08883,16.76,16.45,243,4,4.4,0
TXREF-08884,108.06,19.93,548,1,9.67,0
TXREF-08885,49.66,10.48,874,5,2.65,0
TXREF-08886,126.73,9.96,2601,3,61.2,1
TXREF-08887,31.02,18.06,747,1,8.68,0
TXREF-08888,23.45,18.94,2254,4,1.08,0
TXREF-08889,123.48,19.96,223,1,3.0,0
TXREF-08890,22.96,14.02,927,5,6.72,0
TXREF-08891,30.62,10.02,322,1,4.26,0
TXREF-08892,58.47,15.22,332,2,10.07,0
TXREF-08893,14.28,7.18,20,2,4.5,0
TXREF-08894,58.1,10.23,48,5,1.02,0
TXREF-08895,52.99,21.21,82,1,1.08,0
TXREF-08896,86.83,10.03,256,3,11.73,0
TXREF-08897,66.08,18.16,1244,4,1.86,0
TXREF-08898,88.76,14.15,115,2,7.45,0
TXREF-08899,32.15,22.65,641,3,2.44,0
TXREF-08900,18.71,15.15,396,2,2.93,0
TXREF-08901,159.05,13.96,18,4,1.29,0
TXREF-08902,11.6,10.81,474,1,13.44,0
TXREF-08903,12.46,20.84,74,6,3.56,0
TXREF-08904,52.29,20.06,644,2,54.78,0
TXREF-08905,112.17,20.67,867,4,0.58,0
TXREF-08906,39.9,16.65,1283,2,1.44,0
TXREF-08907,71.49,12.73,568,3,10.03,0
TXREF-08908,8.27,14.93,1181,2,1.93,0
TXREF-08909,24.3,15.35,61,2,13.58,0
TXREF-08910,9.03,17.72,19,3,3.92,0
TXREF-08911,61.06,18.23,2218,3,3.36,0
TXREF-08912,11.43,13.48,424,3,5.87,0
TXREF-08913,13.87,10.11,490,2,2.7,0
TXREF-08914,50.41,18.91,1156,1,12.85,0
TXREF-08915,74.78,17.02,215,1,0.46,0
TXREF-08916,31.05,19.33,156,5,0.59,0
TXREF-08917,52.48,19.84,91,5,9.58,0
TXREF-08918,51.28,18.86,594,1,28.38,0
TXREF-08919,29.81,1.58,24,4,3.82,0
TXREF-08920,15.83,17.94,827,1,18.28,0
TXREF-08921,52.29,11.74,604,3,27.74,0
TXREF-08922,54.13,20.24,1060,3,23.39,0
TXREF-08923,66.27,10.78,1502,2,0.53,0
TXREF-08924,43.58,7.49,134,3,10.04,0
TXREF-08925,15.01,10.44,999,1,1.47,0
TXREF-08926,57.23,20.86,237,2,5.86,0
TXREF-08927,34.78,14.53,564,3,4.07,0
TXREF-08928,24.59,14.43,72,3,4.86,0
TXREF-08929,28.16,22.94,40,1,19.48,1
TXREF-08930,21.18,16.41,177,4,1.3,0
TXREF-08931,66.02,11.85,82,4,39.51,0
TXREF-08932,12.54,14.03,286,3,7.69,1
TXREF-08933,17.03,22.62,1819,1,2.54,0
TXREF-08934,27.48,17.59,1001,3,2.12,0
TXREF-08935,111.26,14.07,192,3,24.47,0
TXREF-08936,74.37,18.41,270,4,0.64,0
TXREF-08937,10.68,19.64,329,3,10.92,0
TXREF-08938,92.11,14.56,74,1,9.76,0
TXREF-08939,91.98,15.83,574,4,32.2,0
TXREF-08940,14.95,17.46,608,1,3.19,0
TXREF-08941,5.67,17.74,162,3,49.02,0
TXREF-08942,33.05,20.5,884,1,43.1,0
TXREF-08943,78.11,14.67,502,2,9.56,1
TXREF-08944,109.48,19.72,1321,5,10.02,0
TXREF-08945,18.6,18.95,310,7,16.11,0
TXREF-08946,122.91,9.23,19,2,4.34,0
TXREF-08947,7.0,13.43,346,1,36.32,0
TXREF-08948,26.71,17.95,677,3,23.36,0
TXREF-08949,25.78,21.91,75,4,3.05,0
TXREF-08950,79.81,12.85,200,5,13.0,0
TXREF-08951,88.66,12.76,522,2,0.94,0
TXREF-08952,69.2,15.82,782,4,1.1,0
TXREF-08953,13.17,9.08,356,2,2.23,0
TXREF-08954,64.79,16.0,1356,2,1.32,0
TXREF-08955,50.22,19.98,544,1,17.38,0
TXREF-08956,10.45,0.03,121,4,12.23,0
TXREF-08957,7.86,23.71,1234,1,8.01,0
TXREF-08958,73.5,15.92,131,2,4.04,0
TXREF-08959,30.58,13.93,724,3,18.45,0
TXREF-08960,13.8,23.95,374,2,37.91,0
TXREF-08961,29.97,17.17,176,3,6.25,0
TXREF-08962,45.25,11.45,438,3,11.36,0
TXREF-08963,32.8,18.37,90,4,5.1,0
TXREF-08964,11.39,23.92,304,3,2.71,0
TXREF-08965,135.31,14.54,1081,3,2.61,0
TXREF-08966,71.74,21.59,142,4,2.28,0
TXREF-08967,27.34,1.17,218,1,11.55,0
TXREF-08968,28.15,9.59,112,3,19.36,0
TXREF-08969,45.1,20.32,246,2,1.34,0
TXREF-08970,15.44,12.06,53,1,1.05,0
TXREF-08971,43.92,20.64,229,3,4.43,0
TXREF-08972,13.35,11.55,257,3,9.88,0
TXREF-08973,33.09,14.13,621,2,10.86,0
TXREF-08974,15.01,14.61,273,4,13.38,0
TXREF-08975,15.56,17.94,508,1,1.76,0
TXREF-08976,113.85,10.82,1454,3,1.33,0
TXREF-08977,36.33,8.84,1338,2,8.3,0
TXREF-08978,40.42,18.46,36,2,1.4,0
TXREF-08979,8.18,22.43,140,1,6.37,0
TXREF-08980,22.65,16.59,21,2,14.36,0
TXREF-08981,48.52,16.74,59,2,0.65,0
TXREF-08982,40.04,17.3,530,4,7.12,0
TXREF-08983,7.38,20.24,648,4,1.19,0
TXREF-08984,40.41,18.71,230,2,12.78,0
TXREF-08985,45.33,7.61,729,1,18.75,0
TXREF-08986,87.73,10.82,241,1,3.42,0
TXREF-08987,21.72,14.2,78,1,4.88,0
TXREF-08988,6.93,20.76,300,3,2.62,0
TXREF-08989,16.98,10.35,138,1,3.94,0
TXREF-08990,15.8,21.91,83,1,18.95,0
TXREF-08991,59.17,18.3,60,1,8.58,0
TXREF-08992,4.92,13.82,243,1,24.31,0
TXREF-08993,25.21,10.37,49,3,0.66,0
TXREF-08994,97.18,18.07,1266,3,13.35,0
TXREF-08995,34.99,11.52,425,1,7.65,0
TXREF-08996,66.38,18.73,691,3,12.23,0
TXREF-08997,10.68,13.16,431,5,3.15,0
TXREF-08998,10.99,14.33,211,2,0.8,0
TXREF-08999,97.99,18.99,94,3,0.84,0
TXREF-09000,37.45,17.05,298,2,5.63,0
TXREF-09001,37.5,10.64,115,2,12.55,0
TXREF-09002,15.56,12.96,334,1,4.0,0
TXREF-09003,37.43,13.55,425,2,8.05,0
TXREF-09004,15.26,22.45,914,4,12.0,0
TXREF-09005,81.82,11.16,134,2,0.6,0
TXREF-09006,248.15,9.83,633,4,3.15,1
TXREF-09007,49.33,11.01,134,2,13.51,0
TXREF-09008,22.04,14.74,132,3,68.14,0
TXREF-09009,5.62,15.57,901,1,13.94,0
TXREF-09010,10.35,11.74,148,5,1.81,0
TXREF-09011,106.64,14.07,130,2,22.89,0
TXREF-09012,16.59,20.22,1334,2,4.61,0
TXREF-09013,26.66,14.11,24,2,4.18,0
TXREF-09014,55.8,15.03,771,2,1.34,0
TXREF-09015,101.22,20.04,838,1,48.17,0
TXREF-09016,30.15,11.77,150,4,1.4,0
TXREF-09017,26.01,20.74,49,3,3.81,0
TXREF-09018,36.66,12.5,56,3,3.8,0
TXREF-09019,22.16,20.73,351,2,4.62,0
TXREF-09020,23.03,8.17,490,2,19.82,0
TXREF-09021,46.83,14.44,618,2,4.1,0
TXREF-09022,39.78,14.69,143,3,20.48,0
TXREF-09023,161.54,13.41,443,1,7.58,0
TXREF-09024,47.75,21.24,126,2,7.69,0
TXREF-09025,79.74,14.83,694,2,14.73,0
TXREF-09026,16.1,19.4,756,4,6.35,0
TXREF-09027,50.81,14.92,1374,4,7.42,0
TXREF-09028,20.69,15.79,1309,3,22.41,0
TXREF-09029,46.28,17.95,485,2,1.71,0
TXREF-09030,57.15,18.68,33,4,10.36,0
TXREF-09031,36.09,10.05,205,3,79.93,0
TXREF-09032,197.01,21.84,283,1,3.58,0
TXREF-09033,97.33,14.65,154,5,17.96,0
TXREF-09034,81.26,15.71,225,2,2.49,0
TXREF-09035,60.36,21.51,15,4,7.03,0
TXREF-09036,123.92,15.8,119,2,2.47,0
TXREF-09037,12.37,12.34,25,3,25.83,0
TXREF-09038,93.37,19.26,36,3,10.6,0
TXREF-09039,17.05,15.54,448,5,0.62,0
TXREF-09040,23.19,14.56,250,4,7.74,0
TXREF-09041,52.15,21.19,106,4,7.41,1
TXREF-09042,84.6,23.2,193,4,9.46,0
TXREF-09043,15.17,12.89,268,2,43.51,0
TXREF-09044,24.07,8.07,179,3,2.75,0
TXREF-09045,37.35,16.66,1245,2,9.29,0
TXREF-09046,30.44,14.95,852,3,0.32,0
TXREF-09047,64.39,6.62,12,5,25.61,1
TXREF-09048,413.17,16.54,1399,2,1.05,0
TXREF-09049,47.08,13.83,5,3,2.33,0
TXREF-09050,20.5,11.0,57,3,6.02,0
TXREF-09051,13.69,10.72,49,1,10.08,0
TXREF-09052,27.54,11.8,1213,3,2.03,0
TXREF-09053,17.69,21.23,321,1,38.19,0
TXREF-09054,48.75,11.45,150,3,4.68,0
TXREF-09055,48.2,19.2,104,3,22.49,1
TXREF-09056,24.94,15.19,230,2,2.11,0
TXREF-09057,145.35,20.52,154,1,184.4,0
TXREF-09058,20.5,19.06,252,2,5.76,0
TXREF-09059,31.94,15.85,815,3,5.73,0
TXREF-09060,55.16,11.18,491,2,9.34,0
TXREF-09061,66.17,20.37,15,4,4.91,0
TXREF-09062,87.34,13.74,161,1,16.39,0
TXREF-09063,47.4,21.77,794,4,7.56,0
TXREF-09064,74.19,13.84,131,4,3.87,1
TXREF-09065,21.57,15.12,1739,2,5.36,0
TXREF-09066,67.43,15.01,110,3,2.69,0
TXREF-09067,66.78,13.03,154,2,4.45,0
TXREF-09068,103.47,12.7,77,3,0.4,0
TXREF-09069,10.47,11.86,11,2,1.23,0
TXREF-09070,18.12,20.8,32,2,6.17,0
TXREF-09071,62.97,13.03,426,3,5.59,0
TXREF-09072,5.16,19.27,358,1,27.34,0
TXREF-09073,49.61,20.32,547,1,15.73,0
TXREF-09074,74.67,17.4,22,5,9.14,0
TXREF-09075,22.99,7.64,207,3,2.73,0
TXREF-09076,25.54,20.79,47,2,11.66,0
TXREF-09077,16.06,9.98,201,3,3.47,0
TXREF-09078,23.91,18.29,640,4,5.05,0
TXREF-09079,24.42,13.53,259,2,0.6,0
TXREF-09080,21.29,9.27,367,5,6.82,0
TXREF-09081,20.47,15.08,70,4,5.25,0
TXREF-09082,28.64,14.72,404,2,8.65,0
TXREF-09083,28.39,13.26,338,4,5.5,0
TXREF-09084,134.21,13.67,754,6,0.86,0
TXREF-09085,26.21,14.52,8,4,14.83,0
TXREF-09086,44.6,20.95,673,1,6.64,0
TXREF-09087,22.98,12.99,454,3,24.06,0
TXREF-09088,22.77,17.24,122,2,0.52,0
TXREF-09089,10.2,13.88,30,4,4.57,0
TXREF-09090,11.23,18.15,408,4,22.94,0
TXREF-09091,14.6,13.25,27,1,1.27,0
TXREF-09092,39.74,11.87,208,2,20.02,1
TXREF-09093,75.55,10.49,496,1,24.96,0
TXREF-09094,9.62,13.89,370,3,10.68,0
TXREF-09095,23.45,11.46,694,2,2.43,0
TXREF-09096,13.01,19.25,250,1,2.15,0
TXREF-09097,28.78,11.21,121,2,6.94,0
TXREF-09098,75.53,11.79,242,1,14.62,0
TXREF-09099,25.24,15.86,878,1,56.79,0
TXREF-09100,33.64,17.79,50,5,11.52,0
TXREF-09101,99.26,16.34,443,3,2.47,0
TXREF-09102,48.41,17.39,247,4,24.97,0
TXREF-09103,20.14,13.74,7,2,44.11,1
TXREF-09104,39.03,13.79,1001,3,9.78,0
TXREF-09105,19.19,20.44,192,3,12.34,0
TXREF-09106,47.12,21.22,307,1,16.89,0
TXREF-09107,50.45,16.29,64,3,0.26,0
TXREF-09108,13.01,21.8,340,2,7.6,0
TXREF-09109,39.49,16.75,371,5,4.75,0
TXREF-09110,31.99,10.14,174,1,2.0,0
TXREF-09111,51.53,13.87,122,3,10.04,0
TXREF-09112,63.34,18.79,418,3,9.29,0
TXREF-09113,49.1,16.31,310,1,9.88,0
TXREF-09114,27.99,13.8,10,2,10.12,0
TXREF-09115,68.17,18.83,243,3,11.47,0
TXREF-09116,18.57,15.18,514,1,9.44,0
TXREF-09117,13.45,16.42,39,3,5.24,0
TXREF-09118,3.49,15.2,1683,3,1.88,0
TXREF-09119,33.1,18.98,433,3,109.51,0
TXREF-09120,19.27,15.96,87,4,19.59,0
TXREF-09121,46.36,20.43,21,2,17.37,0
TXREF-09122,8.42,20.72,435,2,10.61,0
TXREF-09123,21.85,12.56,548,2,18.17,1
TXREF-09124,48.84,22.25,664,1,6.6,0
TXREF-09125,16.59,19.77,42,3,13.86,0
TXREF-09126,46.74,13.58,79,2,0.63,0
TXREF-09127,23.31,19.6,106,1,24.1,0
TXREF-09128,34.0,11.09,189,3,6.63,0
TXREF-09129,53.44,11.31,113,1,3.65,0
TXREF-09130,69.13,12.53,175,2,8.86,0
TXREF-09131,37.21,11.61,189,1,10.2,1
TXREF-09132,19.37,17.29,105,1,16.58,0
TXREF-09133,25.03,18.81,65,1,15.0,0
TXREF-09134,55.07,17.2,724,3,36.07,0
TXREF-09135,16.69,10.38,4,5,3.15,0
TXREF-09136,30.62,12.87,232,3,8.14,0
TXREF-09137,26.37,19.72,398,3,6.27,0
TXREF-09138,32.32,16.59,3,2,0.96,0
TXREF-09139,16.83,19.91,208,1,12.61,0
TXREF-09140,9.18,12.28,163,5,6.07,0
TXREF-09141,50.65,16.9,418,2,15.53,0
TXREF-09142,69.7,8.62,451,2,17.25,0
TXREF-09143,9.58,16.79,88,4,3.89,0
TXREF-09144,45.41,19.05,80,1,54.78,0
TXREF-09145,75.94,15.43,72,1,1.76,0
TXREF-09146,53.47,17.61,262,4,1.17,0
TXREF-09147,25.79,16.84,611,2,2.63,0
TXREF-09148,17.65,18.71,766,3,3.65,0
TXREF-09149,36.9,12.57,85,3,3.93,0
TXREF-09150,41.61,20.08,274,3,13.84,0
TXREF-09151,37.3,16.2,467,1,3.77,0
TXREF-09152,30.58,14.88,1175,4,10.93,0
TXREF-09153,15.97,6.95,330,5,1.19,0
TXREF-09154,47.2,17.83,256,3,9.75,0
TXREF-09155,48.86,21.09,47,2,2.81,0
TXREF-09156,40.23,14.52,838,5,8.32,0
TXREF-09157,37.71,14.73,192,3,4.02,0
TXREF-09158,116.64,20.3,273,1,4.02,1
TXREF-09159,22.21,18.67,185,1,6.91,0
TXREF-09160,87.59,14.8,343,2,12.23,0
TXREF-09161,20.52,13.39,102,3,50.01,0
TXREF-09162,77.36,15.22,308,2,10.52,0
TXREF-09163,84.61,13.96,677,4,14.07,0
TXREF-09164,28.19,14.0,16,7,13.89,0
TXREF-09165,115.11,8.35,595,2,1.84,0
TXREF-09166,48.8,15.67,520,3,7.78,0
TXREF-09167,18.51,17.75,1046,2,3.21,0
TXREF-09168,26.59,17.27,368,4,71.43,0
TXREF-09169,78.7,17.04,383,2,12.26,0
TXREF-09170,67.67,13.83,664,2,1.56,0
TXREF-09171,16.25,14.47,45,2,3.04,0
TXREF-09172,31.49,19.6,447,3,2.26,0
TXREF-09173,40.31,16.78,331,3,8.47,0
TXREF-09174,24.16,18.76,503,4,5.49,0
TXREF-09175,190.11,11.85,222,2,6.26,1
TXREF-09176,41.19,11.83,696,2,3.42,0
TXREF-09177,33.3,20.57,1819,4,4.41,0
TXREF-09178,82.06,10.98,602,1,18.1,0
TXREF-09179,26.76,9.77,789,6,11.18,0
TXREF-09180,71.91,15.5,563,3,2.32,0
TXREF-09181,10.48,15.28,448,2,6.65,0
TXREF-09182,25.11,14.79,73,2,1.32,0
TXREF-09183,74.09,15.13,714,4,10.56,0
TXREF-09184,107.83,9.32,235,2,5.33,0
TXREF-09185,19.95,12.46,228,4,3.2,0
TXREF-09186,18.34,13.06,1464,2,1.07,0
TXREF-09187,52.38,14.16,636,3,4.86,0
TXREF-09188,22.23,9.33,110,1,11.51,0
TXREF-09189,28.69,11.03,442,2,3.93,0
TXREF-09190,65.43,20.14,4,2,16.11,0
TXREF-09191,23.53,17.39,589,2,1.51,0
TXREF-09192,8.46,14.84,93,1,3.73,0
TXREF-09193,13.64,17.27,386,4,5.35,0
TXREF-09194,35.06,13.61,84,2,13.91,0
TXREF-09195,9.1,22.16,594,3,32.07,0
TXREF-09196,28.11,20.77,877,3,19.16,0
TXREF-09197,12.78,13.43,381,1,17.35,0
TXREF-09198,113.38,12.0,152,2,23.37,1
TXREF-09199,165.49,9.23,741,4,0.89,0
TXREF-09200,16.25,12.09,303,2,0.56,0
TXREF-09201,41.88,16.68,385,1,3.22,0
TXREF-09202,17.44,18.15,268,3,11.17,0
TXREF-09203,27.86,11.53,78,2,15.49,0
TXREF-09204,127.55,8.45,440,5,9.03,0
TXREF-09205,24.88,16.97,1163,2,5.28,0
TXREF-09206,28.33,20.0,48,1,9.35,0
TXREF-09207,17.66,9.69,355,3,3.87,0
TXREF-09208,79.46,4.05,286,5,23.45,0
TXREF-09209,3.32,10.92,92,4,14.37,0
TXREF-09210,25.31,12.52,64,2,36.14,0
TXREF-09211,33.68,10.31,66,2,41.32,0
TXREF-09212,21.63,16.21,154,1,8.68,0
TXREF-09213,64.83,11.4,447,3,23.97,0
TXREF-09214,82.72,14.04,417,2,4.83,0
TXREF-09215,12.6,21.6,163,2,8.54,0
TXREF-09216,157.17,14.38,1112,3,17.33,0
TXREF-09217,12.49,22.44,35,3,44.81,0
TXREF-09218,88.04,13.7,685,7,14.23,0
TXREF-09219,38.78,16.14,1174,5,6.28,0
TXREF-09220,24.22,15.74,19,6,6.19,0
TXREF-09221,25.93,10.79,1126,3,31.51,0
TXREF-09222,33.98,12.68,429,2,5.59,0
TXREF-09223,40.45,11.86,264,4,8.42,0
TXREF-09224,17.95,13.1,1222,3,4.26,0
TXREF-09225,29.42,19.85,137,3,8.18,0
TXREF-09226,19.99,15.98,535,2,3.14,0
TXREF-09227,14.51,17.78,244,4,11.1,0
TXREF-09228,19.33,17.98,546,2,2.93,0
TXREF-09229,15.21,16.02,58,2,6.06,0
TXREF-09230,25.73,8.76,312,3,7.52,0
TXREF-09231,47.53,19.32,868,1,5.66,0
TXREF-09232,37.97,13.5,665,1,4.46,0
TXREF-09233,144.25,6.78,102,3,4.84,0
TXREF-09234,7.09,19.97,25,3,6.63,0
TXREF-09235,48.81,17.61,263,1,2.31,0
TXREF-09236,34.97,8.93,440,3,2.52,0
TXREF-09237,62.63,21.0,889,3,16.25,0
TXREF-09238,58.31,14.26,192,3,8.6,0
TXREF-09239,30.91,19.38,1316,1,5.35,0
TXREF-09240,39.42,13.18,191,3,11.62,0
TXREF-09241,20.37,19.67,716,1,8.44,0
TXREF-09242,54.15,15.01,232,6,12.13,0
TXREF-09243,9.0,13.88,289,3,5.57,0
TXREF-09244,60.9,17.89,195,2,7.3,1
TXREF-09245,34.24,15.15,1600,3,5.84,0
TXREF-09246,24.52,20.68,340,2,6.58,0
TXREF-09247,29.45,16.98,26,3,7.11,0
TXREF-09248,31.04,14.63,312,2,4.93,0
TXREF-09249,88.59,17.69,1420,3,2.39,0
TXREF-09250,357.14,5.63,482,4,5.75,1
TXREF-09251,83.79,18.93,441,2,11.96,0
TXREF-09252,23.17,0.45,205,5,10.4,0
TXREF-09253,54.79,20.29,386,4,8.7,0
TXREF-09254,56.53,10.98,348,3,11.47,0
TXREF-09255,17.88,22.15,712,1,1.26,0
TXREF-09256,14.04,13.16,118,2,11.72,0
TXREF-09257,33.26,19.74,190,1,6.45,0
TXREF-09258,62.27,21.69,668,3,2.49,0
TXREF-09259,10.91,10.96,147,2,2.05,0
TXREF-09260,20.72,22.34,403,5,1.52,0
TXREF-09261,52.58,17.24,670,3,52.79,0
TXREF-09262,35.88,15.64,180,1,33.14,0
TXREF-09263,96.52,15.65,447,3,7.45,0
TXREF-09264,12.6,18.09,182,3,15.89,0
TXREF-09265,189.34,15.56,275,6,5.23,0
TXREF-09266,11.5,10.58,785,1,2.1,0
TXREF-09267,8.08,16.27,77,4,3.84,0
TXREF-09268,33.37,10.39,919,2,2.48,0
TXREF-09269,15.38,12.47,372,3,3.95,0
TXREF-09270,33.86,13.85,400,2,3.6,0
TXREF-09271,33.01,13.53,270,1,4.95,0
TXREF-09272,30.24,8.27,271,3,12.02,0
TXREF-09273,18.98,10.9,231,2,1.5,0
TXREF-09274,47.54,13.93,196,2,0.27,0
TXREF-09275,27.7,23.43,196,3,15.62,0
TXREF-09276,77.06,17.6,568,1,3.23,0
TXREF-09277,30.57,18.15,1059,3,6.08,0
TXREF-09278,17.38,10.41,63,3,0.84,0
TXREF-09279,10.33,14.19,213,3,3.26,0
TXREF-09280,30.76,19.06,88,3,24.59,0
TXREF-09281,13.96,22.46,1137,4,5.65,0
TXREF-09282,13.17,12.7,720,5,3.08,0
TXREF-09283,50.9,16.75,1418,1,10.43,0
TXREF-09284,9.68,13.12,173,4,29.24,0
TXREF-09285,96.23,20.38,9,2,2.63,0
TXREF-09286,39.06,12.1,723,1,16.39,0
TXREF-09287,33.73,12.48,341,2,1.15,0
TXREF-09288,16.53,16.53,848,2,49.91,0
TXREF-09289,60.36,14.32,566,5,5.92,0
TXREF-09290,34.74,14.35,53,3,4.24,0
TXREF-09291,21.24,7.89,46,4,4.33,0
TXREF-09292,40.2,12.87,157,2,5.9,0
TXREF-09293,10.36,23.55,600,2,10.45,0
TXREF-09294,10.72,11.49,526,3,5.11,0
TXREF-09295,15.54,16.24,915,2,37.86,0
TXREF-09296,44.78,19.36,658,2,21.08,0
TXREF-09297,34.73,13.36,39,3,3.63,0
TXREF-09298,74.09,21.35,47,2,2.46,0
TXREF-09299,17.95,18.96,276,2,6.85,0
TXREF-09300,52.65,13.14,703,4,8.73,0
TXREF-09301,32.07,21.25,153,4,3.85,1
TXREF-09302,17.65,17.77,124,2,5.31,0
TXREF-09303,45.94,16.45,22,3,11.25,1
TXREF-09304,33.2,9.29,315,3,20.63,0
TXREF-09305,22.13,16.78,295,4,2.51,0
TXREF-09306,35.88,14.22,698,2,0.62,0
TXREF-09307,31.71,15.77,100,1,3.89,0
TXREF-09308,31.17,21.65,86,3,0.81,0
TXREF-09309,25.87,12.36,426,5,1.96,0
TXREF-09310,13.6,22.98,56,2,0.33,0
TXREF-09311,36.74,14.62,95,5,28.78,0
TXREF-09312,19.53,15.13,568,3,0.73,0
TXREF-09313,16.7,16.79,540,3,60.19,0
TXREF-09314,29.27,12.28,217,2,0.79,0
TXREF-09315,59.06,11.34,367,2,16.36,0
TXREF-09316,39.79,9.09,419,2,3.71,0
TXREF-09317,23.75,9.62,20,3,15.21,0
TXREF-09318,23.07,21.44,419,2,13.85,0
TXREF-09319,55.02,13.63,214,6,1.75,0
TXREF-09320,6.2,21.75,52,2,37.48,0
TXREF-09321,61.81,17.96,723,1,1.25,0
TXREF-09322,9.03,15.07,263,6,4.1,0
TXREF-09323,12.56,17.71,1,3,45.42,0
TXREF-09324,24.04,14.71,72,4,8.86,0
TXREF-09325,166.08,12.23,358,4,4.66,0
TXREF-09326,116.48,17.31,196,1,5.89,0
TXREF-09327,57.9,17.29,72,2,7.61,0
TXREF-09328,45.0,22.68,244,2,19.29,0
TXREF-09329,9.11,19.81,862,2,11.17,0
TXREF-09330,38.97,16.43,341,5,3.85,0
TXREF-09331,23.44,18.46,44,3,11.34,0
TXREF-09332,19.34,13.86,130,1,0.6,0
TXREF-09333,38.92,17.05,257,3,10.68,0
TXREF-09334,24.8,11.54,125,4,3.45,0
TXREF-09335,65.1,20.09,1452,2,4.29,0
TXREF-09336,8.64,20.98,174,3,10.21,0
TXREF-09337,36.75,20.81,356,2,14.79,0
TXREF-09338,18.49,16.61,54,4,1.65,0
TXREF-09339,25.92,19.97,857,3,6.57,0
TXREF-09340,43.35,11.29,286,2,1.27,0
TXREF-09341,15.57,10.82,382,2,8.82,0
TXREF-09342,39.18,11.86,323,1,1.19,0
TXREF-09343,29.88,14.96,857,2,1.83,0
TXREF-09344,21.64,15.73,78,1,14.66,0
TXREF-09345,24.81,17.24,941,5,4.65,0
TXREF-09346,31.15,11.47,199,2,6.48,0
TXREF-09347,20.03,17.47,548,2,2.49,0
TXREF-09348,34.99,19.46,80,5,12.58,0
TXREF-09349,28.49,18.02,373,1,1.32,0
TXREF-09350,22.42,8.73,170,3,4.56,0
TXREF-09351,109.36,17.81,370,2,4.26,0
TXREF-09352,46.94,19.93,117,2,7.62,0
TXREF-09353,26.43,8.57,625,5,5.77,0
TXREF-09354,38.67,17.46,28,2,5.86,0
TXREF-09355,16.62,14.72,145,4,1.71,0
TXREF-09356,25.42,12.95,235,3,0.87,0
TXREF-09357,27.65,21.48,155,3,5.31,0
TXREF-09358,14.19,15.42,984,5,5.45,0
TXREF-09359,46.01,17.7,18,2,2.18,0
TXREF-09360,24.19,17.54,336,3,0.59,0
TXREF-09361,26.95,9.18,353,1,31.67,0
TXREF-09362,23.12,11.92,751,3,8.17,0
TXREF-09363,293.11,14.3,43,2,12.35,0
TXREF-09364,21.6,19.03,274,2,5.46,0
TXREF-09365,7.85,5.27,278,2,0.71,0
TXREF-09366,11.0,20.18,759,5,1.46,0
TXREF-09367,60.14,9.11,247,2,8.71,0
TXREF-09368,91.13,9.62,96,1,20.45,0
TXREF-09369,21.31,17.61,72,4,4.17,0
TXREF-09370,87.43,22.41,295,3,13.59,0
TXREF-09371,59.38,6.53,866,5,0.38,0
TXREF-09372,30.37,13.49,200,3,0.99,0
TXREF-09373,28.86,20.51,706,3,6.97,0
TXREF-09374,39.66,8.22,767,2,8.61,0
TXREF-09375,65.48,15.71,159,2,3.04,0
TXREF-09376,46.34,19.02,234,1,26.87,0
TXREF-09377,21.39,13.84,338,1,1.09,0
TXREF-09378,30.71,21.62,1208,2,6.01,0
TXREF-09379,144.97,11.89,16,1,4.7,1
TXREF-09380,41.72,18.63,581,2,3.43,0
TXREF-09381,65.1,17.87,513,4,11.21,0
TXREF-09382,51.35,20.5,424,4,4.52,0
TXREF-09383,42.39,9.24,149,1,0.31,0
TXREF-09384,37.65,10.79,640,2,5.73,0
TXREF-09385,66.43,1.44,61,3,11.59,1
TXREF-09386,58.41,15.9,772,1,1.16,0
TXREF-09387,42.1,15.52,232,3,13.63,0
TXREF-09388,21.13,14.25,579,3,5.19,0
TXREF-09389,45.95,13.61,275,4,1.21,0
TXREF-09390,33.17,18.4,594,2,7.27,0
TXREF-09391,27.88,14.95,109,1,1.34,0
TXREF-09392,239.54,12.23,63,2,7.29,1
TXREF-09393,11.49,14.47,267,3,13.95,0
TXREF-09394,69.42,20.55,2312,4,107.95,0
TXREF-09395,18.71,15.99,2130,3,9.66,0
TXREF-09396,38.26,12.75,97,6,2.0,0
TXREF-09397,221.27,19.42,817,3,0.6,0
TXREF-09398,17.41,15.48,404,3,10.88,0
TXREF-09399,20.67,22.63,209,1,3.04,0
TXREF-09400,34.38,23.62,273,1,0.23,0
TXREF-09401,18.92,18.65,545,3,2.86,0
TXREF-09402,65.79,18.86,149,1,1.48,0
TXREF-09403,23.69,20.44,905,2,56.76,0
TXREF-09404,55.75,20.48,261,2,1.76,0
TXREF-09405,13.37,16.78,1315,2,4.1,0
TXREF-09406,9.48,14.03,77,3,5.36,0
TXREF-09407,29.52,15.1,1196,2,7.1,0
TXREF-09408,11.25,14.81,52,2,19.95,0
TXREF-09409,103.87,7.25,245,1,8.69,0
TXREF-09410,11.57,4.25,360,3,3.14,0
TXREF-09411,16.49,14.73,542,2,2.73,0
TXREF-09412,46.89,11.27,270,2,2.48,0
TXREF-09413,22.82,21.77,35,1,63.34,0
TXREF-09414,11.67,11.37,162,2,5.49,0
TXREF-09415,151.23,16.96,208,4,7.71,0
TXREF-09416,16.93,19.61,776,2,5.88,0
TXREF-09417,30.23,16.47,615,2,0.71,0
TXREF-09418,29.95,15.45,139,3,36.06,0
TXREF-09419,58.06,11.06,285,2,1.82,0
TXREF-09420,48.56,16.48,161,1,5.07,0
TXREF-09421,19.2,15.87,10,3,7.84,0
TXREF-09422,27.53,13.62,237,4,1.32,0
TXREF-09423,29.57,20.29,713,3,4.19,0
TXREF-09424,59.7,16.54,259,2,8.03,0
TXREF-09425,15.01,19.62,297,2,50.98,0
TXREF-09426,148.86,17.48,11,1,1.17,0
TXREF-09427,20.15,15.81,650,2,13.88,0
TXREF-09428,34.59,18.46,236,2,20.33,0
TXREF-09429,15.1,19.52,398,3,1.66,0
TXREF-09430,13.67,9.86,483,4,8.39,0
TXREF-09431,18.55,12.53,40,1,21.75,0
TXREF-09432,17.31,11.82,56,2,27.75,0
TXREF-09433,25.84,15.61,44,1,1.7,0
TXREF-09434,17.2,21.06,179,7,7.13,0
TXREF-09435,57.44,10.85,364,3,58.25,0
TXREF-09436,19.81,20.45,208,2,2.05,0
TXREF-09437,18.29,11.88,128,3,19.97,0
TXREF-09438,26.23,15.15,548,2,26.8,0
TXREF-09439,71.15,20.4,847,2,46.04,0
TXREF-09440,40.64,14.15,5,1,1.59,0
TXREF-09441,32.4,11.46,1014,3,4.38,0
TXREF-09442,12.41,17.42,87,2,14.8,0
TXREF-09443,15.29,20.45,69,1,11.12,0
TXREF-09444,13.87,18.02,27,3,0.66,0
TXREF-09445,89.2,10.41,242,2,40.42,0
TXREF-09446,51.01,18.63,445,2,2.69,0
TXREF-09447,18.72,18.0,699,3,1.84,0
TXREF-09448,23.19,7.58,39,4,25.7,0
TXREF-09449,19.22,16.6,419,4,3.93,0
TXREF-09450,18.4,7.66,780,1,45.97,0
TXREF-09451,48.49,13.91,144,3,4.97,0
TXREF-09452,28.3,20.5,243,3,6.06,0
TXREF-09453,155.78,16.85,418,3,4.35,0
TXREF-09454,85.65,20.31,232,4,1.51,0
TXREF-09455,89.37,17.13,823,4,13.29,0
TXREF-09456,56.45,13.06,68,2,17.14,0
TXREF-09457,25.68,13.39,368,2,13.82,0
TXREF-09458,53.54,17.42,1070,4,12.03,0
TXREF-09459,27.08,10.7,65,3,23.65,0
TXREF-09460,112.6,17.04,279,2,3.59,0
TXREF-09461,46.58,22.11,490,1,21.42,1
TXREF-09462,42.05,21.04,184,2,13.8,0
TXREF-09463,38.15,21.29,503,3,5.36,0
TXREF-09464,121.87,9.84,78,1,3.22,0
TXREF-09465,12.4,16.3,134,3,4.44,0
TXREF-09466,130.79,10.23,2046,2,1.54,0
TXREF-09467,30.45,18.73,1302,2,13.31,0
TXREF-09468,12.65,15.74,151,2,8.26,0
TXREF-09469,20.26,20.22,547,5,5.97,0
TXREF-09470,10.61,20.82,189,2,8.46,0
TXREF-09471,55.74,20.98,227,4,33.88,0
TXREF-09472,16.48,20.4,222,2,7.33,0
TXREF-09473,39.31,15.38,299,1,19.5,0
TXREF-09474,78.78,17.76,624,2,17.31,0
TXREF-09475,21.46,13.03,438,2,3.12,0
TXREF-09476,28.7,9.94,312,4,20.96,0
TXREF-09477,13.62,21.79,148,4,9.08,0
TXREF-09478,26.32,11.06,257,1,9.86,0
TXREF-09479,222.14,16.28,192,2,4.82,1
TXREF-09480,60.95,22.93,338,3,1.07,0
TXREF-09481,28.77,20.26,147,1,0.55,0
TXREF-09482,22.41,14.57,381,2,1.41,0
TXREF-09483,33.76,17.17,90,1,9.24,0
TXREF-09484,38.23,14.88,51,2,3.01,0
TXREF-09485,25.75,12.71,200,2,2.04,0
TXREF-09486,50.99,9.15,1756,6,6.42,0
TXREF-09487,17.52,17.07,672,2,2.91,0
TXREF-09488,17.46,21.88,451,2,19.12,0
TXREF-09489,45.45,22.82,781,3,22.15,0
TXREF-09490,15.01,13.69,27,2,20.04,0
TXREF-09491,58.84,14.97,398,2,11.46,1
TXREF-09492,34.46,15.04,55,3,2.05,0
TXREF-09493,9.34,16.08,235,3,7.34,0
TXREF-09494,37.67,10.91,62,4,6.93,0
TXREF-09495,10.35,13.75,1137,2,10.07,0
TXREF-09496,57.35,16.65,219,2,5.52,0
TXREF-09497,29.11,12.94,57,3,9.49,0
TXREF-09498,132.0,19.83,89,3,5.6,0
TXREF-09499,75.29,14.31,46,3,22.05,1
TXREF-09500,16.22,17.28,326,5,1.8,0
TXREF-09501,8.13,17.68,2898,1,6.84,0
TXREF-09502,20.21,13.27,970,4,7.02,0
TXREF-09503,14.45,9.35,462,3,2.53,0
TXREF-09504,129.61,13.15,956,3,2.82,0
TXREF-09505,34.56,11.36,487,2,2.66,0
TXREF-09506,68.17,7.2,103,8,12.72,0
TXREF-09507,28.35,13.66,129,3,2.06,0
TXREF-09508,30.59,14.64,1088,2,1.81,0
TXREF-09509,34.01,0.44,561,1,1.65,0
TXREF-09510,77.22,10.35,210,3,6.04,0
TXREF-09511,43.57,22.61,221,1,1.47,0
TXREF-09512,16.26,17.61,324,3,3.65,0
TXREF-09513,111.97,12.16,749,3,9.28,0
TXREF-09514,28.2,15.72,221,1,14.29,0
TXREF-09515,25.08,19.11,496,4,50.3,0
TXREF-09516,4.54,8.04,151,3,4.42,0
TXREF-09517,54.97,14.87,2057,1,12.85,0
TXREF-09518,37.44,17.72,163,1,8.4,0
TXREF-09519,37.41,12.88,249,2,3.84,0
TXREF-09520,26.05,18.44,674,3,2.75,0
TXREF-09521,23.01,16.03,89,2,8.38,0
TXREF-09522,26.68,19.66,42,8,11.67,0
TXREF-09523,48.59,21.54,390,3,4.38,0
TXREF-09524,55.16,19.93,219,2,5.21,0
TXREF-09525,29.48,14.96,591,4,28.77,0
TXREF-09526,68.94,21.87,50,2,38.51,0
TXREF-09527,32.89,23.01,264,4,4.02,0
TXREF-09528,24.21,23.26,24,2,8.4,0
TXREF-09529,40.16,17.2,560,1,15.34,0
TXREF-09530,13.08,13.01,1254,5,5.75,0
TXREF-09531,41.16,19.77,61,3,3.3,0
TXREF-09532,11.47,18.46,1391,3,7.91,0
TXREF-09533,16.61,15.48,90,2,14.35,0
TXREF-09534,8.14,15.39,35,1,8.78,0
TXREF-09535,30.69,9.74,45,1,6.43,0
TXREF-09536,110.93,13.65,189,3,1.5,0
TXREF-09537,32.0,21.62,242,1,8.31,0
TXREF-09538,55.33,11.05,333,2,3.66,0
TXREF-09539,189.36,16.0,466,3,9.09,0
TXREF-09540,46.57,17.85,77,2,3.02,0
TXREF-09541,20.07,11.02,744,2,3.81,0
TXREF-09542,22.16,9.47,34,1,45.58,0
TXREF-09543,34.83,17.01,258,3,8.12,0
TXREF-09544,22.07,11.21,1176,3,0.37,0
TXREF-09545,23.29,18.06,350,1,25.45,0
TXREF-09546,70.77,12.3,49,4,1.35,0
TXREF-09547,72.88,14.41,493,1,2.43,0
TXREF-09548,10.64,21.5,1366,3,5.52,0
TXREF-09549,19.32,22.85,283,3,19.63,0
TXREF-09550,24.93,14.65,506,2,8.18,0
TXREF-09551,53.59,15.12,283,1,0.98,0
TXREF-09552,79.28,19.81,43,2,10.14,0
TXREF-09553,243.57,10.93,1002,5,3.67,0
TXREF-09554,24.9,11.39,279,3,4.58,0
TXREF-09555,25.81,19.81,822,3,3.35,0
TXREF-09556,53.18,18.52,3,4,2.1,0
TXREF-09557,21.3,12.1,245,2,2.13,0
TXREF-09558,31.45,10.05,2,4,13.97,1
TXREF-09559,25.82,12.99,1839,2,2.48,0
TXREF-09560,5.27,10.76,354,3,1.52,0
TXREF-09561,38.04,15.27,187,3,2.73,0
TXREF-09562,30.53,10.54,87,1,5.31,0
TXREF-09563,86.95,17.11,8,2,10.29,0
TXREF-09564,34.95,21.31,558,1,8.56,0
TXREF-09565,14.11,21.15,822,3,4.96,0
TXREF-09566,28.91,6.25,726,5,2.36,0
TXREF-09567,7.72,8.37,93,2,1.89,0
TXREF-09568,14.56,18.14,1223,4,16.84,0
TXREF-09569,55.01,11.7,700,3,11.06,0
TXREF-09570,29.13,9.31,314,6,10.8,0
TXREF-09571,67.64,17.79,161,3,7.97,0
TXREF-09572,8.45,14.78,243,3,9.04,0
TXREF-09573,29.24,19.98,506,4,6.62,0
TXREF-09574,24.72,19.38,92,2,2.62,0
TXREF-09575,69.28,19.87,161,1,42.63,0
TXREF-09576,56.51,14.9,80,1,1.23,0
TXREF-09577,55.28,18.31,226,4,1.39,0
TXREF-09578,105.62,13.95,13,3,10.31,0
TXREF-09579,26.71,13.86,152,2,8.65,0
TXREF-09580,91.04,15.74,236,3,54.76,0
TXREF-09581,16.41,15.77,937,2,8.36,0
TXREF-09582,15.99,15.69,192,3,6.81,0
TXREF-09583,59.86,13.71,420,2,18.48,0
TXREF-09584,11.78,15.4,875,3,90.98,0
TXREF-09585,52.58,12.12,931,1,11.71,0
TXREF-09586,37.45,12.27,130,3,1.44,0
TXREF-09587,75.32,9.55,681,3,62.88,0
TXREF-09588,33.35,4.78,1267,2,6.89,0
TXREF-09589,36.25,12.8,757,2,7.45,0
TXREF-09590,50.23,14.41,254,3,0.55,0
TXREF-09591,21.6,10.49,612,1,2.67,0
TXREF-09592,20.94,18.41,849,2,2.14,0
TXREF-09593,48.99,10.65,11,3,3.59,0
TXREF-09594,34.09,16.92,206,1,15.3,0
TXREF-09595,25.96,15.34,333,5,0.8,0
TXREF-09596,32.8,20.96,228,1,0.57,0
TXREF-09597,109.74,15.73,268,2,31.96,0
TXREF-09598,25.31,21.3,126,3,10.33,0
TXREF-09599,24.78,17.37,161,1,5.2,0
TXREF-09600,10.18,19.43,17,2,11.81,0
TXREF-09601,33.77,8.33,138,3,4.37,0
TXREF-09602,55.87,16.05,409,2,1.87,0
TXREF-09603,63.56,16.75,1146,4,1.44,0
TXREF-09604,37.63,13.32,648,1,6.31,0
TXREF-09605,69.28,6.25,827,5,6.45,0
TXREF-09606,58.94,13.05,999,3,2.36,0
TXREF-09607,77.58,12.14,145,4,14.38,0
TXREF-09608,70.72,18.9,28,4,13.94,0
TXREF-09609,107.81,18.57,116,4,1.06,0
TXREF-09610,30.81,12.68,130,3,20.87,0
TXREF-09611,13.39,17.13,90,5,4.9,0
TXREF-09612,56.14,15.04,32,4,3.26,0
TXREF-09613,61.07,22.61,714,2,11.4,0
TXREF-09614,107.81,11.47,6,1,3.78,1
TXREF-09615,87.58,22.04,86,1,0.7,0
TXREF-09616,141.28,12.22,421,2,3.21,0
TXREF-09617,54.4,5.7,427,3,2.43,0
TXREF-09618,41.05,16.14,127,4,4.17,0
TXREF-09619,12.84,15.83,119,2,9.35,0
TXREF-09620,43.46,14.64,72,2,2.25,0
TXREF-09621,23.39,12.58,234,1,24.21,0
TXREF-09622,40.54,13.77,979,1,6.53,0
TXREF-09623,36.21,21.93,179,2,10.59,0
TXREF-09624,48.89,16.91,988,2,3.25,0
TXREF-09625,32.46,16.75,31,1,26.3,0
TXREF-09626,68.25,21.13,849,3,15.14,0
TXREF-09627,4.9,18.54,2174,1,1.38,0
TXREF-09628,39.92,14.08,122,1,4.41,0
TXREF-09629,82.75,22.25,463,5,80.98,1
TXREF-09630,133.81,21.75,397,2,39.25,0
TXREF-09631,58.97,11.41,498,1,7.2,0
TXREF-09632,117.11,9.54,930,2,21.65,0
TXREF-09633,39.32,12.19,88,1,3.93,0
TXREF-09634,34.89,14.82,35,3,18.56,1
TXREF-09635,50.97,8.25,131,4,1.61,0
TXREF-09636,34.73,17.49,115,2,1.13,0
TXREF-09637,19.82,15.95,77,4,65.77,0
TXREF-09638,24.02,13.67,646,2,11.4,0
TXREF-09639,15.63,20.87,114,8,2.75,0
TXREF-09640,50.93,9.18,648,2,13.24,0
TXREF-09641,35.1,13.68,1223,3,9.95,0
TXREF-09642,26.86,14.09,77,1,0.94,0
TXREF-09643,23.15,13.48,119,2,8.52,0
TXREF-09644,50.08,23.01,889,2,13.89,0
TXREF-09645,61.06,13.01,1703,4,41.71,0
TXREF-09646,15.43,12.54,99,4,3.77,0
TXREF-09647,13.78,10.67,233,3,0.72,0
TXREF-09648,69.22,17.12,376,1,2.31,0
TXREF-09649,12.93,10.07,11,5,2.51,0
TXREF-09650,51.63,16.35,301,6,3.52,0
TXREF-09651,111.52,19.8,58,1,6.31,1
TXREF-09652,111.7,23.76,878,3,7.78,0
TXREF-09653,59.22,20.76,130,3,52.29,0
TXREF-09654,57.99,19.15,586,4,0.65,0
TXREF-09655,176.16,13.59,809,4,0.5,0
TXREF-09656,6.48,11.12,350,1,3.71,0
TXREF-09657,24.92,13.19,42,2,1.4,0
TXREF-09658,64.13,15.84,280,2,3.5,0
TXREF-09659,27.31,15.25,182,2,0.77,0
TXREF-09660,85.0,0.81,271,3,33.44,1
TXREF-09661,33.84,17.9,1178,2,40.73,0
TXREF-09662,38.28,20.26,141,2,5.73,0
TXREF-09663,28.57,20.55,468,3,46.75,0
TXREF-09664,23.9,7.92,232,3,99.34,0
TXREF-09665,23.48,19.02,335,2,5.13,0
TXREF-09666,42.32,12.68,116,2,10.71,0
TXREF-09667,19.93,16.09,83,4,1.26,0
TXREF-09668,69.15,12.67,791,1,2.98,1
TXREF-09669,55.72,12.6,147,2,27.28,0
TXREF-09670,76.83,13.24,77,6,12.29,1
TXREF-09671,15.44,10.02,232,1,5.91,0
TXREF-09672,10.24,6.06,421,2,9.18,0
TXREF-09673,34.71,20.48,798,3,16.37,0
TXREF-09674,280.66,15.75,563,3,23.01,1
TXREF-09675,86.63,11.07,1621,5,4.62,0
TXREF-09676,23.35,15.45,123,4,4.03,0
TXREF-09677,47.26,16.64,33,2,7.22,1
TXREF-09678,58.78,0.39,271,2,2.09,1
TXREF-09679,13.0,15.32,328,3,3.92,0
TXREF-09680,93.33,17.22,871,2,14.87,0
TXREF-09681,30.86,9.4,506,3,9.67,0
TXREF-09682,32.61,15.71,236,4,26.48,0
TXREF-09683,35.41,0.52,57,2,3.75,0
TXREF-09684,79.37,21.87,141,3,35.96,0
TXREF-09685,20.21,15.78,860,3,3.34,0
TXREF-09686,10.19,18.44,96,4,2.97,0
TXREF-09687,43.93,23.7,1940,2,1.21,0
TXREF-09688,7.99,20.68,351,2,0.41,0
TXREF-09689,28.03,19.95,66,2,11.89,0
TXREF-09690,81.82,18.94,246,3,6.43,0
TXREF-09691,52.82,13.24,15,3,10.85,1
TXREF-09692,73.74,17.46,249,4,5.49,0
TXREF-09693,54.42,17.62,595,4,4.65,0
TXREF-09694,197.44,19.3,51,2,8.45,1
TXREF-09695,22.79,12.7,248,3,23.9,0
TXREF-09696,46.37,12.62,82,2,13.74,0
TXREF-09697,25.4,8.47,346,3,38.38,0
TXREF-09698,69.33,14.32,142,3,11.38,0
TXREF-09699,33.3,14.26,398,2,3.08,0
TXREF-09700,120.01,18.88,12,4,85.61,1
TXREF-09701,23.76,8.13,906,2,28.66,0
TXREF-09702,95.88,14.66,554,3,7.63,0
TXREF-09703,53.36,15.06,48,3,12.14,0
TXREF-09704,34.01,15.26,2523,3,11.25,0
TXREF-09705,51.45,10.83,126,4,1.79,0
TXREF-09706,42.02,15.27,84,2,6.47,0
TXREF-09707,44.98,13.43,345,1,6.85,0
TXREF-09708,30.0,16.77,35,2,21.35,0
TXREF-09709,21.01,19.21,138,3,4.75,0
TXREF-09710,27.35,17.68,276,1,9.8,0
TXREF-09711,10.36,18.83,495,4,43.44,0
TXREF-09712,63.83,0.28,532,2,7.8,0
TXREF-09713,14.31,15.29,509,1,13.92,0
TXREF-09714,29.76,16.51,684,2,13.91,0
TXREF-09715,55.51,10.72,24,1,5.42,0
TXREF-09716,63.71,21.23,50,4,6.95,0
TXREF-09717,9.7,14.59,1264,2,5.14,0
TXREF-09718,32.59,20.49,92,5,1.54,0
TXREF-09719,48.47,10.17,88,1,5.02,0
TXREF-09720,36.14,19.24,155,3,2.29,0
TXREF-09721,91.63,22.52,943,2,8.33,0
TXREF-09722,19.27,13.89,519,2,22.2,0
TXREF-09723,7.96,17.9,278,2,54.33,0
TXREF-09724,62.39,20.47,358,1,3.73,0
TXREF-09725,23.65,15.35,48,2,7.68,0
TXREF-09726,9.81,18.61,199,2,3.47,0
TXREF-09727,31.06,11.06,1112,1,1.77,0
TXREF-09728,84.44,12.31,707,1,6.82,0
TXREF-09729,14.02,9.67,490,2,0.61,0
TXREF-09730,187.15,12.35,70,5,14.01,0
TXREF-09731,19.04,19.56,640,1,3.48,0
TXREF-09732,37.06,14.68,229,2,3.59,0
TXREF-09733,14.47,19.53,168,1,0.93,0
TXREF-09734,35.87,20.58,274,1,1.87,0
TXREF-09735,31.62,13.56,53,1,12.87,0
TXREF-09736,11.91,19.0,526,2,8.47,0
TXREF-09737,266.29,17.71,88,4,4.4,0
TXREF-09738,24.37,18.05,401,3,7.02,0
TXREF-09739,24.39,15.41,162,4,2.28,0
TXREF-09740,69.94,22.04,524,1,0.67,0
TXREF-09741,128.54,15.76,595,3,15.55,0
TXREF-09742,78.34,10.84,386,2,16.04,0
TXREF-09743,14.66,10.1,265,4,4.52,0
TXREF-09744,40.61,13.84,833,3,24.17,0
TXREF-09745,8.98,13.36,289,3,1.54,0
TXREF-09746,66.63,21.06,252,5,15.75,0
TXREF-09747,10.73,20.28,83,1,2.72,0
TXREF-09748,19.52,18.45,511,3,3.59,0
TXREF-09749,34.73,7.24,175,1,1.67,0
TXREF-09750,47.96,16.36,827,2,18.06,0
TXREF-09751,28.85,11.88,1105,2,17.79,0
TXREF-09752,103.93,13.26,31,5,4.48,0
TXREF-09753,58.6,12.21,227,1,4.37,0
TXREF-09754,55.38,11.08,627,1,26.06,0
TXREF-09755,14.37,10.99,74,2,6.9,0
TXREF-09756,118.34,17.26,996,3,4.67,0
TXREF-09757,19.53,13.23,237,2,0.71,0
TXREF-09758,121.64,20.23,298,2,23.95,0
TXREF-09759,149.3,16.46,150,2,1.81,0
TXREF-09760,50.36,15.01,363,4,9.69,0
TXREF-09761,73.19,16.57,107,3,1.49,0
TXREF-09762,3.78,14.05,86,3,9.8,0
TXREF-09763,30.25,18.36,347,1,3.68,0
TXREF-09764,76.98,16.63,238,2,2.49,0
TXREF-09765,67.74,17.06,42,2,0.67,0
TXREF-09766,14.47,21.19,108,1,3.83,0
TXREF-09767,28.18,14.84,498,3,0.8,0
TXREF-09768,5.61,8.13,483,3,7.16,0
TXREF-09769,46.87,18.48,252,2,8.88,0
TXREF-09770,8.97,12.01,69,5,7.81,0
TXREF-09771,78.57,12.45,934,5,2.96,0
TXREF-09772,81.58,22.12,280,4,2.11,0
TXREF-09773,24.74,18.66,87,2,12.78,0
TXREF-09774,50.67,13.14,598,1,73.82,0
TXREF-09775,29.78,19.08,29,1,4.07,0
TXREF-09776,41.44,16.75,404,3,12.31,0
TXREF-09777,15.24,12.35,533,3,3.85,0
TXREF-09778,54.5,23.93,120,4,5.39,0
TXREF-09779,10.68,19.84,172,4,2.91,0
TXREF-09780,9.32,10.72,20,3,10.84,0
TXREF-09781,31.89,9.74,75,3,0.7,0
TXREF-09782,29.9,15.12,254,6,0.35,0
TXREF-09783,42.35,18.04,922,3,4.61,0
TXREF-09784,21.81,14.06,294,1,19.52,0
TXREF-09785,135.33,10.96,317,3,13.12,0
TXREF-09786,39.08,14.49,48,1,12.01,0
TXREF-09787,41.17,9.45,122,3,49.61,1
TXREF-09788,40.13,19.26,1245,2,30.12,0
TXREF-09789,71.67,16.66,572,2,4.61,0
TXREF-09790,52.71,18.14,344,6,3.64,0
TXREF-09791,47.86,15.42,1393,1,0.87,0
TXREF-09792,59.14,21.11,14,3,6.2,1
TXREF-09793,9.36,7.42,617,2,38.86,0
TXREF-09794,9.62,15.05,1931,2,21.25,0
TXREF-09795,32.96,17.35,33,2,25.21,0
TXREF-09796,30.19,13.24,673,2,6.32,0
TXREF-09797,52.85,20.86,416,4,3.74,0
TXREF-09798,35.32,9.38,66,3,9.46,0
TXREF-09799,52.93,20.49,165,2,14.87,0
TXREF-09800,14.2,14.45,488,2,5.13,0
TXREF-09801,34.55,15.49,184,6,13.32,0
TXREF-09802,13.26,12.13,1656,2,3.32,0
TXREF-09803,46.0,10.61,518,4,6.64,0
TXREF-09804,9.0,23.43,307,3,3.27,0
TXREF-09805,44.74,14.43,852,4,6.86,0
TXREF-09806,12.09,21.73,179,4,8.1,0
TXREF-09807,26.41,15.6,134,1,6.01,0
TXREF-09808,66.31,13.56,160,1,2.52,0
TXREF-09809,41.01,18.96,337,2,1.29,0
TXREF-09810,10.65,13.43,149,2,50.21,1
TXREF-09811,21.45,11.37,6,1,13.27,0
TXREF-09812,11.81,11.05,140,2,4.89,0
TXREF-09813,10.28,12.32,508,3,18.28,0
TXREF-09814,37.89,14.1,417,2,6.33,0
TXREF-09815,52.11,8.01,2792,1,28.48,0
TXREF-09816,47.81,23.95,290,2,3.0,0
TXREF-09817,53.73,14.06,197,3,1.84,0
TXREF-09818,34.52,22.79,544,3,1.63,0
TXREF-09819,28.59,19.17,253,1,4.15,0
TXREF-09820,16.08,14.13,119,1,0.64,0
TXREF-09821,25.36,9.73,354,1,5.21,0
TXREF-09822,13.45,19.03,129,3,2.46,0
TXREF-09823,18.94,18.34,520,2,3.75,0
TXREF-09824,37.12,17.61,44,3,10.79,0
TXREF-09825,31.98,19.63,311,1,11.06,0
TXREF-09826,316.27,12.54,763,3,0.97,0
TXREF-09827,13.21,21.57,504,3,18.1,0
TXREF-09828,31.81,15.04,145,1,2.75,0
TXREF-09829,12.49,16.7,132,4,0.57,0
TXREF-09830,26.33,19.27,836,1,0.54,0
TXREF-09831,27.12,14.1,194,2,18.22,0
TXREF-09832,63.96,17.01,619,1,9.02,0
TXREF-09833,25.18,10.37,234,1,19.08,0
TXREF-09834,30.33,19.82,116,2,65.48,0
TXREF-09835,25.54,11.53,34,2,3.99,0
TXREF-09836,12.7,11.88,474,3,25.4,0
TXREF-09837,21.77,20.83,311,2,2.7,0
TXREF-09838,26.44,11.93,409,2,3.18,0
TXREF-09839,36.71,18.55,119,1,15.71,0
TXREF-09840,52.06,13.26,203,3,1.36,0
TXREF-09841,29.4,22.31,1172,2,0.89,0
TXREF-09842,29.03,18.01,195,2,1.42,0
TXREF-09843,10.08,18.31,193,2,2.13,0
TXREF-09844,51.35,19.47,240,2,1.76,0
TXREF-09845,21.09,16.34,249,5,2.72,0
TXREF-09846,59.62,16.3,254,2,17.06,0
TXREF-09847,89.82,13.98,225,3,9.35,0
TXREF-09848,30.41,11.92,128,5,3.82,0
TXREF-09849,16.66,15.0,167,4,10.39,0
TXREF-09850,34.4,11.16,223,2,37.54,1
TXREF-09851,44.75,14.11,142,2,10.18,0
TXREF-09852,27.74,13.51,340,2,17.48,0
TXREF-09853,23.19,22.42,209,3,4.49,0
TXREF-09854,52.23,10.07,167,3,13.33,0
TXREF-09855,49.81,20.23,50,2,16.27,0
TXREF-09856,27.13,11.96,221,4,0.55,0
TXREF-09857,10.58,8.51,963,2,86.54,0
TXREF-09858,48.36,11.67,349,2,3.62,0
TXREF-09859,20.04,18.67,274,3,3.24,0
TXREF-09860,40.62,11.11,56,5,5.47,0
TXREF-09861,38.82,18.92,151,1,46.78,0
TXREF-09862,8.93,17.08,18,2,0.84,0
TXREF-09863,36.91,13.84,811,3,13.4,0
TXREF-09864,50.42,17.44,83,3,4.32,0
TXREF-09865,55.08,14.13,8,2,12.12,1
TXREF-09866,37.88,16.97,174,1,2.99,0
TXREF-09867,8.38,13.03,904,2,5.18,0
TXREF-09868,87.31,19.1,1386,2,2.84,0
TXREF-09869,46.8,15.51,167,2,7.04,0
TXREF-09870,14.64,18.37,291,3,2.65,0
TXREF-09871,19.74,15.98,452,3,6.68,0
TXREF-09872,41.12,19.69,280,6,9.64,0
TXREF-09873,56.79,13.35,366,2,64.54,0
TXREF-09874,24.5,14.31,854,3,7.42,0
TXREF-09875,63.08,16.4,372,2,3.42,0
TXREF-09876,9.58,7.22,6,2,2.83,0
TXREF-09877,16.44,21.08,549,2,2.33,0
TXREF-09878,7.87,16.18,229,6,3.38,0
TXREF-09879,18.24,14.79,1577,3,2.75,0
TXREF-09880,103.11,19.37,817,1,23.35,0
TXREF-09881,153.18,22.75,384,3,6.11,0
TXREF-09882,41.22,19.44,307,2,4.43,0
TXREF-09883,21.98,13.4,103,3,7.25,0
TXREF-09884,29.68,18.84,533,2,19.75,0
TXREF-09885,48.95,16.54,598,3,2.26,0
TXREF-09886,11.3,11.46,220,2,5.21,0
TXREF-09887,23.05,6.0,5,2,42.0,1
TXREF-09888,97.82,12.52,1798,3,1.59,0
TXREF-09889,16.4,13.88,2072,1,2.43,0
TXREF-09890,20.3,23.59,191,2,12.4,0
TXREF-09891,35.15,22.52,98,2,3.43,0
TXREF-09892,42.69,14.57,211,2,3.6,0
TXREF-09893,22.2,14.57,199,2,7.76,0
TXREF-09894,36.8,17.16,89,2,2.23,0
TXREF-09895,53.93,13.02,692,4,11.35,0
TXREF-09896,142.91,15.42,413,4,68.52,1
TXREF-09897,31.79,14.92,701,2,1.28,0
TXREF-09898,33.79,16.8,162,1,1.87,0
TXREF-09899,104.56,11.38,41,4,52.15,0
TXREF-09900,23.44,4.17,461,4,2.93,0
TXREF-09901,13.42,13.24,121,3,4.95,0
TXREF-09902,41.69,20.73,116,3,1.2,0
TXREF-09903,75.55,19.23,1236,4,32.03,0
TXREF-09904,45.15,9.17,384,3,13.82,0
TXREF-09905,32.46,12.16,813,4,7.94,0
TXREF-09906,12.27,13.63,209,2,5.88,0
TXREF-09907,33.38,14.31,318,1,3.2,0
TXREF-09908,84.59,6.69,728,2,4.79,1
TXREF-09909,14.32,19.96,270,4,11.45,0
TXREF-09910,29.19,17.61,2392,3,1.87,0
TXREF-09911,26.34,13.39,2362,3,33.27,0
TXREF-09912,21.07,13.99,295,4,31.4,0
TXREF-09913,41.62,9.73,87,2,15.26,0
TXREF-09914,47.9,13.99,141,1,10.05,0
TXREF-09915,47.54,12.8,170,1,16.37,0
TXREF-09916,17.23,12.02,1489,2,45.83,0
TXREF-09917,10.64,9.32,160,1,2.98,0
TXREF-09918,42.05,11.22,526,6,17.91,0
TXREF-09919,24.19,20.31,478,2,1.27,0
TXREF-09920,130.79,21.38,255,4,8.1,0
TXREF-09921,135.21,20.4,768,2,8.26,0
TXREF-09922,145.95,13.37,255,5,12.46,0
TXREF-09923,17.69,0.07,667,2,1.54,0
TXREF-09924,52.45,11.96,245,2,4.47,0
TXREF-09925,65.18,20.01,68,1,9.75,0
TXREF-09926,60.1,15.19,56,3,9.9,0
TXREF-09927,26.97,11.47,52,2,6.1,0
TXREF-09928,87.44,12.74,213,1,8.49,0
TXREF-09929,34.83,17.44,70,1,6.72,0
TXREF-09930,38.18,4.92,24,1,2.74,0
TXREF-09931,11.5,0.68,337,4,5.02,0
TXREF-09932,55.38,15.72,123,3,1.31,0
TXREF-09933,28.86,19.93,228,4,4.62,0
TXREF-09934,48.65,14.49,57,3,3.94,0
TXREF-09935,41.23,15.61,1037,4,2.26,0
TXREF-09936,39.66,10.06,766,1,5.44,0
TXREF-09937,33.69,16.69,460,2,3.87,0
TXREF-09938,61.34,14.95,1219,4,19.88,0
TXREF-09939,30.17,13.51,162,3,22.38,0
TXREF-09940,12.21,15.22,357,3,0.47,0
TXREF-09941,52.44,20.86,124,1,4.33,0
TXREF-09942,19.44,21.41,4,3,5.34,0
TXREF-09943,13.42,15.95,95,3,6.59,0
TXREF-09944,16.68,16.59,511,2,5.07,0
TXREF-09945,42.69,14.62,170,4,3.0,0
TXREF-09946,32.48,20.09,120,2,15.33,0
TXREF-09947,7.5,9.31,91,3,10.89,0
TXREF-09948,26.41,8.44,451,1,26.19,0
TXREF-09949,80.79,14.49,347,3,3.19,0
TXREF-09950,25.16,16.11,756,2,1.39,0
TXREF-09951,30.9,20.68,728,4,19.84,0
TXREF-09952,73.77,21.37,175,3,7.93,0
TXREF-09953,61.73,13.42,1495,4,3.01,0
TXREF-09954,72.65,19.02,516,3,3.04,0
TXREF-09955,4.73,15.37,25,1,1.25,0
TXREF-09956,121.28,19.94,23,1,4.8,0
TXREF-09957,55.05,10.54,566,2,4.18,0
TXREF-09958,204.85,11.42,869,1,0.8,0
TXREF-09959,19.82,20.04,196,3,1.21,0
TXREF-09960,9.78,20.43,68,2,4.71,0
TXREF-09961,34.99,12.01,407,2,12.56,0
TXREF-09962,28.55,14.46,522,3,0.76,0
TXREF-09963,55.74,22.96,408,2,2.98,0
TXREF-09964,75.49,20.56,232,3,10.11,0
TXREF-09965,32.69,0.04,145,3,39.7,1
TXREF-09966,29.27,16.52,119,3,5.98,0
TXREF-09967,50.72,20.77,29,2,4.19,0
TXREF-09968,28.95,17.25,405,2,12.89,0
TXREF-09969,27.25,14.1,96,3,4.05,0
TXREF-09970,73.46,21.26,55,2,1.06,0
TXREF-09971,86.23,18.12,124,3,4.3,1
TXREF-09972,75.98,17.47,58,3,14.83,1
TXREF-09973,30.84,11.6,107,2,17.29,0
TXREF-09974,7.46,20.29,296,2,2.41,0
TXREF-09975,31.29,11.01,5,1,0.51,0
TXREF-09976,20.17,8.45,70,5,4.51,0
TXREF-09977,31.71,21.65,228,1,8.83,0
TXREF-09978,21.47,11.66,182,2,18.52,0
TXREF-09979,34.3,21.08,21,4,41.11,0
TXREF-09980,16.47,19.82,11,2,39.06,0
TXREF-09981,13.84,20.57,309,2,6.3,0
TXREF-09982,83.96,13.87,303,4,8.78,0
TXREF-09983,17.32,18.75,344,5,1.44,0
TXREF-09984,34.82,16.18,688,4,21.46,0
TXREF-09985,69.22,13.42,393,4,25.37,0
TXREF-09986,67.24,20.3,640,3,0.77,0
TXREF-09987,61.7,16.42,134,2,9.36,0
TXREF-09988,43.3,15.27,1610,2,8.45,0
TXREF-09989,58.63,19.28,105,2,28.06,0
TXREF-09990,93.56,17.14,987,2,7.93,0
TXREF-09991,47.28,18.23,428,2,7.71,0
TXREF-09992,9.27,11.12,411,3,10.98,0
TXREF-09993,23.79,20.72,492,2,3.6,0
TXREF-09994,57.48,14.54,1619,3,1.88,0
TXREF-09995,22.16,11.61,109,2,4.66,0
TXREF-09996,111.77,21.07,13,4,3.5,0
TXREF-09997,33.27,14.61,594,2,6.14,0
TXREF-09998,37.02,21.3,931,4,145.7,0
TXREF-09999,78.24,15.22,118,2,11.94,0
TXREF-10000,30.52,23.29,337,1,2.58,0
TXREF-10001,39.52,22.04,2006,2,3.02,0
TXREF-10002,66.51,13.85,323,2,26.91,0
TXREF-10003,12.06,20.02,647,1,5.67,0
TXREF-10004,28.35,18.32,61,1,17.74,0
TXREF-10005,63.24,2.23,63,3,1.7,0
TXREF-10006,36.5,12.65,162,3,4.49,0
TXREF-10007,100.13,16.33,80,5,4.36,1
TXREF-10008,11.19,11.64,835,2,17.07,0
TXREF-10009,10.31,18.43,120,4,7.76,0
TXREF-10010,60.59,8.61,19,2,9.75,0
TXREF-10011,64.93,22.67,44,3,12.85,0
TXREF-10012,30.29,12.12,1066,1,5.54,0
TXREF-10013,46.45,22.84,1373,1,11.87,0
TXREF-10014,59.53,20.27,32,3,5.57,0
TXREF-10015,19.38,16.65,430,4,30.42,0
TXREF-10016,20.93,20.85,766,2,2.89,0
TXREF-10017,39.91,14.75,307,3,2.92,0
TXREF-10018,66.75,13.15,750,1,4.3,0
TXREF-10019,15.04,18.28,372,1,1.99,0
TXREF-10020,30.19,17.3,318,4,1.48,0
TXREF-10021,29.2,16.72,972,5,4.97,0
TXREF-10022,47.04,7.67,448,3,37.68,0
TXREF-10023,34.6,14.72,503,3,8.8,0
TXREF-10024,23.5,15.92,101,2,7.6,0
TXREF-10025,85.54,12.97,806,2,4.25,0
TXREF-10026,23.61,20.71,10,1,26.86,0
TXREF-10027,28.21,20.36,38,1,1.49,0
TXREF-10028,11.07,12.79,143,3,1.66,0
TXREF-10029,20.83,13.29,1359,4,5.78,0
TXREF-10030,50.48,22.85,1026,2,9.77,0
TXREF-10031,43.85,12.04,741,4,2.06,0
TXREF-10032,53.61,11.05,107,2,3.53,0
TXREF-10033,51.76,15.62,396,3,6.08,0
TXREF-10034,156.52,20.28,571,4,33.27,0
TXREF-10035,20.32,17.09,412,4,0.96,0
TXREF-10036,10.85,20.81,674,3,11.42,0
TXREF-10037,16.34,20.78,744,3,16.37,0
TXREF-10038,20.98,8.03,159,4,49.65,0
TXREF-10039,17.26,17.41,210,3,1.41,0
TXREF-10040,37.24,19.18,544,2,1.77,0
TXREF-10041,85.79,20.66,1502,2,2.64,0
TXREF-10042,105.48,13.02,190,2,1.32,1
TXREF-10043,50.05,21.99,594,2,21.36,0
TXREF-10044,162.67,21.06,34,3,9.51,0
TXREF-10045,26.93,17.64,467,1,6.68,1
TXREF-10046,10.75,17.86,5,2,10.15,0
TXREF-10047,74.31,23.7,1238,2,22.08,0
TXREF-10048,9.26,19.68,396,2,0.38,0
TXREF-10049,20.21,15.69,101,6,9.8,0
TXREF-10050,50.63,17.03,284,1,8.89,0
TXREF-10051,32.34,20.94,1287,3,11.8,0
TXREF-10052,30.34,14.34,327,3,1.1,0
TXREF-10053,14.88,18.49,287,2,5.28,0
TXREF-10054,34.54,11.86,1125,1,2.04,0
TXREF-10055,71.71,11.54,231,1,24.94,0
TXREF-10056,35.32,12.47,147,2,6.97,0
TXREF-10057,19.15,14.08,1078,2,4.94,0
TXREF-10058,14.18,8.85,34,2,8.73,0
TXREF-10059,19.44,16.34,284,4,1.59,0
TXREF-10060,46.18,13.47,69,2,26.45,0
TXREF-10061,44.58,21.69,543,1,26.54,0
TXREF-10062,19.56,7.22,62,2,1.38,0
TXREF-10063,7.09,19.22,70,3,22.65,0
TXREF-10064,47.11,20.95,331,2,38.89,0
TXREF-10065,18.24,15.4,331,6,2.65,0
TXREF-10066,57.18,14.1,141,3,2.2,0
TXREF-10067,20.2,16.77,608,1,2.21,0
TXREF-10068,17.09,15.91,693,3,14.26,0
TXREF-10069,38.87,15.67,177,3,44.21,0
TXREF-10070,190.1,15.91,1428,2,3.3,0
TXREF-10071,59.7,21.12,344,3,10.85,0
TXREF-10072,38.4,20.26,611,3,11.62,0
TXREF-10073,45.08,0.99,440,2,3.22,0
TXREF-10074,9.87,18.05,5,1,3.31,0
TXREF-10075,15.52,19.58,360,2,6.08,0
TXREF-10076,5.71,14.11,659,3,7.18,0
TXREF-10077,120.97,17.97,315,4,2.59,0
TXREF-10078,104.56,17.1,333,2,4.33,0
TXREF-10079,46.19,19.6,1198,2,8.79,0
TXREF-10080,38.37,14.08,313,1,7.01,0
TXREF-10081,11.39,19.54,633,4,71.45,0
TXREF-10082,29.73,14.53,471,2,2.38,0
TXREF-10083,126.54,20.34,703,4,37.98,1
TXREF-10084,38.27,19.54,149,4,10.42,0
TXREF-10085,23.18,12.42,503,1,5.43,0
TXREF-10086,9.82,20.15,189,2,117.15,0
TXREF-10087,94.05,12.12,9,1,8.64,1
TXREF-10088,33.1,21.06,148,2,1.64,0
TXREF-10089,9.83,9.98,264,1,7.83,0
TXREF-10090,17.9,20.83,577,3,24.81,0
TXREF-10091,13.88,18.81,8,2,10.92,0
TXREF-10092,31.66,15.19,556,4,13.05,0
TXREF-10093,40.42,10.85,385,1,4.45,0
TXREF-10094,24.23,13.98,519,2,5.71,0
TXREF-10095,60.91,22.12,310,2,2.57,0
TXREF-10096,36.85,20.69,493,2,2.55,0
TXREF-10097,74.8,12.44,287,3,10.07,0
TXREF-10098,26.92,17.78,252,2,15.39,0
TXREF-10099,311.88,18.62,325,4,3.04,0
TXREF-10100,23.19,20.52,841,3,3.7,0
TXREF-10101,18.17,8.32,396,2,31.93,0
TXREF-10102,16.63,19.37,613,4,2.07,0
TXREF-10103,29.91,12.75,499,1,2.75,0
TXREF-10104,10.09,21.27,581,4,0.96,0
TXREF-10105,43.04,14.6,95,1,3.34,0
TXREF-10106,8.83,20.72,178,1,5.64,0
TXREF-10107,39.11,22.01,826,2,16.13,0
TXREF-10108,13.16,11.57,291,3,5.08,0
TXREF-10109,26.46,11.64,1796,2,13.18,0
TXREF-10110,53.8,14.08,299,2,1.79,0
TXREF-10111,182.89,18.24,709,1,1.93,0
TXREF-10112,16.02,15.39,662,2,1.18,0
TXREF-10113,31.24,11.12,360,3,12.74,0
TXREF-10114,20.67,14.28,72,6,3.32,0
TXREF-10115,18.61,22.68,160,2,66.55,0
TXREF-10116,20.81,12.88,97,1,57.85,0
TXREF-10117,63.01,13.95,343,4,12.75,0
TXREF-10118,24.5,18.16,254,3,0.91,0
TXREF-10119,175.83,11.7,115,2,5.36,0
TXREF-10120,46.97,12.89,384,3,7.15,0
TXREF-10121,16.82,17.14,697,2,7.27,0
TXREF-10122,26.73,15.5,457,1,0.56,0
TXREF-10123,19.54,18.09,13,2,2.01,0
TXREF-10124,61.93,19.36,1319,1,1.77,0
TXREF-10125,10.7,9.65,1884,2,4.97,0
TXREF-10126,13.26,14.92,7,2,8.9,0
TXREF-10127,22.74,12.37,42,1,9.65,0
TXREF-10128,56.92,21.03,961,1,2.72,0
TXREF-10129,84.59,11.47,700,3,7.44,0
TXREF-10130,94.07,13.04,386,1,7.14,0
TXREF-10131,50.98,13.06,1565,2,3.23,0
TXREF-10132,32.8,20.95,23,1,11.21,0
TXREF-10133,61.69,21.52,222,1,22.02,0
TXREF-10134,15.27,18.63,723,1,2.2,0
TXREF-10135,9.22,21.23,64,3,2.66,0
TXREF-10136,47.67,23.09,106,4,5.62,0
TXREF-10137,16.88,13.94,45,2,18.86,0
TXREF-10138,33.21,17.06,218,2,3.65,0
TXREF-10139,37.94,20.85,45,2,35.33,0
TXREF-10140,41.62,16.44,307,3,27.17,0
TXREF-10141,68.39,9.39,23,1,0.99,0
TXREF-10142,63.38,16.65,259,4,8.4,0
TXREF-10143,40.06,20.62,763,3,6.19,0
TXREF-10144,25.32,9.9,887,1,2.49,0
TXREF-10145,37.62,17.74,286,4,5.37,0
TXREF-10146,22.66,14.08,14,1,11.42,0
TXREF-10147,30.22,7.3,249,2,4.39,0
TXREF-10148,229.31,10.14,147,3,22.1,0
TXREF-10149,39.69,14.57,3,2,2.07,1
TXREF-10150,48.14,15.28,309,3,6.29,0
TXREF-10151,20.95,8.94,478,5,6.02,0
TXREF-10152,72.56,19.92,388,2,2.07,0
TXREF-10153,60.18,18.44,61,5,1.14,0
TXREF-10154,60.49,17.2,82,2,8.92,0
TXREF-10155,40.64,12.68,677,1,3.02,0
TXREF-10156,73.3,15.4,1556,1,1.14,0
TXREF-10157,86.97,17.43,32,1,5.8,0
TXREF-10158,42.68,16.73,181,1,3.65,0
TXREF-10159,32.06,16.85,492,3,6.15,0
TXREF-10160,66.29,21.7,23,1,18.29,0
TXREF-10161,18.16,13.7,83,2,4.45,0
TXREF-10162,20.76,17.75,58,4,26.28,0
TXREF-10163,33.5,17.11,1511,3,8.8,0
TXREF-10164,9.94,17.56,1688,6,8.42,0
TXREF-10165,63.17,9.1,758,4,0.68,0
TXREF-10166,17.4,12.39,704,2,3.53,0
TXREF-10167,24.79,21.4,453,2,10.68,0
TXREF-10168,29.86,15.65,188,1,6.01,0
TXREF-10169,35.81,16.1,216,4,1.79,0
TXREF-10170,27.18,18.32,300,4,3.11,0
TXREF-10171,33.16,14.25,9,3,24.0,1
TXREF-10172,33.35,11.7,387,1,6.74,0
TXREF-10173,25.23,13.54,516,2,11.12,0
TXREF-10174,19.95,12.98,143,4,18.21,0
TXREF-10175,75.84,19.29,10,3,8.65,1
TXREF-10176,7.65,10.59,10,2,8.44,0
TXREF-10177,30.02,23.49,285,3,3.17,0
TXREF-10178,24.84,19.19,24,5,19.83,1
TXREF-10179,47.07,14.58,1319,4,3.28,0
TXREF-10180,12.22,10.63,322,2,13.36,0
TXREF-10181,24.29,12.91,66,4,17.51,0
TXREF-10182,32.34,6.85,146,3,12.9,0
TXREF-10183,75.22,13.81,513,3,8.46,0
TXREF-10184,44.22,19.27,175,5,1.66,0
TXREF-10185,14.85,10.2,172,1,30.99,0
TXREF-10186,24.51,9.34,240,5,12.13,0
TXREF-10187,65.89,11.91,108,4,1.68,0
TXREF-10188,14.66,16.95,410,1,4.48,0
TXREF-10189,32.9,21.28,160,2,6.11,0
TXREF-10190,34.59,19.56,1157,1,15.22,0
TXREF-10191,26.37,9.89,122,2,0.84,0
TXREF-10192,242.49,13.93,106,1,7.1,0
TXREF-10193,25.86,19.73,69,1,7.11,0
TXREF-10194,48.13,13.01,466,1,2.28,0
TXREF-10195,20.05,14.45,405,3,13.19,0
TXREF-10196,50.91,14.77,20,2,6.16,0
TXREF-10197,65.17,9.05,369,2,11.93,0
TXREF-10198,22.8,17.19,463,3,2.5,0
TXREF-10199,33.47,16.73,31,2,10.03,0
TXREF-10200,18.27,20.92,80,2,11.75,0
TXREF-10201,15.27,18.27,86,2,3.12,0
TXREF-10202,73.44,22.92,513,2,3.35,0
TXREF-10203,23.36,16.39,601,2,1.79,0
TXREF-10204,6.12,20.15,85,3,2.12,0
TXREF-10205,124.1,20.77,138,1,3.23,1
TXREF-10206,19.54,19.9,459,2,6.11,0
TXREF-10207,29.15,14.23,96,2,11.06,0
TXREF-10208,113.46,15.59,455,2,9.06,0
TXREF-10209,31.44,20.14,5,3,15.87,0
TXREF-10210,30.95,13.94,85,1,3.42,0
TXREF-10211,14.38,21.8,95,3,1.48,0
TXREF-10212,10.73,14.69,65,2,1.82,0
TXREF-10213,30.88,13.33,93,2,20.22,0
TXREF-10214,45.21,12.62,32,2,0.65,0
TXREF-10215,43.38,22.01,746,1,18.87,0
TXREF-10216,24.62,12.58,1016,2,1.51,0
TXREF-10217,35.32,18.37,8,5,7.78,0
TXREF-10218,9.27,18.22,58,2,27.01,0
TXREF-10219,48.49,19.15,135,3,7.13,0
TXREF-10220,39.1,21.28,1174,3,7.69,0
TXREF-10221,144.18,12.92,1127,3,2.35,0
TXREF-10222,35.0,11.86,610,4,8.56,0
TXREF-10223,17.66,12.63,58,3,12.02,0
TXREF-10224,33.56,0.81,1174,2,57.18,0
TXREF-10225,27.49,15.03,178,3,5.29,0
TXREF-10226,47.61,18.91,723,2,123.87,0
TXREF-10227,35.49,12.66,107,1,1.79,0
TXREF-10228,14.05,19.59,537,4,9.48,0
TXREF-10229,10.72,13.36,188,2,4.19,0
TXREF-10230,42.07,12.02,1192,1,4.95,0
TXREF-10231,94.24,21.69,367,4,1.54,0
TXREF-10232,36.86,16.71,269,1,15.83,0
TXREF-10233,62.53,18.52,22,2,25.12,1
TXREF-10234,72.18,20.17,432,3,9.04,0
TXREF-10235,42.19,15.11,349,3,13.56,0
TXREF-10236,19.37,13.08,692,2,2.29,0
TXREF-10237,40.07,19.6,420,1,1.83,0
TXREF-10238,83.02,20.37,128,1,14.76,0
TXREF-10239,50.98,14.67,196,2,8.41,0
TXREF-10240,59.66,10.22,78,3,27.43,0
TXREF-10241,24.95,8.93,108,3,10.35,0
TXREF-10242,30.09,14.21,106,1,0.73,0
TXREF-10243,31.96,19.61,641,3,3.96,0
TXREF-10244,33.55,13.21,849,2,21.33,0
TXREF-10245,80.72,16.87,172,3,2.79,0
TXREF-10246,6.42,20.74,186,4,6.63,0
TXREF-10247,35.59,19.43,382,2,2.2,0
TXREF-10248,32.88,21.05,721,3,19.31,0
TXREF-10249,12.97,22.36,391,4,5.46,0
TXREF-10250,56.47,16.34,623,2,7.34,0
TXREF-10251,20.66,19.97,198,2,7.58,0
TXREF-10252,26.92,20.7,260,3,9.1,0
TXREF-10253,131.78,19.03,1666,2,2.3,0
TXREF-10254,72.04,11.14,72,5,19.91,0
TXREF-10255,52.65,18.63,309,2,10.63,0
TXREF-10256,45.79,13.46,33,2,9.55,0
TXREF-10257,30.92,14.73,135,1,12.13,0
TXREF-10258,146.87,11.42,487,1,6.83,1
TXREF-10259,62.03,9.76,314,3,11.12,0
TXREF-10260,20.29,13.11,772,4,3.73,0
TXREF-10261,12.7,22.3,532,1,26.84,0
TXREF-10262,52.36,11.75,362,2,0.44,0
TXREF-10263,33.44,19.16,5,3,9.76,0
TXREF-10264,12.44,22.58,627,3,4.11,0
TXREF-10265,47.4,10.58,614,7,64.11,0
TXREF-10266,28.68,23.83,487,2,6.72,0
TXREF-10267,51.01,16.17,638,2,14.49,0
TXREF-10268,47.85,14.6,972,2,1.02,0
TXREF-10269,22.47,20.07,746,2,2.24,0
TXREF-10270,54.91,18.27,15,3,6.39,0
TXREF-10271,24.33,14.3,519,2,15.93,0
TXREF-10272,25.49,21.85,75,4,4.72,0
TXREF-10273,23.73,21.62,247,3,25.7,0
TXREF-10274,78.59,18.08,1,3,7.2,1
TXREF-10275,28.45,12.64,55,4,80.39,0
TXREF-10276,93.52,12.95,133,1,3.84,0
TXREF-10277,125.73,17.37,194,2,26.04,0
TXREF-10278,20.45,20.57,514,2,10.75,0
TXREF-10279,4.25,19.84,12,2,7.88,0
TXREF-10280,73.85,13.56,65,1,3.57,0
TXREF-10281,27.22,20.59,233,6,9.47,0
TXREF-10282,18.66,12.54,350,2,2.44,0
TXREF-10283,22.79,12.86,121,3,6.12,0
TXREF-10284,25.82,12.88,233,4,1.51,0
TXREF-10285,88.59,16.91,442,1,17.01,0
TXREF-10286,39.06,21.37,116,1,4.38,0
TXREF-10287,87.72,18.35,64,3,17.89,0
TXREF-10288,49.69,13.63,150,3,15.84,0
TXREF-10289,27.86,12.83,287,4,19.79,0
TXREF-10290,26.28,22.08,172,3,3.18,0
TXREF-10291,52.16,14.07,103,2,32.74,0
TXREF-10292,62.85,13.6,81,3,13.3,0
TXREF-10293,71.36,22.66,883,2,1.67,0
TXREF-10294,28.84,18.69,568,4,5.4,0
TXREF-10295,39.49,14.98,223,4,7.76,0
TXREF-10296,53.01,18.0,721,1,8.15,0
TXREF-10297,26.4,13.25,1126,7,64.94,0
TXREF-10298,15.38,17.49,226,2,2.56,0
TXREF-10299,19.48,14.76,215,1,5.78,0
TXREF-10300,29.27,16.82,125,4,4.38,0
TXREF-10301,56.08,17.09,396,1,4.73,0
TXREF-10302,86.18,10.99,347,4,49.26,1
TXREF-10303,13.11,14.23,1026,3,7.44,0
TXREF-10304,22.64,17.06,10,2,15.57,0
TXREF-10305,26.91,16.55,951,3,13.71,0
TXREF-10306,61.69,18.01,148,1,9.55,0
TXREF-10307,23.8,14.34,6,1,19.71,0
TXREF-10308,25.55,18.93,106,1,13.41,0
TXREF-10309,12.6,11.9,84,1,8.06,0
TXREF-10310,49.31,9.22,1399,3,4.52,0
TXREF-10311,30.99,13.11,1274,2,7.72,0
TXREF-10312,21.74,17.83,1103,1,11.77,0
TXREF-10313,28.88,10.52,122,2,3.37,0
TXREF-10314,78.37,22.9,225,4,7.3,0
TXREF-10315,16.89,21.0,955,1,4.2,0
TXREF-10316,18.99,19.36,20,3,4.64,0
TXREF-10317,85.77,19.56,1801,3,7.47,0
TXREF-10318,36.77,15.76,662,1,26.94,0
TXREF-10319,56.39,12.95,1036,2,8.56,0
TXREF-10320,46.49,11.53,131,1,17.38,0
TXREF-10321,33.94,10.8,513,2,16.3,0
TXREF-10322,27.09,18.69,74,2,31.07,0
TXREF-10323,63.35,20.78,372,1,3.52,0
TXREF-10324,80.39,13.98,24,1,4.77,0
TXREF-10325,75.99,15.28,138,1,13.62,0
TXREF-10326,14.83,15.96,365,2,14.72,0
TXREF-10327,89.08,0.54,639,3,15.3,0
TXREF-10328,26.9,14.53,355,1,6.61,0
TXREF-10329,20.21,22.81,42,1,68.8,0
TXREF-10330,30.82,20.67,75,6,16.68,0
TXREF-10331,63.33,19.81,49,5,15.92,0
TXREF-10332,51.37,13.42,403,3,1.63,0
TXREF-10333,28.97,13.08,197,3,3.22,0
TXREF-10334,63.63,21.92,188,2,1.07,0
TXREF-10335,38.5,19.28,755,3,2.82,0
TXREF-10336,23.05,15.58,629,1,19.68,0
TXREF-10337,20.91,17.35,141,2,2.4,0
TXREF-10338,46.78,12.91,91,1,8.94,0
TXREF-10339,32.81,13.46,696,2,3.13,0
TXREF-10340,12.93,12.72,364,2,9.26,0
TXREF-10341,64.07,21.89,324,1,3.14,0
TXREF-10342,24.64,16.88,186,2,9.75,0
TXREF-10343,109.54,13.37,826,3,2.23,0
TXREF-10344,12.68,23.95,325,2,3.7,0
TXREF-10345,30.57,20.89,61,6,1.48,0
TXREF-10346,21.03,18.41,34,1,1.73,0
TXREF-10347,17.25,15.74,360,5,5.74,0
TXREF-10348,24.52,14.35,361,1,3.71,0
TXREF-10349,124.56,18.71,534,3,1.87,0
TXREF-10350,38.6,8.88,52,3,3.59,0
TXREF-10351,19.69,15.36,645,5,0.76,0
TXREF-10352,9.33,11.71,488,5,2.87,0
TXREF-10353,10.08,21.29,1590,1,6.5,0
TXREF-10354,23.66,18.13,1042,4,3.39,0
TXREF-10355,22.06,10.92,338,4,2.71,0
TXREF-10356,29.63,8.71,1084,3,2.68,0
TXREF-10357,6.78,15.24,31,1,14.48,0
TXREF-10358,32.59,13.79,278,2,1.37,0
TXREF-10359,72.96,21.03,26,1,2.22,0
TXREF-10360,111.99,19.21,122,1,2.48,0
TXREF-10361,8.9,15.45,245,2,19.63,0
TXREF-10362,19.55,13.15,1120,4,36.5,0
TXREF-10363,18.82,23.76,602,3,17.61,0
TXREF-10364,38.66,17.26,374,5,3.82,0
TXREF-10365,14.47,21.82,51,5,11.61,0
TXREF-10366,116.89,12.67,169,3,6.96,0
TXREF-10367,35.92,14.8,486,1,4.36,0
TXREF-10368,31.86,10.04,963,3,16.86,0
TXREF-10369,109.59,12.94,188,2,1.03,0
TXREF-10370,34.41,12.13,303,4,14.28,0
TXREF-10371,46.44,23.59,374,3,12.49,0
TXREF-10372,20.28,11.78,381,3,2.5,0
TXREF-10373,12.98,13.25,108,2,2.88,0
TXREF-10374,22.43,20.83,29,1,3.04,0
TXREF-10375,168.11,15.71,234,2,17.67,0
TXREF-10376,54.91,22.26,469,1,7.99,0
TXREF-10377,42.42,16.94,209,1,2.07,0
TXREF-10378,17.24,8.28,413,5,11.71,0
TXREF-10379,67.09,13.61,669,5,3.39,0
TXREF-10380,13.1,8.09,460,5,1.85,0
TXREF-10381,11.27,12.43,699,3,15.52,0
TXREF-10382,23.28,13.08,280,3,9.24,0
TXREF-10383,142.2,12.08,15,4,5.82,1
TXREF-10384,136.52,12.4,291,3,40.46,0
TXREF-10385,25.16,17.11,420,2,4.66,0
TXREF-10386,21.43,20.96,94,1,1.78,0
TXREF-10387,10.69,18.11,842,1,10.45,0
TXREF-10388,36.83,11.25,109,3,22.13,0
TXREF-10389,39.12,14.21,131,2,15.24,0
TXREF-10390,61.47,19.16,284,4,11.2,0
TXREF-10391,67.07,16.85,409,3,2.43,0
TXREF-10392,30.2,14.92,86,1,1.32,0
TXREF-10393,51.95,8.95,440,1,6.0,0
TXREF-10394,21.02,17.51,350,3,2.02,0
TXREF-10395,51.25,19.44,717,3,3.49,0
TXREF-10396,24.16,18.78,93,3,4.77,0
TXREF-10397,48.46,12.35,568,2,19.24,0
TXREF-10398,45.72,14.96,60,3,17.24,0
TXREF-10399,36.58,10.21,1866,5,1.03,0
TXREF-10400,61.69,13.84,6,5,17.83,1
TXREF-10401,11.24,15.27,422,1,5.3,0
TXREF-10402,16.17,11.96,244,3,3.2,0
TXREF-10403,28.66,15.1,443,2,6.89,0
TXREF-10404,12.32,14.54,635,3,3.85,0
TXREF-10405,25.97,21.49,263,3,2.73,0
TXREF-10406,26.58,22.37,592,2,8.97,0
TXREF-10407,89.39,13.25,1062,2,11.54,0
TXREF-10408,38.58,14.43,125,3,15.2,0
TXREF-10409,73.05,9.31,657,3,5.33,0
TXREF-10410,43.26,15.66,83,2,64.71,0
TXREF-10411,23.67,12.47,155,3,10.99,0
TXREF-10412,38.33,17.06,481,4,4.67,0
TXREF-10413,58.86,9.8,28,1,20.95,1
TXREF-10414,82.21,21.86,353,4,1.96,0
TXREF-10415,31.65,19.58,742,2,1.82,0
TXREF-10416,10.63,15.97,452,3,7.64,0
TXREF-10417,10.11,13.44,350,2,0.62,0
TXREF-10418,27.52,15.28,858,3,3.95,0
TXREF-10419,6.47,12.08,266,2,9.7,0
TXREF-10420,126.78,10.96,482,1,24.02,1
TXREF-10421,53.51,12.61,518,1,5.41,0
TXREF-10422,22.03,14.61,137,1,24.76,0
TXREF-10423,15.66,22.86,356,3,1.43,0
TXREF-10424,72.98,14.97,311,2,7.78,0
TXREF-10425,15.61,11.0,100,2,18.14,0
TXREF-10426,16.72,19.88,280,4,30.34,0
TXREF-10427,20.06,15.07,727,2,3.48,0
TXREF-10428,37.79,12.01,66,6,18.32,0
TXREF-10429,54.43,19.36,458,1,38.78,0
TXREF-10430,82.16,14.82,782,4,2.73,0
TXREF-10431,73.88,13.44,177,2,14.11,0
TXREF-10432,34.83,13.06,72,4,3.1,0
TXREF-10433,72.59,17.15,90,2,5.36,0
TXREF-10434,21.47,20.5,320,3,29.92,0
TXREF-10435,9.38,18.46,158,3,1.89,0
TXREF-10436,21.47,17.94,331,2,8.62,0
TXREF-10437,19.48,14.06,856,3,2.36,0
TXREF-10438,22.09,14.76,744,3,87.58,0
TXREF-10439,17.45,22.25,49,5,4.33,0
TXREF-10440,24.98,5.5,50,3,6.98,0
TXREF-10441,54.4,16.61,316,2,16.01,0
TXREF-10442,119.7,18.1,293,4,3.76,0
TXREF-10443,10.05,11.8,101,2,3.44,0
TXREF-10444,13.77,0.0,703,3,11.11,0
TXREF-10445,19.69,19.74,200,5,18.36,0
TXREF-10446,60.42,22.09,32,3,3.07,0
TXREF-10447,30.04,15.34,79,5,5.34,0
TXREF-10448,20.67,17.27,1430,4,8.14,0
TXREF-10449,58.33,19.28,475,3,15.22,0
TXREF-10450,69.31,15.81,189,3,5.34,0
TXREF-10451,34.35,13.15,36,2,2.38,0
TXREF-10452,19.34,22.28,200,3,1.38,0
TXREF-10453,42.29,11.73,80,1,2.68,0
TXREF-10454,29.43,12.15,370,1,11.29,0
TXREF-10455,29.27,14.11,1420,3,6.51,0
TXREF-10456,24.07,9.07,685,2,5.53,0
TXREF-10457,67.76,22.93,1419,3,5.66,0
TXREF-10458,41.68,6.06,643,4,8.23,0
TXREF-10459,73.38,15.16,107,2,12.17,0
TXREF-10460,91.12,15.46,375,2,2.02,0
TXREF-10461,48.45,11.46,1222,2,0.59,0
TXREF-10462,24.18,23.58,19,3,3.94,0
TXREF-10463,73.63,12.69,247,3,2.24,0
TXREF-10464,48.68,16.05,227,3,1.44,0
TXREF-10465,226.88,15.11,185,3,5.1,0
TXREF-10466,43.52,10.44,190,1,1.62,0
TXREF-10467,57.53,20.44,96,3,47.41,0
TXREF-10468,42.91,14.84,109,2,3.9,0
TXREF-10469,32.42,14.7,438,3,3.79,0
TXREF-10470,28.9,10.84,2247,3,59.93,0
TXREF-10471,43.03,14.5,460,2,17.73,0
TXREF-10472,50.67,16.94,873,3,6.36,0
TXREF-10473,79.93,15.72,72,2,2.97,0
TXREF-10474,43.48,20.19,457,1,4.72,0
TXREF-10475,24.95,19.26,132,4,24.05,0
TXREF-10476,27.51,14.54,449,2,4.29,0
TXREF-10477,13.43,20.62,233,2,9.87,0
TXREF-10478,115.13,11.32,70,2,9.76,0
TXREF-10479,23.58,14.56,760,2,16.2,0
TXREF-10480,69.86,18.82,19,2,3.85,0
TXREF-10481,42.48,13.0,197,1,34.51,1
TXREF-10482,43.32,21.73,362,2,3.34,0
TXREF-10483,31.99,17.75,12,2,27.85,0
TXREF-10484,19.74,9.06,126,2,8.23,0
TXREF-10485,17.33,14.32,11,3,6.76,0
TXREF-10486,120.84,13.78,1117,3,7.95,0
TXREF-10487,37.79,14.12,827,3,11.09,0
TXREF-10488,78.27,19.54,229,3,16.14,0
TXREF-10489,94.36,13.9,869,2,63.7,0
TXREF-10490,25.9,18.46,585,3,1.51,0
TXREF-10491,47.23,17.98,329,2,5.46,0
TXREF-10492,35.96,20.86,169,3,6.84,0
TXREF-10493,15.13,13.97,165,1,25.98,0
TXREF-10494,30.46,12.69,147,3,3.3,0
TXREF-10495,53.14,10.9,399,1,5.77,0
TXREF-10496,24.31,12.34,198,2,41.28,0
TXREF-10497,27.55,19.99,617,3,4.49,0
TXREF-10498,30.73,16.78,166,3,1.94,0
TXREF-10499,159.22,16.16,17,2,57.89,1
TXREF-10500,9.3,11.87,784,2,0.63,0
TXREF-10501,49.96,18.87,47,2,3.45,0
TXREF-10502,29.01,20.26,476,1,15.09,0
TXREF-10503,21.95,11.34,302,4,9.16,0
TXREF-10504,28.5,18.53,156,5,4.97,0
TXREF-10505,56.29,18.3,128,2,1.31,0
TXREF-10506,58.65,19.97,292,3,7.05,0
TXREF-10507,39.8,10.21,784,1,2.12,0
TXREF-10508,76.46,11.8,532,3,5.29,0
TXREF-10509,86.8,15.34,320,5,3.06,0
TXREF-10510,62.66,0.11,605,5,4.15,0
TXREF-10511,23.49,18.97,1109,2,3.8,0
TXREF-10512,49.7,21.92,574,2,29.18,0
TXREF-10513,49.87,16.24,641,1,92.8,0
TXREF-10514,19.35,20.9,313,3,3.65,0
TXREF-10515,11.25,18.91,26,2,30.6,0
TXREF-10516,8.11,12.6,1000,4,1.69,0
TXREF-10517,36.61,14.34,100,1,19.55,0
TXREF-10518,43.15,9.52,1964,2,9.34,0
TXREF-10519,14.87,14.33,24,2,1.05,0
TXREF-10520,73.93,17.65,67,4,2.66,0
TXREF-10521,38.85,18.95,1159,1,3.72,0
TXREF-10522,91.98,22.34,211,2,8.39,0
TXREF-10523,45.46,15.66,441,2,7.9,0
TXREF-10524,16.16,19.18,244,4,3.55,0
TXREF-10525,48.42,18.54,199,3,1.72,1
TXREF-10526,56.4,9.32,937,3,0.7,0
TXREF-10527,23.47,19.91,652,3,3.52,0
TXREF-10528,12.33,10.11,978,4,5.08,0
TXREF-10529,37.42,14.05,360,3,36.64,1
TXREF-10530,16.94,19.58,307,1,6.78,0
TXREF-10531,78.03,17.86,3,2,2.97,0
TXREF-10532,25.97,13.68,100,2,29.01,0
TXREF-10533,120.51,10.79,955,4,10.59,0
TXREF-10534,7.54,18.99,545,3,5.12,0
TXREF-10535,38.36,4.58,1214,1,0.86,0
TXREF-10536,97.43,14.12,279,3,2.51,0
TXREF-10537,18.34,14.7,803,2,6.25,0
TXREF-10538,31.04,13.97,477,1,3.94,0
TXREF-10539,26.04,15.6,123,2,10.87,0
TXREF-10540,21.28,14.35,523,5,8.18,0
TXREF-10541,41.52,15.6,109,2,0.46,0
TXREF-10542,13.7,12.07,1183,4,4.72,0
TXREF-10543,32.14,21.48,642,2,8.8,0
TXREF-10544,50.48,0.03,720,1,29.67,0
TXREF-10545,29.82,10.72,2000,2,1.08,0
TXREF-10546,16.94,11.67,1199,3,2.33,0
TXREF-10547,73.09,17.72,351,5,8.62,0
TXREF-10548,58.9,18.99,41,3,1.95,0
TXREF-10549,16.45,17.66,526,4,10.87,0
TXREF-10550,13.71,17.06,458,4,7.18,0
TXREF-10551,17.54,18.72,596,2,13.04,0
TXREF-10552,51.55,17.25,200,1,84.9,0
TXREF-10553,42.45,15.14,260,3,4.24,0
TXREF-10554,61.49,20.23,1684,2,3.77,0
TXREF-10555,27.53,11.06,192,6,18.68,1
TXREF-10556,17.89,18.39,330,3,49.06,0
TXREF-10557,67.46,16.45,57,6,14.45,1
TXREF-10558,23.37,16.17,246,4,21.96,0
TXREF-10559,39.82,20.59,560,1,5.16,0
TXREF-10560,11.41,21.52,14,3,10.16,0
TXREF-10561,23.1,9.9,37,1,4.47,0
TXREF-10562,72.01,22.4,634,1,1.28,0
TXREF-10563,20.79,15.13,706,2,5.8,0
TXREF-10564,62.58,21.84,179,3,7.19,0
TXREF-10565,6.5,21.05,827,2,4.79,0
TXREF-10566,23.27,16.47,239,1,20.58,0
TXREF-10567,30.77,19.05,2573,2,12.89,0
TXREF-10568,122.07,16.2,80,5,10.39,0
TXREF-10569,15.0,14.46,95,2,3.01,0
TXREF-10570,56.44,23.28,1390,3,6.25,0
TXREF-10571,74.51,20.73,131,1,3.55,0
TXREF-10572,20.71,6.17,377,4,4.4,0
TXREF-10573,26.6,15.34,118,2,4.65,0
TXREF-10574,38.55,20.19,493,5,8.34,0
TXREF-10575,11.98,18.2,71,3,6.67,0
TXREF-10576,25.09,12.25,290,2,2.26,0
TXREF-10577,87.25,10.68,1304,1,6.36,0
TXREF-10578,50.72,22.64,2865,5,11.7,0
TXREF-10579,31.1,13.94,8,3,12.61,0
TXREF-10580,37.77,23.02,48,2,1.81,0
TXREF-10581,52.89,18.68,56,2,5.95,0
TXREF-10582,60.71,16.61,112,2,1.1,0
TXREF-10583,23.32,17.65,15,1,3.16,0
TXREF-10584,105.11,9.73,595,3,5.84,0
TXREF-10585,89.82,15.72,319,3,12.64,1
TXREF-10586,56.69,13.06,100,1,15.79,0
TXREF-10587,18.97,11.05,270,3,2.55,0
TXREF-10588,16.7,14.15,50,2,9.2,1
TXREF-10589,27.52,1.32,400,4,3.99,0
TXREF-10590,36.37,20.79,22,2,7.76,0
TXREF-10591,9.74,13.07,663,2,3.66,0
TXREF-10592,49.71,22.8,70,3,2.29,0
TXREF-10593,87.97,13.56,116,1,20.94,1
TXREF-10594,52.72,13.46,140,2,11.28,0
TXREF-10595,21.4,17.65,811,4,14.31,0
TXREF-10596,19.65,21.71,197,3,15.69,0
TXREF-10597,43.2,12.78,39,3,3.94,0
TXREF-10598,31.18,13.31,58,3,6.49,0
TXREF-10599,47.89,10.59,1637,2,3.03,0
TXREF-10600,53.69,20.24,353,4,13.96,0
TXREF-10601,76.41,20.79,1668,4,36.12,0
TXREF-10602,15.41,9.51,382,3,18.11,0
TXREF-10603,40.84,18.01,19,3,8.61,0
TXREF-10604,26.8,18.95,272,1,2.01,0
TXREF-10605,32.43,14.15,1202,5,3.71,0
TXREF-10606,64.87,23.63,287,1,8.66,0
TXREF-10607,70.15,13.6,1376,2,26.06,0
TXREF-10608,95.29,12.35,361,2,8.63,1
TXREF-10609,47.3,17.74,203,5,6.22,0
TXREF-10610,32.16,19.8,140,3,2.57,0
TXREF-10611,29.02,7.03,26,1,6.16,0
TXREF-10612,9.98,17.84,19,5,11.07,0
TXREF-10613,91.34,18.31,703,2,13.06,0
TXREF-10614,27.61,15.93,246,4,6.74,0
TXREF-10615,50.11,19.51,642,4,2.04,0
TXREF-10616,56.76,18.95,30,2,25.92,0
TXREF-10617,14.2,19.47,286,2,13.49,0
TXREF-10618,17.91,15.21,531,2,3.43,0
TXREF-10619,106.04,14.66,2749,5,29.08,1
TXREF-10620,42.91,19.53,469,3,24.19,0
TXREF-10621,22.92,14.45,1611,2,8.44,0
TXREF-10622,31.79,17.85,557,4,3.89,0
TXREF-10623,76.1,14.52,510,3,3.92,0
TXREF-10624,68.22,21.69,278,3,5.96,0
TXREF-10625,12.11,16.86,346,2,0.64,0
TXREF-10626,112.92,20.92,270,2,10.02,0
TXREF-10627,69.8,10.49,190,3,6.5,0
TXREF-10628,31.19,14.01,659,3,4.33,0
TXREF-10629,14.76,15.89,312,3,3.12,0
TXREF-10630,74.36,16.96,86,2,14.72,0
TXREF-10631,49.06,16.98,444,3,2.09,0
TXREF-10632,12.19,13.78,615,3,12.97,0
TXREF-10633,29.46,19.11,288,3,4.79,0
TXREF-10634,330.58,12.11,1746,2,14.35,0
TXREF-10635,35.23,14.8,619,2,2.34,0
TXREF-10636,20.41,8.75,542,3,22.76,0
TXREF-10637,16.84,14.07,88,3,5.02,0
TXREF-10638,124.7,23.12,369,4,8.0,1
TXREF-10639,64.1,9.19,1190,3,1.49,0
TXREF-10640,95.9,20.45,347,1,15.74,0
TXREF-10641,41.62,15.21,370,1,5.1,0
TXREF-10642,85.88,15.62,64,3,2.66,0
TXREF-10643,18.9,22.1,1152,3,113.76,0
TXREF-10644,39.14,15.65,263,4,42.21,0
TXREF-10645,42.81,12.29,206,3,0.91,0
TXREF-10646,94.19,9.43,1502,3,4.88,0
TXREF-10647,43.8,17.05,133,3,0.71,0
TXREF-10648,22.19,16.13,31,1,2.54,0
TXREF-10649,36.46,1.93,195,1,1.17,0
TXREF-10650,10.41,12.26,138,2,5.85,0
TXREF-10651,6.55,20.35,190,5,0.98,0
TXREF-10652,63.34,8.74,1379,3,20.54,0
TXREF-10653,26.58,16.44,193,1,2.73,0
TXREF-10654,28.84,16.56,52,1,17.56,1
TXREF-10655,63.33,0.91,1818,5,18.24,0
TXREF-10656,95.19,19.28,29,2,92.17,0
TXREF-10657,51.15,14.37,2,2,9.46,0
TXREF-10658,139.52,14.78,212,2,7.35,0
TXREF-10659,50.0,20.89,26,3,1.64,0
TXREF-10660,43.28,15.56,646,3,6.79,0
TXREF-10661,41.39,10.24,322,2,3.16,0
TXREF-10662,13.8,20.81,1996,2,8.12,0
TXREF-10663,69.29,10.59,3,4,6.05,1
TXREF-10664,5.99,9.84,296,1,5.14,0
TXREF-10665,22.83,13.91,199,4,1.15,0
TXREF-10666,35.39,13.84,1078,3,22.39,0
TXREF-10667,19.71,14.33,23,3,15.58,0
TXREF-10668,25.15,11.14,309,2,9.34,0
TXREF-10669,130.89,14.65,339,5,6.14,0
TXREF-10670,77.08,14.95,2424,3,14.77,0
TXREF-10671,21.25,17.73,10,3,5.83,0
TXREF-10672,24.83,19.11,124,1,40.11,1
TXREF-10673,13.88,12.08,1828,2,6.82,0
TXREF-10674,57.84,9.69,68,3,15.57,0
TXREF-10675,29.08,9.1,128,3,5.87,0
TXREF-10676,8.45,15.03,393,5,4.75,0
TXREF-10677,37.43,20.89,36,3,6.55,0
TXREF-10678,47.75,11.15,171,2,6.99,0
TXREF-10679,69.65,18.98,463,4,1.13,0
TXREF-10680,33.02,13.44,43,1,20.46,0
TXREF-10681,26.62,16.3,324,1,2.51,0
TXREF-10682,145.49,16.77,474,4,2.43,0
TXREF-10683,34.98,6.75,163,5,3.66,0
TXREF-10684,58.44,17.3,568,4,7.2,0
TXREF-10685,23.61,14.81,271,2,5.34,0
TXREF-10686,57.21,12.3,119,5,8.89,0
TXREF-10687,12.21,12.39,65,4,3.72,0
TXREF-10688,24.96,21.24,27,3,33.8,0
TXREF-10689,14.59,12.39,341,2,4.42,0
TXREF-10690,22.52,21.82,166,2,10.11,0
TXREF-10691,85.66,11.74,394,2,0.71,0
TXREF-10692,22.4,10.67,747,3,1.14,0
TXREF-10693,58.39,19.87,26,2,2.2,0
TXREF-10694,103.8,14.18,180,3,2.96,0
TXREF-10695,34.13,21.21,6,1,5.17,0
TXREF-10696,71.2,21.89,727,5,19.0,0
TXREF-10697,51.03,15.88,420,2,0.66,0
TXREF-10698,37.86,10.6,139,2,10.68,0
TXREF-10699,59.75,13.3,88,2,2.88,0
TXREF-10700,130.94,18.22,12,5,3.23,0
TXREF-10701,22.0,11.96,277,4,61.55,0
TXREF-10702,17.45,12.51,468,1,6.42,0
TXREF-10703,16.73,15.34,414,3,3.62,0
TXREF-10704,71.24,15.41,1161,3,1.82,0
TXREF-10705,78.5,9.72,287,5,11.88,0
TXREF-10706,23.65,21.43,290,2,1.9,0
TXREF-10707,7.48,15.77,360,3,1.17,0
TXREF-10708,21.42,12.11,588,3,1.48,0
TXREF-10709,51.65,11.79,782,1,2.93,0
TXREF-10710,33.18,15.41,1008,1,24.47,0
TXREF-10711,39.64,5.77,62,2,13.28,0
TXREF-10712,23.88,14.01,620,1,2.41,0
TXREF-10713,72.25,19.23,1117,4,11.6,0
TXREF-10714,44.57,19.07,674,1,1.38,0
TXREF-10715,53.1,16.63,62,1,0.83,0
TXREF-10716,39.04,15.74,54,2,33.05,0
TXREF-10717,50.78,21.26,861,2,43.89,1
TXREF-10718,48.43,15.67,536,1,2.65,0
TXREF-10719,17.85,17.2,268,1,1.56,0
TXREF-10720,45.54,10.23,294,2,8.85,0
TXREF-10721,61.55,11.74,353,1,8.76,0
TXREF-10722,79.97,14.08,148,1,3.84,0
TXREF-10723,46.97,22.12,374,5,2.43,0
TXREF-10724,17.37,20.04,202,2,17.69,0
TXREF-10725,19.41,13.87,146,3,8.9,0
TXREF-10726,25.45,11.87,642,2,3.87,0
TXREF-10727,39.9,14.08,293,2,2.09,0
TXREF-10728,31.88,17.35,336,2,7.21,0
TXREF-10729,15.5,14.34,6,1,1.74,0
TXREF-10730,15.43,12.86,65,1,13.49,0
TXREF-10731,7.68,13.9,484,2,20.65,0
TXREF-10732,3.68,11.44,75,3,36.22,0
TXREF-10733,31.66,10.82,404,4,2.36,0
TXREF-10734,185.04,17.85,81,3,2.86,0
TXREF-10735,126.94,19.24,728,3,7.87,0
TXREF-10736,17.21,22.34,222,3,26.79,0
TXREF-10737,38.78,15.86,28,1,5.29,0
TXREF-10738,12.13,16.75,74,2,4.18,0
TXREF-10739,13.54,10.12,80,4,0.56,0
TXREF-10740,14.7,12.49,1249,3,12.72,0
TXREF-10741,29.6,12.15,356,1,1.47,0
TXREF-10742,30.53,20.08,941,1,6.21,0
TXREF-10743,41.76,19.29,61,2,3.14,0
TXREF-10744,56.12,11.05,107,3,21.36,0
TXREF-10745,27.32,9.33,459,1,3.87,0
TXREF-10746,35.73,16.47,441,3,6.51,0
TXREF-10747,15.84,15.74,677,5,5.91,0
TXREF-10748,13.22,17.98,63,2,3.35,0
TXREF-10749,11.83,20.69,151,3,35.11,0
TXREF-10750,55.56,16.32,423,2,1040.91,0
TXREF-10751,27.3,11.66,679,5,2.04,0
TXREF-10752,9.05,15.99,1065,2,4.26,0
TXREF-10753,33.27,13.88,312,3,2.77,0
TXREF-10754,14.17,20.08,414,1,8.29,0
TXREF-10755,115.06,15.43,262,1,7.73,0
TXREF-10756,22.95,13.0,337,4,16.2,0
TXREF-10757,56.87,14.44,84,2,1.36,0
TXREF-10758,76.25,20.98,10,2,17.18,0
TXREF-10759,17.5,10.31,421,2,0.7,0
TXREF-10760,36.77,20.16,316,2,12.09,0
TXREF-10761,51.86,19.12,1097,2,2.71,0
TXREF-10762,37.83,13.44,945,1,1.37,0
TXREF-10763,45.15,16.24,1667,2,8.16,0
TXREF-10764,13.37,21.0,178,2,3.02,0
TXREF-10765,51.88,17.29,470,1,30.12,1
TXREF-10766,24.53,13.02,265,1,11.74,0
TXREF-10767,44.77,13.72,690,3,4.16,0
TXREF-10768,67.52,21.98,323,2,3.63,0
TXREF-10769,56.35,16.48,183,2,5.42,0
TXREF-10770,44.75,17.98,204,1,52.69,0
TXREF-10771,55.28,18.0,48,3,0.89,0
TXREF-10772,57.15,16.24,127,5,1.44,0
TXREF-10773,102.18,15.13,149,1,29.95,0
TXREF-10774,33.97,10.81,64,2,1.68,0
TXREF-10775,39.18,15.02,50,5,8.35,0
TXREF-10776,68.11,11.98,568,1,13.87,0
TXREF-10777,24.46,15.68,1751,5,4.05,0
TXREF-10778,13.31,11.56,1424,4,13.96,0
TXREF-10779,49.66,15.66,96,3,0.66,0
TXREF-10780,30.01,18.24,868,3,9.27,0
TXREF-10781,14.59,15.21,398,3,44.82,0
TXREF-10782,49.92,14.76,347,1,7.15,0
TXREF-10783,97.55,16.92,35,4,13.67,0
TXREF-10784,10.77,19.67,1051,3,96.21,0
TXREF-10785,72.68,13.66,74,1,5.16,0
TXREF-10786,5.6,15.67,184,5,1.47,0
TXREF-10787,26.1,18.84,407,2,0.5,0
TXREF-10788,131.0,16.14,216,3,7.0,0
TXREF-10789,27.48,7.59,1767,4,1.63,0
TXREF-10790,37.14,11.71,1051,1,15.22,0
TXREF-10791,60.3,16.4,754,1,19.85,0
TXREF-10792,10.12,23.48,10,5,3.71,0
TXREF-10793,36.67,18.61,221,2,1.02,0
TXREF-10794,36.46,19.95,289,2,15.1,0
TXREF-10795,133.07,22.44,1467,1,4.13,0
TXREF-10796,14.3,19.29,35,4,14.68,0
TXREF-10797,26.45,12.84,338,4,6.41,0
TXREF-10798,17.84,20.09,193,5,8.98,0
TXREF-10799,16.53,18.92,7,3,10.55,0
TXREF-10800,78.39,10.69,88,4,5.01,0
TXREF-10801,35.49,16.38,396,1,12.23,0
TXREF-10802,23.34,18.44,61,2,36.03,0
TXREF-10803,23.98,19.85,204,1,1.45,0
TXREF-10804,23.21,15.4,64,3,1.66,0
TXREF-10805,24.75,13.48,156,2,5.1,0
TXREF-10806,14.01,19.92,254,2,1.8,0
TXREF-10807,28.9,13.22,838,2,0.93,0
TXREF-10808,26.88,17.03,573,3,17.71,0
TXREF-10809,20.17,20.97,554,3,10.74,0
TXREF-10810,38.92,8.11,170,1,2.63,0
TXREF-10811,41.38,13.14,73,5,28.76,0
TXREF-10812,23.32,13.5,45,6,81.57,0
TXREF-10813,31.38,13.54,654,1,12.56,0
TXREF-10814,164.71,11.89,2071,2,28.19,0
TXREF-10815,160.25,18.47,1060,2,6.75,0
TXREF-10816,16.3,16.36,1,4,7.61,1
TXREF-10817,18.02,13.02,530,2,1.97,0
TXREF-10818,16.24,12.99,636,4,5.41,0
TXREF-10819,74.52,10.64,761,2,12.22,0
TXREF-10820,26.13,14.81,636,2,5.99,0
TXREF-10821,41.37,18.41,538,4,9.26,0
TXREF-10822,146.62,18.41,712,1,26.2,0
TXREF-10823,34.55,12.08,274,1,15.34,0
TXREF-10824,57.89,20.37,332,2,20.2,0
TXREF-10825,50.64,20.23,15,5,10.21,0
TXREF-10826,22.79,10.75,565,3,2.87,0
TXREF-10827,74.63,9.64,305,2,1.12,0
TXREF-10828,18.88,10.56,378,3,2.72,0
TXREF-10829,91.35,15.07,166,2,3.82,0
TXREF-10830,22.81,13.18,594,4,3.71,0
TXREF-10831,24.68,11.98,68,3,9.2,0
TXREF-10832,15.9,19.05,151,4,76.56,0
TXREF-10833,17.9,22.87,317,5,20.27,0
TXREF-10834,25.6,16.99,686,2,6.35,0
TXREF-10835,6.05,19.77,637,3,2.48,0
TXREF-10836,29.43,21.76,449,1,8.23,0
TXREF-10837,24.15,19.97,361,5,26.02,0
TXREF-10838,61.49,23.1,238,5,59.72,0
TXREF-10839,47.21,18.48,665,1,2.02,0
TXREF-10840,20.92,11.86,77,2,31.97,0
TXREF-10841,25.02,16.42,99,5,4.64,0
TXREF-10842,29.4,13.21,521,2,4.64,0
TXREF-10843,101.48,15.32,197,2,5.28,0
TXREF-10844,19.26,20.18,146,2,14.66,0
TXREF-10845,20.73,14.69,474,4,5.08,0
TXREF-10846,15.45,19.24,652,2,16.51,0
TXREF-10847,11.98,19.47,129,4,10.61,0
TXREF-10848,43.43,15.43,593,1,9.37,0
TXREF-10849,40.29,19.78,46,2,8.08,0
TXREF-10850,87.67,20.55,175,3,5.86,0
TXREF-10851,73.69,16.57,663,1,3.49,0
TXREF-10852,195.57,18.9,590,2,40.25,0
TXREF-10853,33.01,21.05,145,3,3.83,0
TXREF-10854,28.86,18.45,24,4,17.66,1
TXREF-10855,13.65,7.92,377,3,37.78,0
TXREF-10856,57.49,23.05,177,2,7.74,0
TXREF-10857,37.91,20.22,1290,1,9.23,0
TXREF-10858,55.64,13.25,261,3,1.8,0
TXREF-10859,15.33,21.56,263,3,1.35,0
TXREF-10860,44.84,19.76,167,4,1.09,0
TXREF-10861,40.36,16.71,160,1,7.66,0
TXREF-10862,38.48,20.0,454,1,2.44,0
TXREF-10863,21.29,18.44,493,4,3.21,0
TXREF-10864,81.97,9.93,395,2,8.0,0
TXREF-10865,152.36,20.65,51,5,9.64,0
TXREF-10866,15.65,22.01,328,1,3.48,0
TXREF-10867,58.48,19.88,672,1,9.51,0
TXREF-10868,4.38,16.79,710,2,1.85,0
TXREF-10869,56.34,7.6,794,4,1.31,0
TXREF-10870,9.06,21.46,782,2,4.62,0
TXREF-10871,23.86,13.09,424,4,36.56,0
TXREF-10872,13.53,11.58,53,2,2.27,0
TXREF-10873,29.81,17.32,1271,3,20.21,0
TXREF-10874,63.68,17.24,601,4,4.4,0
TXREF-10875,9.14,21.63,169,2,13.19,0
TXREF-10876,26.87,11.95,177,2,41.72,0
TXREF-10877,24.06,11.97,545,2,1.25,0
TXREF-10878,108.67,14.14,278,2,3.88,0
TXREF-10879,47.51,12.54,383,2,9.17,0
TXREF-10880,14.92,18.31,1120,4,18.03,0
TXREF-10881,24.8,15.79,37,3,6.14,0
TXREF-10882,106.74,21.68,362,4,12.57,0
TXREF-10883,58.23,11.57,160,1,7.09,0
TXREF-10884,17.97,13.89,332,4,15.21,0
TXREF-10885,28.72,20.93,58,2,8.08,0
TXREF-10886,29.39,16.71,680,2,1.2,0
TXREF-10887,23.63,13.99,446,1,12.94,0
TXREF-10888,10.16,15.29,649,2,31.94,0
TXREF-10889,21.37,19.12,27,4,6.58,0
TXREF-10890,94.65,21.99,273,2,11.87,0
TXREF-10891,26.46,15.39,148,1,65.32,0
TXREF-10892,32.32,0.94,359,3,5.32,0
TXREF-10893,38.52,9.66,167,1,8.25,0
TXREF-10894,171.93,11.42,390,5,10.85,0
TXREF-10895,35.04,14.88,618,2,1.13,0
TXREF-10896,76.53,15.58,648,3,3.39,0
TXREF-10897,22.63,21.68,690,3,13.67,0
TXREF-10898,28.88,8.22,418,2,1.07,0
TXREF-10899,35.13,13.89,1973,2,5.59,0
TXREF-10900,19.94,20.2,116,1,21.12,0
TXREF-10901,30.06,14.76,569,3,3.78,0
TXREF-10902,65.98,19.55,457,2,1.44,0
TXREF-10903,19.56,21.97,1128,1,3.13,0
TXREF-10904,34.82,17.82,88,5,6.48,0
TXREF-10905,57.99,18.91,1216,2,25.04,0
TXREF-10906,19.23,18.82,970,2,6.35,0
TXREF-10907,76.61,14.84,303,3,1.34,0
TXREF-10908,36.69,8.82,206,4,2.7,0
TXREF-10909,30.91,13.51,478,3,3.9,0
TXREF-10910,8.2,21.85,46,2,16.25,0
TXREF-10911,26.6,17.19,292,4,4.62,0
TXREF-10912,45.49,8.33,5,1,2.5,0
TXREF-10913,122.32,22.04,324,3,6.78,0
TXREF-10914,52.4,17.51,476,2,10.98,0
TXREF-10915,78.33,19.02,62,2,2.9,0
TXREF-10916,14.58,15.38,176,3,13.37,0
TXREF-10917,31.78,18.27,376,2,27.57,0
TXREF-10918,83.84,15.46,1316,1,3.14,0
TXREF-10919,18.37,17.08,542,3,16.42,0
TXREF-10920,69.75,19.34,794,3,5.49,0
TXREF-10921,59.03,22.31,54,1,4.84,0
TXREF-10922,42.43,10.09,1132,4,6.59,0
TXREF-10923,27.48,16.31,52,2,15.98,0
TXREF-10924,17.11,21.67,145,3,2.16,0
TXREF-10925,124.99,16.31,464,3,3.72,0
TXREF-10926,54.87,12.6,680,3,8.69,0
TXREF-10927,44.49,15.18,365,1,9.07,0
TXREF-10928,25.86,10.95,1,2,47.76,1
TXREF-10929,35.78,23.35,606,3,19.01,0
TXREF-10930,39.2,15.18,280,3,13.08,0
TXREF-10931,46.43,16.41,191,5,117.31,0
TXREF-10932,59.07,17.5,108,3,0.75,0
TXREF-10933,19.82,10.32,193,2,7.03,0
TXREF-10934,12.11,22.11,79,2,4.24,0
TXREF-10935,36.99,10.88,22,5,0.83,0
TXREF-10936,9.89,18.28,60,3,13.05,0
TXREF-10937,27.58,19.94,144,2,1.97,0
TXREF-10938,24.13,18.29,349,1,1.47,0
TXREF-10939,49.6,10.81,289,2,12.04,0
TXREF-10940,145.11,19.47,1059,2,3.0,0
TXREF-10941,8.58,21.25,204,2,22.0,0
TXREF-10942,179.0,8.79,1786,4,3.98,0
TXREF-10943,29.44,10.7,25,2,8.59,0
TXREF-10944,44.72,8.69,484,3,38.38,0
TXREF-10945,12.57,13.72,84,3,32.02,0
TXREF-10946,71.36,21.99,275,4,4.84,0
TXREF-10947,35.87,2.24,533,3,2.77,0
TXREF-10948,33.31,7.51,107,3,7.28,0
TXREF-10949,8.63,9.43,81,2,7.83,0
TXREF-10950,36.71,14.83,209,2,3.54,0
TXREF-10951,64.01,15.99,537,3,27.77,0
TXREF-10952,29.37,7.54,203,2,1.93,0
TXREF-10953,81.08,21.88,155,1,5.05,0
TXREF-10954,78.7,19.71,94,2,4.93,0
TXREF-10955,21.94,10.08,619,2,2.56,0
TXREF-10956,109.78,13.95,1066,3,2.82,0
TXREF-10957,35.97,21.41,405,2,2.68,0
TXREF-10958,36.08,22.24,226,2,11.45,1
TXREF-10959,37.38,19.7,279,4,9.37,0
TXREF-10960,36.59,21.37,200,3,1.92,0
TXREF-10961,5.24,17.01,492,2,0.71,0
TXREF-10962,30.46,15.95,20,2,7.42,0
TXREF-10963,13.04,12.51,653,2,13.01,0
TXREF-10964,112.28,21.33,22,3,9.61,0
TXREF-10965,109.07,13.25,54,2,1.44,0
TXREF-10966,64.29,9.87,754,2,31.5,0
TXREF-10967,29.32,13.68,335,2,5.08,0
TXREF-10968,16.85,20.15,1328,3,7.63,0
TXREF-10969,21.68,19.93,277,3,4.3,0
TXREF-10970,140.99,17.2,126,2,6.7,0
TXREF-10971,21.15,10.57,155,3,2.53,0
TXREF-10972,6.39,8.55,69,2,1.68,0
TXREF-10973,73.09,12.32,98,2,43.03,0
TXREF-10974,102.55,14.4,232,2,2.43,0
TXREF-10975,114.97,13.66,175,4,24.83,0
TXREF-10976,73.52,13.52,683,2,3.9,0
TXREF-10977,82.69,10.4,548,3,98.19,0
TXREF-10978,36.17,10.86,603,2,20.2,0
TXREF-10979,7.81,21.83,652,1,7.19,0
TXREF-10980,35.52,23.42,304,3,3.21,0
TXREF-10981,54.46,17.51,23,1,3.77,0
TXREF-10982,31.58,14.84,1070,4,20.45,0
TXREF-10983,30.56,12.3,323,1,2.55,0
TXREF-10984,17.39,17.5,1134,2,57.91,0
TXREF-10985,16.92,15.43,181,2,3.69,0
TXREF-10986,130.77,22.54,231,1,52.87,1
TXREF-10987,134.23,19.97,232,4,5.62,0
TXREF-10988,34.75,9.76,1644,3,7.49,0
TXREF-10989,42.64,15.9,211,2,15.21,0
TXREF-10990,17.18,16.85,873,7,8.87,0
TXREF-10991,55.29,8.69,274,6,3.27,0
TXREF-10992,123.59,16.11,346,3,2.54,0
TXREF-10993,11.58,20.0,233,3,3.78,0
TXREF-10994,48.62,21.4,66,3,1.53,0
TXREF-10995,51.32,17.04,1407,1,3.28,0
TXREF-10996,50.9,18.33,2567,1,7.6,0
TXREF-10997,113.62,15.56,64,2,1.2,0
TXREF-10998,150.8,15.46,179,2,1.96,0
TXREF-10999,29.43,12.92,511,3,5.27,0
TXREF-11000,56.53,16.62,190,1,1.44,0
TXREF-11001,36.99,16.74,362,2,0.59,0
TXREF-11002,22.08,13.56,1148,2,1.59,0
TXREF-11003,42.31,15.73,123,1,1.97,0
TXREF-11004,56.46,18.51,872,1,56.84,0
TXREF-11005,40.7,12.47,300,2,10.4,0
TXREF-11006,18.46,17.09,202,3,5.63,0
TXREF-11007,24.93,22.79,107,4,4.61,0
TXREF-11008,25.07,17.16,373,2,2.13,0
TXREF-11009,18.98,11.44,137,1,4.08,0
TXREF-11010,43.63,16.32,57,3,7.5,0
TXREF-11011,47.04,22.77,191,3,14.35,0
TXREF-11012,70.47,10.21,124,5,2.56,0
TXREF-11013,18.77,18.03,488,2,5.64,0
TXREF-11014,22.97,20.53,311,2,15.26,0
TXREF-11015,106.62,19.29,188,3,3.72,0
TXREF-11016,30.92,19.78,44,2,2.17,0
TXREF-11017,35.58,15.28,52,1,10.94,0
TXREF-11018,30.69,18.96,299,1,11.38,0
TXREF-11019,78.71,19.0,262,2,3.34,0
TXREF-11020,80.94,20.9,1005,3,1.67,0
TXREF-11021,77.6,17.32,7,1,1.19,1
TXREF-11022,35.49,19.66,308,3,4.7,0
TXREF-11023,18.58,19.33,693,2,3.45,0
TXREF-11024,139.23,18.31,471,3,18.73,0
TXREF-11025,64.49,12.3,290,2,4.67,0
TXREF-11026,25.06,18.6,170,5,62.89,0
TXREF-11027,97.04,19.8,144,4,12.74,0
TXREF-11028,23.67,13.37,527,1,3.0,0
TXREF-11029,96.13,8.26,197,3,6.75,0
TXREF-11030,100.92,14.47,313,3,30.12,0
TXREF-11031,17.93,13.06,411,3,19.74,0
TXREF-11032,52.92,12.55,13,4,3.81,0
TXREF-11033,61.14,13.47,301,5,1.39,0
TXREF-11034,228.77,20.09,319,3,5.65,0
TXREF-11035,20.4,14.13,701,2,118.44,0
TXREF-11036,97.65,18.11,526,3,7.63,0
TXREF-11037,35.25,10.6,366,6,22.27,0
TXREF-11038,14.24,16.76,34,3,4.23,0
TXREF-11039,31.93,14.69,1851,3,6.06,0
TXREF-11040,34.88,15.2,95,1,9.11,0
TXREF-11041,16.24,19.61,467,2,2.74,0
TXREF-11042,43.59,11.7,229,3,11.76,0
TXREF-11043,69.38,15.42,619,3,3.15,0
TXREF-11044,41.33,19.88,636,3,20.29,0
TXREF-11045,23.57,11.44,2537,4,19.79,0
TXREF-11046,31.28,9.72,183,2,30.35,0
TXREF-11047,34.7,14.27,464,3,4.39,0
TXREF-11048,40.71,20.57,32,2,21.89,0
TXREF-11049,77.41,17.22,202,5,3.38,0
TXREF-11050,42.34,17.85,127,1,20.72,0
TXREF-11051,12.68,15.19,152,3,9.92,0
TXREF-11052,23.22,13.16,375,2,6.96,0
TXREF-11053,39.23,13.99,33,1,21.88,1
TXREF-11054,78.21,19.17,261,3,2.34,0
TXREF-11055,88.63,21.23,39,3,6.75,0
TXREF-11056,124.93,13.83,235,1,14.77,0
TXREF-11057,38.25,13.15,1053,6,1.03,0
TXREF-11058,60.32,14.29,6,2,3.19,0
TXREF-11059,12.22,9.6,242,2,3.94,0
TXREF-11060,47.44,10.32,1312,3,1.7,0
TXREF-11061,16.05,16.48,379,3,4.36,0
TXREF-11062,33.28,11.33,141,6,39.64,0
TXREF-11063,308.43,11.84,1476,3,13.32,1
TXREF-11064,43.32,18.72,1209,3,3.38,0
TXREF-11065,18.69,11.02,453,2,15.07,0
TXREF-11066,46.69,16.1,41,2,21.64,0
TXREF-11067,23.99,19.62,139,2,2.11,0
TXREF-11068,17.43,14.0,850,3,8.34,0
TXREF-11069,158.26,18.15,128,2,6.86,0
TXREF-11070,75.05,14.5,221,4,5.61,0
TXREF-11071,44.65,17.37,1126,5,6.97,0
TXREF-11072,26.26,18.11,54,2,12.45,0
TXREF-11073,27.83,23.69,81,1,3.49,0
TXREF-11074,105.7,11.8,739,3,7.23,0
TXREF-11075,43.41,11.77,569,2,0.65,0
TXREF-11076,3.78,12.99,438,1,3.59,0
TXREF-11077,198.95,20.5,164,1,0.76,0
TXREF-11078,39.72,13.71,516,5,4.17,0
TXREF-11079,44.58,17.95,55,2,1.63,0
TXREF-11080,76.13,13.43,51,3,6.0,0
TXREF-11081,48.67,17.81,725,2,2.42,0
TXREF-11082,59.61,15.3,40,1,2.73,0
TXREF-11083,25.66,19.56,384,3,6.79,0
TXREF-11084,14.36,9.41,252,3,3.98,0
TXREF-11085,42.6,8.93,331,2,7.28,0
TXREF-11086,97.59,17.42,341,4,1.75,0
TXREF-11087,21.84,23.85,1000,1,3.73,0
TXREF-11088,20.61,21.75,404,2,12.46,0
TXREF-11089,83.86,9.24,109,2,7.52,0
TXREF-11090,25.05,15.55,119,4,5.07,0
TXREF-11091,25.9,10.72,1426,2,1.71,0
TXREF-11092,26.61,11.63,157,3,1.66,0
TXREF-11093,33.22,12.39,630,1,3.07,0
TXREF-11094,11.21,20.41,1319,3,2.07,0
TXREF-11095,23.61,11.88,648,1,2.73,0
TXREF-11096,41.09,14.11,87,2,3.18,0
TXREF-11097,40.88,17.95,123,5,3.8,0
TXREF-11098,80.14,20.92,74,1,7.21,0
TXREF-11099,130.89,20.67,56,2,2.0,0
TXREF-11100,103.44,15.45,425,2,2.63,0
TXREF-11101,67.26,13.55,138,3,1.37,0
TXREF-11102,31.28,18.94,52,3,5.95,0
TXREF-11103,22.23,15.72,702,4,16.9,0
TXREF-11104,35.26,10.64,441,4,8.07,0
TXREF-11105,53.07,14.38,601,2,1.13,0
TXREF-11106,62.92,10.56,405,1,0.74,0
TXREF-11107,54.52,13.87,333,2,85.1,0
TXREF-11108,31.9,10.63,761,2,13.08,0
TXREF-11109,61.35,12.72,196,1,6.3,0
TXREF-11110,86.3,11.84,1437,3,15.51,0
TXREF-11111,65.61,11.45,690,1,5.03,0
TXREF-11112,34.02,22.59,702,2,5.88,0
TXREF-11113,19.1,22.29,374,2,2.38,0
TXREF-11114,18.78,8.23,944,2,4.59,0
TXREF-11115,21.32,16.57,1101,3,6.99,0
TXREF-11116,41.89,19.49,561,5,4.61,0
TXREF-11117,50.62,11.69,69,4,4.91,0
TXREF-11118,12.57,17.12,408,3,0.94,0
TXREF-11119,24.22,11.95,317,4,15.88,0
TXREF-11120,41.48,12.14,19,2,10.95,0
TXREF-11121,18.21,18.99,615,2,1.03,0
TXREF-11122,47.58,20.1,290,3,2.92,0
TXREF-11123,27.9,14.75,61,3,1.06,0
TXREF-11124,20.68,14.63,127,1,25.19,0
TXREF-11125,36.17,15.49,171,3,29.38,0
TXREF-11126,46.18,20.76,1088,4,7.24,0
TXREF-11127,18.9,12.1,193,3,5.78,0
TXREF-11128,29.23,15.46,449,3,13.37,0
TXREF-11129,48.75,22.86,465,3,14.89,0
TXREF-11130,20.11,21.06,40,3,31.61,0
TXREF-11131,10.55,12.29,122,3,24.19,0
TXREF-11132,11.52,17.02,1911,3,11.07,0
TXREF-11133,25.76,16.58,586,1,5.96,0
TXREF-11134,13.47,14.46,207,7,3.54,0
TXREF-11135,27.1,15.04,66,1,14.46,0
TXREF-11136,115.44,13.07,87,1,3.25,0
TXREF-11137,12.9,7.69,57,2,7.48,0
TXREF-11138,28.4,15.12,57,2,3.0,0
TXREF-11139,161.62,15.37,964,4,1.21,0
TXREF-11140,46.71,18.68,132,2,8.0,0
TXREF-11141,26.72,19.75,496,2,16.48,0
TXREF-11142,31.09,17.11,454,2,2.0,0
TXREF-11143,47.42,11.23,268,2,2.6,0
TXREF-11144,118.03,22.94,835,1,9.2,1
TXREF-11145,23.75,20.32,504,2,3.93,0
TXREF-11146,20.18,13.65,264,5,7.35,0
TXREF-11147,12.9,16.18,624,5,8.43,0
TXREF-11148,37.5,12.35,347,2,34.62,0
TXREF-11149,12.65,19.46,413,2,20.61,0
TXREF-11150,24.93,19.95,429,4,20.19,0
TXREF-11151,18.1,14.38,700,2,19.16,0
TXREF-11152,75.44,19.29,408,3,9.55,0
TXREF-11153,24.14,12.15,381,3,17.0,0
TXREF-11154,46.33,20.25,271,4,16.29,0
TXREF-11155,10.97,23.49,109,2,0.69,0
TXREF-11156,38.27,6.68,421,4,10.4,0
TXREF-11157,14.64,11.43,85,1,31.98,0
TXREF-11158,25.62,14.42,402,1,9.36,0
TXREF-11159,171.07,12.79,855,5,2.59,0
TXREF-11160,68.11,17.26,1131,1,16.35,0
TXREF-11161,31.74,17.14,46,2,1.7,0
TXREF-11162,348.36,12.98,124,1,7.22,0
TXREF-11163,18.01,8.62,2,1,11.06,1
TXREF-11164,80.56,9.89,197,5,59.79,0
TXREF-11165,11.55,23.99,278,3,21.55,0
TXREF-11166,29.21,8.99,174,1,6.63,1
TXREF-11167,13.19,14.48,9,5,10.3,1
TXREF-11168,41.9,18.55,306,2,1.21,0
TXREF-11169,36.24,15.1,740,2,5.26,0
TXREF-11170,27.9,14.15,1107,3,1.7,0
TXREF-11171,76.42,10.67,525,3,68.89,0
TXREF-11172,23.14,14.58,1450,2,3.51,0
TXREF-11173,44.05,13.17,331,3,2.44,0
TXREF-11174,62.85,14.76,1153,3,4.86,0
TXREF-11175,11.97,16.33,232,1,20.0,0
TXREF-11176,20.31,16.87,916,3,5.0,0
TXREF-11177,36.19,18.25,49,2,3.91,0
TXREF-11178,54.8,15.64,80,3,5.87,0
TXREF-11179,96.86,12.36,428,1,10.77,0
TXREF-11180,29.8,17.62,1113,2,1.92,0
TXREF-11181,27.72,11.16,1144,1,15.96,0
TXREF-11182,18.57,13.34,210,3,13.86,0
TXREF-11183,44.15,17.96,57,3,19.77,0
TXREF-11184,28.11,12.46,175,4,3.28,0
TXREF-11185,28.58,9.71,43,2,5.85,0
TXREF-11186,32.54,20.06,165,2,14.57,0
TXREF-11187,51.79,18.45,271,4,25.05,0
TXREF-11188,23.2,6.73,755,1,31.21,0
TXREF-11189,19.97,14.33,228,3,2.86,0
TXREF-11190,47.51,0.3,81,4,5.88,0
TXREF-11191,3.94,13.46,215,3,4.61,0
TXREF-11192,22.54,12.88,39,1,20.85,0
TXREF-11193,15.2,17.07,11,2,5.38,0
TXREF-11194,82.79,14.17,382,2,15.54,0
TXREF-11195,25.34,17.23,301,3,3.32,0
TXREF-11196,23.25,18.11,179,3,1.04,0
TXREF-11197,33.62,14.1,444,1,4.52,0
TXREF-11198,22.68,12.85,176,2,3.63,0
TXREF-11199,26.05,19.63,265,3,2.56,0
TXREF-11200,37.33,15.82,395,3,2.49,0
TXREF-11201,25.69,19.26,938,3,1.26,0
TXREF-11202,25.56,14.76,190,2,3.01,0
TXREF-11203,16.82,13.19,1832,1,2.54,0
TXREF-11204,15.17,12.65,234,2,16.78,0
TXREF-11205,36.37,11.79,18,6,3.1,0
TXREF-11206,43.41,12.0,233,2,7.27,0
TXREF-11207,12.45,18.02,51,3,8.13,0
TXREF-11208,60.17,18.85,71,6,2.78,0
TXREF-11209,60.35,17.66,34,2,72.77,0
TXREF-11210,70.23,14.42,210,1,11.59,0
TXREF-11211,43.2,10.38,288,2,8.17,0
TXREF-11212,55.08,22.46,512,1,8.9,1
TXREF-11213,167.87,19.02,298,1,5.21,0
TXREF-11214,28.02,15.94,496,3,2.78,0
TXREF-11215,16.4,20.08,524,2,3.74,0
TXREF-11216,11.54,16.74,62,3,3.06,0
TXREF-11217,123.23,18.59,6,3,3.22,0
TXREF-11218,124.4,20.93,134,2,7.35,0
TXREF-11219,17.89,23.61,100,1,0.73,0
TXREF-11220,20.62,10.13,1028,2,6.5,0
TXREF-11221,27.57,22.28,207,2,4.57,0
TXREF-11222,84.05,12.59,90,3,8.36,0
TXREF-11223,13.78,9.79,692,1,72.3,0
TXREF-11224,8.45,21.29,200,3,1.34,0
TXREF-11225,165.77,21.48,963,3,1.55,0
TXREF-11226,43.59,8.81,1252,2,5.34,0
TXREF-11227,48.29,21.67,595,2,53.33,0
TXREF-11228,30.03,14.46,622,1,1.01,0
TXREF-11229,48.68,21.51,139,5,5.43,0
TXREF-11230,11.7,11.32,1,3,2.83,0
TXREF-11231,19.0,12.45,357,5,5.49,0
TXREF-11232,37.55,14.17,262,4,1.51,0
TXREF-11233,6.79,18.24,503,1,4.23,0
TXREF-11234,28.0,15.07,271,2,10.1,0
TXREF-11235,26.78,22.63,505,1,3.21,0
TXREF-11236,28.0,13.27,65,6,13.17,0
TXREF-11237,23.41,16.46,148,3,48.14,0
TXREF-11238,17.0,19.38,484,1,13.02,0
TXREF-11239,9.38,19.65,201,4,20.9,0
TXREF-11240,38.64,21.68,217,4,14.28,0
TXREF-11241,28.05,13.0,487,3,4.13,0
TXREF-11242,12.93,8.8,559,2,0.67,0
TXREF-11243,36.42,8.17,248,2,2.31,0
TXREF-11244,28.15,18.27,78,1,18.0,0
TXREF-11245,24.98,18.65,634,3,1.63,0
TXREF-11246,7.37,12.18,149,1,5.26,0
TXREF-11247,56.92,13.32,300,4,6.25,0
TXREF-11248,14.33,8.3,133,4,1.92,0
TXREF-11249,36.44,16.44,345,1,34.05,0
TXREF-11250,19.45,22.81,368,1,10.78,0
TXREF-11251,26.31,9.03,340,4,32.9,0
TXREF-11252,79.81,14.66,589,3,23.63,0
TXREF-11253,51.05,9.55,874,4,15.48,0
TXREF-11254,78.54,15.78,609,2,0.83,0
TXREF-11255,44.16,10.54,143,2,1.85,0
TXREF-11256,46.3,15.08,327,1,6.22,0
TXREF-11257,9.66,11.91,198,2,4.94,0
TXREF-11258,27.7,6.43,389,1,3.52,0
TXREF-11259,29.61,17.19,513,1,5.68,0
TXREF-11260,84.02,19.08,83,6,114.54,0
TXREF-11261,24.18,12.33,192,4,5.6,0
TXREF-11262,42.13,14.88,300,3,4.6,0
TXREF-11263,40.96,15.4,874,2,6.07,0
TXREF-11264,80.12,15.51,381,4,10.28,0
TXREF-11265,31.62,19.52,352,1,10.19,0
TXREF-11266,63.18,15.33,37,1,6.89,0
TXREF-11267,10.2,21.33,368,3,2.95,0
TXREF-11268,10.89,15.37,23,2,2.7,0
TXREF-11269,6.73,19.43,1041,5,5.34,0
TXREF-11270,61.31,10.59,8,2,3.65,0
TXREF-11271,56.55,20.03,184,5,1.86,0
TXREF-11272,66.4,15.71,257,2,1.41,0
TXREF-11273,21.38,8.04,94,5,12.46,0
TXREF-11274,23.2,11.81,4,1,1.55,0
TXREF-11275,31.91,21.68,651,4,8.09,0
TXREF-11276,98.44,21.46,28,3,44.92,1
TXREF-11277,117.87,11.59,1055,3,0.77,0
TXREF-11278,61.65,19.76,424,5,5.64,0
TXREF-11279,44.18,12.94,685,2,2.9,0
TXREF-11280,91.06,17.46,771,2,4.81,0
TXREF-11281,28.96,18.8,95,1,1.53,0
TXREF-11282,26.27,11.09,379,3,2.52,0
TXREF-11283,31.72,14.85,370,2,17.72,0
TXREF-11284,17.21,22.42,98,3,19.0,0
TXREF-11285,30.69,22.14,923,2,6.89,0
TXREF-11286,15.57,21.43,332,1,1.8,0
TXREF-11287,72.82,11.96,1494,5,4.52,0
TXREF-11288,51.49,19.75,105,2,47.17,0
TXREF-11289,97.44,14.05,1021,3,3.52,0
TXREF-11290,10.77,12.95,132,3,101.36,0
TXREF-11291,136.9,16.05,599,3,8.52,0
TXREF-11292,11.22,13.64,517,3,5.47,0
TXREF-11293,14.69,13.73,92,2,5.49,0
TXREF-11294,22.26,15.55,131,1,3.53,0
TXREF-11295,89.26,21.04,37,2,4.17,0
TXREF-11296,40.95,11.44,640,1,18.46,0
TXREF-11297,29.21,16.31,47,3,34.69,0
TXREF-11298,19.67,17.17,628,4,2.11,0
TXREF-11299,12.93,15.14,20,3,7.68,0
TXREF-11300,78.69,20.09,30,2,0.67,0
TXREF-11301,61.87,15.29,190,5,1.93,0
TXREF-11302,92.18,17.06,1881,2,8.81,0
TXREF-11303,46.33,9.44,36,1,7.14,0
TXREF-11304,5.19,12.37,833,1,14.93,0
TXREF-11305,14.21,13.76,829,2,6.81,0
TXREF-11306,48.65,20.42,234,4,5.22,0
TXREF-11307,26.68,22.88,808,1,0.65,0
TXREF-11308,23.28,9.98,731,1,6.59,0
TXREF-11309,15.73,13.95,25,2,6.24,0
TXREF-11310,68.87,17.24,1421,4,1.37,0
TXREF-11311,48.35,12.66,107,4,5.15,0
TXREF-11312,49.94,11.87,118,2,7.27,0
TXREF-11313,22.06,15.69,998,3,16.61,0
TXREF-11314,39.52,12.95,239,2,45.07,0
TXREF-11315,13.29,16.82,638,2,1.18,0
TXREF-11316,31.71,13.29,283,2,1.28,0
TXREF-11317,5.64,20.0,180,3,1.32,0
TXREF-11318,11.26,18.55,490,1,8.17,0
TXREF-11319,27.6,17.96,243,1,1.52,0
TXREF-11320,192.5,10.94,782,2,5.71,0
TXREF-11321,9.52,15.27,4,3,9.86,0
TXREF-11322,14.22,12.95,110,4,1.27,0
TXREF-11323,40.69,15.98,148,4,6.77,0
TXREF-11324,124.46,11.2,222,2,9.14,0
TXREF-11325,40.27,16.79,660,4,1.04,0
TXREF-11326,57.72,17.82,1103,2,2.89,0
TXREF-11327,27.3,10.97,125,1,1.75,0
TXREF-11328,24.1,14.22,341,4,5.59,0
TXREF-11329,36.94,17.89,681,2,1.91,0
TXREF-11330,21.67,22.57,182,3,200.04,1
TXREF-11331,58.64,11.86,531,5,10.1,0
TXREF-11332,10.95,2.39,731,3,4.42,0
TXREF-11333,66.08,13.49,319,2,6.81,0
TXREF-11334,35.81,23.08,144,2,3.95,0
TXREF-11335,29.83,12.98,262,1,3.79,0
TXREF-11336,10.67,21.75,133,3,3.44,0
TXREF-11337,17.19,22.4,336,5,4.5,0
TXREF-11338,82.52,11.96,775,2,8.15,0
TXREF-11339,29.96,11.08,1338,1,1.84,0
TXREF-11340,42.54,12.53,386,4,1.22,0
TXREF-11341,18.48,19.77,391,1,14.53,0
TXREF-11342,34.09,16.69,14,3,31.35,1
TXREF-11343,12.96,19.37,347,2,4.89,0
TXREF-11344,37.41,19.46,100,1,6.31,0
TXREF-11345,45.46,18.11,406,3,5.44,0
TXREF-11346,43.85,22.02,184,3,5.0,0
TXREF-11347,18.16,11.77,112,3,17.84,0
TXREF-11348,27.21,12.33,597,1,3.39,0
TXREF-11349,51.25,22.53,653,2,15.83,0
TXREF-11350,29.9,12.2,935,3,3.44,0
TXREF-11351,28.31,16.05,129,2,4.21,0
TXREF-11352,137.07,14.43,330,1,3.24,0
TXREF-11353,17.55,20.45,214,3,1.36,0
TXREF-11354,75.79,14.81,98,3,8.08,0
TXREF-11355,15.16,11.84,1315,2,10.61,0
TXREF-11356,55.78,20.27,764,2,1.89,0
TXREF-11357,57.97,9.16,668,1,7.79,0
TXREF-11358,24.11,6.6,53,1,4.27,0
TXREF-11359,14.49,21.21,284,2,4.84,0
TXREF-11360,8.43,17.26,191,3,4.03,0
TXREF-11361,22.36,14.23,381,2,6.99,0
TXREF-11362,50.85,12.75,791,4,5.33,0
TXREF-11363,16.02,9.71,467,3,5.78,0
TXREF-11364,37.33,17.73,278,3,10.56,0
TXREF-11365,12.02,15.58,398,3,10.4,0
TXREF-11366,29.42,14.93,123,1,2.05,0
TXREF-11367,15.24,13.98,253,2,15.66,0
TXREF-11368,32.91,20.44,1091,2,18.58,0
TXREF-11369,24.27,19.77,221,3,3.32,0
TXREF-11370,14.77,17.38,129,4,0.87,0
TXREF-11371,21.66,12.28,926,4,1.69,0
TXREF-11372,17.77,20.17,588,3,9.09,0
TXREF-11373,13.52,18.76,259,2,3.78,0
TXREF-11374,75.91,16.43,222,2,9.53,0
TXREF-11375,26.86,17.16,220,1,42.57,0
TXREF-11376,7.13,12.29,1559,3,1.97,0
TXREF-11377,22.23,10.8,758,1,5.01,0
TXREF-11378,67.26,13.55,368,5,26.18,0
TXREF-11379,20.12,9.44,10,2,3.44,0
TXREF-11380,102.35,20.52,570,2,1.15,0
TXREF-11381,18.79,13.05,539,5,6.3,0
TXREF-11382,50.02,12.48,307,2,34.6,0
TXREF-11383,73.43,14.48,203,2,14.47,0
TXREF-11384,48.14,13.75,74,3,1.78,0
TXREF-11385,12.94,13.57,243,5,2.52,0
TXREF-11386,17.66,19.77,602,1,0.79,0
TXREF-11387,80.84,13.93,23,2,9.99,1
TXREF-11388,19.51,15.1,408,2,14.19,0
TXREF-11389,70.28,14.7,645,1,6.95,0
TXREF-11390,25.54,17.61,403,2,3.14,0
TXREF-11391,38.55,12.25,4,2,7.22,0
TXREF-11392,12.83,14.76,334,3,1.17,0
TXREF-11393,22.47,21.83,314,3,3.95,0
TXREF-11394,18.54,13.87,765,1,11.06,0
TXREF-11395,40.95,13.99,13,3,12.01,1
TXREF-11396,37.23,9.96,350,1,8.45,0
TXREF-11397,48.57,22.45,302,2,0.83,0
TXREF-11398,24.45,13.66,212,5,1.5,0
TXREF-11399,17.82,15.71,1160,4,3.16,0
TXREF-11400,39.71,14.18,2636,3,18.52,0
TXREF-11401,16.59,15.04,303,1,4.0,0
TXREF-11402,75.68,16.57,97,2,4.81,0
TXREF-11403,32.06,10.8,847,3,8.78,0
TXREF-11404,27.53,15.56,393,2,5.44,0
TXREF-11405,48.56,14.04,763,2,5.77,0
TXREF-11406,32.95,17.83,43,1,2.19,0
TXREF-11407,10.55,12.84,87,2,2.76,0
TXREF-11408,16.21,10.95,419,3,7.01,0
TXREF-11409,74.56,0.9,1721,3,32.21,0
TXREF-11410,36.98,15.03,421,2,2.3,0
TXREF-11411,10.37,15.59,480,3,4.19,0
TXREF-11412,44.86,13.59,290,2,8.1,0
TXREF-11413,23.27,13.95,214,5,34.9,0
TXREF-11414,18.55,21.47,199,3,15.5,0
TXREF-11415,15.27,15.61,60,2,1.44,0
TXREF-11416,71.52,14.19,253,3,3.68,0
TXREF-11417,8.46,18.28,28,1,3.28,0
TXREF-11418,19.05,16.77,217,3,1.66,0
TXREF-11419,37.96,19.73,762,1,5.63,0
TXREF-11420,108.46,9.09,148,1,31.59,0
TXREF-11421,51.87,22.12,372,2,6.98,0
TXREF-11422,18.93,10.93,357,1,7.59,0
TXREF-11423,104.7,21.9,69,4,1.78,0
TXREF-11424,13.12,3.91,100,4,17.27,0
TXREF-11425,42.14,14.63,267,2,8.85,0
TXREF-11426,49.46,16.28,164,1,8.5,0
TXREF-11427,18.46,21.49,223,4,15.74,0
TXREF-11428,57.53,10.27,16,1,3.08,1
TXREF-11429,24.05,20.26,1052,2,1.24,0
TXREF-11430,57.43,17.7,2,5,7.81,0
TXREF-11431,9.26,12.3,34,3,4.69,0
TXREF-11432,44.31,13.16,190,2,3.87,0
TXREF-11433,25.88,7.66,609,1,33.06,0
TXREF-11434,79.66,15.51,183,5,20.19,0
TXREF-11435,33.73,21.59,105,3,7.8,0
TXREF-11436,85.58,17.72,616,1,1.99,0
TXREF-11437,50.17,17.28,136,4,386.33,1
TXREF-11438,31.76,13.78,138,2,10.25,0
TXREF-11439,61.38,10.59,458,4,5.79,0
TXREF-11440,61.67,18.0,679,2,3.04,0
TXREF-11441,48.9,14.01,402,4,4.66,0
TXREF-11442,6.68,18.68,39,2,2.18,0
TXREF-11443,17.16,11.02,9,2,1.61,0
TXREF-11444,94.31,20.93,1030,5,4.79,0
TXREF-11445,14.09,13.35,388,1,18.04,0
TXREF-11446,65.72,9.75,150,2,5.54,0
TXREF-11447,57.9,18.29,2,1,0.31,0
TXREF-11448,20.64,19.63,1092,3,35.27,0
TXREF-11449,8.28,17.26,202,3,1.26,0
TXREF-11450,23.11,16.78,366,3,2.2,0
TXREF-11451,155.43,19.65,206,1,17.46,0
TXREF-11452,18.7,10.65,1,4,11.77,1
TXREF-11453,19.65,10.61,55,3,25.92,0
TXREF-11454,16.97,12.67,1159,1,14.23,0
TXREF-11455,83.48,14.95,31,3,16.27,0
TXREF-11456,29.23,13.06,158,2,2.64,0
TXREF-11457,22.18,19.6,318,3,3.16,0
TXREF-11458,96.32,14.02,945,3,8.27,0
TXREF-11459,52.84,16.14,39,2,3.89,0
TXREF-11460,17.96,20.79,598,3,7.34,0
TXREF-11461,14.43,14.14,1375,1,24.39,0
TXREF-11462,80.15,7.91,419,3,14.14,0
TXREF-11463,35.24,15.23,37,2,26.39,0
TXREF-11464,11.41,19.06,381,6,5.05,0
TXREF-11465,9.64,14.09,118,2,5.09,0
TXREF-11466,15.59,21.65,92,2,16.99,0
TXREF-11467,14.26,12.38,803,1,0.43,0
TXREF-11468,7.98,22.31,1020,3,22.18,0
TXREF-11469,15.77,11.62,247,3,4.43,0
TXREF-11470,17.96,13.21,738,4,3.69,0
TXREF-11471,24.95,13.24,282,2,2.25,0
TXREF-11472,117.79,3.96,106,2,7.87,1
TXREF-11473,28.73,11.36,263,3,13.98,0
TXREF-11474,30.86,9.31,396,1,7.7,0
TXREF-11475,50.23,15.5,294,4,1.26,0
TXREF-11476,29.35,15.07,53,3,26.65,0
TXREF-11477,46.44,14.36,147,6,0.82,0
TXREF-11478,42.61,16.99,159,1,10.38,0
TXREF-11479,38.03,13.35,21,7,2.53,0
TXREF-11480,255.15,14.9,242,3,2.67,0
TXREF-11481,67.09,12.88,651,2,0.78,0
TXREF-11482,15.98,13.17,47,3,1.2,0
TXREF-11483,45.45,15.09,347,4,30.07,0
TXREF-11484,19.69,20.27,161,2,5.95,0
TXREF-11485,48.0,16.38,1082,1,5.36,0
TXREF-11486,12.93,15.76,62,2,6.15,0
TXREF-11487,15.68,16.48,627,2,15.17,0
TXREF-11488,44.59,21.44,19,2,6.19,1
TXREF-11489,71.4,15.02,212,3,7.57,1
TXREF-11490,49.99,17.73,364,1,7.43,0
TXREF-11491,64.39,14.27,821,3,5.28,0
TXREF-11492,45.57,13.86,49,5,3.65,0
TXREF-11493,39.42,20.93,225,4,12.89,0
TXREF-11494,24.22,22.44,138,1,2.91,0
TXREF-11495,62.51,11.33,1310,1,20.86,0
TXREF-11496,72.81,18.62,151,2,17.48,0
TXREF-11497,33.27,18.81,432,3,17.82,0
TXREF-11498,32.0,20.19,195,1,2.06,0
TXREF-11499,109.49,19.19,13,1,21.79,1
TXREF-11500,34.31,11.86,227,2,15.32,0
TXREF-11501,36.76,19.38,164,2,1.15,0
TXREF-11502,49.34,10.74,65,4,3.5,0
TXREF-11503,32.45,20.17,1060,3,51.81,0
TXREF-11504,19.29,12.35,324,4,4.75,0
TXREF-11505,45.7,17.31,10,4,33.29,0
TXREF-11506,33.86,11.7,59,4,19.67,0
TXREF-11507,131.16,17.37,997,3,2.66,0
TXREF-11508,61.42,18.38,205,2,10.62,0
TXREF-11509,22.67,14.91,802,1,5.48,0
TXREF-11510,58.85,17.93,149,3,1.0,0
TXREF-11511,43.45,9.64,580,5,3.74,0
TXREF-11512,89.37,12.21,260,1,17.08,0
TXREF-11513,23.86,20.74,44,2,4.99,0
TXREF-11514,39.88,14.71,751,2,1.93,0
TXREF-11515,32.42,22.83,1152,3,20.56,0
TXREF-11516,36.31,10.8,135,2,5.4,0
TXREF-11517,18.41,12.28,431,2,27.86,0
TXREF-11518,52.7,20.55,133,5,1.9,0
TXREF-11519,47.04,12.34,365,1,39.01,0
TXREF-11520,87.83,10.66,334,2,10.36,0
TXREF-11521,34.56,12.48,87,1,13.76,0
TXREF-11522,25.88,13.21,634,3,11.92,0
TXREF-11523,61.45,20.31,459,2,5.09,0
TXREF-11524,19.65,10.74,332,3,1.52,0
TXREF-11525,76.03,20.55,238,1,1.79,0
TXREF-11526,75.92,18.07,253,7,17.95,0
TXREF-11527,86.08,18.97,1032,2,5.47,0
TXREF-11528,45.66,14.83,35,3,13.8,1
TXREF-11529,24.53,15.84,1073,2,8.26,0
TXREF-11530,37.66,15.32,76,2,6.13,0
TXREF-11531,45.77,14.26,19,2,7.03,0
TXREF-11532,23.26,19.25,189,1,21.02,0
TXREF-11533,90.91,16.12,446,1,2.38,0
TXREF-11534,52.86,20.41,273,2,4.82,0
TXREF-11535,18.31,14.09,211,2,13.92,0
TXREF-11536,135.05,14.56,11,1,0.39,0
TXREF-11537,37.34,20.39,144,2,8.44,0
TXREF-11538,15.84,21.15,76,2,2.59,0
TXREF-11539,19.15,22.18,46,3,11.24,1
TXREF-11540,101.62,14.17,52,2,1.02,0
TXREF-11541,129.54,9.25,507,3,15.28,0
TXREF-11542,72.01,18.74,426,2,1.1,0
TXREF-11543,90.01,16.86,299,2,2.35,0
TXREF-11544,83.59,13.04,20,5,6.61,0
TXREF-11545,51.99,14.17,925,2,2.17,0
TXREF-11546,44.12,19.37,246,3,5.62,0
TXREF-11547,51.35,11.66,144,1,1.8,0
TXREF-11548,59.14,19.06,433,3,3.7,0
TXREF-11549,20.41,16.06,74,1,13.73,0
TXREF-11550,58.97,16.51,540,1,8.09,0
TXREF-11551,99.5,11.82,568,2,28.02,0
TXREF-11552,30.01,11.65,472,4,4.23,0
TXREF-11553,27.78,22.92,621,4,15.19,0
TXREF-11554,49.06,16.56,219,2,11.13,0
TXREF-11555,21.81,15.61,285,2,57.47,0
TXREF-11556,13.49,11.51,459,3,138.52,0
TXREF-11557,79.55,16.14,217,6,10.58,0
TXREF-11558,25.16,10.89,255,3,2.95,0
TXREF-11559,35.28,11.88,454,3,3.08,0
TXREF-11560,22.44,14.5,104,2,16.1,0
TXREF-11561,87.29,10.25,143,5,3.53,0
TXREF-11562,64.35,10.92,730,4,7.82,0
TXREF-11563,29.27,18.97,798,3,1.72,0
TXREF-11564,14.89,21.01,33,7,4.73,0
TXREF-11565,27.12,21.33,782,1,4.93,0
TXREF-11566,52.48,21.64,696,3,4.6,0
TXREF-11567,39.88,21.21,182,2,23.7,0
TXREF-11568,37.66,13.5,144,2,9.93,0
TXREF-11569,40.55,12.88,54,1,14.42,1
TXREF-11570,60.12,16.79,259,2,9.29,0
TXREF-11571,33.78,18.36,378,3,1.38,0
TXREF-11572,48.14,16.52,289,3,12.01,0
TXREF-11573,17.11,11.31,252,4,2.3,0
TXREF-11574,218.93,19.69,57,1,2.98,1
TXREF-11575,28.38,11.54,773,2,3.07,0
TXREF-11576,40.31,12.96,101,1,41.47,0
TXREF-11577,52.34,19.24,313,1,7.64,0
TXREF-11578,25.9,10.16,1385,3,8.39,0
TXREF-11579,35.01,20.94,287,3,28.26,0
TXREF-11580,34.71,15.76,352,1,3.28,0
TXREF-11581,18.03,12.51,255,2,28.33,0
TXREF-11582,47.74,19.83,798,1,3.55,0
TXREF-11583,10.62,11.81,123,3,5.17,0
TXREF-11584,122.97,20.7,190,2,3.47,1
TXREF-11585,61.62,14.23,651,3,2.94,0
TXREF-11586,55.16,18.36,564,4,5.2,0
TXREF-11587,9.97,11.01,318,2,17.72,0
TXREF-11588,19.68,19.08,188,1,61.57,0
TXREF-11589,94.66,9.79,326,5,0.73,0
TXREF-11590,691.52,9.93,468,3,26.18,1
TXREF-11591,82.28,22.95,639,2,6.92,0
TXREF-11592,73.45,19.35,97,2,4.85,0
TXREF-11593,50.8,15.3,934,2,5.55,0
TXREF-11594,18.91,20.54,394,4,25.58,0
TXREF-11595,71.27,15.61,29,4,13.36,1
TXREF-11596,15.75,15.62,25,1,3.08,0
TXREF-11597,14.56,17.76,616,4,14.02,0
TXREF-11598,13.92,15.31,368,2,5.32,0
TXREF-11599,70.28,19.25,329,3,2.98,0
TXREF-11600,33.4,13.88,262,4,1.56,0
TXREF-11601,37.44,15.92,56,2,2.17,0
TXREF-11602,34.43,16.25,138,1,8.55,0
TXREF-11603,15.48,11.02,557,3,3.25,0
TXREF-11604,21.48,14.14,119,3,9.86,0
TXREF-11605,22.27,20.03,143,1,18.89,0
TXREF-11606,12.66,13.58,21,4,4.27,0
TXREF-11607,24.21,13.11,1230,3,4.63,0
TXREF-11608,15.98,12.92,844,2,1.22,0
TXREF-11609,52.77,12.7,922,4,22.89,0
TXREF-11610,56.03,15.64,180,5,17.52,0
TXREF-11611,13.72,11.17,37,3,5.06,0
TXREF-11612,28.12,19.95,1297,4,4.08,0
TXREF-11613,132.47,20.09,1546,3,5.14,0
TXREF-11614,17.18,20.23,43,4,7.34,0
TXREF-11615,47.33,18.81,658,3,9.98,0
TXREF-11616,37.56,17.48,157,4,5.66,0
TXREF-11617,76.47,15.18,512,1,5.75,0
TXREF-11618,43.07,10.78,1772,2,14.21,0
TXREF-11619,25.52,21.16,196,1,11.28,0
TXREF-11620,36.53,17.2,185,2,42.2,0
TXREF-11621,36.91,23.93,331,2,18.3,0
TXREF-11622,32.59,14.67,515,1,1.59,0
TXREF-11623,13.47,14.42,68,5,5.29,0
TXREF-11624,85.2,14.02,62,1,4.3,1
TXREF-11625,75.03,19.56,45,1,2.13,0
TXREF-11626,16.41,18.23,509,3,6.59,0
TXREF-11627,28.04,11.34,771,5,14.58,0
TXREF-11628,29.6,22.36,784,3,4.5,0
TXREF-11629,15.14,15.24,1186,1,7.54,0
TXREF-11630,9.08,12.47,286,4,6.47,0
TXREF-11631,21.48,13.07,395,1,8.67,0
TXREF-11632,26.93,16.62,533,5,1.94,0
TXREF-11633,12.33,20.88,653,2,33.17,0
TXREF-11634,39.54,11.93,144,1,10.25,0
TXREF-11635,80.42,9.99,379,1,3.19,0
TXREF-11636,63.84,11.37,361,7,62.92,0
TXREF-11637,31.78,14.41,318,3,3.72,0
TXREF-11638,9.25,16.05,182,2,3.38,0
TXREF-11639,58.28,11.42,54,1,7.44,0
TXREF-11640,38.68,15.95,859,3,9.02,0
TXREF-11641,47.25,18.76,711,3,18.89,0
TXREF-11642,140.33,9.58,567,2,23.28,0
TXREF-11643,19.22,14.56,924,2,7.61,0
TXREF-11644,4.39,17.82,340,2,9.16,0
TXREF-11645,16.31,21.2,303,2,1.67,0
TXREF-11646,49.4,17.54,85,4,38.68,0
TXREF-11647,35.49,12.05,703,2,2.47,0
TXREF-11648,14.51,8.72,58,4,7.8,0
TXREF-11649,12.53,14.44,772,2,19.38,0
TXREF-11650,26.97,22.84,125,3,3.11,0
TXREF-11651,14.19,13.1,291,4,20.25,0
TXREF-11652,50.65,15.0,739,1,3.19,0
TXREF-11653,25.89,20.78,466,3,9.76,0
TXREF-11654,22.16,23.73,937,2,8.65,0
TXREF-11655,20.17,23.54,426,2,0.95,0
TXREF-11656,42.07,22.54,598,2,7.19,0
TXREF-11657,35.9,14.16,38,1,3.4,0
TXREF-11658,40.26,14.93,749,2,39.21,0
TXREF-11659,39.63,20.51,1107,2,5.22,0
TXREF-11660,33.05,21.15,655,3,5.18,0
TXREF-11661,16.55,15.8,1030,3,5.01,0
TXREF-11662,20.58,12.71,511,3,2.69,0
TXREF-11663,26.2,18.72,2,3,19.79,0
TXREF-11664,154.0,19.53,143,1,0.26,0
TXREF-11665,13.18,18.56,967,2,10.83,0
TXREF-11666,25.75,9.47,181,3,10.99,0
TXREF-11667,37.37,20.93,136,1,1.23,0
TXREF-11668,27.98,17.29,236,4,5.5,0
TXREF-11669,75.43,16.96,79,4,6.35,0
TXREF-11670,27.88,11.78,230,2,5.1,0
TXREF-11671,29.4,20.93,1505,4,5.13,0
TXREF-11672,62.59,14.05,519,2,1.2,0
TXREF-11673,128.22,15.24,530,4,3.42,0
TXREF-11674,95.91,11.06,119,2,12.71,0
TXREF-11675,31.55,20.93,1025,3,7.39,0
TXREF-11676,33.59,11.51,147,3,2.88,0
TXREF-11677,36.0,0.03,1290,2,5.48,0
TXREF-11678,38.7,21.42,231,1,6.64,0
TXREF-11679,18.91,18.2,787,4,4.16,0
TXREF-11680,68.33,17.54,18,2,5.99,0
TXREF-11681,40.4,12.94,446,2,4.99,0
TXREF-11682,33.71,12.63,8,4,4.6,0
TXREF-11683,13.94,7.0,210,3,1.41,0
TXREF-11684,36.41,9.05,52,3,19.44,0
TXREF-11685,8.91,21.78,474,5,11.25,0
TXREF-11686,22.9,20.51,447,3,2.24,0
TXREF-11687,23.21,12.97,225,3,10.8,0
TXREF-11688,42.8,19.1,394,3,17.57,0
TXREF-11689,134.76,22.09,3,1,5.08,1
TXREF-11690,52.55,11.51,409,1,11.84,0
TXREF-11691,98.78,16.96,337,4,3.92,0
TXREF-11692,55.4,19.4,660,2,16.42,0
TXREF-11693,78.26,20.85,1445,2,3.78,0
TXREF-11694,132.57,19.81,104,2,2.25,0
TXREF-11695,20.55,15.7,18,3,1.38,0
TXREF-11696,19.61,12.45,1395,1,0.93,0
TXREF-11697,56.35,13.1,410,3,95.84,0
TXREF-11698,34.72,18.33,92,2,1.88,0
TXREF-11699,40.8,12.75,127,4,7.74,0
TXREF-11700,29.11,21.48,36,4,3.83,0
TXREF-11701,22.66,10.74,133,1,9.14,0
TXREF-11702,111.83,14.12,629,3,56.81,0
TXREF-11703,15.77,8.91,131,4,4.4,0
TXREF-11704,57.07,13.82,1525,2,2.04,0
TXREF-11705,50.78,15.23,337,3,4.16,0
TXREF-11706,11.17,17.54,412,3,7.86,0
TXREF-11707,19.14,20.41,573,3,10.48,0
TXREF-11708,21.6,12.31,148,2,4.24,0
TXREF-11709,52.27,11.94,76,3,17.45,0
TXREF-11710,26.73,16.57,230,1,4.81,0
TXREF-11711,32.73,10.92,768,3,4.31,0
TXREF-11712,12.19,22.53,1192,1,2.02,0
TXREF-11713,185.8,10.66,1548,1,39.7,0
TXREF-11714,36.64,13.84,74,4,3.29,0
TXREF-11715,49.86,22.07,260,1,33.17,1
TXREF-11716,23.59,15.77,613,3,2.08,0
TXREF-11717,21.76,16.7,128,2,2.76,0
TXREF-11718,137.98,12.56,284,3,7.26,0
TXREF-11719,8.76,8.93,28,1,3.44,0
TXREF-11720,42.55,20.24,135,1,4.65,0
TXREF-11721,14.55,13.97,395,3,0.76,0
TXREF-11722,26.01,23.69,251,2,1.73,0
TXREF-11723,21.99,20.1,625,2,10.11,0
TXREF-11724,17.12,15.44,434,2,9.85,0
TXREF-11725,35.71,14.39,882,2,2.08,0
TXREF-11726,5.48,14.52,134,1,5.07,0
TXREF-11727,27.74,16.72,237,3,1.39,0
TXREF-11728,32.62,11.79,56,4,10.19,0
TXREF-11729,13.08,11.18,59,1,24.87,0
TXREF-11730,103.49,13.25,619,1,1.11,0
TXREF-11731,22.69,10.23,495,1,8.67,0
TXREF-11732,29.34,13.85,1000,3,1.07,0
TXREF-11733,22.73,14.31,439,2,24.17,1
TXREF-11734,32.83,13.78,326,2,72.34,0
TXREF-11735,89.29,12.84,106,5,7.82,1
TXREF-11736,206.56,20.4,1037,1,2.06,0
TXREF-11737,59.55,17.01,15,5,5.02,0
TXREF-11738,76.2,13.69,260,1,8.01,0
TXREF-11739,119.8,14.3,3,4,11.97,0
TXREF-11740,41.65,18.4,123,3,2.02,0
TXREF-11741,107.83,12.13,75,1,3.75,0
TXREF-11742,61.59,10.91,137,1,17.28,0
TXREF-11743,38.62,21.51,262,5,10.05,0
TXREF-11744,44.8,15.32,69,7,3.02,0
TXREF-11745,9.38,19.2,40,1,43.17,0
TXREF-11746,42.96,16.65,364,2,3.83,0
TXREF-11747,11.46,11.66,193,2,0.95,0
TXREF-11748,10.8,9.49,140,2,2.36,0
TXREF-11749,40.0,12.13,202,4,37.32,0
TXREF-11750,15.61,15.86,292,5,18.48,0
TXREF-11751,34.64,11.05,303,5,11.59,0
TXREF-11752,38.46,20.27,263,3,17.38,0
TXREF-11753,39.72,14.46,20,3,11.93,0
TXREF-11754,18.16,12.19,7,2,2.47,0
TXREF-11755,66.49,8.47,1010,4,2.12,0
TXREF-11756,32.65,14.24,334,2,2.93,0
TXREF-11757,47.83,12.76,887,2,10.26,0
TXREF-11758,14.71,19.36,210,1,12.36,0
TXREF-11759,30.62,14.28,260,1,19.89,0
TXREF-11760,76.71,23.33,274,5,42.5,0
TXREF-11761,70.0,13.94,299,2,25.56,0
TXREF-11762,19.61,12.09,347,1,24.09,0
TXREF-11763,23.5,12.44,332,4,9.41,0
TXREF-11764,17.08,17.46,104,3,4.96,0
TXREF-11765,21.7,18.83,154,2,7.33,0
TXREF-11766,12.71,21.13,2772,4,2.77,0
TXREF-11767,31.52,10.0,17,2,0.83,0
TXREF-11768,54.92,10.18,813,2,40.17,0
TXREF-11769,19.78,22.94,310,3,3.67,0
TXREF-11770,32.61,8.46,136,4,5.67,0
TXREF-11771,29.7,16.52,668,2,7.05,0
TXREF-11772,74.42,18.52,59,4,5.93,0
TXREF-11773,22.41,14.47,516,2,2.9,0
TXREF-11774,23.01,12.49,86,1,2.17,0
TXREF-11775,18.93,17.8,147,2,0.72,0
TXREF-11776,15.35,19.97,309,2,8.32,0
TXREF-11777,50.96,9.38,218,1,32.88,0
TXREF-11778,31.59,10.12,250,2,8.34,0
TXREF-11779,36.21,8.74,693,3,2.59,0
TXREF-11780,87.16,17.84,1645,3,4.4,0
TXREF-11781,90.84,18.56,614,3,10.6,0
TXREF-11782,10.64,17.48,136,3,13.17,0
TXREF-11783,55.5,13.54,218,2,2.69,0
TXREF-11784,40.95,9.44,584,3,1.64,0
TXREF-11785,24.97,10.63,607,4,2.01,0
TXREF-11786,44.08,10.84,620,1,10.21,0
TXREF-11787,10.04,18.64,963,1,1.31,0
TXREF-11788,99.79,23.85,777,2,2.31,0
TXREF-11789,50.44,18.43,31,1,5.48,0
TXREF-11790,18.67,22.52,943,1,38.66,0
TXREF-11791,22.84,6.84,384,1,3.26,0
TXREF-11792,10.21,10.27,1132,1,14.31,0
TXREF-11793,27.77,17.8,409,5,1.41,0
TXREF-11794,24.59,19.84,765,2,4.43,0
TXREF-11795,13.41,12.86,34,2,0.87,0
TXREF-11796,60.9,12.64,133,2,7.71,0
TXREF-11797,87.3,11.6,51,2,2.73,0
TXREF-11798,34.13,10.15,374,4,7.5,0
TXREF-11799,27.94,20.63,220,3,2.71,0
TXREF-11800,47.62,20.99,73,2,27.67,0
TXREF-11801,34.32,11.37,1682,1,4.27,0
TXREF-11802,15.97,8.39,426,1,4.36,0
TXREF-11803,21.76,14.54,1011,2,3.52,0
TXREF-11804,28.12,13.53,564,1,6.98,0
TXREF-11805,41.62,16.01,676,6,8.12,0
TXREF-11806,35.05,16.73,84,1,2.44,0
TXREF-11807,40.51,10.26,109,4,4.82,0
TXREF-11808,11.61,18.1,1125,3,9.65,0
TXREF-11809,56.2,21.18,186,2,29.59,0
TXREF-11810,34.9,15.95,357,1,16.96,0
TXREF-11811,218.75,13.16,254,3,9.52,0
TXREF-11812,26.34,16.95,529,1,24.22,0
TXREF-11813,43.94,6.44,390,1,1.51,0
TXREF-11814,266.94,18.97,941,1,26.8,1
TXREF-11815,40.03,21.96,320,7,6.78,0
TXREF-11816,33.16,14.24,1057,3,3.19,0
TXREF-11817,17.11,20.25,401,3,4.35,0
TXREF-11818,104.62,11.43,34,2,15.47,0
TXREF-11819,15.11,10.93,34,3,3.83,0
TXREF-11820,47.35,12.81,114,2,6.67,0
TXREF-11821,24.76,12.61,529,2,9.76,0
TXREF-11822,30.38,10.64,97,3,15.89,0
TXREF-11823,12.49,14.34,778,1,1.34,0
TXREF-11824,91.57,21.62,252,2,4.25,0
TXREF-11825,28.5,15.48,68,3,14.57,0
TXREF-11826,14.51,22.53,1212,4,26.34,0
TXREF-11827,85.79,21.22,78,1,3.01,0
TXREF-11828,24.22,13.62,115,2,39.57,0
TXREF-11829,44.3,15.41,610,3,7.18,0
TXREF-11830,63.8,18.49,16,1,1.37,0
TXREF-11831,48.97,20.78,244,1,9.88,0
TXREF-11832,7.16,15.06,115,3,4.43,0
TXREF-11833,57.44,10.98,489,3,2.58,0
TXREF-11834,32.38,13.61,33,3,1.1,0
TXREF-11835,27.47,23.14,258,1,5.49,0
TXREF-11836,32.18,13.89,23,1,9.68,1
TXREF-11837,10.92,17.79,35,2,8.15,0
TXREF-11838,39.98,9.79,85,2,4.11,0
TXREF-11839,13.04,16.88,270,2,1.43,0
TXREF-11840,28.34,12.1,895,3,21.55,0
TXREF-11841,38.96,10.32,843,3,8.76,0
TXREF-11842,75.44,18.85,29,4,0.13,0
TXREF-11843,19.3,19.59,569,4,2.86,0
TXREF-11844,99.0,17.23,985,4,12.54,0
TXREF-11845,68.84,16.13,500,1,23.62,0
TXREF-11846,25.55,13.09,12,2,17.21,0
TXREF-11847,15.67,15.35,197,4,8.91,0
TXREF-11848,12.31,12.65,42,4,2.48,0
TXREF-11849,42.34,20.85,31,2,25.01,0
TXREF-11850,20.47,14.61,192,1,15.38,0
TXREF-11851,82.56,21.79,85,3,5.6,0
TXREF-11852,21.34,14.12,437,2,8.15,0
TXREF-11853,18.2,20.74,180,3,7.44,0
TXREF-11854,41.19,14.54,403,2,3.3,0
TXREF-11855,21.24,10.71,425,3,4.76,0
TXREF-11856,35.03,21.36,1124,2,12.72,0
TXREF-11857,70.8,15.56,95,7,5.97,0
TXREF-11858,37.88,20.13,740,1,6.65,0
TXREF-11859,37.98,13.83,74,4,2.36,0
TXREF-11860,40.35,10.59,270,4,17.12,0
TXREF-11861,10.29,19.05,343,2,10.68,0
TXREF-11862,46.16,10.11,122,3,1.51,0
TXREF-11863,39.06,13.2,214,3,7.4,0
TXREF-11864,66.21,11.86,179,3,5.07,0
TXREF-11865,53.85,17.15,559,4,43.13,0
TXREF-11866,30.1,19.28,142,2,2.92,0
TXREF-11867,73.21,10.34,249,4,3.23,0
TXREF-11868,28.2,19.37,706,3,2.25,0
TXREF-11869,41.59,13.01,230,1,51.6,0
TXREF-11870,27.83,15.49,142,2,37.21,0
TXREF-11871,48.54,21.4,271,3,12.47,1
TXREF-11872,26.55,16.96,1796,3,3.4,0
TXREF-11873,114.0,17.5,42,4,0.79,1
TXREF-11874,148.78,0.28,162,3,2.56,0
TXREF-11875,65.32,19.09,450,4,0.52,0
TXREF-11876,105.61,11.46,831,2,1.29,0
TXREF-11877,11.49,14.82,54,4,2.46,0
TXREF-11878,12.51,15.63,15,4,8.47,0
TXREF-11879,27.62,15.4,364,1,8.4,0
TXREF-11880,35.86,13.05,66,1,8.56,0
TXREF-11881,30.18,18.38,173,4,22.56,1
TXREF-11882,10.67,7.32,115,6,3.63,0
TXREF-11883,79.77,10.5,831,3,1.18,0
TXREF-11884,164.19,20.59,495,5,1.17,0
TXREF-11885,87.56,11.18,635,3,1.11,0
TXREF-11886,76.06,11.0,427,3,13.32,0
TXREF-11887,40.97,12.5,626,2,1.71,0
TXREF-11888,18.97,11.49,209,4,0.6,0
TXREF-11889,36.68,16.04,88,4,8.25,0
TXREF-11890,158.54,16.89,739,3,3.21,1
TXREF-11891,27.02,19.96,195,4,5.68,0
TXREF-11892,25.09,17.13,8,2,6.31,0
TXREF-11893,77.27,9.56,1475,3,1.58,0
TXREF-11894,81.05,14.24,137,1,43.38,0
TXREF-11895,18.91,21.45,641,1,2.79,0
TXREF-11896,28.84,17.13,822,4,0.56,0
TXREF-11897,24.26,18.6,834,4,27.21,0
TXREF-11898,36.6,12.11,304,3,11.08,0
TXREF-11899,77.07,16.94,102,1,0.65,0
TXREF-11900,19.51,12.63,266,1,0.96,0
TXREF-11901,76.29,19.74,90,2,47.0,0
TXREF-11902,37.46,18.19,17,3,2.5,0
TXREF-11903,185.83,19.43,395,2,1.49,0
TXREF-11904,43.8,20.39,29,5,18.25,1
TXREF-11905,32.47,19.91,111,2,40.44,0
TXREF-11906,52.66,23.17,156,2,1.2,0
TXREF-11907,27.31,13.66,687,4,9.2,0
TXREF-11908,9.56,16.76,1001,1,17.39,0
TXREF-11909,29.28,7.29,343,4,1.58,0
TXREF-11910,28.95,14.67,645,1,4.55,0
TXREF-11911,11.06,12.3,534,3,1.18,0
TXREF-11912,33.03,20.65,266,2,3.97,0
TXREF-11913,7.86,20.91,260,3,15.54,0
TXREF-11914,27.1,3.19,198,1,7.67,0
TXREF-11915,41.49,18.39,47,3,2.55,0
TXREF-11916,37.33,14.6,176,2,5.87,0
TXREF-11917,25.89,19.45,47,3,0.49,0
TXREF-11918,32.73,13.41,144,1,2.24,0
TXREF-11919,19.8,14.16,442,3,63.07,0
TXREF-11920,35.09,14.55,139,4,9.87,0
TXREF-11921,36.3,23.4,80,1,19.37,0
TXREF-11922,18.21,15.52,1088,3,2.17,0
TXREF-11923,42.21,23.81,1377,3,1.76,0
TXREF-11924,42.02,19.92,242,3,2.08,0
TXREF-11925,30.89,11.68,1056,3,6.52,0
TXREF-11926,198.97,18.23,445,1,33.08,0
TXREF-11927,31.46,21.03,15,4,11.47,0
TXREF-11928,28.47,13.51,1000,4,5.28,0
TXREF-11929,25.68,20.41,441,3,9.75,0
TXREF-11930,17.3,18.84,277,5,40.06,0
TXREF-11931,57.05,21.22,267,2,2.05,0
TXREF-11932,21.24,17.16,471,2,43.62,0
TXREF-11933,23.13,19.53,813,3,10.61,0
TXREF-11934,23.63,9.09,472,1,34.74,0
TXREF-11935,17.13,14.56,135,2,8.97,0
TXREF-11936,9.87,10.82,232,2,36.4,0
TXREF-11937,24.95,18.92,317,5,8.64,0
TXREF-11938,65.29,19.61,141,2,16.01,0
TXREF-11939,40.12,20.0,1359,5,10.66,0
TXREF-11940,107.08,15.14,267,2,8.92,0
TXREF-11941,59.78,12.52,399,6,2.01,0
TXREF-11942,50.77,15.03,1166,4,3.91,0
TXREF-11943,135.03,10.99,660,2,16.74,1
TXREF-11944,32.46,21.51,176,4,2.9,0
TXREF-11945,36.43,17.82,809,2,8.31,0
TXREF-11946,34.53,16.08,583,5,9.55,0
TXREF-11947,105.8,17.19,432,2,0.56,0
TXREF-11948,34.88,12.43,366,2,1.01,0
TXREF-11949,21.83,10.45,396,1,25.33,0
TXREF-11950,53.15,6.92,601,3,19.7,0
TXREF-11951,19.34,18.94,140,1,7.94,0
TXREF-11952,51.12,22.57,117,4,4.75,0
TXREF-11953,46.9,15.66,447,4,3.92,0
TXREF-11954,30.38,14.04,52,3,3.04,0
TXREF-11955,52.32,21.43,1268,3,2.99,0
TXREF-11956,11.93,16.6,40,3,4.19,0
TXREF-11957,39.15,23.58,141,1,35.81,0
TXREF-11958,24.95,22.89,1423,6,3.74,0
TXREF-11959,273.37,19.12,425,2,6.32,0
TXREF-11960,38.95,21.18,1246,2,0.8,0
TXREF-11961,22.66,17.27,747,1,2.38,0
TXREF-11962,12.91,17.29,80,2,3.97,0
TXREF-11963,89.11,14.41,1161,4,6.32,0
TXREF-11964,27.06,14.57,195,3,4.56,0
TXREF-11965,19.69,19.25,1776,1,0.8,0
TXREF-11966,44.35,23.83,311,2,7.75,0
TXREF-11967,55.58,10.95,1077,3,10.22,0
TXREF-11968,54.95,19.74,421,2,44.71,0
TXREF-11969,35.31,9.74,63,4,4.06,0
TXREF-11970,39.04,13.13,752,4,7.06,0
TXREF-11971,41.14,12.96,234,3,4.42,0
TXREF-11972,44.35,21.57,152,2,5.97,0
TXREF-11973,47.27,13.82,514,3,8.41,0
TXREF-11974,76.55,17.42,288,2,15.97,0
TXREF-11975,36.26,15.83,727,4,9.39,0
TXREF-11976,19.33,13.77,20,1,2.22,0
TXREF-11977,31.38,12.93,129,3,1.88,0
TXREF-11978,59.9,13.85,1244,2,3.15,0
TXREF-11979,9.62,13.9,867,1,2.31,0
TXREF-11980,9.66,22.06,1666,5,2.86,0
TXREF-11981,67.43,20.76,200,1,1.49,0
TXREF-11982,104.01,11.04,40,3,15.18,1
TXREF-11983,14.0,10.57,96,1,3.16,0
TXREF-11984,37.42,14.86,269,3,4.12,0
TXREF-11985,26.11,23.37,559,3,20.77,0
TXREF-11986,28.85,12.17,319,1,2.74,0
TXREF-11987,43.38,16.87,880,5,8.44,0
TXREF-11988,13.72,15.18,132,1,28.38,0
TXREF-11989,15.69,21.51,118,3,1.14,0
TXREF-11990,28.03,17.85,49,6,7.88,0
TXREF-11991,31.35,7.18,407,2,14.96,0
TXREF-11992,15.48,16.19,185,1,4.72,0
TXREF-11993,61.47,9.87,2199,3,1.57,0
TXREF-11994,25.77,14.8,807,4,5.06,0
TXREF-11995,25.69,13.77,274,1,24.07,0
TXREF-11996,42.67,19.14,456,2,2.33,0
TXREF-11997,31.73,10.15,828,1,10.02,0
TXREF-11998,63.62,17.3,128,3,2.96,0
TXREF-11999,17.78,9.87,690,4,26.5,0
TXREF-12000,12.73,20.55,25,2,5.26,0
TXREF-12001,27.85,9.42,13,6,1.54,0
TXREF-12002,36.36,13.94,306,2,6.4,0
TXREF-12003,14.25,19.77,74,1,1.79,0
TXREF-12004,12.82,21.56,332,4,5.01,0
TXREF-12005,39.7,23.51,396,3,9.95,0
TXREF-12006,20.17,11.75,1444,2,5.88,0
TXREF-12007,12.23,19.03,913,2,10.78,0
TXREF-12008,69.76,21.22,506,2,35.47,0
TXREF-12009,22.09,13.78,60,2,3.32,0
TXREF-12010,79.67,17.44,291,2,5.85,0
TXREF-12011,35.53,23.64,28,3,7.43,0
TXREF-12012,43.04,10.16,15,1,11.11,0
TXREF-12013,29.9,8.05,69,3,15.8,0
TXREF-12014,5.15,12.04,757,4,4.29,0
TXREF-12015,15.36,21.41,424,2,1.34,0
TXREF-12016,31.8,14.82,362,4,9.44,0
TXREF-12017,45.27,17.37,653,1,5.92,0
TXREF-12018,9.6,9.46,369,4,33.92,0
TXREF-12019,33.5,18.89,254,1,5.92,0
TXREF-12020,15.52,16.49,285,1,5.95,0
TXREF-12021,41.22,10.51,221,3,4.89,0
TXREF-12022,34.33,13.8,766,2,0.75,0
TXREF-12023,59.46,19.57,625,2,4.66,0
TXREF-12024,75.05,16.64,225,3,3.16,0
TXREF-12025,48.45,15.28,189,5,0.41,0
TXREF-12026,64.68,16.19,1595,2,6.99,0
TXREF-12027,27.05,16.79,61,2,4.86,0
TXREF-12028,265.77,13.27,380,6,0.57,0
TXREF-12029,14.48,17.21,1065,3,2.91,0
TXREF-12030,23.81,12.11,549,2,14.45,0
TXREF-12031,66.62,20.24,409,4,3.19,0
TXREF-12032,59.86,21.9,1140,3,3.08,0
TXREF-12033,49.45,11.61,19,2,3.37,0
TXREF-12034,56.61,21.41,1230,2,16.5,0
TXREF-12035,7.77,15.96,42,3,31.34,0
TXREF-12036,109.32,15.96,404,1,18.43,0
TXREF-12037,30.06,11.36,1155,4,10.07,0
TXREF-12038,85.37,21.78,156,1,28.22,0
TXREF-12039,8.05,13.15,872,1,2.34,0
TXREF-12040,41.88,13.79,1357,2,18.18,0
TXREF-12041,23.2,20.13,809,3,17.37,0
TXREF-12042,52.56,17.26,1143,2,0.56,0
TXREF-12043,43.74,14.35,180,1,11.35,0
TXREF-12044,45.31,14.21,80,3,56.67,0
TXREF-12045,16.24,20.54,369,2,11.72,0
TXREF-12046,33.41,9.78,25,3,30.69,0
TXREF-12047,30.58,7.85,431,4,6.27,0
TXREF-12048,49.73,16.38,674,2,3.9,0
TXREF-12049,70.97,18.9,173,1,5.98,0
TXREF-12050,38.8,9.8,46,1,6.96,0
TXREF-12051,13.89,7.3,379,2,3.12,0
TXREF-12052,37.62,16.86,153,2,6.89,0
TXREF-12053,228.14,12.33,759,2,8.11,0
TXREF-12054,113.88,15.28,174,3,9.23,0
TXREF-12055,4.09,13.16,662,4,52.34,0
TXREF-12056,36.44,13.89,1246,3,16.78,0
TXREF-12057,68.11,12.1,368,5,5.7,0
TXREF-12058,30.53,13.76,609,2,6.75,0
TXREF-12059,25.0,15.85,1303,3,26.04,0
TXREF-12060,28.73,13.12,129,3,5.36,0
TXREF-12061,51.81,23.28,46,2,1.48,0
TXREF-12062,15.23,15.94,145,7,3.53,0
TXREF-12063,81.93,16.16,316,3,10.18,0
TXREF-12064,33.44,21.95,302,2,2.86,0
TXREF-12065,17.76,18.62,149,1,5.47,0
TXREF-12066,78.22,12.32,196,1,8.83,0
TXREF-12067,11.44,14.04,1205,2,5.89,0
TXREF-12068,23.34,18.59,596,1,0.97,0
TXREF-12069,23.07,15.15,253,3,5.79,0
TXREF-12070,162.98,19.37,219,2,4.89,0
TXREF-12071,21.26,14.7,65,2,2.59,0
TXREF-12072,7.38,13.47,390,3,7.44,0
TXREF-12073,22.9,13.94,452,3,4.5,0
TXREF-12074,48.33,14.46,1770,3,3.1,0
TXREF-12075,61.22,15.03,971,3,3.78,0
TXREF-12076,179.31,10.83,292,4,2.17,0
TXREF-12077,95.87,20.98,241,4,6.92,0
TXREF-12078,39.86,11.68,659,3,2.45,0
TXREF-12079,18.32,17.29,114,4,3.01,0
TXREF-12080,112.09,7.84,237,3,3.0,0
TXREF-12081,26.7,15.04,174,3,0.82,0
TXREF-12082,21.67,9.14,226,2,2.86,0
TXREF-12083,25.78,17.49,143,7,4.39,0
TXREF-12084,14.13,20.76,53,6,4.82,0
TXREF-12085,24.91,8.19,597,4,24.33,0
TXREF-12086,29.43,17.02,206,2,7.95,0
TXREF-12087,58.91,5.95,1668,1,5.29,0
TXREF-12088,26.33,13.9,34,1,8.37,0
TXREF-12089,13.98,16.21,393,4,6.22,0
TXREF-12090,10.97,18.41,510,1,9.56,0
TXREF-12091,40.48,8.85,256,3,2.65,0
TXREF-12092,36.68,22.87,177,3,4.76,0
TXREF-12093,23.36,17.47,338,2,1.96,0
TXREF-12094,24.86,17.68,115,2,5.41,0
TXREF-12095,46.05,18.1,881,1,3.49,0
TXREF-12096,94.75,22.2,11,3,19.04,0
TXREF-12097,19.85,12.37,6,4,7.23,0
TXREF-12098,37.11,0.81,494,2,41.27,0
TXREF-12099,69.4,12.89,184,2,10.4,0
TXREF-12100,19.91,20.82,505,1,38.63,0
TXREF-12101,34.42,13.71,636,3,32.77,0
TXREF-12102,33.87,7.62,417,2,3.49,0
TXREF-12103,13.54,12.33,976,5,20.46,1
TXREF-12104,39.3,9.3,922,2,13.72,0
TXREF-12105,35.61,15.4,274,1,0.86,0
TXREF-12106,51.92,11.51,160,1,1.88,0
TXREF-12107,14.81,8.29,1612,3,2.79,0
TXREF-12108,35.06,16.77,453,4,2.94,0
TXREF-12109,94.15,12.07,1549,2,6.4,0
TXREF-12110,155.37,22.74,97,2,6.99,0
TXREF-12111,87.5,10.87,971,4,3.51,0
TXREF-12112,14.92,21.03,92,3,1.38,0
TXREF-12113,48.17,14.87,875,2,9.69,0
TXREF-12114,24.58,12.04,490,3,0.64,0
TXREF-12115,42.71,23.22,167,2,1.67,0
TXREF-12116,19.97,22.03,57,4,4.9,0
TXREF-12117,10.14,21.36,47,3,0.71,0
TXREF-12118,27.17,18.62,587,2,4.98,0
TXREF-12119,58.57,11.75,385,1,2.43,0
TXREF-12120,42.84,12.4,250,3,16.11,1
TXREF-12121,46.53,15.28,143,2,1.41,0
TXREF-12122,40.68,20.25,419,6,10.59,0
TXREF-12123,46.58,22.37,386,2,12.21,0
TXREF-12124,50.97,18.67,344,4,12.34,0
TXREF-12125,28.57,13.82,2,4,8.55,0
TXREF-12126,36.95,10.42,2,2,16.98,1
TXREF-12127,122.14,21.2,475,3,6.43,0
TXREF-12128,38.56,12.16,1462,2,2.28,0
TXREF-12129,35.9,19.36,373,3,39.05,0
TXREF-12130,37.49,10.37,39,1,12.53,0
TXREF-12131,29.76,12.35,55,4,7.45,0
TXREF-12132,25.45,14.7,267,4,7.8,0
TXREF-12133,40.46,20.14,291,1,5.6,0
TXREF-12134,24.19,17.93,398,1,7.47,0
TXREF-12135,31.35,21.5,830,3,25.4,0
TXREF-12136,19.7,12.51,293,4,2.02,0
TXREF-12137,37.63,17.98,372,1,12.48,0
TXREF-12138,53.02,17.13,475,1,3.22,0
TXREF-12139,29.89,13.32,19,2,0.8,0
TXREF-12140,8.2,14.93,844,3,0.66,0
TXREF-12141,53.25,12.48,832,5,1.53,0
TXREF-12142,37.96,10.28,189,5,2.21,0
TXREF-12143,17.03,18.81,404,3,1.11,0
TXREF-12144,60.75,12.27,30,3,7.87,0
TXREF-12145,12.72,14.94,28,3,2.24,0
TXREF-12146,73.9,19.95,645,2,19.95,0
TXREF-12147,33.4,16.36,52,2,27.23,0
TXREF-12148,6.8,10.14,117,2,16.41,0
TXREF-12149,39.58,19.37,80,3,16.05,0
TXREF-12150,25.99,19.75,291,1,54.71,0
TXREF-12151,23.31,23.63,1831,2,5.93,0
TXREF-12152,20.47,14.37,191,2,7.84,0
TXREF-12153,31.77,13.4,243,6,10.32,0
TXREF-12154,24.55,13.85,656,2,20.68,0
TXREF-12155,9.14,0.12,463,3,2.19,0
TXREF-12156,87.0,23.37,1711,4,10.39,0
TXREF-12157,29.2,17.14,1420,4,1.97,0
TXREF-12158,20.55,11.06,3,3,47.32,0
TXREF-12159,15.45,18.89,71,2,7.08,0
TXREF-12160,60.64,20.02,175,2,7.72,0
TXREF-12161,13.67,22.23,1207,3,2.49,0
TXREF-12162,38.34,22.31,1233,1,2.6,0
TXREF-12163,22.87,22.19,1927,2,4.31,0
TXREF-12164,23.85,8.44,58,5,20.37,0
TXREF-12165,15.73,12.46,475,1,51.22,0
TXREF-12166,22.27,7.05,15,1,2.72,0
TXREF-12167,35.03,11.84,84,3,9.11,1
TXREF-12168,41.24,11.98,1663,3,0.53,0
TXREF-12169,19.77,21.28,939,3,47.43,0
TXREF-12170,32.61,21.65,395,2,1.92,0
TXREF-12171,66.0,12.24,42,2,9.45,0
TXREF-12172,10.52,18.17,170,1,33.79,0
TXREF-12173,34.66,19.42,335,1,1.49,0
TXREF-12174,17.56,19.6,452,2,3.69,0
TXREF-12175,16.31,17.26,281,2,16.89,0
TXREF-12176,42.01,15.24,196,4,2.36,0
TXREF-12177,23.51,8.44,292,5,1.98,0
TXREF-12178,14.5,11.47,285,4,17.17,0
TXREF-12179,90.33,4.31,285,5,9.85,1
TXREF-12180,67.52,15.04,219,2,3.11,0
TXREF-12181,8.66,10.55,431,1,65.27,0
TXREF-12182,12.04,14.43,518,1,0.58,0
TXREF-12183,53.37,22.23,26,3,1.14,0
TXREF-12184,28.36,20.1,142,3,17.97,0
TXREF-12185,102.56,11.55,218,2,1.19,0
TXREF-12186,54.26,10.77,274,3,3.96,0
TXREF-12187,43.19,18.14,150,2,19.29,0
TXREF-12188,16.68,10.78,52,2,1.03,0
TXREF-12189,49.59,17.17,488,3,11.0,0
TXREF-12190,13.89,22.75,563,2,9.13,0
TXREF-12191,89.1,16.16,45,2,7.15,0
TXREF-12192,47.18,17.79,22,3,158.64,1
TXREF-12193,19.22,17.42,199,2,11.5,0
TXREF-12194,62.14,20.25,313,1,10.9,0
TXREF-12195,174.84,18.92,8,4,10.28,1
TXREF-12196,29.76,10.94,756,3,2.48,0
TXREF-12197,51.74,23.45,208,2,16.62,0
TXREF-12198,25.51,19.93,127,2,9.26,0
TXREF-12199,37.02,16.24,56,3,2.98,0
TXREF-12200,11.76,20.28,290,2,5.22,0
TXREF-12201,34.8,12.43,25,1,3.7,0
TXREF-12202,35.92,11.69,231,4,3.15,0
TXREF-12203,127.14,13.46,43,1,7.11,0
TXREF-12204,9.56,11.14,157,2,2.96,0
TXREF-12205,28.44,14.5,14,2,4.06,0
TXREF-12206,88.01,11.07,287,2,5.25,0
TXREF-12207,29.25,11.3,226,2,3.92,0
TXREF-12208,30.77,15.75,1391,3,3.64,0
TXREF-12209,19.11,15.98,20,3,9.26,0
TXREF-12210,17.79,13.06,745,1,10.1,0
TXREF-12211,9.35,8.73,198,3,2.27,0
TXREF-12212,22.13,20.48,49,2,0.67,0
TXREF-12213,17.08,12.57,118,2,8.29,0
TXREF-12214,37.9,21.15,150,5,3.47,0
TXREF-12215,19.74,21.52,20,4,9.38,0
TXREF-12216,24.65,14.43,55,2,12.0,0
TXREF-12217,25.14,12.62,248,3,16.34,0
TXREF-12218,33.63,18.33,200,1,0.11,0
TXREF-12219,23.79,1.13,693,5,34.03,0
TXREF-12220,16.21,12.88,347,3,2.64,0
TXREF-12221,37.03,20.53,759,4,1.19,0
TXREF-12222,75.08,14.29,56,3,2.25,0
TXREF-12223,38.19,17.76,271,3,0.71,0
TXREF-12224,22.44,7.82,260,2,11.61,0
TXREF-12225,31.86,19.34,182,3,20.84,0
TXREF-12226,7.95,15.09,530,2,2.96,0
TXREF-12227,31.49,19.13,466,1,14.0,0
TXREF-12228,26.1,16.89,196,1,8.78,0
TXREF-12229,17.78,19.82,44,2,8.54,0
TXREF-12230,20.26,10.33,703,2,0.92,0
TXREF-12231,25.91,22.34,230,2,9.31,0
TXREF-12232,71.13,21.45,224,2,19.03,0
TXREF-12233,76.42,13.29,226,4,2.97,0
TXREF-12234,17.85,12.04,865,3,25.16,0
TXREF-12235,23.97,18.68,304,4,14.23,0
TXREF-12236,24.42,18.69,1316,1,58.59,0
TXREF-12237,62.36,12.43,489,2,4.15,1
TXREF-12238,38.66,16.06,178,2,15.84,0
TXREF-12239,37.22,12.93,1549,5,16.13,0
TXREF-12240,51.22,9.98,444,1,3.1,0
TXREF-12241,22.66,16.88,535,1,0.75,0
TXREF-12242,92.94,17.53,544,2,3.0,0
TXREF-12243,34.77,21.55,828,2,18.91,0
TXREF-12244,18.8,13.88,337,2,14.55,0
TXREF-12245,29.51,14.31,132,4,10.79,0
TXREF-12246,84.52,15.42,75,2,11.93,0
TXREF-12247,25.63,20.31,770,3,11.82,0
TXREF-12248,68.97,12.96,279,1,3.31,0
TXREF-12249,22.19,12.94,934,2,15.26,0
TXREF-12250,20.06,13.44,187,3,2.51,0
TXREF-12251,55.98,10.98,61,3,4.82,0
TXREF-12252,18.56,19.9,386,3,4.08,0
TXREF-12253,62.94,14.43,204,2,26.38,0
TXREF-12254,44.84,15.69,265,1,3.54,0
TXREF-12255,18.56,14.01,34,2,4.04,0
TXREF-12256,33.07,13.8,58,2,7.17,0
TXREF-12257,23.45,11.12,186,1,5.18,0
TXREF-12258,44.76,14.81,42,4,1.73,0
TXREF-12259,135.53,19.95,449,3,17.11,1
TXREF-12260,26.66,15.52,203,1,0.61,0
TXREF-12261,51.13,15.04,200,3,10.2,0
TXREF-12262,35.43,15.26,39,1,19.89,0
TXREF-12263,35.42,18.22,94,2,2.77,0
TXREF-12264,30.91,15.83,2,2,2.51,0
TXREF-12265,18.78,15.54,1606,2,1.58,0
TXREF-12266,44.31,8.42,477,5,2.53,0
TXREF-12267,28.28,17.37,966,4,1.26,0
TXREF-12268,18.15,13.05,152,7,42.35,0
TXREF-12269,72.26,23.12,460,1,1.79,0
TXREF-12270,37.39,9.93,729,6,11.26,0
TXREF-12271,29.54,20.69,384,3,45.44,0
TXREF-12272,91.36,6.08,362,2,0.46,0
TXREF-12273,9.28,18.76,1863,2,17.53,0
TXREF-12274,87.05,15.36,628,4,2.35,0
TXREF-12275,18.47,7.9,348,1,8.15,0
TXREF-12276,40.54,20.52,120,2,4.51,0
TXREF-12277,22.8,15.64,111,3,2.57,0
TXREF-12278,17.91,6.45,487,2,4.84,0
TXREF-12279,89.66,12.65,836,1,3.91,0
TXREF-12280,132.49,15.71,1075,2,21.64,0
TXREF-12281,29.69,19.48,372,1,3.62,0
TXREF-12282,44.32,12.69,1485,3,7.12,0
TXREF-12283,36.27,5.53,176,4,4.52,0
TXREF-12284,121.02,19.28,722,2,3.05,0
TXREF-12285,7.6,15.59,1881,2,7.75,0
TXREF-12286,45.67,21.24,169,3,11.77,0
TXREF-12287,20.62,15.1,2,2,4.22,0
TXREF-12288,6.38,15.44,45,5,54.4,0
TXREF-12289,26.85,22.66,83,4,13.2,0
TXREF-12290,131.71,11.35,711,2,15.23,1
TXREF-12291,21.71,17.33,197,2,13.34,0
TXREF-12292,61.52,12.96,165,3,61.56,0
TXREF-12293,82.52,19.27,1134,4,15.06,0
TXREF-12294,34.5,20.43,618,3,44.22,0
TXREF-12295,37.97,7.13,249,2,14.03,0
TXREF-12296,10.12,14.82,331,2,4.8,0
TXREF-12297,20.79,21.28,100,3,1.11,0
TXREF-12298,66.89,14.54,100,1,12.8,0
TXREF-12299,36.37,12.7,39,4,1.49,0
TXREF-12300,45.35,18.54,68,4,6.99,0
TXREF-12301,38.32,18.3,516,1,6.15,0
TXREF-12302,168.72,12.83,176,1,5.78,1
TXREF-12303,25.53,13.73,772,1,16.42,0
TXREF-12304,110.6,16.47,224,3,1.85,0
TXREF-12305,38.33,18.1,244,2,17.26,0
TXREF-12306,117.9,22.19,19,2,1.73,0
TXREF-12307,14.41,10.65,561,3,17.92,0
TXREF-12308,39.76,14.88,1453,2,7.68,0
TXREF-12309,26.22,10.4,469,2,12.89,0
TXREF-12310,38.49,18.7,295,2,52.8,0
TXREF-12311,83.94,18.83,39,1,1.82,0
TXREF-12312,45.73,15.33,419,1,0.94,0
TXREF-12313,83.82,19.0,236,1,10.56,0
TXREF-12314,21.49,11.73,220,1,2.98,0
TXREF-12315,19.25,13.6,807,3,21.41,0
TXREF-12316,35.22,14.5,441,5,2.39,0
TXREF-12317,33.86,11.92,1952,1,16.12,0
TXREF-12318,30.45,11.67,892,3,8.63,0
TXREF-12319,17.46,15.07,659,3,2.94,0
TXREF-12320,82.52,10.17,153,3,22.83,0
TXREF-12321,26.81,19.65,197,1,2.17,0
TXREF-12322,97.2,13.35,109,4,7.06,0
TXREF-12323,35.13,18.98,74,1,3.01,0
TXREF-12324,55.53,9.15,104,4,11.59,0
TXREF-12325,52.02,13.58,2,3,9.81,0
TXREF-12326,19.23,22.28,231,3,6.19,0
TXREF-12327,45.35,0.22,186,4,1.34,0
TXREF-12328,139.55,16.52,337,2,4.7,0
TXREF-12329,41.73,13.76,83,2,2.63,0
TXREF-12330,66.61,19.34,1229,4,3.94,0
TXREF-12331,57.35,13.77,669,2,3.46,0
TXREF-12332,43.43,17.1,176,2,25.08,0
TXREF-12333,39.82,16.54,233,1,6.65,0
TXREF-12334,51.63,20.41,514,2,12.31,0
TXREF-12335,60.31,9.79,11,1,20.72,1
TXREF-12336,13.15,13.66,156,3,2.03,0
TXREF-12337,41.6,12.3,816,2,77.06,0
TXREF-12338,30.49,12.17,100,2,6.14,0
TXREF-12339,26.26,14.5,717,2,1.04,0
TXREF-12340,88.51,9.36,76,3,8.66,0
TXREF-12341,20.54,11.2,211,2,8.79,0
TXREF-12342,12.75,10.76,607,2,2.46,0
TXREF-12343,61.74,13.19,6,3,102.7,1
TXREF-12344,12.52,11.54,249,3,0.98,0
TXREF-12345,8.69,0.56,1124,4,8.75,0
TXREF-12346,66.95,14.43,251,2,8.9,0
TXREF-12347,39.03,12.57,1,2,21.99,1
TXREF-12348,48.93,22.11,40,2,15.8,0
TXREF-12349,25.32,10.43,237,3,4.59,0
TXREF-12350,12.85,11.35,737,4,2.26,0
TXREF-12351,14.82,20.53,491,5,14.53,0
TXREF-12352,28.62,11.77,96,4,4.08,0
TXREF-12353,13.93,7.26,33,4,12.77,0
TXREF-12354,43.43,15.09,182,4,4.73,0
TXREF-12355,24.95,11.73,90,2,5.99,0
TXREF-12356,39.77,14.78,436,2,45.03,0
TXREF-12357,38.93,13.71,447,3,1.57,0
TXREF-12358,45.99,15.76,484,3,2.53,0
TXREF-12359,49.88,13.68,671,2,10.88,0
TXREF-12360,27.18,13.28,113,2,2.61,0
TXREF-12361,39.74,17.67,417,2,32.51,0
TXREF-12362,41.26,18.88,1574,2,0.19,0
TXREF-12363,6.06,9.76,1333,3,1.34,0
TXREF-12364,55.45,11.36,148,4,5.23,0
TXREF-12365,38.78,19.63,1935,6,13.38,0
TXREF-12366,52.25,12.47,699,4,3.96,0
TXREF-12367,13.78,21.11,302,5,7.21,0
TXREF-12368,27.73,17.12,372,2,29.45,0
TXREF-12369,15.86,13.72,219,4,18.66,0
TXREF-12370,59.51,13.32,1058,1,4.87,0
TXREF-12371,12.66,12.78,127,2,7.8,0
TXREF-12372,17.84,10.63,1978,2,3.86,0
TXREF-12373,51.15,16.85,40,2,100.09,0
TXREF-12374,22.13,17.87,236,1,1.6,0
TXREF-12375,17.84,17.43,268,3,3.39,0
TXREF-12376,66.88,23.85,795,1,19.55,0
TXREF-12377,68.88,11.85,195,3,6.52,0
TXREF-12378,58.55,11.59,1119,3,30.73,0
TXREF-12379,64.14,15.51,882,2,69.73,0
TXREF-12380,29.47,15.8,150,4,9.37,0
TXREF-12381,30.04,13.77,405,2,4.32,0
TXREF-12382,21.83,12.89,146,3,1.22,0
TXREF-12383,39.28,17.75,238,3,1.45,0
TXREF-12384,23.81,12.01,151,1,0.41,0
TXREF-12385,25.49,22.53,421,4,5.93,0
TXREF-12386,53.62,19.41,213,4,35.08,0
TXREF-12387,81.68,17.64,268,1,2.05,0
TXREF-12388,46.37,12.53,43,1,13.27,0
TXREF-12389,126.71,17.28,655,1,11.67,0
TXREF-12390,20.95,15.69,449,1,1.61,0
TXREF-12391,9.27,16.86,132,1,17.26,0
TXREF-12392,58.24,9.77,140,3,6.03,0
TXREF-12393,19.97,21.71,10,2,45.62,0
TXREF-12394,28.59,20.79,373,2,4.32,0
TXREF-12395,9.74,20.3,335,4,36.56,0
TXREF-12396,18.22,16.59,345,1,0.38,0
TXREF-12397,11.8,13.93,139,2,8.37,0
TXREF-12398,25.46,17.91,137,3,0.53,0
TXREF-12399,26.2,14.17,41,3,0.64,0
TXREF-12400,37.14,16.24,174,3,9.06,0
TXREF-12401,85.0,11.26,1567,4,0.97,0
TXREF-12402,56.68,18.37,184,1,0.93,0
TXREF-12403,10.83,9.76,929,2,2.93,0
TXREF-12404,53.93,14.66,118,4,10.38,0
TXREF-12405,37.73,20.57,6,1,10.62,0
TXREF-12406,32.45,14.14,166,4,8.19,0
TXREF-12407,34.25,17.16,263,2,7.09,0
TXREF-12408,40.34,8.52,43,6,1.63,0
TXREF-12409,21.15,13.46,257,5,1.36,0
TXREF-12410,30.53,9.39,1085,2,21.6,0
TXREF-12411,81.65,13.11,935,2,6.05,0
TXREF-12412,20.97,9.38,74,3,11.48,0
TXREF-12413,16.58,14.52,238,4,4.23,0
TXREF-12414,33.3,12.64,223,1,5.96,0
TXREF-12415,15.43,17.0,996,3,11.01,0
TXREF-12416,10.07,22.92,1045,3,6.55,0
TXREF-12417,27.17,21.3,107,2,1.8,0
TXREF-12418,98.79,18.3,191,4,3.11,0
TXREF-12419,33.86,18.42,18,2,0.7,1
TXREF-12420,39.59,11.05,420,2,10.52,0
TXREF-12421,7.51,22.35,567,3,2.63,0
TXREF-12422,47.72,18.66,88,3,6.72,0
TXREF-12423,37.23,0.75,180,1,2.28,0
TXREF-12424,21.57,14.96,239,3,5.7,0
TXREF-12425,39.63,13.77,204,3,39.41,0
TXREF-12426,39.35,9.5,412,6,3.65,0
TXREF-12427,16.23,10.48,958,3,7.47,0
TXREF-12428,44.21,19.24,451,3,17.85,0
TXREF-12429,82.43,21.85,333,2,16.16,0
TXREF-12430,29.54,22.35,554,2,3.22,0
TXREF-12431,18.64,12.67,570,2,24.72,0
TXREF-12432,30.63,22.17,391,1,16.32,0
TXREF-12433,64.41,8.61,655,2,9.27,0
TXREF-12434,14.4,17.1,132,2,0.48,0
TXREF-12435,52.8,15.31,128,2,14.86,0
TXREF-12436,21.37,12.7,73,3,9.92,0
TXREF-12437,41.44,11.46,1250,2,24.9,0
TXREF-12438,23.19,17.61,555,2,18.16,0
TXREF-12439,23.14,20.81,563,3,10.9,0
TXREF-12440,104.23,13.47,222,2,1.42,0
TXREF-12441,12.62,23.44,272,5,0.57,0
TXREF-12442,49.38,12.7,508,2,15.57,0
TXREF-12443,121.09,15.76,168,4,16.89,0
TXREF-12444,57.03,23.79,1052,5,3.15,0
TXREF-12445,13.35,14.26,1055,1,2.81,0
TXREF-12446,13.84,17.06,1308,1,2.58,0
TXREF-12447,20.26,21.22,31,3,3.85,0
TXREF-12448,39.01,17.37,191,2,3.42,0
TXREF-12449,40.96,18.29,509,2,9.63,0
TXREF-12450,13.93,16.89,804,3,3.82,0
TXREF-12451,18.57,12.28,1454,5,1.6,0
TXREF-12452,19.41,13.89,986,4,15.41,0
TXREF-12453,30.57,15.11,207,4,7.01,0
TXREF-12454,145.33,19.74,46,1,22.2,1
TXREF-12455,17.78,12.39,985,4,8.86,0
TXREF-12456,17.23,12.2,204,4,4.45,1
TXREF-12457,15.4,17.0,210,3,2.24,0
TXREF-12458,55.01,13.13,1474,1,45.62,0
TXREF-12459,33.79,19.38,170,2,8.11,0
TXREF-12460,18.26,0.3,448,3,4.85,0
TXREF-12461,26.81,19.45,580,3,2.01,0
TXREF-12462,19.69,23.63,934,3,1.19,0
TXREF-12463,43.08,14.17,122,3,3.66,0
TXREF-12464,240.51,8.14,278,2,34.39,0
TXREF-12465,51.76,20.12,1803,3,19.13,0
TXREF-12466,32.56,18.27,225,3,0.72,0
TXREF-12467,21.57,10.2,8,2,2.26,0
TXREF-12468,13.23,17.76,767,4,3.3,0
TXREF-12469,59.04,9.72,657,4,5.02,0
TXREF-12470,56.78,16.02,129,4,10.24,0
TXREF-12471,24.89,13.08,326,2,1.24,0
TXREF-12472,83.4,18.28,194,2,14.37,0
TXREF-12473,35.35,14.8,1353,2,4.08,0
TXREF-12474,60.81,16.98,1251,3,7.62,0
TXREF-12475,43.09,17.96,734,2,9.07,0
TXREF-12476,30.64,13.07,126,2,4.42,0
TXREF-12477,17.5,17.98,235,3,7.62,0
TXREF-12478,31.35,21.87,86,2,4.97,0
TXREF-12479,63.83,13.04,884,1,9.86,0
TXREF-12480,24.15,20.17,191,1,8.86,0
TXREF-12481,47.78,16.42,485,3,13.56,0
TXREF-12482,15.97,10.66,128,3,33.26,0
TXREF-12483,61.05,21.45,2563,2,3.4,0
TXREF-12484,43.61,15.24,150,1,10.21,0
TXREF-12485,14.65,20.8,651,4,4.29,0
TXREF-12486,29.63,15.57,190,1,7.27,0
TXREF-12487,68.08,15.34,67,2,4.42,0
TXREF-12488,14.06,7.61,638,2,6.31,0
TXREF-12489,16.1,17.54,57,3,1.77,0
TXREF-12490,33.11,6.79,72,2,2.68,0
TXREF-12491,161.74,17.25,648,4,44.43,0
TXREF-12492,21.45,14.32,182,2,90.58,0
TXREF-12493,49.73,21.15,239,2,11.2,0
TXREF-12494,41.98,23.22,40,5,2.63,0
TXREF-12495,22.77,17.34,1178,2,15.65,0
TXREF-12496,39.1,19.47,3,1,53.52,1
TXREF-12497,25.22,14.9,84,2,3.25,0
TXREF-12498,26.91,21.93,184,3,5.15,0
TXREF-12499,10.53,20.01,179,3,6.08,0
TXREF-12500,34.21,19.07,40,1,10.74,0
TXREF-12501,66.51,9.79,240,3,5.22,0
TXREF-12502,36.28,20.5,41,2,7.86,0
TXREF-12503,76.34,18.8,508,2,8.48,1
TXREF-12504,52.87,21.84,52,4,0.86,0
TXREF-12505,33.35,11.69,172,2,2.58,0
TXREF-12506,22.15,22.45,504,4,1.33,0
TXREF-12507,24.53,14.56,193,1,8.84,0
TXREF-12508,12.08,15.35,1117,1,2.86,0
TXREF-12509,28.72,9.99,139,2,2.55,0
TXREF-12510,38.67,17.57,488,1,2.85,0
TXREF-12511,119.71,12.57,71,2,3.88,0
TXREF-12512,50.93,20.74,329,2,7.43,0
TXREF-12513,18.68,20.83,813,2,6.08,0
TXREF-12514,12.35,18.42,100,5,11.42,0
TXREF-12515,30.0,15.49,109,3,16.09,0
TXREF-12516,62.46,11.15,1161,2,0.68,0
TXREF-12517,29.7,12.3,2013,3,16.93,0
TXREF-12518,51.43,22.17,287,2,2.63,0
TXREF-12519,30.56,13.24,672,1,3.85,0
TXREF-12520,58.34,15.79,275,1,37.92,0
TXREF-12521,11.02,16.58,513,3,3.63,0
TXREF-12522,110.5,3.06,97,5,8.08,0
TXREF-12523,15.63,18.05,1470,1,3.4,0
TXREF-12524,61.65,11.27,457,3,7.7,0
TXREF-12525,28.62,12.85,180,2,31.46,0
TXREF-12526,32.03,18.93,340,5,3.67,0
TXREF-12527,29.27,18.63,642,3,3.91,0
TXREF-12528,41.85,22.05,602,4,30.02,1
TXREF-12529,48.4,16.33,870,2,2.94,0
TXREF-12530,74.59,17.13,148,4,17.67,0
TXREF-12531,95.94,18.58,244,2,5.4,0
TXREF-12532,44.21,20.44,31,3,5.05,1
TXREF-12533,119.56,23.3,86,3,17.5,1
TXREF-12534,37.22,11.64,451,2,4.12,0
TXREF-12535,75.62,13.18,248,3,14.24,0
TXREF-12536,47.4,19.13,47,3,7.24,0
TXREF-12537,23.44,13.83,1129,1,1.38,0
TXREF-12538,39.67,10.76,80,1,8.87,0
TXREF-12539,50.01,20.49,345,1,6.34,0
TXREF-12540,34.02,8.98,25,1,1.16,0
TXREF-12541,46.86,14.27,418,3,2.84,0
TXREF-12542,64.91,14.48,223,2,11.46,0
TXREF-12543,34.23,20.09,257,6,5.89,0
TXREF-12544,4.18,16.72,203,1,1.03,0
TXREF-12545,116.55,16.3,977,4,48.89,0
TXREF-12546,28.1,21.11,647,2,12.17,0
TXREF-12547,19.24,12.34,611,1,0.99,0
TXREF-12548,15.5,21.89,1515,2,2.73,0
TXREF-12549,27.32,14.69,219,2,18.72,0
TXREF-12550,23.22,14.54,49,2,14.28,0
TXREF-12551,20.48,9.95,209,2,15.68,0
TXREF-12552,21.3,10.21,335,3,0.33,0
TXREF-12553,50.98,14.02,732,2,20.26,0
TXREF-12554,150.18,8.96,298,3,12.85,0
TXREF-12555,62.85,20.59,2377,2,56.23,0
TXREF-12556,78.12,11.93,1051,1,4.33,0
TXREF-12557,26.53,13.05,621,4,6.7,0
TXREF-12558,37.54,20.13,487,7,40.5,0
TXREF-12559,47.33,10.55,270,4,11.62,0
TXREF-12560,21.65,22.81,114,2,0.84,0
TXREF-12561,25.62,12.17,333,3,13.57,0
TXREF-12562,64.41,12.57,371,3,2.26,0
TXREF-12563,76.33,15.49,24,2,5.21,0
TXREF-12564,36.54,13.12,398,2,11.01,0
TXREF-12565,14.72,22.14,281,4,4.78,0
TXREF-12566,28.14,12.82,34,2,5.6,0
TXREF-12567,12.33,8.31,86,1,14.85,0
TXREF-12568,36.75,17.05,721,2,3.68,0
TXREF-12569,41.84,4.07,34,1,19.49,0
TXREF-12570,28.65,16.84,686,2,18.99,0
TXREF-12571,41.43,15.97,30,2,16.56,0
TXREF-12572,47.0,19.4,615,3,14.78,0
TXREF-12573,41.89,20.98,461,3,44.32,0
TXREF-12574,14.66,22.17,694,4,46.03,0
TXREF-12575,29.01,11.99,1565,2,2.93,0
TXREF-12576,46.76,19.25,955,4,0.32,0
TXREF-12577,108.49,19.98,853,3,3.91,0
TXREF-12578,28.62,7.91,657,1,43.07,0
TXREF-12579,51.76,19.93,2350,5,5.53,0
TXREF-12580,65.51,15.92,144,2,14.36,0
TXREF-12581,30.22,8.0,283,2,7.96,0
TXREF-12582,79.59,9.66,371,1,3.38,0
TXREF-12583,82.73,15.76,153,1,22.02,0
TXREF-12584,94.05,19.59,206,6,11.46,0
TXREF-12585,48.43,11.68,435,3,13.99,0
TXREF-12586,190.43,20.29,862,1,67.0,0
TXREF-12587,22.35,20.87,462,1,2.85,0
TXREF-12588,160.67,14.47,51,4,7.7,0
TXREF-12589,60.53,16.52,1,5,2.38,1
TXREF-12590,91.38,16.89,191,2,7.37,0
TXREF-12591,27.65,12.2,342,2,2.25,0
TXREF-12592,63.94,6.86,368,4,3.44,0
TXREF-12593,97.26,20.46,876,3,9.68,0
TXREF-12594,15.91,20.49,40,3,20.21,0
TXREF-12595,30.95,21.47,35,3,8.07,0
TXREF-12596,7.45,14.05,347,1,4.0,0
TXREF-12597,30.62,16.59,840,5,8.34,0
TXREF-12598,19.35,16.91,1245,1,6.35,0
TXREF-12599,29.76,19.36,517,3,1.98,0
TXREF-12600,285.72,17.41,95,2,12.26,0
TXREF-12601,119.92,14.88,134,1,6.24,0
TXREF-12602,12.35,13.88,248,2,2.93,0
TXREF-12603,51.94,13.17,306,4,8.96,0
TXREF-12604,61.88,8.97,670,4,0.69,0
TXREF-12605,27.3,17.75,842,3,0.92,0
TXREF-12606,39.58,12.77,731,2,11.36,0
TXREF-12607,42.47,21.84,408,2,0.89,0
TXREF-12608,13.2,12.27,1523,2,96.01,0
TXREF-12609,16.57,9.71,453,1,6.8,0
TXREF-12610,39.41,13.73,168,3,1.59,0
TXREF-12611,37.4,15.65,155,2,3.07,0
TXREF-12612,20.9,11.74,702,2,7.23,0
TXREF-12613,19.65,17.32,934,3,6.08,0
TXREF-12614,32.63,12.82,406,3,1.29,0
TXREF-12615,65.89,9.1,401,3,8.05,0
TXREF-12616,32.95,20.55,804,2,0.77,0
TXREF-12617,111.99,16.31,176,2,27.78,1
TXREF-12618,21.09,16.76,355,1,2.74,0
TXREF-12619,40.01,16.84,279,4,3.7,0
TXREF-12620,26.97,19.46,304,1,17.23,0
TXREF-12621,53.16,12.33,253,3,11.6,0
TXREF-12622,19.83,20.25,31,3,17.44,0
TXREF-12623,139.45,19.87,1200,4,14.62,0
TXREF-12624,10.31,14.2,24,3,7.68,0
TXREF-12625,119.72,11.99,190,2,1.51,0
TXREF-12626,37.14,21.02,127,3,0.94,0
TXREF-12627,51.82,11.99,483,2,6.28,0
TXREF-12628,91.0,15.05,298,4,5.07,0
TXREF-12629,64.55,12.63,1200,1,12.02,0
TXREF-12630,20.58,17.33,21,2,2.49,0
TXREF-12631,53.63,21.88,150,1,2.03,0
TXREF-12632,133.56,12.8,228,4,5.04,0
TXREF-12633,18.38,11.99,106,7,3.71,1
TXREF-12634,160.02,16.12,852,4,1.09,0
TXREF-12635,45.96,14.52,1023,2,6.11,0
TXREF-12636,25.48,16.82,187,2,73.86,0
TXREF-12637,18.3,11.36,86,1,6.65,0
TXREF-12638,29.64,13.33,194,4,20.76,0
TXREF-12639,8.52,18.11,9,1,35.04,1
TXREF-12640,25.82,16.75,127,5,6.86,0
TXREF-12641,28.81,9.37,688,4,10.93,0
TXREF-12642,16.06,17.36,58,1,3.45,0
TXREF-12643,59.65,11.4,76,2,1.73,0
TXREF-12644,29.74,16.91,423,2,2.67,0
TXREF-12645,22.03,19.95,276,2,30.56,0
TXREF-12646,27.54,5.64,879,1,3.95,0
TXREF-12647,44.96,20.18,92,2,5.42,0
TXREF-12648,36.7,14.84,55,2,2.57,0
TXREF-12649,21.02,19.35,1159,3,7.11,0
TXREF-12650,38.11,17.01,755,2,16.08,0
TXREF-12651,33.57,14.25,376,2,46.93,0
TXREF-12652,15.33,22.31,715,5,0.73,0
TXREF-12653,28.28,10.73,743,7,4.48,0
TXREF-12654,52.83,10.2,513,1,12.28,0
TXREF-12655,52.56,11.62,1926,3,14.84,0
TXREF-12656,29.5,12.19,32,3,19.74,0
TXREF-12657,56.67,15.23,120,2,3.41,0
TXREF-12658,17.19,13.5,270,1,0.94,0
TXREF-12659,17.58,11.92,1112,3,28.44,0
TXREF-12660,29.05,10.77,82,1,10.05,0
TXREF-12661,102.33,11.75,28,3,6.65,0
TXREF-12662,39.16,12.2,227,1,13.11,0
TXREF-12663,28.55,11.61,425,1,6.03,0
TXREF-12664,105.82,16.15,46,1,12.22,0
TXREF-12665,28.32,20.36,646,4,0.64,0
TXREF-12666,173.99,10.24,299,1,13.45,1
TXREF-12667,24.09,16.97,356,2,16.62,0
TXREF-12668,16.8,0.99,20,4,8.93,0
TXREF-12669,30.88,14.58,856,2,3.25,0
TXREF-12670,29.1,18.89,54,2,5.64,0
TXREF-12671,19.46,13.46,401,2,18.87,0
TXREF-12672,226.65,15.29,247,1,12.63,0
TXREF-12673,43.79,20.79,106,2,10.08,0
TXREF-12674,48.63,14.16,1188,3,12.35,1
TXREF-12675,24.96,19.89,794,4,11.36,0
TXREF-12676,22.97,14.15,358,3,3.29,0
TXREF-12677,72.85,15.49,798,3,5.79,0
TXREF-12678,10.42,11.86,1811,1,20.08,0
TXREF-12679,15.29,11.96,454,2,6.35,0
TXREF-12680,29.13,11.84,1208,1,1.79,0
TXREF-12681,92.09,12.83,264,1,2.53,0
TXREF-12682,26.59,17.24,1552,5,2.49,0
TXREF-12683,46.98,12.52,2,2,1.66,0
TXREF-12684,35.52,16.09,311,2,2.22,0
TXREF-12685,88.53,14.85,514,5,45.92,0
TXREF-12686,11.12,12.59,485,3,5.15,0
TXREF-12687,59.14,18.89,498,3,35.74,0
TXREF-12688,30.17,16.36,1589,2,19.78,0
TXREF-12689,67.76,14.01,765,1,1.68,0
TXREF-12690,19.3,18.79,176,1,3.75,0
TXREF-12691,35.43,20.13,201,2,2.28,0
TXREF-12692,32.34,9.11,46,2,11.77,0
TXREF-12693,16.92,11.36,230,2,6.8,0
TXREF-12694,13.85,15.48,374,5,1.13,0
TXREF-12695,22.92,17.32,51,2,4.4,0
TXREF-12696,38.23,11.61,226,2,6.55,0
TXREF-12697,20.19,12.74,271,3,8.34,0
TXREF-12698,27.45,22.13,26,3,1.87,0
TXREF-12699,8.96,16.16,208,2,3.29,0
TXREF-12700,26.66,17.51,294,4,6.7,0
TXREF-12701,72.75,20.08,708,2,7.01,0
TXREF-12702,57.84,15.16,1341,2,2.08,0
TXREF-12703,32.7,20.11,275,6,5.39,0
TXREF-12704,41.49,19.68,413,4,3.81,0
TXREF-12705,19.18,15.62,84,2,14.18,0
TXREF-12706,112.12,9.46,480,3,4.39,0
TXREF-12707,154.28,15.26,387,2,10.99,0
TXREF-12708,39.2,15.52,427,2,14.97,0
TXREF-12709,224.82,12.07,1055,2,12.23,0
TXREF-12710,21.33,11.33,129,2,15.84,0
TXREF-12711,14.14,11.71,224,3,4.64,0
TXREF-12712,20.89,21.09,84,2,1.6,0
TXREF-12713,29.72,12.99,2370,5,1.61,0
TXREF-12714,183.95,15.63,11,4,10.32,1
TXREF-12715,28.43,12.29,25,2,53.84,0
TXREF-12716,18.75,18.07,76,2,2.96,0
TXREF-12717,18.23,19.1,45,1,27.48,0
TXREF-12718,79.11,14.76,99,1,1.32,0
TXREF-12719,71.38,0.07,314,3,6.71,0
TXREF-12720,24.54,12.29,131,2,1.1,0
TXREF-12721,9.02,15.01,183,2,2.73,0
TXREF-12722,15.45,15.57,345,3,1.79,0
TXREF-12723,120.22,20.99,411,2,19.39,1
TXREF-12724,57.16,12.74,308,4,47.58,0
TXREF-12725,36.49,15.13,587,3,0.88,0
TXREF-12726,133.69,14.22,82,2,2.31,0
TXREF-12727,142.59,12.17,109,2,75.25,0
TXREF-12728,33.92,14.36,336,2,42.13,0
TXREF-12729,34.38,12.06,534,3,11.12,0
TXREF-12730,22.9,19.42,9,4,4.32,0
TXREF-12731,28.36,13.98,545,5,2.08,0
TXREF-12732,11.94,12.16,559,2,3.64,0
TXREF-12733,11.9,11.65,9,3,2.87,0
TXREF-12734,10.07,17.35,445,2,17.79,0
TXREF-12735,76.0,12.74,852,1,4.34,0
TXREF-12736,11.31,19.9,56,5,7.26,0
TXREF-12737,141.74,15.83,183,2,102.29,0
TXREF-12738,20.58,22.53,59,3,5.56,0
TXREF-12739,121.62,17.71,85,4,5.54,0
TXREF-12740,26.77,16.41,10,4,21.93,0
TXREF-12741,11.27,20.31,194,3,14.38,0
TXREF-12742,87.73,14.72,505,1,9.73,0
TXREF-12743,95.52,15.74,65,2,0.88,0
TXREF-12744,18.13,20.69,846,1,61.13,0
TXREF-12745,27.42,14.85,353,2,13.81,0
TXREF-12746,18.13,13.27,209,2,13.55,0
TXREF-12747,31.92,21.59,337,4,25.12,0
TXREF-12748,37.62,15.09,138,2,20.65,0
TXREF-12749,27.03,18.78,122,4,4.9,0
TXREF-12750,9.4,21.49,171,2,54.17,0
TXREF-12751,22.91,18.93,544,1,3.16,0
TXREF-12752,57.77,15.92,64,3,0.65,0
TXREF-12753,29.95,12.6,130,3,4.43,0
TXREF-12754,27.5,12.54,59,2,1.44,0
TXREF-12755,17.81,18.2,883,3,8.72,0
TXREF-12756,22.44,17.0,145,2,2.7,0
TXREF-12757,96.01,17.65,606,2,7.55,0
TXREF-12758,15.32,13.2,1312,2,4.33,0
TXREF-12759,58.5,15.78,1281,3,8.15,0
TXREF-12760,36.01,15.12,678,1,2.51,0
TXREF-12761,41.52,13.44,164,2,3.22,0
TXREF-12762,20.55,22.52,598,3,1.02,0
TXREF-12763,27.02,17.55,758,2,8.74,0
TXREF-12764,34.67,19.12,19,3,14.62,0
TXREF-12765,23.93,13.2,485,4,12.82,0
TXREF-12766,44.2,9.8,91,4,2.83,0
TXREF-12767,48.39,19.26,221,2,8.85,0
TXREF-12768,166.39,20.33,145,2,3.0,0
TXREF-12769,42.53,15.28,456,3,3.47,0
TXREF-12770,8.79,20.24,426,3,0.63,0
TXREF-12771,80.43,17.92,534,2,7.95,0
TXREF-12772,30.06,11.09,238,2,6.62,0
TXREF-12773,148.2,9.8,219,1,9.03,0
TXREF-12774,100.39,9.77,1259,3,75.15,0
TXREF-12775,24.2,14.01,5,3,1.61,0
TXREF-12776,58.54,12.51,126,5,24.81,0
TXREF-12777,22.7,21.73,6,2,10.39,0
TXREF-12778,34.88,13.66,472,3,3.17,1
TXREF-12779,56.64,16.75,856,1,16.15,0
TXREF-12780,77.58,12.25,43,3,6.28,0
TXREF-12781,66.32,11.71,67,2,8.78,0
TXREF-12782,36.74,12.46,137,5,2.55,0
TXREF-12783,208.11,16.95,90,1,4.36,0
TXREF-12784,26.77,19.19,947,5,1.62,0
TXREF-12785,10.94,14.9,504,2,14.0,0
TXREF-12786,12.57,18.97,118,1,50.1,0
TXREF-12787,100.61,23.1,697,2,3.3,0
TXREF-12788,32.94,16.05,49,3,9.07,0
TXREF-12789,39.04,15.73,261,4,3.24,0
TXREF-12790,23.56,16.92,85,5,0.93,0
TXREF-12791,25.13,18.38,780,3,4.35,0
TXREF-12792,19.75,14.2,390,4,5.83,0
TXREF-12793,48.87,16.86,778,3,18.84,0
TXREF-12794,32.46,21.08,509,2,13.87,0
TXREF-12795,47.62,14.64,555,3,8.21,0
TXREF-12796,44.45,15.94,1405,3,10.49,0
TXREF-12797,25.62,20.08,898,2,0.9,0
TXREF-12798,12.18,19.0,6,3,158.49,1
TXREF-12799,11.44,18.05,839,4,0.86,0
TXREF-12800,307.72,16.33,596,2,31.54,0
TXREF-12801,100.92,22.1,743,3,1.91,0
TXREF-12802,91.37,16.32,11,3,6.31,0
TXREF-12803,21.42,20.07,272,2,25.45,0
TXREF-12804,35.05,13.34,4,4,39.98,0
TXREF-12805,19.35,19.69,505,2,5.72,0
TXREF-12806,13.54,20.49,389,2,3.0,0
TXREF-12807,22.78,20.67,345,2,1.95,0
TXREF-12808,90.46,15.14,225,4,3.67,1
TXREF-12809,63.77,19.71,102,1,2.73,0
TXREF-12810,17.31,23.08,50,4,32.38,0
TXREF-12811,27.75,9.95,174,1,2.06,0
TXREF-12812,59.7,15.98,425,1,1.3,0
TXREF-12813,23.08,11.05,37,3,2.97,0
TXREF-12814,36.87,13.66,198,3,45.88,0
TXREF-12815,46.49,10.07,954,2,2.6,0
TXREF-12816,46.13,11.7,311,3,11.46,0
TXREF-12817,41.8,19.28,24,3,14.18,0
TXREF-12818,21.74,16.96,1381,1,1.68,0
TXREF-12819,23.41,17.6,903,1,6.39,0
TXREF-12820,15.39,23.27,587,3,6.67,0
TXREF-12821,11.31,14.98,1138,3,11.21,0
TXREF-12822,32.05,21.16,369,2,15.59,0
TXREF-12823,62.66,14.18,696,1,2.98,0
TXREF-12824,12.89,17.05,1424,2,4.17,0
TXREF-12825,42.37,19.18,277,2,5.65,0
TXREF-12826,61.25,18.21,589,3,112.67,1
TXREF-12827,9.28,16.68,351,1,1.35,0
TXREF-12828,28.65,14.77,955,2,5.09,0
TXREF-12829,113.89,13.2,300,3,7.4,0
TXREF-12830,51.8,12.29,85,2,2.29,0
TXREF-12831,9.05,21.86,619,1,13.34,0
TXREF-12832,55.92,21.2,685,1,2.28,0
TXREF-12833,20.32,17.18,505,6,5.67,0
TXREF-12834,57.27,18.84,738,1,1.7,0
TXREF-12835,21.18,10.54,33,4,1.54,0
TXREF-12836,33.51,14.22,189,2,3.9,0
TXREF-12837,23.64,8.96,212,1,3.53,0
TXREF-12838,34.89,10.87,1192,2,6.65,0
TXREF-12839,23.14,14.83,235,3,7.94,0
TXREF-12840,29.64,20.92,346,1,34.7,0
TXREF-12841,14.93,7.87,276,3,2.8,0
TXREF-12842,49.56,18.14,1039,1,0.62,0
TXREF-12843,39.5,13.84,38,1,1.14,0
TXREF-12844,10.87,10.47,481,1,3.57,0
TXREF-12845,71.16,14.41,33,3,1.57,0
TXREF-12846,30.66,13.74,371,1,8.99,0
TXREF-12847,39.11,15.35,65,2,0.72,0
TXREF-12848,60.37,12.91,57,3,1.6,1
TXREF-12849,44.09,15.01,220,2,1.62,0
TXREF-12850,80.56,18.21,501,3,2.65,0
TXREF-12851,28.19,21.29,440,3,2.5,0
TXREF-12852,73.32,11.78,204,3,5.6,0
TXREF-12853,38.03,20.1,877,3,7.85,0
TXREF-12854,50.17,12.24,94,2,5.1,0
TXREF-12855,46.55,13.74,74,1,5.66,0
TXREF-12856,85.06,20.68,100,2,5.12,0
TXREF-12857,58.52,20.55,1258,1,1.34,0
TXREF-12858,25.31,20.39,937,5,10.07,0
TXREF-12859,21.94,9.97,325,4,3.68,0
TXREF-12860,33.59,21.41,31,2,0.51,0
TXREF-12861,20.14,17.4,241,3,2.56,0
TXREF-12862,16.32,13.44,319,3,1.69,0
TXREF-12863,7.52,17.04,288,2,5.76,0
TXREF-12864,11.41,12.43,177,2,10.14,0
TXREF-12865,145.4,12.24,870,4,2.0,0
TXREF-12866,21.7,15.31,376,4,5.26,0
TXREF-12867,137.07,15.37,984,3,17.72,0
TXREF-12868,46.54,19.32,350,2,2.62,0
TXREF-12869,33.59,16.17,260,4,7.17,0
TXREF-12870,11.82,9.88,328,1,5.54,0
TXREF-12871,34.93,21.49,1053,2,6.3,0
TXREF-12872,135.96,23.55,272,3,8.34,0
TXREF-12873,106.86,21.27,75,2,9.41,0
TXREF-12874,42.41,16.68,143,3,5.27,0
TXREF-12875,15.23,17.27,211,3,1.87,0
TXREF-12876,17.48,12.81,13,1,5.7,0
TXREF-12877,18.84,20.69,356,1,6.97,0
TXREF-12878,87.38,20.76,464,2,2.53,0
TXREF-12879,112.71,16.04,4,3,4.17,0
TXREF-12880,40.09,16.56,354,5,5.65,0
TXREF-12881,27.99,12.32,334,1,13.65,0
TXREF-12882,106.17,10.9,10,1,77.23,0
TXREF-12883,17.21,11.22,203,4,6.33,0
TXREF-12884,36.14,18.2,1580,3,10.88,0
TXREF-12885,48.59,21.6,530,2,11.63,0
TXREF-12886,18.7,12.31,235,1,7.65,0
TXREF-12887,22.02,20.42,140,4,1.27,0
TXREF-12888,20.82,22.45,420,2,1.68,0
TXREF-12889,96.55,12.94,381,2,3.95,0
TXREF-12890,138.15,11.79,344,2,2.07,0
TXREF-12891,37.81,12.17,17,2,2.42,0
TXREF-12892,28.7,17.12,176,5,1.41,0
TXREF-12893,22.6,16.26,290,4,11.97,0
TXREF-12894,34.86,22.06,36,2,0.64,0
TXREF-12895,23.43,0.13,256,3,13.43,0
TXREF-12896,32.46,12.94,716,1,24.72,0
TXREF-12897,46.88,19.87,124,2,13.5,1
TXREF-12898,26.0,13.01,165,3,2.05,0
TXREF-12899,30.37,12.93,1553,4,8.62,0
TXREF-12900,30.46,20.02,554,3,9.74,0
TXREF-12901,27.7,17.19,968,1,1.13,0
TXREF-12902,25.33,8.38,4,1,20.58,0
TXREF-12903,60.27,22.7,102,5,6.17,0
TXREF-12904,9.73,22.03,261,3,18.3,0
TXREF-12905,108.15,12.35,261,1,1.11,0
TXREF-12906,38.38,9.17,85,4,16.87,0
TXREF-12907,54.01,14.37,529,2,15.57,0
TXREF-12908,58.68,7.99,288,2,85.92,1
TXREF-12909,20.91,14.41,3,1,2.63,0
TXREF-12910,18.02,16.34,926,3,0.39,0
TXREF-12911,16.56,20.27,6,3,14.22,0
TXREF-12912,29.14,13.54,468,1,2.13,0
TXREF-12913,57.59,20.08,379,4,16.64,0
TXREF-12914,22.87,15.06,340,3,1.73,0
TXREF-12915,53.93,16.71,49,2,13.09,0
TXREF-12916,6.33,11.64,9,3,3.75,0
TXREF-12917,26.37,18.87,2734,6,12.89,0
TXREF-12918,80.67,13.99,41,1,9.09,0
TXREF-12919,30.78,19.05,62,2,13.11,0
TXREF-12920,19.16,18.35,22,2,14.34,0
TXREF-12921,21.69,21.94,173,2,10.47,0
TXREF-12922,3.93,15.3,435,3,1.7,0
TXREF-12923,16.8,13.42,126,2,27.9,0
TXREF-12924,74.53,11.38,605,2,6.08,0
TXREF-12925,22.89,21.48,337,2,10.61,0
TXREF-12926,24.92,15.74,79,1,4.19,0
TXREF-12927,6.5,8.82,1093,2,15.74,0
TXREF-12928,10.76,22.9,219,2,7.86,0
TXREF-12929,82.01,19.89,276,1,10.34,0
TXREF-12930,54.3,21.33,88,3,2.34,0
TXREF-12931,13.68,16.32,440,1,16.93,0
TXREF-12932,22.11,9.14,304,2,8.06,0
TXREF-12933,34.09,10.63,45,5,1.05,0
TXREF-12934,14.71,18.76,715,3,2.74,0
TXREF-12935,8.22,18.48,169,2,9.06,0
TXREF-12936,31.04,12.06,18,2,14.59,0
TXREF-12937,52.58,17.39,229,4,14.17,0
TXREF-12938,53.31,12.01,297,2,1.97,0
TXREF-12939,65.38,15.7,80,1,6.99,0
TXREF-12940,11.38,10.99,109,4,2.14,0
TXREF-12941,36.3,23.64,100,1,4.64,0
TXREF-12942,28.69,20.48,168,4,2.58,0
TXREF-12943,32.69,21.62,292,3,9.48,0
TXREF-12944,29.89,11.78,706,3,20.22,0
TXREF-12945,21.64,20.28,26,1,35.26,0
TXREF-12946,3.96,18.73,108,3,7.94,0
TXREF-12947,80.36,13.73,387,4,3.65,0
TXREF-12948,44.15,12.53,1686,1,0.89,0
TXREF-12949,11.96,16.08,239,5,11.45,0
TXREF-12950,48.94,13.25,742,2,21.63,0
TXREF-12951,25.23,17.73,134,1,28.23,0
TXREF-12952,25.75,19.86,342,2,3.74,0
TXREF-12953,20.02,17.28,625,1,5.34,0
TXREF-12954,51.24,10.95,114,2,9.07,0
TXREF-12955,19.57,18.62,137,2,6.47,0
TXREF-12956,15.8,11.37,348,2,1.74,0
TXREF-12957,78.64,10.39,235,2,1.42,0
TXREF-12958,30.61,10.03,50,3,17.88,0
TXREF-12959,31.31,20.95,448,1,26.11,0
TXREF-12960,57.32,21.96,90,3,3.13,0
TXREF-12961,21.53,14.45,98,6,17.85,0
TXREF-12962,24.85,15.69,454,1,10.05,0
TXREF-12963,43.39,8.61,76,2,5.01,0
TXREF-12964,11.48,20.76,582,1,7.32,0
TXREF-12965,40.82,10.14,769,3,21.15,0
TXREF-12966,20.2,12.15,586,4,3.22,0
TXREF-12967,64.45,7.95,313,1,5.03,0
TXREF-12968,51.6,16.09,206,2,2.41,0
TXREF-12969,46.92,8.59,318,1,1.09,0
TXREF-12970,10.95,10.16,258,2,16.32,0
TXREF-12971,32.32,10.39,419,3,1.78,0
TXREF-12972,14.92,13.59,15,2,8.0,0
TXREF-12973,33.9,13.49,957,3,12.71,0
TXREF-12974,6.57,16.6,21,1,4.65,0
TXREF-12975,11.48,13.67,334,3,10.95,0
TXREF-12976,81.95,17.09,101,2,3.2,0
TXREF-12977,45.41,16.5,80,6,43.03,0
TXREF-12978,26.98,10.97,1603,1,2.9,0
TXREF-12979,18.1,23.27,151,2,85.98,0
TXREF-12980,15.95,18.83,1182,2,1.63,0
TXREF-12981,40.21,17.93,94,3,2.22,0
TXREF-12982,27.18,19.02,55,4,3.39,0
TXREF-12983,106.02,17.06,96,2,13.93,0
TXREF-12984,30.48,15.49,236,1,3.66,0
TXREF-12985,36.32,15.07,92,1,51.22,0
TXREF-12986,12.81,14.16,275,1,5.52,0
TXREF-12987,26.85,23.78,41,2,12.27,1
TXREF-12988,39.54,12.51,740,2,5.26,0
TXREF-12989,26.62,14.77,342,2,2.57,0
TXREF-12990,24.54,8.53,175,1,2.22,0
TXREF-12991,44.05,21.13,418,2,9.67,0
TXREF-12992,103.61,16.53,847,1,6.87,0
TXREF-12993,38.64,15.97,902,4,0.22,0
TXREF-12994,79.35,13.32,110,1,12.15,0
TXREF-12995,54.46,14.25,264,3,5.01,0
TXREF-12996,76.0,21.99,346,1,22.6,0
TXREF-12997,22.44,20.25,516,1,4.31,0
TXREF-12998,29.99,9.33,439,2,7.71,0
TXREF-12999,30.08,20.03,1200,1,7.13,0
TXREF-13000,51.59,16.18,26,5,2.65,0
TXREF-13001,61.59,15.45,1,1,6.79,0
TXREF-13002,38.09,19.09,240,5,6.54,0
TXREF-13003,65.45,20.12,427,4,21.66,0
TXREF-13004,23.21,6.07,1176,3,2.94,0
TXREF-13005,65.86,20.24,264,2,2.29,0
TXREF-13006,72.34,17.38,531,1,21.96,0
TXREF-13007,56.7,14.52,71,4,26.4,0
TXREF-13008,38.34,14.33,488,1,2.09,0
TXREF-13009,58.18,21.2,404,2,4.17,0
TXREF-13010,18.29,14.15,963,2,13.93,0
TXREF-13011,40.16,14.21,315,2,1.12,0
TXREF-13012,43.22,9.77,220,3,3.35,0
TXREF-13013,13.37,19.1,458,4,4.88,0
TXREF-13014,48.99,16.08,298,3,5.67,0
TXREF-13015,14.17,14.17,351,1,7.35,0
TXREF-13016,25.58,19.48,720,3,2.35,0
TXREF-13017,35.82,23.72,994,3,16.64,0
TXREF-13018,20.57,16.78,285,2,4.95,0
TXREF-13019,36.95,12.22,610,3,2.8,0
TXREF-13020,36.52,15.29,808,2,12.74,0
TXREF-13021,19.29,15.36,303,3,15.81,0
TXREF-13022,52.4,6.52,818,1,8.48,0
TXREF-13023,20.08,9.42,354,1,31.66,0
TXREF-13024,180.79,19.08,91,1,1.63,0
TXREF-13025,32.17,13.19,205,2,10.46,0
TXREF-13026,14.98,19.82,121,2,2.55,0
TXREF-13027,17.14,18.19,353,1,27.33,0
TXREF-13028,79.54,13.3,380,3,10.11,0
TXREF-13029,25.93,13.01,274,3,19.09,0
TXREF-13030,13.04,19.27,296,1,29.07,0
TXREF-13031,64.37,20.73,73,2,12.17,0
TXREF-13032,25.81,13.08,230,4,4.18,0
TXREF-13033,55.73,18.92,347,3,1.5,0
TXREF-13034,68.28,17.3,344,2,4.71,0
TXREF-13035,42.42,17.85,252,6,3.88,0
TXREF-13036,195.4,14.32,271,3,4.86,0
TXREF-13037,10.06,18.53,298,4,13.95,0
TXREF-13038,19.32,21.44,43,2,4.18,0
TXREF-13039,28.95,9.83,29,2,20.82,0
TXREF-13040,177.34,20.11,382,2,6.33,0
TXREF-13041,127.05,14.04,30,2,2.62,0
TXREF-13042,88.05,10.34,79,6,11.78,0
TXREF-13043,19.65,17.21,272,4,3.4,0
TXREF-13044,21.37,12.47,293,1,11.06,0
TXREF-13045,19.17,11.92,168,3,4.5,0
TXREF-13046,19.8,20.62,661,2,1.88,0
TXREF-13047,101.98,1.83,881,4,17.65,0
TXREF-13048,29.21,14.75,1162,1,1.18,0
TXREF-13049,32.13,12.11,121,2,15.45,0
TXREF-13050,60.8,11.6,1599,2,18.83,0
TXREF-13051,10.51,9.32,852,4,13.52,0
TXREF-13052,36.16,20.0,806,4,23.32,0
TXREF-13053,15.8,11.2,18,4,7.28,0
TXREF-13054,28.16,15.89,400,4,43.97,0
TXREF-13055,22.82,21.36,91,2,7.15,0
TXREF-13056,21.99,20.58,234,2,2.02,0
TXREF-13057,40.95,22.45,528,5,5.88,0
TXREF-13058,40.82,18.58,1166,3,2.85,0
TXREF-13059,29.72,21.17,371,3,17.61,0
TXREF-13060,45.46,11.82,72,2,8.72,0
TXREF-13061,18.63,22.75,22,2,4.06,0
TXREF-13062,56.87,7.96,500,2,24.28,0
TXREF-13063,30.01,17.64,171,5,7.66,0
TXREF-13064,24.58,16.91,257,2,13.81,0
TXREF-13065,19.64,23.72,194,4,3.36,0
TXREF-13066,29.26,13.62,21,2,32.06,0
TXREF-13067,133.87,21.96,419,1,0.57,0
TXREF-13068,33.26,19.15,116,4,9.29,0
TXREF-13069,15.27,13.78,102,5,19.71,0
TXREF-13070,67.46,12.85,549,1,6.1,0
TXREF-13071,24.78,19.81,687,4,4.94,0
TXREF-13072,42.7,15.36,270,1,47.25,0
TXREF-13073,22.51,15.79,255,1,19.04,0
TXREF-13074,87.55,12.7,90,5,4.92,0
TXREF-13075,22.75,13.08,999,2,2.35,0
TXREF-13076,95.25,13.3,159,2,3.05,0
TXREF-13077,16.35,16.53,34,3,1.08,0
TXREF-13078,28.19,9.6,303,3,12.54,0
TXREF-13079,95.39,21.03,2,2,1.34,1
TXREF-13080,39.29,21.04,910,4,13.24,0
TXREF-13081,178.65,20.4,530,1,8.54,0
TXREF-13082,28.68,15.01,2,3,1.29,0
TXREF-13083,41.89,10.58,34,3,38.96,0
TXREF-13084,137.24,16.91,774,2,17.55,0
TXREF-13085,11.7,18.68,1223,3,4.17,0
TXREF-13086,10.71,15.32,1059,1,1.38,0
TXREF-13087,19.63,17.59,409,4,1.24,0
TXREF-13088,62.53,11.07,75,2,8.21,1
TXREF-13089,10.92,11.15,1104,3,15.48,0
TXREF-13090,53.51,19.86,124,3,5.99,0
TXREF-13091,50.87,13.88,576,1,2.92,0
TXREF-13092,148.47,11.14,40,2,1.46,0
TXREF-13093,73.9,21.84,441,2,30.69,0
TXREF-13094,45.25,14.96,305,2,9.88,0
TXREF-13095,92.63,16.25,110,4,2.48,0
TXREF-13096,51.32,11.84,240,2,5.06,1
TXREF-13097,25.0,19.38,108,3,28.27,0
TXREF-13098,15.27,21.83,174,3,6.56,0
TXREF-13099,23.11,17.31,594,1,10.81,0
TXREF-13100,33.82,12.13,318,1,35.34,0
TXREF-13101,39.49,20.6,1530,2,25.86,0
TXREF-13102,7.48,15.79,518,3,20.73,0
TXREF-13103,29.72,20.39,280,2,8.04,0
TXREF-13104,35.54,12.59,210,3,13.12,0
TXREF-13105,51.64,14.65,334,3,26.06,0
TXREF-13106,112.31,15.89,162,2,11.08,0
TXREF-13107,39.79,16.47,264,1,7.15,0
TXREF-13108,18.09,7.04,322,3,3.41,0
TXREF-13109,9.4,10.81,9,2,12.91,0
TXREF-13110,57.09,21.6,489,1,0.91,0
TXREF-13111,18.62,18.13,320,2,1.7,0
TXREF-13112,64.98,21.44,497,5,19.64,0
TXREF-13113,95.22,22.47,711,2,31.8,1
TXREF-13114,11.45,18.91,264,3,8.08,0
TXREF-13115,51.87,12.19,298,2,15.75,0
TXREF-13116,88.3,12.81,14,2,33.49,0
TXREF-13117,72.51,18.67,29,3,1.06,0
TXREF-13118,7.7,18.14,8,3,0.6,0
TXREF-13119,18.83,16.99,556,3,2.14,0
TXREF-13120,13.85,8.52,362,2,1.93,0
TXREF-13121,50.75,23.25,792,1,3.61,0
TXREF-13122,46.88,17.59,161,2,218.04,1
TXREF-13123,4.99,19.9,305,6,0.82,0
TXREF-13124,28.03,18.47,92,2,1.83,0
TXREF-13125,61.96,12.9,905,3,28.28,0
TXREF-13126,38.73,17.56,153,3,40.82,0
TXREF-13127,38.68,18.89,152,3,9.07,0
TXREF-13128,26.77,13.98,178,5,0.56,0
TXREF-13129,16.24,21.8,20,4,2.83,0
TXREF-13130,34.39,13.12,608,2,2.8,0
TXREF-13131,36.14,19.31,749,6,5.11,0
TXREF-13132,54.22,18.24,1081,5,4.24,0
TXREF-13133,57.48,14.62,47,2,75.88,1
TXREF-13134,37.03,19.81,390,3,12.31,0
TXREF-13135,76.58,18.92,779,2,5.51,0
TXREF-13136,26.58,19.19,408,2,6.45,0
TXREF-13137,12.31,9.35,1055,2,0.81,0
TXREF-13138,49.08,13.26,102,2,0.9,0
TXREF-13139,38.13,20.95,56,3,66.77,0
TXREF-13140,49.79,14.24,384,4,3.49,0
TXREF-13141,14.01,12.44,371,4,0.55,0
TXREF-13142,126.39,14.59,228,4,15.01,0
TXREF-13143,58.06,15.19,543,3,29.97,0
TXREF-13144,28.29,10.39,551,1,46.1,0
TXREF-13145,17.75,14.29,24,2,6.11,0
TXREF-13146,75.61,15.18,567,2,7.63,0
TXREF-13147,15.75,12.43,1035,2,7.05,0
TXREF-13148,177.36,20.1,32,3,5.62,1
TXREF-13149,22.39,20.48,1019,2,4.65,0
TXREF-13150,120.15,20.35,300,3,0.73,0
TXREF-13151,30.48,16.72,157,3,2.41,0
TXREF-13152,108.65,10.85,40,2,4.57,0
TXREF-13153,20.51,14.6,908,4,0.89,0
TXREF-13154,35.29,22.37,111,2,1.15,0
TXREF-13155,62.14,11.74,492,2,2.16,0
TXREF-13156,56.08,20.87,616,4,13.47,0
TXREF-13157,76.9,13.58,1192,2,3.06,0
TXREF-13158,24.51,16.48,64,3,4.07,0
TXREF-13159,37.01,11.55,137,3,3.15,0
TXREF-13160,85.53,18.19,1631,2,6.72,0
TXREF-13161,20.95,17.83,777,3,4.34,0
TXREF-13162,52.57,18.07,286,3,3.11,0
TXREF-13163,29.73,13.46,788,2,53.83,0
TXREF-13164,40.38,21.63,96,4,1.97,0
TXREF-13165,37.0,20.39,324,5,4.98,0
TXREF-13166,19.74,18.11,92,4,3.58,0
TXREF-13167,28.86,20.17,626,2,10.21,0
TXREF-13168,38.64,18.68,43,2,17.12,0
TXREF-13169,32.33,14.07,512,3,8.36,0
TXREF-13170,108.03,15.71,515,2,4.84,0
TXREF-13171,72.04,15.36,1791,4,3.53,0
TXREF-13172,42.9,15.29,188,2,5.86,0
TXREF-13173,20.1,10.79,101,3,1.27,0
TXREF-13174,19.23,13.98,308,2,13.24,0
TXREF-13175,144.19,21.3,1154,1,36.95,0
TXREF-13176,16.83,19.08,37,2,334.27,0
TXREF-13177,37.79,19.46,530,2,12.59,0
TXREF-13178,45.15,20.46,356,1,0.85,0
TXREF-13179,27.82,6.9,161,1,30.57,1
TXREF-13180,16.92,12.41,34,3,5.73,0
TXREF-13181,19.78,19.42,443,1,8.2,0
TXREF-13182,23.49,12.98,375,2,3.84,0
TXREF-13183,20.89,13.21,195,1,22.16,0
TXREF-13184,90.56,18.71,46,5,2.98,0
TXREF-13185,34.59,21.48,55,4,4.64,0
TXREF-13186,23.88,17.93,41,1,1.54,0
TXREF-13187,37.6,13.65,32,3,4.53,0
TXREF-13188,56.31,20.1,265,5,10.47,0
TXREF-13189,27.16,19.36,831,1,12.75,0
TXREF-13190,66.65,16.39,535,4,9.58,0
TXREF-13191,13.94,11.48,1216,2,1.14,0
TXREF-13192,80.91,15.66,806,2,1.08,0
TXREF-13193,34.59,9.55,659,8,12.36,0
TXREF-13194,33.63,11.88,353,2,85.0,0
TXREF-13195,21.14,18.25,296,1,2.99,0
TXREF-13196,14.38,19.8,1331,2,14.81,0
TXREF-13197,10.49,14.87,1144,2,5.26,0
TXREF-13198,20.1,17.16,91,4,12.95,0
TXREF-13199,53.15,15.96,32,3,6.96,0
TXREF-13200,17.42,19.22,81,1,7.17,0
TXREF-13201,11.42,22.66,588,2,3.27,0
TXREF-13202,18.09,8.6,229,2,6.04,0
TXREF-13203,26.39,19.18,1567,3,8.22,0
TXREF-13204,27.15,13.69,285,2,2.32,0
TXREF-13205,31.73,15.75,19,2,13.31,0
TXREF-13206,73.22,22.22,419,4,3.88,0
TXREF-13207,85.58,8.29,7,3,153.74,1
TXREF-13208,147.52,7.84,14,2,16.86,0
TXREF-13209,10.81,13.78,1117,3,16.7,0
TXREF-13210,18.8,12.47,218,2,4.41,0
TXREF-13211,57.56,11.09,239,1,12.07,0
TXREF-13212,25.11,10.55,1146,2,11.14,0
TXREF-13213,64.7,19.43,114,1,0.91,0
TXREF-13214,40.41,18.17,385,2,8.47,0
TXREF-13215,108.53,14.43,126,4,64.84,0
TXREF-13216,73.76,19.41,34,2,0.76,0
TXREF-13217,74.73,12.8,24,2,36.5,0
TXREF-13218,25.88,15.42,232,6,26.3,0
TXREF-13219,32.45,16.97,446,2,1.59,0
TXREF-13220,27.94,13.49,198,3,2.26,0
TXREF-13221,11.77,14.08,332,2,14.16,0
TXREF-13222,100.45,12.8,131,1,0.64,0
TXREF-13223,59.54,15.9,105,2,9.31,0
TXREF-13224,27.16,16.89,821,4,17.3,0
TXREF-13225,89.06,15.12,61,5,15.29,0
TXREF-13226,22.11,17.91,1055,4,3.97,0
TXREF-13227,9.27,18.35,26,2,7.35,0
TXREF-13228,71.9,13.85,11,4,8.15,0
TXREF-13229,13.87,2.56,1095,1,7.09,0
TXREF-13230,30.24,14.76,178,5,7.28,0
TXREF-13231,40.38,14.37,161,1,33.7,0
TXREF-13232,45.95,19.03,60,1,3.36,0
TXREF-13233,64.13,18.37,590,1,40.54,0
TXREF-13234,52.89,8.96,31,2,52.52,0
TXREF-13235,51.72,10.34,777,2,2.12,0
TXREF-13236,19.7,11.97,897,1,2.66,0
TXREF-13237,43.03,17.46,458,1,0.56,0
TXREF-13238,11.78,9.85,345,1,0.91,0
TXREF-13239,107.2,10.28,314,3,2.13,0
TXREF-13240,12.68,15.32,198,3,3.11,0
TXREF-13241,27.13,16.72,1024,3,9.04,0
TXREF-13242,13.47,9.04,365,6,2.58,0
TXREF-13243,20.58,21.3,60,3,3.41,0
TXREF-13244,35.15,11.48,45,2,42.77,0
TXREF-13245,23.79,16.1,183,3,30.97,0
TXREF-13246,79.35,19.71,1,1,8.63,1
TXREF-13247,40.99,11.6,1422,2,69.92,0
TXREF-13248,24.95,16.37,841,2,3.99,0
TXREF-13249,31.62,14.4,29,2,3.82,0
TXREF-13250,83.78,22.27,126,3,15.04,0
TXREF-13251,66.98,8.83,789,3,12.99,0
TXREF-13252,15.33,11.53,11,4,7.32,0
TXREF-13253,21.33,20.26,159,2,2.96,0
TXREF-13254,49.0,12.92,212,4,5.66,0
TXREF-13255,44.9,10.94,150,1,7.94,0
TXREF-13256,16.34,22.78,99,2,2.05,0
TXREF-13257,59.7,14.38,749,1,3.08,0
TXREF-13258,18.33,16.83,1526,3,2.94,0
TXREF-13259,89.01,15.99,14,3,3.3,1
TXREF-13260,50.97,11.83,239,2,3.41,0
TXREF-13261,15.41,18.07,205,4,4.03,0
TXREF-13262,23.79,16.61,212,1,1.56,0
TXREF-13263,23.49,12.58,379,3,3.18,0
TXREF-13264,39.06,20.1,969,2,10.33,0
TXREF-13265,30.06,15.92,492,2,11.28,0
TXREF-13266,15.26,23.56,663,5,7.56,0
TXREF-13267,12.76,19.0,34,2,3.32,0
TXREF-13268,51.69,14.23,344,4,3.01,0
TXREF-13269,42.78,13.9,138,1,1.96,0
TXREF-13270,37.56,20.32,71,2,6.69,0
TXREF-13271,42.31,12.16,90,1,11.84,0
TXREF-13272,22.3,21.5,1150,2,28.55,0
TXREF-13273,39.74,15.71,781,2,15.59,0
TXREF-13274,216.53,22.78,571,3,15.23,0
TXREF-13275,81.1,12.18,313,5,8.26,0
TXREF-13276,28.29,14.44,145,3,9.48,0
TXREF-13277,23.88,17.96,618,1,4.14,0
TXREF-13278,4.44,16.87,88,3,2.02,0
TXREF-13279,75.15,19.46,267,2,14.11,0
TXREF-13280,61.34,20.08,93,2,46.31,0
TXREF-13281,23.53,10.5,687,4,3.3,0
TXREF-13282,12.42,18.64,454,4,4.48,0
TXREF-13283,15.15,23.82,355,2,6.2,0
TXREF-13284,47.94,17.59,65,1,20.26,0
TXREF-13285,32.64,22.37,476,3,6.52,0
TXREF-13286,57.28,10.26,577,2,11.23,0
TXREF-13287,37.05,16.42,232,3,12.2,0
TXREF-13288,69.83,9.86,87,3,4.41,0
TXREF-13289,45.43,20.77,51,3,8.32,0
TXREF-13290,63.23,17.64,552,2,1.8,0
TXREF-13291,7.73,13.29,854,3,50.38,0
TXREF-13292,14.31,19.69,437,3,16.1,0
TXREF-13293,26.78,19.15,735,1,34.73,0
TXREF-13294,75.74,10.6,1070,3,8.43,0
TXREF-13295,134.83,0.16,38,3,4.81,0
TXREF-13296,30.93,19.21,1036,7,1.02,0
TXREF-13297,22.41,21.69,563,4,4.1,0
TXREF-13298,8.52,16.18,357,5,6.31,0
TXREF-13299,64.83,13.0,83,5,3.4,1
TXREF-13300,23.43,13.66,65,2,3.11,0
TXREF-13301,292.95,11.75,837,2,1.94,0
TXREF-13302,20.44,15.02,59,2,5.64,0
TXREF-13303,158.51,0.52,196,1,2.11,0
TXREF-13304,59.67,18.54,175,2,9.77,0
TXREF-13305,16.6,17.39,1020,2,5.57,0
TXREF-13306,41.15,21.02,418,2,1.99,0
TXREF-13307,60.67,19.72,965,4,27.77,1
TXREF-13308,29.6,13.54,592,3,13.0,0
TXREF-13309,63.65,12.57,60,2,2.97,0
TXREF-13310,62.65,16.41,858,1,1.43,0
TXREF-13311,53.48,15.48,398,2,9.27,0
TXREF-13312,34.4,14.41,630,5,15.87,0
TXREF-13313,14.94,17.24,706,3,4.39,0
TXREF-13314,32.94,19.35,54,2,15.44,0
TXREF-13315,39.52,19.54,703,2,5.63,0
TXREF-13316,9.02,12.34,611,3,13.53,0
TXREF-13317,39.32,0.34,255,4,13.77,0
TXREF-13318,32.47,15.77,1468,3,0.93,0
TXREF-13319,13.69,20.31,396,2,5.41,0
TXREF-13320,27.39,9.79,613,2,0.89,0
TXREF-13321,27.81,15.3,81,2,5.47,0
TXREF-13322,139.72,19.12,217,3,0.84,0
TXREF-13323,40.79,9.3,160,2,11.77,0
TXREF-13324,73.4,13.05,555,2,1.1,0
TXREF-13325,31.98,15.2,46,2,4.15,0
TXREF-13326,9.03,19.29,97,3,6.76,0
TXREF-13327,56.49,10.51,1830,2,1.76,0
TXREF-13328,21.67,21.88,77,4,11.06,0
TXREF-13329,27.34,10.56,669,2,9.23,0
TXREF-13330,16.31,20.2,276,2,4.25,0
TXREF-13331,36.69,10.12,52,3,14.12,0
TXREF-13332,74.96,15.94,161,4,7.76,0
TXREF-13333,68.14,14.42,603,2,6.46,0
TXREF-13334,109.08,17.65,17,2,6.92,0
TXREF-13335,120.8,15.47,561,3,0.98,0
TXREF-13336,7.98,14.13,318,3,5.93,0
TXREF-13337,14.74,14.35,143,1,7.64,0
TXREF-13338,9.47,13.03,156,2,6.76,0
TXREF-13339,54.87,10.71,951,3,1.43,0
TXREF-13340,21.14,19.41,301,4,9.05,0
TXREF-13341,24.48,18.48,118,2,3.16,0
TXREF-13342,29.79,18.07,615,2,13.71,0
TXREF-13343,45.85,12.27,169,1,1.93,0
TXREF-13344,11.95,11.82,436,4,31.64,0
TXREF-13345,14.06,12.67,342,1,5.04,0
TXREF-13346,34.85,17.44,250,3,0.91,0
TXREF-13347,82.52,14.0,450,2,6.39,0
TXREF-13348,34.18,12.26,340,2,14.05,0
TXREF-13349,19.69,20.06,896,4,1.16,0
TXREF-13350,7.41,11.64,421,2,5.28,0
TXREF-13351,69.13,21.61,145,2,0.53,0
TXREF-13352,20.49,14.41,3098,3,29.74,0
TXREF-13353,15.24,19.87,268,1,6.45,0
TXREF-13354,10.12,13.96,335,2,21.67,0
TXREF-13355,12.35,20.54,122,2,10.81,0
TXREF-13356,17.43,11.15,92,1,0.66,0
TXREF-13357,29.31,13.86,150,2,1.91,0
TXREF-13358,14.58,9.15,758,1,2.15,0
TXREF-13359,39.79,20.19,999,3,3.3,0
TXREF-13360,29.15,14.12,158,3,7.0,0
TXREF-13361,172.4,16.25,253,4,2.1,0
TXREF-13362,10.2,16.87,25,1,6.99,0
TXREF-13363,39.11,13.16,748,4,11.37,0
TXREF-13364,39.46,13.24,666,2,2.03,0
TXREF-13365,16.58,9.0,7,1,2.88,0
TXREF-13366,37.28,17.79,525,2,30.04,0
TXREF-13367,60.59,13.41,143,2,12.47,0
TXREF-13368,37.32,13.45,1591,1,3.53,0
TXREF-13369,94.33,15.19,19,4,20.05,1
TXREF-13370,7.26,9.01,388,3,3.54,0
TXREF-13371,18.98,16.94,418,2,8.78,0
TXREF-13372,100.69,17.36,552,2,1.13,0
TXREF-13373,67.13,14.45,215,2,12.56,0
TXREF-13374,51.38,15.48,33,4,5.7,0
TXREF-13375,84.6,12.96,331,3,6.73,0
TXREF-13376,8.76,16.76,273,2,3.54,0
TXREF-13377,61.73,19.47,353,4,34.45,0
TXREF-13378,74.91,21.45,164,1,16.8,0
TXREF-13379,21.67,19.32,41,2,2.76,0
TXREF-13380,231.15,13.88,406,2,3.12,0
TXREF-13381,40.1,17.42,367,3,8.0,0
TXREF-13382,7.18,21.0,191,2,1.58,0
TXREF-13383,45.81,20.08,70,1,5.51,0
TXREF-13384,20.73,15.51,650,3,5.13,0
TXREF-13385,80.54,20.79,490,1,7.46,0
TXREF-13386,51.65,18.41,165,3,3.13,0
TXREF-13387,22.63,12.34,380,2,8.67,0
TXREF-13388,102.7,0.06,525,4,4.32,1
TXREF-13389,68.47,22.19,94,7,8.64,0
TXREF-13390,19.18,21.52,131,2,6.04,0
TXREF-13391,31.2,17.17,957,3,5.47,0
TXREF-13392,50.51,10.41,380,3,6.05,0
TXREF-13393,26.78,21.42,559,1,1.09,0
TXREF-13394,27.36,11.03,992,3,2.56,0
TXREF-13395,35.75,12.99,498,3,3.73,0
TXREF-13396,16.16,9.85,134,3,7.51,0
TXREF-13397,6.98,13.53,568,4,5.42,0
TXREF-13398,41.35,13.83,17,3,14.71,0
TXREF-13399,8.31,16.66,296,2,162.91,0
TXREF-13400,17.03,21.8,54,4,4.78,0
TXREF-13401,9.72,12.36,289,1,9.44,0
TXREF-13402,10.62,5.19,495,3,10.4,0
TXREF-13403,47.32,16.08,122,2,182.84,1
TXREF-13404,29.66,12.24,654,2,6.21,0
TXREF-13405,28.9,19.82,343,3,0.98,0
TXREF-13406,13.5,13.89,598,3,5.55,0
TXREF-13407,21.71,23.07,336,4,0.46,0
TXREF-13408,45.65,10.76,188,1,2.8,0
TXREF-13409,33.53,18.58,509,3,4.0,0
TXREF-13410,62.95,13.12,920,1,3.65,0
TXREF-13411,69.75,18.7,344,3,71.9,0
TXREF-13412,29.03,13.33,606,4,61.7,0
TXREF-13413,9.17,21.76,159,7,10.36,0
TXREF-13414,20.19,9.58,519,2,51.25,0
TXREF-13415,32.45,8.44,376,2,10.48,0
TXREF-13416,19.9,16.65,139,3,35.46,0
TXREF-13417,16.29,23.21,83,2,2.13,0
TXREF-13418,36.61,20.98,477,3,6.78,0
TXREF-13419,200.3,10.76,70,1,11.82,1
TXREF-13420,24.5,10.53,323,2,43.91,0
TXREF-13421,34.74,18.82,371,3,24.36,0
TXREF-13422,13.54,13.94,178,2,2.73,0
TXREF-13423,85.22,10.61,86,3,12.28,1
TXREF-13424,65.35,16.53,841,3,4.0,0
TXREF-13425,62.19,15.65,1895,4,10.1,0
TXREF-13426,92.67,18.82,112,3,11.35,0
TXREF-13427,25.59,17.21,139,3,12.77,0
TXREF-13428,28.0,10.79,22,2,12.4,0
TXREF-13429,119.24,15.85,773,1,5.52,0
TXREF-13430,54.9,21.14,16,3,5.65,0
TXREF-13431,7.04,17.25,241,3,16.09,0
TXREF-13432,48.3,20.57,12,2,0.62,0
TXREF-13433,22.9,14.74,182,3,2.76,0
TXREF-13434,66.47,12.11,86,1,2.2,0
TXREF-13435,46.71,14.06,307,2,19.89,0
TXREF-13436,9.94,20.22,497,2,6.78,0
TXREF-13437,42.25,10.3,1420,2,10.08,0
TXREF-13438,40.51,12.56,476,2,3.87,0
TXREF-13439,45.23,19.39,278,2,11.09,0
TXREF-13440,52.69,11.43,592,3,1.15,0
TXREF-13441,102.22,19.14,470,2,24.13,0
TXREF-13442,46.9,20.34,286,4,1.01,0
TXREF-13443,35.39,11.02,340,2,23.27,0
TXREF-13444,79.56,10.21,292,1,0.38,0
TXREF-13445,175.0,9.9,1123,2,2.27,0
TXREF-13446,67.28,24.0,160,2,2.47,0
TXREF-13447,40.39,14.83,2,5,26.15,1
TXREF-13448,47.53,16.21,20,3,20.57,0
TXREF-13449,41.86,17.26,161,1,2.15,0
TXREF-13450,35.28,12.93,229,2,55.68,0
TXREF-13451,165.49,18.71,1124,7,3.03,0
TXREF-13452,20.3,11.99,147,3,15.53,0
TXREF-13453,79.96,10.49,16,4,3.39,0
TXREF-13454,31.8,19.8,607,3,23.47,1
TXREF-13455,11.99,19.67,326,2,4.02,0
TXREF-13456,30.4,14.46,247,3,5.45,0
TXREF-13457,23.48,17.25,126,4,1.25,0
TXREF-13458,52.77,14.34,23,2,3.24,0
TXREF-13459,37.18,15.0,507,2,8.46,0
TXREF-13460,16.68,18.35,1043,3,0.55,0
TXREF-13461,100.4,14.85,1201,2,4.36,0
TXREF-13462,76.32,15.58,10,4,11.47,0
TXREF-13463,109.07,9.46,678,4,27.21,0
TXREF-13464,41.29,1.9,12,5,9.34,1
TXREF-13465,33.93,8.91,2039,2,4.88,0
TXREF-13466,57.78,12.27,492,3,20.5,0
TXREF-13467,22.97,12.18,275,1,3.37,0
TXREF-13468,38.23,20.75,965,3,5.26,0
TXREF-13469,30.68,12.08,772,2,6.51,0
TXREF-13470,12.16,15.41,487,2,2.17,0
TXREF-13471,38.16,12.2,109,4,6.03,0
TXREF-13472,25.34,10.67,573,1,4.17,0
TXREF-13473,29.23,15.83,12,2,3.31,0
TXREF-13474,45.24,11.7,266,2,3.61,0
TXREF-13475,87.03,21.0,446,2,32.88,0
TXREF-13476,18.89,21.09,1417,1,9.01,0
TXREF-13477,27.32,20.1,218,2,3.7,0
TXREF-13478,20.07,9.96,736,1,5.75,0
TXREF-13479,19.15,13.51,1237,3,2.89,0
TXREF-13480,22.69,21.74,1092,5,11.15,0
TXREF-13481,30.22,20.91,518,5,11.05,0
TXREF-13482,53.08,22.22,128,1,9.78,0
TXREF-13483,43.85,13.45,65,3,4.06,0
TXREF-13484,16.27,5.93,247,2,81.71,0
TXREF-13485,88.39,13.37,184,2,3.8,0
TXREF-13486,68.72,13.62,506,1,2.3,0
TXREF-13487,18.19,19.22,314,2,4.91,0
TXREF-13488,84.05,11.7,6,4,8.45,1
TXREF-13489,44.05,9.77,1,1,1.83,0
TXREF-13490,31.1,20.91,89,2,3.37,0
TXREF-13491,45.05,18.4,168,3,7.22,0
TXREF-13492,34.17,13.38,162,1,3.51,0
TXREF-13493,51.55,20.81,135,4,6.39,0
TXREF-13494,39.84,18.66,351,5,2.69,0
TXREF-13495,27.3,15.93,1452,2,10.03,0
TXREF-13496,8.1,10.0,49,4,2.74,0
TXREF-13497,50.89,18.85,178,1,16.33,0
TXREF-13498,26.6,10.37,276,2,1.29,0
TXREF-13499,60.95,21.14,725,1,13.95,0
TXREF-13500,49.24,20.25,57,1,1.03,0
TXREF-13501,27.1,16.08,1505,1,18.55,0
TXREF-13502,72.72,20.56,287,3,18.19,0
TXREF-13503,40.35,14.11,301,3,6.08,0
TXREF-13504,39.17,19.78,76,2,3.82,0
TXREF-13505,31.52,16.88,239,5,6.15,0
TXREF-13506,117.0,18.72,223,3,2.11,0
TXREF-13507,20.83,18.88,83,3,13.08,0
TXREF-13508,27.6,13.58,662,1,25.07,0
TXREF-13509,14.28,11.89,55,3,3.41,0
TXREF-13510,58.75,10.42,618,1,4.68,0
TXREF-13511,22.89,12.27,588,1,1.08,0
TXREF-13512,24.82,20.0,617,4,15.12,0
TXREF-13513,23.99,9.68,384,2,3.37,0
TXREF-13514,36.42,11.03,214,3,8.02,0
TXREF-13515,14.15,18.26,344,4,6.51,0
TXREF-13516,6.92,11.93,1392,2,3.87,0
TXREF-13517,48.4,15.18,29,3,9.22,0
TXREF-13518,7.6,18.92,496,4,18.72,0
TXREF-13519,64.39,14.92,97,5,2.63,0
TXREF-13520,106.93,21.04,104,3,10.88,0
TXREF-13521,30.93,7.91,187,3,2.86,0
TXREF-13522,88.73,17.06,724,3,62.56,0
TXREF-13523,34.21,22.92,960,1,1.27,0
TXREF-13524,110.11,20.72,133,1,15.01,0
TXREF-13525,25.07,11.79,393,5,2.09,0
TXREF-13526,6.34,15.74,1056,4,4.0,0
TXREF-13527,32.87,15.07,949,2,11.69,0
TXREF-13528,119.07,15.73,143,2,1.6,0
TXREF-13529,51.17,12.24,110,1,25.24,0
TXREF-13530,24.02,13.84,27,2,4.25,0
TXREF-13531,44.12,15.33,956,1,2.25,0
TXREF-13532,70.05,22.69,1961,1,1.56,0
TXREF-13533,32.73,21.11,393,2,12.8,0
TXREF-13534,230.67,10.79,102,2,9.84,1
TXREF-13535,23.99,22.4,545,3,24.04,1
TXREF-13536,71.65,13.47,436,3,10.68,0
TXREF-13537,60.26,21.0,903,1,1.5,0
TXREF-13538,21.03,21.61,559,1,4.41,0
TXREF-13539,25.65,13.79,438,2,40.26,0
TXREF-13540,72.46,0.32,957,3,6.13,0
TXREF-13541,38.64,13.06,178,1,11.04,0
TXREF-13542,44.41,22.7,378,3,7.71,1
TXREF-13543,10.72,11.01,705,1,4.62,0
TXREF-13544,55.83,9.56,724,3,4.11,0
TXREF-13545,42.81,11.36,234,2,6.73,0
TXREF-13546,33.25,12.05,62,1,18.85,0
TXREF-13547,45.14,13.81,829,1,4.53,0
TXREF-13548,25.93,21.58,94,2,15.65,0
TXREF-13549,22.73,7.15,242,2,4.51,0
TXREF-13550,29.25,5.78,69,1,2.06,0
TXREF-13551,24.92,14.39,618,3,3.94,0
TXREF-13552,167.33,10.39,123,1,2.5,0
TXREF-13553,67.12,7.58,245,3,2.4,0
TXREF-13554,17.33,16.0,292,3,4.56,0
TXREF-13555,150.83,20.0,376,1,15.74,0
TXREF-13556,25.49,13.7,8,4,3.8,0
TXREF-13557,35.56,14.86,29,3,2.01,0
TXREF-13558,66.43,18.99,295,3,3.61,0
TXREF-13559,8.43,21.05,96,2,5.34,0
TXREF-13560,29.35,16.84,41,2,4.34,0
TXREF-13561,23.04,22.45,90,2,2.77,0
TXREF-13562,40.35,20.52,1127,5,3.96,0
TXREF-13563,45.44,12.6,78,9,1.36,0
TXREF-13564,32.93,10.37,245,3,1.49,0
TXREF-13565,31.85,18.35,393,1,1.57,0
TXREF-13566,74.96,15.6,31,4,28.92,0
TXREF-13567,43.25,23.33,417,4,16.37,0
TXREF-13568,35.87,11.93,1234,3,4.41,0
TXREF-13569,38.72,14.87,335,3,16.97,0
TXREF-13570,130.56,10.63,755,3,2.75,0
TXREF-13571,39.42,20.93,324,3,0.46,0
TXREF-13572,24.04,12.89,933,3,19.24,0
TXREF-13573,8.81,21.5,542,3,3.46,0
TXREF-13574,12.4,15.76,441,2,2.82,0
TXREF-13575,24.87,7.11,1,3,4.73,0
TXREF-13576,32.2,14.0,195,4,31.56,0
TXREF-13577,23.33,1.51,293,3,5.21,0
TXREF-13578,44.83,12.48,125,4,66.82,0
TXREF-13579,23.12,1.46,609,5,4.97,0
TXREF-13580,18.02,16.11,856,2,1.16,0
TXREF-13581,54.11,10.92,556,4,35.23,0
TXREF-13582,93.31,22.29,438,3,2.1,0
TXREF-13583,15.69,10.65,185,2,6.42,0
TXREF-13584,41.49,12.29,119,1,1.69,0
TXREF-13585,8.83,17.06,678,2,3.96,0
TXREF-13586,12.04,15.57,58,3,3.04,0
TXREF-13587,22.78,20.49,358,2,7.57,0
TXREF-13588,78.82,21.61,95,5,9.38,0
TXREF-13589,19.87,19.83,71,3,6.44,0
TXREF-13590,19.34,11.47,516,2,4.88,0
TXREF-13591,35.73,9.15,14,2,5.23,0
TXREF-13592,35.76,15.82,362,2,8.6,0
TXREF-13593,19.78,18.9,26,2,17.2,0
TXREF-13594,145.49,17.93,995,2,25.19,0
TXREF-13595,28.76,14.81,531,3,11.31,0
TXREF-13596,37.78,10.13,512,4,3.89,0
TXREF-13597,26.07,16.81,233,1,3.36,0
TXREF-13598,47.79,15.54,220,2,1.42,0
TXREF-13599,84.7,16.43,456,1,18.24,0
TXREF-13600,115.33,17.31,23,1,62.41,0
TXREF-13601,20.11,19.08,287,3,0.68,0
TXREF-13602,76.91,22.45,501,3,12.54,0
TXREF-13603,51.72,9.88,880,3,13.1,0
TXREF-13604,70.22,14.47,931,3,4.99,0
TXREF-13605,32.58,11.05,80,3,12.96,0
TXREF-13606,30.43,18.77,154,1,2.93,0
TXREF-13607,68.29,19.62,507,3,14.04,0
TXREF-13608,69.23,10.77,319,3,4.54,0
TXREF-13609,107.48,13.96,96,1,7.23,0
TXREF-13610,40.16,8.78,338,2,14.77,0
TXREF-13611,32.23,14.2,140,1,62.39,0
TXREF-13612,5.92,17.86,329,1,25.01,0
TXREF-13613,10.91,17.88,293,5,0.91,0
TXREF-13614,26.21,17.34,368,3,3.39,0
TXREF-13615,15.76,13.75,569,2,3.22,0
TXREF-13616,62.56,17.56,76,3,1.91,0
TXREF-13617,13.56,15.38,405,2,2.22,0
TXREF-13618,24.27,12.6,318,3,35.53,0
TXREF-13619,24.96,15.22,262,3,6.88,0
TXREF-13620,82.88,16.83,318,1,15.07,0
TXREF-13621,22.47,20.41,380,2,22.92,0
TXREF-13622,48.22,20.32,126,5,11.7,0
TXREF-13623,40.08,13.54,630,3,1.61,0
TXREF-13624,66.71,10.09,754,3,4.93,0
TXREF-13625,64.21,10.04,189,3,3.72,0
TXREF-13626,33.99,12.65,88,4,2.28,0
TXREF-13627,10.26,17.17,148,3,23.7,0
TXREF-13628,29.46,20.92,176,2,9.02,0
TXREF-13629,34.32,15.03,715,2,0.59,0
TXREF-13630,42.77,14.58,419,3,2.3,0
TXREF-13631,20.47,20.68,66,2,4.79,0
TXREF-13632,79.16,19.68,51,1,1.63,0
TXREF-13633,35.16,14.77,535,3,25.42,0
TXREF-13634,17.94,12.12,296,1,4.77,0
TXREF-13635,25.03,9.88,1037,3,0.26,0
TXREF-13636,139.57,21.74,43,2,196.59,0
TXREF-13637,56.17,17.35,1515,2,4.2,0
TXREF-13638,74.06,18.29,80,2,18.23,0
TXREF-13639,16.45,13.21,202,4,5.99,0
TXREF-13640,21.2,17.99,497,4,3.34,0
TXREF-13641,21.31,10.81,1663,1,4.2,0
TXREF-13642,39.76,17.72,489,3,17.97,0
TXREF-13643,30.71,16.86,37,1,8.94,0
TXREF-13644,24.47,8.26,6,1,1.38,0
TXREF-13645,26.79,20.72,329,1,20.68,0
TXREF-13646,19.65,16.25,79,2,4.92,0
TXREF-13647,30.59,19.24,54,3,4.79,0
TXREF-13648,77.6,16.29,195,2,8.77,0
TXREF-13649,11.71,20.69,193,2,98.87,0
TXREF-13650,44.68,19.42,489,2,5.99,0
TXREF-13651,94.03,15.81,1263,2,5.83,0
TXREF-13652,30.51,20.18,684,2,4.2,0
TXREF-13653,23.79,12.77,442,4,6.11,0
TXREF-13654,67.72,17.08,155,2,10.61,0
TXREF-13655,17.14,16.82,151,2,11.52,0
TXREF-13656,34.25,19.78,388,3,6.32,0
TXREF-13657,16.47,17.29,1883,5,11.58,0
TXREF-13658,9.06,14.03,1133,2,4.76,0
TXREF-13659,31.2,11.12,634,2,2.82,0
TXREF-13660,14.02,16.14,1442,1,15.19,0
TXREF-13661,34.52,19.33,258,4,5.96,0
TXREF-13662,77.7,17.21,72,4,3.83,0
TXREF-13663,132.3,14.66,683,2,1.69,0
TXREF-13664,37.24,12.44,420,2,8.17,0
TXREF-13665,72.52,15.1,163,4,5.99,0
TXREF-13666,46.4,17.69,1650,4,1.1,0
TXREF-13667,26.42,14.74,1140,3,0.74,0
TXREF-13668,8.71,13.67,813,3,12.59,0
TXREF-13669,112.29,11.8,109,1,4.57,0
TXREF-13670,16.36,22.29,642,2,13.5,0
TXREF-13671,94.22,19.49,1564,3,11.03,0
TXREF-13672,51.24,10.85,126,1,1.2,0
TXREF-13673,17.24,14.53,35,1,0.28,0
TXREF-13674,43.58,21.26,352,8,6.85,0
TXREF-13675,161.69,17.27,479,5,2.83,0
TXREF-13676,105.18,17.38,705,2,9.74,0
TXREF-13677,24.07,10.11,31,2,29.82,0
TXREF-13678,20.85,20.39,29,2,3.76,0
TXREF-13679,37.42,11.2,32,2,1.35,0
TXREF-13680,30.9,16.51,345,3,2.55,0
TXREF-13681,82.58,15.37,1090,4,9.02,0
TXREF-13682,59.29,18.62,138,3,46.07,0
TXREF-13683,10.29,14.69,623,5,2.02,0
TXREF-13684,48.44,21.57,249,3,4.46,1
TXREF-13685,30.6,22.46,1166,4,2.71,0
TXREF-13686,35.76,21.18,992,2,3.86,0
TXREF-13687,41.65,14.47,8,4,20.41,0
TXREF-13688,82.52,14.45,1289,3,1.67,0
TXREF-13689,70.39,10.85,969,1,13.16,0
TXREF-13690,20.29,15.35,664,1,5.03,0
TXREF-13691,33.37,17.38,548,4,2.47,0
TXREF-13692,25.21,18.96,203,5,28.92,0
TXREF-13693,10.37,12.96,148,1,2.73,0
TXREF-13694,32.18,15.61,578,3,18.34,0
TXREF-13695,131.4,13.98,69,3,2.67,0
TXREF-13696,10.15,17.7,723,3,18.6,0
TXREF-13697,34.22,19.93,243,1,4.91,0
TXREF-13698,33.43,12.48,3,2,15.89,1
TXREF-13699,42.83,13.45,402,4,2.32,1
TXREF-13700,17.41,13.59,108,1,1.16,0
TXREF-13701,12.48,19.01,224,3,24.4,0
TXREF-13702,12.9,13.33,907,2,3.92,0
TXREF-13703,90.76,20.94,977,1,2.01,0
TXREF-13704,17.16,14.29,343,2,69.71,0
TXREF-13705,24.3,23.2,756,4,1.82,0
TXREF-13706,158.43,13.47,143,2,0.82,0
TXREF-13707,20.52,12.6,667,4,7.52,0
TXREF-13708,44.55,21.02,301,2,7.29,0
TXREF-13709,74.88,17.32,941,2,18.22,0
TXREF-13710,72.34,13.01,300,3,22.49,0
TXREF-13711,13.35,20.33,104,3,4.56,0
TXREF-13712,20.83,19.52,232,4,9.99,0
TXREF-13713,43.28,0.05,1292,2,7.67,0
TXREF-13714,139.62,23.07,479,3,1.65,0
TXREF-13715,20.12,12.14,94,3,8.06,0
TXREF-13716,24.4,13.05,348,2,31.13,0
TXREF-13717,47.09,14.14,455,2,16.73,0
TXREF-13718,54.39,11.51,101,2,3.45,0
TXREF-13719,56.81,18.3,666,1,8.98,0
TXREF-13720,18.93,15.5,411,3,15.48,0
TXREF-13721,23.73,10.2,1083,1,1.75,0
TXREF-13722,40.66,14.98,582,6,7.22,0
TXREF-13723,86.39,10.51,319,5,1.36,0
TXREF-13724,29.32,23.13,791,4,0.89,0
TXREF-13725,34.26,23.49,137,2,2.65,0
TXREF-13726,16.63,18.37,73,2,0.66,0
TXREF-13727,133.16,8.51,32,3,4.78,1
TXREF-13728,38.9,12.52,925,4,5.4,0
TXREF-13729,75.64,13.92,490,1,3.01,0
TXREF-13730,35.57,17.73,1859,3,16.7,0
TXREF-13731,37.02,20.23,30,3,9.9,0
TXREF-13732,11.82,12.65,31,3,7.51,1
TXREF-13733,7.4,19.74,361,1,6.5,0
TXREF-13734,85.74,13.7,817,4,1.44,0
TXREF-13735,36.83,13.68,771,2,7.29,0
TXREF-13736,40.39,14.87,76,4,2.02,0
TXREF-13737,14.16,8.93,537,2,1.17,0
TXREF-13738,18.17,13.85,220,2,3.62,0
TXREF-13739,74.8,15.44,299,2,0.74,0
TXREF-13740,121.86,11.25,247,2,1.02,0
TXREF-13741,22.26,15.46,132,6,10.96,0
TXREF-13742,56.46,8.47,110,2,5.77,0
TXREF-13743,39.92,20.02,34,4,1.6,0
TXREF-13744,31.92,22.91,277,2,11.73,0
TXREF-13745,132.08,20.82,524,1,6.99,0
TXREF-13746,25.12,10.87,44,2,1.11,0
TXREF-13747,85.06,20.19,296,2,2.93,0
TXREF-13748,45.82,15.25,90,3,10.26,1
TXREF-13749,34.39,16.97,105,2,12.57,0
TXREF-13750,93.49,13.82,648,2,11.7,0
TXREF-13751,42.9,22.37,1413,4,5.0,0
TXREF-13752,32.48,7.82,723,2,15.67,0
TXREF-13753,93.99,14.4,47,5,5.59,0
TXREF-13754,85.58,11.79,134,2,21.15,0
TXREF-13755,82.72,11.98,300,1,34.72,0
TXREF-13756,2.12,19.17,202,2,6.85,0
TXREF-13757,47.8,8.23,799,2,38.39,0
TXREF-13758,40.56,8.66,382,2,6.41,0
TXREF-13759,33.95,14.74,674,2,2.07,0
TXREF-13760,54.0,12.77,336,3,54.19,1
TXREF-13761,42.0,12.34,385,1,9.1,0
TXREF-13762,56.71,14.87,90,2,6.78,0
TXREF-13763,28.7,14.82,572,1,25.61,0
TXREF-13764,102.38,17.21,217,1,28.41,0
TXREF-13765,61.0,12.11,1466,3,5.03,0
TXREF-13766,51.45,22.3,648,3,4.6,0
TXREF-13767,49.67,14.53,20,2,0.78,0
TXREF-13768,80.1,15.55,723,3,17.44,0
TXREF-13769,72.65,12.13,21,1,11.44,0
TXREF-13770,32.1,15.11,14,4,7.01,0
TXREF-13771,71.02,20.21,90,3,1.76,0
TXREF-13772,39.46,14.15,4,3,53.31,0
TXREF-13773,138.41,13.67,139,1,18.52,1
TXREF-13774,76.74,13.25,46,4,8.33,0
TXREF-13775,22.19,12.02,193,2,1.97,0
TXREF-13776,186.44,11.0,153,4,22.98,0
TXREF-13777,7.66,13.05,1,1,5.73,0
TXREF-13778,55.09,15.44,16,3,1.41,0
TXREF-13779,21.09,11.15,2949,3,5.97,0
TXREF-13780,134.99,13.76,1117,2,3.62,0
TXREF-13781,41.76,13.39,848,4,4.71,0
TXREF-13782,19.66,19.69,1975,4,12.62,0
TXREF-13783,28.74,22.09,57,2,92.38,0
TXREF-13784,20.82,16.26,1007,3,2.95,0
TXREF-13785,27.93,16.94,36,2,4.48,0
TXREF-13786,27.48,19.48,1257,2,14.5,0
TXREF-13787,20.27,20.46,1162,3,14.78,0
TXREF-13788,42.29,14.51,122,2,15.14,0
TXREF-13789,46.14,13.86,101,4,32.08,0
TXREF-13790,16.99,10.11,964,2,1.49,0
TXREF-13791,10.55,12.71,2231,2,8.74,0
TXREF-13792,43.55,8.35,151,6,3.14,0
TXREF-13793,51.06,20.7,846,4,1.92,0
TXREF-13794,58.89,20.14,35,3,13.99,0
TXREF-13795,51.77,12.73,825,4,3.01,0
TXREF-13796,108.02,19.17,109,4,3.63,1
TXREF-13797,71.37,16.25,59,3,8.05,0
TXREF-13798,239.72,15.9,174,4,1.87,0
TXREF-13799,324.56,18.57,259,1,53.06,0
TXREF-13800,9.82,19.32,571,1,11.96,0
TXREF-13801,7.16,14.5,494,8,4.36,0
TXREF-13802,34.63,17.27,308,1,5.06,0
TXREF-13803,50.05,14.84,209,5,17.74,0
TXREF-13804,32.96,23.59,187,1,2.06,0
TXREF-13805,57.78,13.11,199,6,1.33,0
TXREF-13806,28.66,16.04,1089,3,8.4,0
TXREF-13807,21.12,17.15,206,3,14.51,0
TXREF-13808,23.55,17.73,279,2,6.76,0
TXREF-13809,30.14,20.8,341,2,1.92,0
TXREF-13810,63.9,15.55,1286,2,82.39,1
TXREF-13811,24.52,15.52,917,3,2.17,0
TXREF-13812,28.27,19.79,236,1,4.04,0
TXREF-13813,52.49,22.7,988,6,7.93,0
TXREF-13814,30.17,13.5,202,1,3.74,0
TXREF-13815,77.79,10.76,100,5,15.32,1
TXREF-13816,17.96,15.54,1946,2,21.79,0
TXREF-13817,15.36,15.97,181,3,4.12,0
TXREF-13818,43.35,13.53,251,4,0.38,0
TXREF-13819,46.58,14.99,9,2,6.42,0
TXREF-13820,18.68,17.07,80,1,21.11,0
TXREF-13821,91.6,17.85,739,4,10.95,0
TXREF-13822,139.21,12.57,1325,3,11.95,0
TXREF-13823,22.15,11.73,1146,1,3.09,0
TXREF-13824,101.58,17.41,158,3,21.57,0
TXREF-13825,6.26,18.91,454,3,6.6,0
TXREF-13826,75.55,13.37,452,1,10.19,0
TXREF-13827,18.77,15.15,237,2,18.78,0
TXREF-13828,70.3,12.96,354,2,9.83,1
TXREF-13829,17.42,12.69,1136,3,12.34,0
TXREF-13830,33.14,18.92,343,3,3.69,0
TXREF-13831,19.43,18.97,886,4,3.36,0
TXREF-13832,29.84,12.35,489,1,4.9,0
TXREF-13833,130.0,21.27,257,1,16.69,0
TXREF-13834,32.21,20.99,83,2,0.61,0
TXREF-13835,159.08,13.86,287,1,3.46,0
TXREF-13836,26.37,18.69,467,2,1.43,0
TXREF-13837,101.91,15.19,21,4,9.33,0
TXREF-13838,10.8,15.7,39,4,1.39,0
TXREF-13839,28.32,10.67,569,4,1.78,0
TXREF-13840,23.67,14.89,13,1,2.54,0
TXREF-13841,105.34,8.98,84,6,6.6,0
TXREF-13842,39.78,17.91,9,2,11.51,0
TXREF-13843,7.74,13.65,427,2,3.14,0
TXREF-13844,13.55,19.98,291,3,5.1,0
TXREF-13845,16.79,9.92,77,1,26.79,0
TXREF-13846,68.2,16.6,115,1,3.71,0
TXREF-13847,62.15,8.67,2,4,10.93,0
TXREF-13848,28.04,14.89,445,2,49.81,0
TXREF-13849,23.45,12.63,143,3,8.3,0
TXREF-13850,58.31,13.38,63,1,12.42,0
TXREF-13851,15.44,18.79,228,1,25.5,0
TXREF-13852,48.4,10.95,958,3,143.19,0
TXREF-13853,45.52,12.44,14,1,27.67,1
TXREF-13854,28.57,23.52,243,5,79.12,1
TXREF-13855,46.35,13.06,143,2,1.88,0
TXREF-13856,37.47,21.94,116,2,24.06,1
TXREF-13857,49.81,13.22,321,3,11.06,0
TXREF-13858,13.32,22.13,882,3,25.76,0
TXREF-13859,54.19,15.33,587,3,23.75,0
TXREF-13860,72.9,19.75,1243,1,8.87,0
TXREF-13861,43.86,19.12,8,5,3.94,0
TXREF-13862,53.67,17.06,558,1,2.0,0
TXREF-13863,32.16,11.4,237,1,7.59,0
TXREF-13864,66.14,15.6,220,3,1.66,0
TXREF-13865,36.49,18.93,1200,1,7.47,0
TXREF-13866,15.23,12.52,497,3,22.33,0
TXREF-13867,62.84,19.69,638,2,3.97,0
TXREF-13868,10.73,18.38,489,3,1.59,0
TXREF-13869,42.67,16.0,3,7,23.35,0
TXREF-13870,26.4,14.41,1748,2,1.74,0
TXREF-13871,25.21,19.19,140,3,3.87,0
TXREF-13872,39.4,8.64,402,2,3.53,0
TXREF-13873,20.89,10.44,311,3,6.84,0
TXREF-13874,50.34,12.51,55,5,6.49,0
TXREF-13875,36.27,18.54,2,5,9.05,0
TXREF-13876,22.32,17.02,75,2,5.23,0
TXREF-13877,91.24,8.51,465,3,2.55,0
TXREF-13878,40.34,19.69,161,6,10.86,0
TXREF-13879,54.83,9.76,434,6,0.88,0
TXREF-13880,96.54,13.87,933,2,46.86,0
TXREF-13881,95.4,16.89,367,4,8.59,0
TXREF-13882,52.85,20.15,494,2,12.96,0
TXREF-13883,28.0,14.86,212,5,134.12,1
TXREF-13884,12.44,12.64,337,2,6.82,0
TXREF-13885,40.4,13.69,377,4,4.04,0
TXREF-13886,76.56,16.19,15,6,7.92,0
TXREF-13887,44.93,17.97,90,2,18.58,1
TXREF-13888,2.92,10.21,217,3,5.77,0
TXREF-13889,65.13,19.08,1203,3,2.65,0
TXREF-13890,68.08,14.78,88,2,4.4,0
TXREF-13891,28.03,17.25,516,1,5.94,0
TXREF-13892,70.92,16.82,74,3,5.53,0
TXREF-13893,54.71,19.51,413,2,2.76,0
TXREF-13894,21.25,21.23,475,5,5.68,0
TXREF-13895,86.95,19.17,102,1,2.45,0
TXREF-13896,13.98,15.44,119,5,21.49,0
TXREF-13897,33.41,17.61,668,4,12.83,0
TXREF-13898,31.09,14.0,1429,2,140.0,0
TXREF-13899,19.21,7.36,214,7,3.73,0
TXREF-13900,43.33,13.63,1199,2,2.2,0
TXREF-13901,89.43,14.31,503,2,6.85,0
TXREF-13902,85.49,13.86,757,2,10.86,0
TXREF-13903,58.62,17.96,334,2,2.06,0
TXREF-13904,10.27,21.98,151,4,13.43,0
TXREF-13905,13.3,17.13,1497,3,2.13,0
TXREF-13906,39.24,14.3,29,1,8.71,0
TXREF-13907,33.97,18.45,60,1,5.25,0
TXREF-13908,24.32,20.7,606,2,50.17,0
TXREF-13909,137.25,13.95,968,3,4.2,0
TXREF-13910,37.57,20.53,138,3,8.4,0
TXREF-13911,51.45,14.4,682,1,1.07,0
TXREF-13912,70.9,18.53,111,1,3.32,0
TXREF-13913,36.22,17.29,888,1,6.1,0
TXREF-13914,224.88,10.44,285,1,14.66,1
TXREF-13915,17.69,11.86,634,8,4.85,0
TXREF-13916,22.5,21.85,133,1,17.23,0
TXREF-13917,17.66,14.82,31,3,1.85,0
TXREF-13918,107.24,13.09,248,3,7.5,0
TXREF-13919,62.02,13.77,652,1,4.7,0
TXREF-13920,23.53,16.92,118,4,7.67,0
TXREF-13921,18.69,20.49,348,3,5.81,0
TXREF-13922,94.36,19.63,207,5,17.22,0
TXREF-13923,45.17,14.76,165,4,2.2,0
TXREF-13924,96.11,13.84,245,1,1.75,0
TXREF-13925,33.34,15.51,87,3,2.99,0
TXREF-13926,50.32,12.97,218,5,3.62,0
TXREF-13927,43.21,10.13,584,1,3.7,0
TXREF-13928,22.21,23.29,308,3,42.86,0
TXREF-13929,31.38,22.85,206,1,3.89,0
TXREF-13930,14.84,18.53,1490,2,69.12,0
TXREF-13931,49.69,18.12,691,2,4.51,0
TXREF-13932,60.23,13.77,949,1,13.05,0
TXREF-13933,71.02,13.26,108,1,7.13,0
TXREF-13934,56.26,12.73,911,5,2.63,0
TXREF-13935,31.74,9.07,185,2,3.54,0
TXREF-13936,106.42,19.04,758,6,16.63,0
TXREF-13937,66.19,14.87,207,3,0.73,0
TXREF-13938,94.61,12.4,349,3,5.22,0
TXREF-13939,98.98,11.36,535,3,1.26,0
TXREF-13940,31.8,18.58,1534,3,16.62,0
TXREF-13941,46.03,21.6,164,2,0.95,0
TXREF-13942,60.81,13.82,1245,2,1.01,0
TXREF-13943,15.22,9.19,1803,3,5.14,0
TXREF-13944,15.46,15.27,7,1,3.66,0
TXREF-13945,13.66,7.33,459,3,9.94,0
TXREF-13946,32.21,9.68,3650,3,4.03,0
TXREF-13947,27.39,15.32,684,1,0.65,0
TXREF-13948,12.38,9.57,237,4,0.18,0
TXREF-13949,38.77,13.05,567,2,4.15,0
TXREF-13950,32.5,9.25,113,2,82.02,0
TXREF-13951,81.55,20.86,600,2,1.05,0
TXREF-13952,148.32,18.86,220,3,69.92,0
TXREF-13953,48.36,12.04,225,1,3.99,0
TXREF-13954,21.08,13.94,2232,1,2.97,0
TXREF-13955,55.46,20.66,130,2,8.08,0
TXREF-13956,35.05,22.93,206,3,9.19,0
TXREF-13957,29.29,22.17,489,1,3.89,0
TXREF-13958,18.72,16.51,269,3,2.47,0
TXREF-13959,24.92,9.48,20,1,5.58,0
TXREF-13960,30.63,18.01,503,2,3.19,0
TXREF-13961,62.11,15.31,45,2,6.85,0
TXREF-13962,50.3,16.91,398,2,2.63,0
TXREF-13963,129.6,15.41,865,2,21.76,0
TXREF-13964,56.57,13.77,1194,1,1.91,0
TXREF-13965,47.25,12.18,306,3,1.05,0
TXREF-13966,27.92,16.96,1122,2,12.31,0
TXREF-13967,16.49,11.22,62,3,23.02,0
TXREF-13968,23.1,11.27,100,3,5.23,0
TXREF-13969,21.03,21.56,1275,2,2.86,0
TXREF-13970,5.51,15.15,806,1,2.39,0
TXREF-13971,16.84,15.27,1502,2,2.44,0
TXREF-13972,110.34,15.92,542,2,12.47,0
TXREF-13973,45.39,13.7,1489,3,26.64,0
TXREF-13974,26.55,9.4,1080,2,6.79,0
TXREF-13975,46.38,20.6,2073,4,2.4,0
TXREF-13976,8.53,13.94,66,3,2.34,0
TXREF-13977,42.65,11.25,25,4,2.95,0
TXREF-13978,87.34,23.9,43,2,5.9,0
TXREF-13979,31.91,13.85,169,3,3.57,0
TXREF-13980,9.72,9.66,95,5,3.46,0
TXREF-13981,25.84,13.54,366,1,1.83,0
TXREF-13982,87.45,13.16,146,2,1.33,0
TXREF-13983,41.94,13.62,968,3,14.58,0
TXREF-13984,12.54,15.29,1379,1,4.52,0
TXREF-13985,191.46,15.99,195,2,5.81,0
TXREF-13986,14.12,11.72,602,5,30.9,0
TXREF-13987,29.23,16.78,1561,1,0.43,0
TXREF-13988,16.5,16.1,703,1,2.85,0
TXREF-13989,16.51,19.95,75,3,2.39,0
TXREF-13990,25.14,12.13,659,2,8.41,0
TXREF-13991,55.04,8.84,703,3,0.82,0
TXREF-13992,88.16,16.67,93,2,40.55,0
TXREF-13993,26.36,15.36,820,3,0.97,0
TXREF-13994,16.82,20.02,394,2,8.07,0
TXREF-13995,49.14,14.99,121,4,2.18,0
TXREF-13996,50.19,21.49,116,5,27.73,0
TXREF-13997,41.39,19.55,541,1,10.6,0
TXREF-13998,42.46,17.35,1117,1,2.09,0
TXREF-13999,32.1,12.32,223,4,5.65,0
TXREF-14000,37.36,15.57,478,2,26.72,0
TXREF-14001,30.55,16.17,177,5,5.6,0
TXREF-14002,75.23,16.66,179,4,0.77,0
TXREF-14003,173.21,16.48,285,1,12.16,0
TXREF-14004,39.62,3.64,566,2,24.23,0
TXREF-14005,34.65,13.78,879,1,1.65,0
TXREF-14006,41.86,21.6,2266,2,4.95,0
TXREF-14007,21.68,12.79,390,1,2.0,0
TXREF-14008,60.39,19.33,84,2,1.72,0
TXREF-14009,47.83,17.13,276,1,3.76,0
TXREF-14010,25.72,14.65,48,1,0.46,0
TXREF-14011,66.65,22.14,568,1,3.38,0
TXREF-14012,35.29,9.3,128,2,3.19,0
TXREF-14013,17.31,18.91,1,3,0.99,0
TXREF-14014,44.84,22.4,75,2,9.28,0
TXREF-14015,41.29,13.58,1332,2,28.34,0
TXREF-14016,69.51,19.84,111,2,61.34,0
TXREF-14017,63.35,12.02,16,2,7.72,0
TXREF-14018,32.18,13.12,59,1,1.3,0
TXREF-14019,24.78,20.31,65,1,11.8,0
TXREF-14020,34.86,8.86,129,1,15.47,0
TXREF-14021,45.22,8.49,819,2,3.36,0
TXREF-14022,49.32,12.46,41,6,17.57,0
TXREF-14023,43.25,12.57,96,5,1.96,0
TXREF-14024,32.61,19.78,192,1,3.09,0
TXREF-14025,71.36,10.87,819,2,1.48,0
TXREF-14026,21.42,22.95,18,3,4.27,0
TXREF-14027,207.51,7.1,490,4,9.27,0
TXREF-14028,60.3,13.78,667,4,4.0,0
TXREF-14029,15.46,16.32,894,5,17.01,0
TXREF-14030,39.78,15.05,276,1,3.62,0
TXREF-14031,60.72,13.48,328,3,95.07,0
TXREF-14032,27.07,16.76,360,3,24.17,0
TXREF-14033,11.86,13.39,1252,3,9.04,0
TXREF-14034,16.48,17.95,21,4,12.33,0
TXREF-14035,51.43,21.47,259,1,143.16,0
TXREF-14036,9.84,17.13,697,3,6.76,0
TXREF-14037,12.26,17.64,32,2,10.2,0
TXREF-14038,51.24,23.97,713,3,4.79,0
TXREF-14039,29.66,19.69,18,2,2.27,0
TXREF-14040,21.1,20.04,250,2,3.02,0
TXREF-14041,24.38,9.19,687,5,4.74,0
TXREF-14042,12.07,16.53,861,3,5.71,0
TXREF-14043,49.34,16.42,464,1,7.99,0
TXREF-14044,19.48,17.82,44,1,18.53,0
TXREF-14045,23.67,10.53,105,4,19.54,0
TXREF-14046,44.69,14.67,141,1,78.1,0
TXREF-14047,28.94,17.32,1197,4,0.97,0
TXREF-14048,20.96,14.25,442,1,7.99,0
TXREF-14049,8.31,11.88,934,2,21.8,0
TXREF-14050,45.36,17.36,66,3,3.29,0
TXREF-14051,36.85,20.35,280,3,3.44,0
TXREF-14052,23.99,14.74,205,3,34.42,0
TXREF-14053,16.5,14.75,194,2,40.33,0
TXREF-14054,35.13,13.76,89,3,5.7,0
TXREF-14055,49.2,14.34,539,4,5.18,0
TXREF-14056,37.35,14.97,245,3,11.03,0
TXREF-14057,113.23,11.13,1103,1,1.63,0
TXREF-14058,57.83,15.29,303,3,8.74,0
TXREF-14059,32.23,18.73,92,2,0.75,0
TXREF-14060,59.24,15.27,286,1,1.56,0
TXREF-14061,36.05,12.87,394,6,2.04,0
TXREF-14062,35.96,14.56,1060,3,11.35,0
TXREF-14063,88.53,17.67,788,1,5.6,0
TXREF-14064,18.24,13.62,413,5,6.66,0
TXREF-14065,35.4,10.2,492,2,7.69,0
TXREF-14066,81.99,18.42,70,2,16.66,1
TXREF-14067,43.49,20.19,15,3,8.2,0
TXREF-14068,26.69,11.75,17,4,18.12,0
TXREF-14069,10.19,20.34,362,2,12.39,0
TXREF-14070,6.79,18.67,760,4,1.25,0
TXREF-14071,155.22,10.94,806,3,14.05,0
TXREF-14072,43.47,7.09,1263,3,0.79,0
TXREF-14073,22.86,18.85,214,2,6.61,0
TXREF-14074,44.77,13.97,221,2,1.6,0
TXREF-14075,17.6,12.34,140,3,6.73,0
TXREF-14076,27.43,14.15,61,2,2.23,0
TXREF-14077,17.68,12.82,520,3,3.96,0
TXREF-14078,12.58,23.47,1830,4,7.07,0
TXREF-14079,7.65,12.3,200,2,10.67,0
TXREF-14080,11.02,15.05,395,3,4.92,0
TXREF-14081,72.63,18.29,896,3,10.0,0
TXREF-14082,17.11,21.18,173,1,49.29,0
TXREF-14083,51.17,17.51,91,2,1.84,0
TXREF-14084,69.32,12.64,1052,1,3.26,0
TXREF-14085,35.23,23.88,553,1,16.02,0
TXREF-14086,28.08,7.04,43,3,6.18,0
TXREF-14087,38.31,13.76,579,3,37.84,0
TXREF-14088,25.79,14.1,240,1,5.24,0
TXREF-14089,82.83,16.37,622,2,2.76,0
TXREF-14090,134.44,23.72,172,3,2.37,1
TXREF-14091,98.88,20.89,451,2,19.72,0
TXREF-14092,7.4,17.43,778,3,12.09,0
TXREF-14093,25.42,17.98,28,2,1.16,0
TXREF-14094,34.92,18.11,99,1,3.81,0
TXREF-14095,48.59,19.21,63,2,8.32,0
TXREF-14096,10.04,17.65,96,2,5.58,0
TXREF-14097,9.92,20.93,192,3,14.51,0
TXREF-14098,89.2,22.75,109,2,0.6,0
TXREF-14099,23.28,9.07,439,3,3.87,0
TXREF-14100,11.93,17.5,27,3,0.83,0
TXREF-14101,15.73,15.21,1483,1,11.48,0
TXREF-14102,46.12,16.25,767,4,20.31,0
TXREF-14103,19.25,21.41,437,1,4.23,0
TXREF-14104,41.43,15.55,735,2,2.07,0
TXREF-14105,17.21,18.16,100,4,6.08,0
TXREF-14106,9.92,12.48,904,3,21.93,0
TXREF-14107,97.08,15.5,149,3,4.22,0
TXREF-14108,46.37,11.51,296,1,2.65,0
TXREF-14109,27.38,15.85,35,3,11.03,0
TXREF-14110,23.92,19.81,476,1,12.59,0
TXREF-14111,99.96,11.98,708,2,3.53,0
TXREF-14112,53.3,21.43,198,4,20.53,0
TXREF-14113,79.5,12.18,52,3,4.99,0
TXREF-14114,22.87,12.79,1518,5,0.57,0
TXREF-14115,36.11,15.14,193,4,3.21,0
TXREF-14116,46.51,14.86,7,2,2.86,0
TXREF-14117,23.43,19.87,481,3,1.41,0
TXREF-14118,32.5,15.19,208,3,11.81,0
TXREF-14119,22.87,13.03,436,2,1.52,0
TXREF-14120,46.4,20.73,308,3,5.94,0
TXREF-14121,13.44,10.39,237,4,0.26,0
TXREF-14122,52.55,13.85,579,2,3.91,0
TXREF-14123,43.54,12.33,517,4,4.36,0
TXREF-14124,30.07,18.08,34,2,10.97,0
TXREF-14125,48.12,8.4,238,2,15.37,0
TXREF-14126,26.77,10.92,188,4,2.52,0
TXREF-14127,21.49,10.7,799,2,18.64,0
TXREF-14128,51.49,14.83,107,1,1.27,0
TXREF-14129,53.13,17.75,16,2,5.98,1
TXREF-14130,24.16,22.6,1,5,15.89,0
TXREF-14131,22.71,10.5,342,3,4.44,0
TXREF-14132,30.52,12.63,658,1,2.1,0
TXREF-14133,23.4,11.41,2053,2,2.71,0
TXREF-14134,104.38,15.62,202,3,18.94,0
TXREF-14135,43.72,12.56,193,2,6.72,0
TXREF-14136,35.18,9.48,212,4,6.33,0
TXREF-14137,17.79,21.05,284,2,8.77,0
TXREF-14138,59.27,18.04,565,2,9.26,0
TXREF-14139,22.41,13.43,238,1,2.18,0
TXREF-14140,21.76,14.39,1069,4,3.54,0
TXREF-14141,60.72,9.18,310,1,6.99,0
TXREF-14142,46.01,7.41,170,3,14.85,0
TXREF-14143,5.74,8.08,469,2,10.8,0
TXREF-14144,31.08,17.27,576,2,4.39,0
TXREF-14145,38.11,13.01,384,2,8.44,0
TXREF-14146,27.26,15.75,376,2,28.18,0
TXREF-14147,39.07,13.37,653,4,2.03,0
TXREF-14148,9.46,17.16,268,4,57.11,0
TXREF-14149,4.53,18.14,309,3,22.4,0
TXREF-14150,17.25,12.97,286,4,1.34,0
TXREF-14151,42.66,2.04,14,1,2.95,1
TXREF-14152,3.41,20.3,273,4,3.54,0
TXREF-14153,18.97,18.59,159,1,11.93,0
TXREF-14154,8.72,19.04,309,1,1.7,0
TXREF-14155,29.23,22.37,341,4,58.52,1
TXREF-14156,142.55,14.42,907,1,9.44,0
TXREF-14157,29.77,23.1,8,3,1.87,0
TXREF-14158,32.22,14.41,219,2,3.13,0
TXREF-14159,63.7,12.92,224,2,14.29,0
TXREF-14160,35.35,16.96,97,5,21.7,0
TXREF-14161,29.82,22.02,753,1,1.01,0
TXREF-14162,67.84,17.53,970,1,88.33,1
TXREF-14163,48.9,14.66,1389,1,0.65,0
TXREF-14164,42.85,11.25,453,3,1.16,0
TXREF-14165,31.5,18.52,236,4,16.03,0
TXREF-14166,27.14,19.21,159,2,5.6,0
TXREF-14167,67.38,20.38,194,3,7.06,0
TXREF-14168,27.32,23.47,38,4,6.64,0
TXREF-14169,84.48,14.52,429,2,1.3,0
TXREF-14170,16.38,21.86,143,3,3.24,0
TXREF-14171,97.74,14.81,373,3,10.04,0
TXREF-14172,48.9,11.6,1071,3,2.94,0
TXREF-14173,17.33,16.34,799,4,2.29,0
TXREF-14174,50.22,12.63,407,1,22.0,0
TXREF-14175,21.8,14.93,755,2,5.49,0
TXREF-14176,35.66,15.64,2017,4,6.82,0
TXREF-14177,24.52,19.86,210,2,1.73,0
TXREF-14178,31.64,14.6,137,2,78.79,0
TXREF-14179,68.57,19.12,28,3,15.4,0
TXREF-14180,50.57,22.89,143,2,1.77,0
TXREF-14181,15.48,18.21,605,3,5.67,0
TXREF-14182,16.13,12.11,125,2,3.28,0
TXREF-14183,42.31,19.77,86,3,6.43,0
TXREF-14184,44.57,11.26,645,3,26.22,0
TXREF-14185,21.42,12.74,1005,3,10.1,0
TXREF-14186,109.48,21.24,44,1,49.79,0
TXREF-14187,62.53,18.97,1613,4,2.75,0
TXREF-14188,22.19,16.62,391,4,11.86,0
TXREF-14189,20.7,10.54,272,3,0.78,0
TXREF-14190,29.55,15.17,507,2,11.35,0
TXREF-14191,27.41,18.07,66,4,0.45,0
TXREF-14192,86.01,11.26,113,2,0.88,0
TXREF-14193,70.73,19.67,865,1,27.8,0
TXREF-14194,35.7,11.51,143,2,23.54,0
TXREF-14195,56.72,9.87,683,2,3.67,0
TXREF-14196,62.96,8.81,2606,4,4.86,0
TXREF-14197,36.3,20.5,878,3,7.04,0
TXREF-14198,46.52,12.37,223,5,3.8,0
TXREF-14199,53.4,12.43,1431,2,3.15,0
TXREF-14200,49.46,10.7,1053,4,6.56,0
TXREF-14201,19.87,18.38,63,1,4.16,0
TXREF-14202,21.37,20.68,79,2,4.91,0
TXREF-14203,28.28,10.15,241,2,38.43,0
TXREF-14204,20.93,21.64,219,4,7.39,0
TXREF-14205,12.05,13.93,3,3,2.99,0
TXREF-14206,56.64,16.11,700,5,2.36,0
TXREF-14207,44.67,11.84,222,2,5.73,0
TXREF-14208,13.27,18.94,218,2,22.81,0
TXREF-14209,29.27,11.86,155,1,3.76,0
TXREF-14210,30.49,10.77,146,3,5.87,0
TXREF-14211,39.69,10.47,255,4,11.48,0
TXREF-14212,15.97,11.52,43,3,1.87,0
TXREF-14213,13.13,10.26,147,1,1.83,0
TXREF-14214,50.61,16.4,316,3,1.92,0
TXREF-14215,11.54,19.64,526,2,11.04,0
TXREF-14216,29.44,21.47,29,1,13.03,0
TXREF-14217,27.53,10.71,978,5,6.51,0
TXREF-14218,31.86,10.24,419,1,2.21,0
TXREF-14219,41.76,17.54,362,5,8.03,0
TXREF-14220,110.05,19.13,330,3,5.13,0
TXREF-14221,11.01,18.06,3433,2,12.52,0
TXREF-14222,65.44,9.29,348,3,21.14,1
TXREF-14223,5.7,9.74,693,5,3.96,0
TXREF-14224,94.96,20.33,531,4,7.7,0
TXREF-14225,8.0,19.99,216,4,12.42,0
TXREF-14226,201.18,9.6,682,2,4.71,1
TXREF-14227,26.29,18.51,167,3,3.68,0
TXREF-14228,88.15,14.22,137,1,48.14,1
TXREF-14229,75.99,15.82,1067,4,4.04,0
TXREF-14230,25.42,6.84,6,4,2.13,0
TXREF-14231,26.87,12.96,37,2,15.19,0
TXREF-14232,19.05,17.04,26,4,2.35,0
TXREF-14233,61.37,16.02,875,4,11.62,0
TXREF-14234,25.66,21.76,782,3,6.99,0
TXREF-14235,19.3,9.79,1253,2,18.44,0
TXREF-14236,51.26,13.64,148,2,11.35,0
TXREF-14237,18.25,22.94,21,4,2.89,0
TXREF-14238,27.47,10.32,495,4,5.63,0
TXREF-14239,37.6,14.87,136,1,11.09,0
TXREF-14240,21.92,15.87,320,2,39.83,0
TXREF-14241,24.44,14.29,366,3,1.26,0
TXREF-14242,105.13,13.2,153,3,26.26,0
TXREF-14243,30.05,19.87,834,2,15.19,0
TXREF-14244,26.87,14.63,257,1,25.0,0
TXREF-14245,30.69,13.67,192,1,4.71,0
TXREF-14246,48.29,9.4,1087,4,1.03,0
TXREF-14247,16.54,17.52,1011,1,14.4,0
TXREF-14248,47.35,20.32,685,2,44.01,0
TXREF-14249,41.85,20.52,234,1,13.57,0
TXREF-14250,9.6,12.09,572,2,0.77,0
TXREF-14251,126.71,11.14,1524,3,5.61,0
TXREF-14252,99.66,13.17,1797,3,4.93,0
TXREF-14253,19.56,19.29,263,3,8.83,0
TXREF-14254,15.52,15.43,1022,2,4.93,0
TXREF-14255,41.03,18.42,130,2,5.66,0
TXREF-14256,12.47,14.34,214,3,6.6,0
TXREF-14257,92.97,21.4,580,4,3.21,0
TXREF-14258,24.85,11.08,1417,3,0.99,0
TXREF-14259,111.91,17.51,545,3,3.76,0
TXREF-14260,19.23,7.71,344,2,12.78,0
TXREF-14261,32.11,18.55,54,2,3.5,0
TXREF-14262,86.69,8.73,383,2,12.33,0
TXREF-14263,27.58,14.37,263,3,5.43,0
TXREF-14264,42.35,19.46,529,1,13.37,0
TXREF-14265,76.46,9.96,89,4,3.32,1
TXREF-14266,23.33,19.71,19,1,43.77,0
TXREF-14267,14.03,12.2,515,1,3.79,0
TXREF-14268,12.18,9.78,5,2,9.48,0
TXREF-14269,52.99,19.01,211,3,4.98,0
TXREF-14270,46.06,18.7,437,3,5.02,0
TXREF-14271,74.77,19.3,1572,3,2.14,0
TXREF-14272,28.58,20.4,845,2,1.07,0
TXREF-14273,12.43,14.2,125,3,32.59,0
TXREF-14274,6.4,13.53,467,2,5.27,0
TXREF-14275,274.49,15.09,159,3,0.5,0
TXREF-14276,50.88,21.14,747,4,2.63,0
TXREF-14277,38.42,19.46,24,2,1.88,0
TXREF-14278,42.55,12.33,24,1,23.98,0
TXREF-14279,12.42,14.41,5,5,9.98,0
TXREF-14280,19.64,13.72,449,1,3.23,0
TXREF-14281,122.14,17.28,200,3,19.3,0
TXREF-14282,55.92,17.96,598,6,7.35,0
TXREF-14283,20.09,17.39,138,2,15.53,0
TXREF-14284,14.39,16.55,92,2,8.71,0
TXREF-14285,24.02,16.91,472,2,15.38,0
TXREF-14286,27.74,18.06,173,2,11.43,0
TXREF-14287,152.23,21.73,844,1,1.98,0
TXREF-14288,30.4,8.61,1444,2,9.03,0
TXREF-14289,14.78,15.92,78,3,7.01,0
TXREF-14290,33.37,5.74,7,1,21.44,0
TXREF-14291,42.11,17.04,798,2,1.89,0
TXREF-14292,13.85,15.76,149,1,8.37,0
TXREF-14293,46.5,12.25,586,1,12.22,0
TXREF-14294,83.13,5.46,298,4,9.15,0
TXREF-14295,38.47,13.95,37,2,12.64,0
TXREF-14296,19.61,17.62,146,3,4.48,0
TXREF-14297,23.79,13.8,294,2,0.6,0
TXREF-14298,10.54,19.11,295,2,27.24,0
TXREF-14299,31.62,16.18,228,4,0.84,0
TXREF-14300,43.54,13.83,341,3,1.18,0
TXREF-14301,18.25,11.43,558,3,2.68,0
TXREF-14302,140.69,21.26,1392,2,9.23,0
TXREF-14303,61.59,13.75,245,5,18.99,0
TXREF-14304,9.58,19.94,6,3,13.5,0
TXREF-14305,9.72,14.57,302,2,1.49,0
TXREF-14306,17.14,15.33,487,3,3.9,0
TXREF-14307,108.06,19.18,326,7,2.48,0
TXREF-14308,66.12,16.97,591,2,15.92,0
TXREF-14309,112.06,11.12,105,1,16.47,1
TXREF-14310,35.07,18.56,338,4,0.85,0
TXREF-14311,29.94,9.56,62,2,6.68,0
TXREF-14312,14.18,14.09,245,2,5.74,1
TXREF-14313,44.78,16.41,314,5,1.54,0
TXREF-14314,30.23,18.67,118,3,15.08,0
TXREF-14315,29.4,19.97,21,4,6.32,0
TXREF-14316,111.61,18.08,487,7,8.57,0
TXREF-14317,31.79,13.56,78,1,12.23,0
TXREF-14318,90.77,15.85,21,3,26.07,1
TXREF-14319,11.1,17.02,817,2,6.69,0
TXREF-14320,241.16,11.73,307,3,7.05,0
TXREF-14321,26.61,13.63,230,3,4.88,0
TXREF-14322,57.93,19.75,101,1,1.46,0
TXREF-14323,64.96,18.27,127,2,1.75,0
TXREF-14324,24.33,20.59,188,2,2.53,0
TXREF-14325,62.78,20.76,492,1,2.29,0
TXREF-14326,65.18,12.78,44,3,1.57,0
TXREF-14327,20.83,23.12,1236,2,27.83,0
TXREF-14328,21.01,16.38,46,2,5.64,0
TXREF-14329,35.97,13.63,260,2,3.97,0
TXREF-14330,32.04,16.56,900,4,4.2,0
TXREF-14331,94.92,16.54,19,2,12.55,0
TXREF-14332,57.74,9.56,428,4,6.04,0
TXREF-14333,33.09,16.41,238,3,32.56,1
TXREF-14334,53.86,17.43,53,3,1.46,0
TXREF-14335,7.98,14.95,1458,4,32.24,0
TXREF-14336,22.35,8.11,948,2,1.73,0
TXREF-14337,42.83,21.49,427,3,3.78,0
TXREF-14338,77.72,15.4,520,3,6.88,0
TXREF-14339,40.2,23.95,536,1,5.41,0
TXREF-14340,99.48,16.94,63,3,22.44,0
TXREF-14341,65.03,20.18,119,7,9.55,0
TXREF-14342,24.49,14.43,16,2,1.64,0
TXREF-14343,31.47,14.06,183,3,0.86,0
TXREF-14344,46.71,14.62,629,2,27.3,0
TXREF-14345,25.2,13.99,922,1,20.33,0
TXREF-14346,104.85,16.55,599,2,1.31,0
TXREF-14347,15.67,18.17,63,4,2.8,0
TXREF-14348,43.71,14.23,59,2,10.91,0
TXREF-14349,59.12,18.54,242,2,2.31,0
TXREF-14350,27.78,16.21,74,1,3.3,0
TXREF-14351,23.62,18.71,11,2,6.62,0
TXREF-14352,32.96,9.5,62,3,1.81,0
TXREF-14353,62.47,12.86,262,3,15.47,0
TXREF-14354,24.29,20.58,23,3,62.95,1
TXREF-14355,16.13,11.62,359,2,4.87,0
TXREF-14356,79.71,11.56,296,4,0.91,0
TXREF-14357,46.41,13.13,229,4,12.35,0
TXREF-14358,71.93,20.46,225,5,3.55,0
TXREF-14359,60.14,11.85,209,4,1.15,0
TXREF-14360,167.26,15.78,1124,3,1.03,0
TXREF-14361,77.69,15.25,290,2,17.97,0
TXREF-14362,20.67,7.83,322,1,3.73,0
TXREF-14363,48.84,13.95,360,1,5.77,0
TXREF-14364,23.3,12.23,323,2,4.77,0
TXREF-14365,25.1,16.17,253,2,9.77,0
TXREF-14366,12.59,19.57,18,2,3.74,0
TXREF-14367,28.33,12.9,389,2,2.63,0
TXREF-14368,51.54,12.9,339,2,5.23,0
TXREF-14369,33.2,0.72,323,1,2.58,0
TXREF-14370,15.78,11.72,210,2,43.17,0
TXREF-14371,11.63,22.2,62,2,15.25,0
TXREF-14372,159.26,20.18,17,1,23.89,1
TXREF-14373,44.0,13.84,928,4,4.41,0
TXREF-14374,19.23,14.91,1089,3,7.5,0
TXREF-14375,48.54,21.14,1217,3,13.76,0
TXREF-14376,168.38,9.51,414,1,18.76,0
TXREF-14377,54.42,13.37,206,5,1.8,0
TXREF-14378,4.68,10.04,27,4,15.22,0
TXREF-14379,235.02,15.07,208,5,6.09,0
TXREF-14380,9.19,12.23,779,3,222.24,0
TXREF-14381,30.01,10.25,1403,2,3.34,0
TXREF-14382,15.39,19.99,36,4,17.57,0
TXREF-14383,20.43,14.03,151,4,1.62,0
TXREF-14384,42.72,9.99,119,2,6.98,0
TXREF-14385,7.84,22.8,676,2,2.57,0
TXREF-14386,32.62,21.98,250,2,77.92,0
TXREF-14387,79.53,8.65,1058,1,14.41,0
TXREF-14388,18.97,1.6,64,2,2.18,0
TXREF-14389,12.79,20.66,196,1,11.52,0
TXREF-14390,31.49,16.13,294,2,9.05,0
TXREF-14391,27.29,12.01,50,2,11.41,0
TXREF-14392,22.68,14.88,321,2,3.08,0
TXREF-14393,14.8,21.92,2,1,1.44,0
TXREF-14394,50.59,14.44,203,1,2.66,0
TXREF-14395,53.44,20.73,363,2,0.91,0
TXREF-14396,16.16,10.67,15,4,8.08,0
TXREF-14397,17.86,16.0,393,6,3.45,0
TXREF-14398,38.41,7.67,84,1,2.59,0
TXREF-14399,17.38,10.21,244,1,6.34,0
TXREF-14400,39.59,10.59,569,4,39.19,0
TXREF-14401,100.18,12.38,363,1,10.68,0
TXREF-14402,33.35,18.16,508,5,2.9,0
TXREF-14403,14.53,16.41,1273,1,7.39,0
TXREF-14404,46.17,14.34,811,3,5.5,0
TXREF-14405,30.63,14.19,434,2,4.42,0
TXREF-14406,31.25,13.96,399,4,12.14,0
TXREF-14407,49.02,18.39,954,4,7.23,0
TXREF-14408,57.26,8.19,1442,4,5.69,0
TXREF-14409,35.71,21.32,477,3,29.32,0
TXREF-14410,33.33,12.37,201,1,21.85,0
TXREF-14411,153.81,15.61,393,2,2.76,0
TXREF-14412,82.63,15.62,693,1,2.26,1
TXREF-14413,63.44,17.28,266,4,9.48,1
TXREF-14414,38.26,19.07,1199,4,7.53,0
TXREF-14415,16.88,9.61,450,3,5.86,0
TXREF-14416,78.39,22.46,33,2,1.78,0
TXREF-14417,38.62,13.8,82,2,3.61,0
TXREF-14418,22.98,12.53,150,1,12.96,0
TXREF-14419,29.22,20.51,116,2,7.41,0
TXREF-14420,17.36,16.25,23,1,0.28,0
TXREF-14421,74.54,12.66,1305,2,1.19,0
TXREF-14422,56.93,17.06,1,3,7.13,1
TXREF-14423,39.68,13.85,67,5,3.24,0
TXREF-14424,33.76,12.61,371,2,38.65,0
TXREF-14425,21.33,12.06,652,2,3.37,0
TXREF-14426,7.51,14.97,80,2,11.32,0
TXREF-14427,12.59,23.35,193,3,4.49,0
TXREF-14428,20.4,14.5,37,4,12.19,0
TXREF-14429,18.3,19.84,298,3,20.36,0
TXREF-14430,42.88,22.21,671,2,9.09,0
TXREF-14431,62.44,18.27,1023,5,8.98,0
TXREF-14432,31.74,14.04,388,2,2.81,0
TXREF-14433,96.01,18.32,983,3,4.68,0
TXREF-14434,19.81,17.12,571,1,10.2,0
TXREF-14435,31.58,18.88,241,1,10.45,0
TXREF-14436,33.56,20.31,127,3,7.63,0
TXREF-14437,76.43,20.75,124,4,8.9,1
TXREF-14438,37.57,14.85,865,3,20.35,0
TXREF-14439,38.33,20.92,93,1,4.91,0
TXREF-14440,10.58,14.36,160,3,8.34,0
TXREF-14441,18.21,12.73,1085,3,5.49,0
TXREF-14442,76.64,12.26,379,3,15.22,0
TXREF-14443,7.81,21.48,136,6,7.37,0
TXREF-14444,91.56,14.31,1121,2,2.48,0
TXREF-14445,49.89,20.92,291,5,8.86,0
TXREF-14446,20.32,18.42,623,2,14.22,0
TXREF-14447,19.12,12.95,555,3,3.7,0
TXREF-14448,136.33,11.77,702,4,13.01,0
TXREF-14449,96.18,10.82,1543,2,8.78,0
TXREF-14450,31.94,18.95,621,3,18.17,0
TXREF-14451,38.36,20.77,66,5,2.2,0
TXREF-14452,21.86,18.02,640,2,46.58,0
TXREF-14453,38.36,10.19,867,3,3.04,0
TXREF-14454,21.43,21.61,41,3,4.22,0
TXREF-14455,32.9,17.77,766,2,2.96,0
TXREF-14456,128.18,10.23,4,4,3.66,0
TXREF-14457,32.5,18.05,384,2,2.06,0
TXREF-14458,16.37,12.6,688,3,1.03,0
TXREF-14459,13.02,16.28,272,2,5.49,0
TXREF-14460,38.15,21.2,851,3,38.73,0
TXREF-14461,20.13,15.47,274,5,16.05,0
TXREF-14462,41.58,21.79,303,5,4.37,0
TXREF-14463,10.85,21.1,252,1,18.19,0
TXREF-14464,57.22,17.19,419,5,3.47,0
TXREF-14465,16.23,19.75,847,1,1.71,0
TXREF-14466,35.99,21.54,198,2,47.27,0
TXREF-14467,27.29,13.53,544,3,22.16,0
TXREF-14468,119.97,13.33,409,4,70.53,0
TXREF-14469,39.39,9.48,281,1,0.53,0
TXREF-14470,141.28,17.93,407,7,8.19,0
TXREF-14471,52.13,21.01,290,6,35.86,0
TXREF-14472,97.15,16.6,1553,2,11.97,0
TXREF-14473,29.95,18.58,79,1,6.33,0
TXREF-14474,44.65,17.05,30,3,6.69,0
TXREF-14475,83.72,19.28,301,3,8.63,0
TXREF-14476,66.79,12.75,110,3,7.63,0
TXREF-14477,51.02,16.68,135,3,87.47,0
TXREF-14478,27.49,18.69,1057,3,18.72,0
TXREF-14479,31.05,13.94,15,1,7.67,0
TXREF-14480,78.97,11.2,458,3,5.68,0
TXREF-14481,91.75,12.3,2,1,10.08,0
TXREF-14482,22.72,15.86,183,3,0.95,0
TXREF-14483,20.38,7.76,223,4,5.91,0
TXREF-14484,18.16,1.3,332,2,11.55,0
TXREF-14485,63.27,16.22,241,3,7.54,0
TXREF-14486,17.83,12.29,203,5,1.67,0
TXREF-14487,62.72,20.59,249,2,3.32,0
TXREF-14488,51.57,19.05,70,4,10.34,0
TXREF-14489,23.51,19.73,192,3,4.83,0
TXREF-14490,107.34,15.09,668,3,109.06,1
TXREF-14491,12.15,19.36,247,5,16.0,0
TXREF-14492,114.99,19.55,142,3,4.75,0
TXREF-14493,43.8,20.56,245,3,2.98,0
TXREF-14494,7.82,21.47,79,5,1.32,0
TXREF-14495,109.53,23.8,356,3,7.45,0
TXREF-14496,70.1,14.15,675,3,16.08,0
TXREF-14497,25.58,17.39,866,4,21.53,0
TXREF-14498,17.38,20.11,716,1,8.89,0
TXREF-14499,11.25,13.42,96,2,0.73,0
TXREF-14500,198.17,16.03,301,3,8.75,0
TXREF-14501,17.91,9.05,392,3,23.51,0
TXREF-14502,14.02,17.4,600,1,3.07,0
TXREF-14503,42.22,14.07,204,3,2.98,0
TXREF-14504,10.71,10.16,27,3,12.34,0
TXREF-14505,17.17,12.67,202,3,13.09,0
TXREF-14506,71.26,18.93,184,2,5.64,0
TXREF-14507,48.63,11.54,477,2,26.79,0
TXREF-14508,26.36,15.31,610,3,4.37,0
TXREF-14509,35.28,16.81,291,3,25.37,1
TXREF-14510,25.32,14.08,134,3,5.36,0
TXREF-14511,33.29,11.23,209,1,4.0,0
TXREF-14512,20.12,13.8,24,2,2.98,0
TXREF-14513,22.92,9.49,24,2,27.23,0
TXREF-14514,22.43,19.7,52,3,11.72,0
TXREF-14515,20.64,10.46,386,4,21.61,0
TXREF-14516,73.82,13.85,311,2,27.32,0
TXREF-14517,60.61,19.79,270,1,1.31,0
TXREF-14518,17.79,14.27,583,3,2.23,0
TXREF-14519,14.73,17.63,31,1,3.2,0
TXREF-14520,31.09,17.83,603,1,2.25,0
TXREF-14521,164.32,10.01,349,1,2.33,0
TXREF-14522,16.61,11.87,97,2,6.96,0
TXREF-14523,31.0,16.73,697,3,1.04,0
TXREF-14524,37.11,16.25,435,1,5.34,0
TXREF-14525,32.19,12.03,303,4,17.83,0
TXREF-14526,25.03,12.44,12,3,25.26,1
TXREF-14527,79.97,14.26,4,6,25.97,1
TXREF-14528,48.29,22.54,1335,2,3.15,0
TXREF-14529,64.01,15.68,374,2,0.64,0
TXREF-14530,53.22,17.47,18,2,4.65,0
TXREF-14531,66.26,21.69,104,1,1.04,0
TXREF-14532,108.94,9.46,476,3,3.82,0
TXREF-14533,90.77,18.52,612,1,10.93,0
TXREF-14534,185.65,14.7,149,1,2.12,0
TXREF-14535,83.64,16.27,488,1,26.05,0
TXREF-14536,21.5,9.77,191,1,74.12,0
TXREF-14537,64.08,19.07,338,2,174.8,0
TXREF-14538,58.06,15.33,1956,4,1.45,0
TXREF-14539,138.74,17.29,71,7,69.96,1
TXREF-14540,17.35,10.39,65,3,12.49,0
TXREF-14541,52.03,20.33,537,3,4.6,0
TXREF-14542,21.32,8.92,211,1,3.58,0
TXREF-14543,50.35,11.76,430,3,3.36,0
TXREF-14544,29.83,13.18,24,5,2.01,0
TXREF-14545,49.17,15.56,613,1,4.51,0
TXREF-14546,12.61,7.26,380,2,11.87,0
TXREF-14547,61.63,18.23,271,2,4.28,0
TXREF-14548,40.38,22.97,556,3,8.89,0
TXREF-14549,38.84,22.19,1055,2,15.78,0
TXREF-14550,141.76,16.24,98,2,5.28,0
TXREF-14551,26.43,16.73,1980,1,3.78,0
TXREF-14552,44.54,20.46,398,3,7.23,0
TXREF-14553,37.42,11.5,343,4,17.14,0
TXREF-14554,40.15,14.43,453,2,4.49,0
TXREF-14555,172.38,10.83,167,2,9.25,0
TXREF-14556,36.45,13.67,177,2,9.55,0
TXREF-14557,23.14,16.3,571,3,13.01,0
TXREF-14558,133.89,17.61,706,2,8.01,0
TXREF-14559,27.9,12.78,1093,3,7.34,0
TXREF-14560,10.96,10.14,518,2,4.32,0
TXREF-14561,20.42,14.23,1173,1,3.68,0
TXREF-14562,14.19,11.27,926,5,30.68,0
TXREF-14563,9.53,12.15,218,1,5.57,0
TXREF-14564,26.81,18.95,672,2,1.39,0
TXREF-14565,33.1,15.55,567,3,33.13,0
TXREF-14566,81.45,16.67,5,2,3.78,0
TXREF-14567,54.77,19.36,112,1,4.65,0
TXREF-14568,53.0,17.23,560,3,4.23,0
TXREF-14569,18.3,14.05,202,3,7.78,0
TXREF-14570,65.84,13.09,33,5,18.6,0
TXREF-14571,94.79,10.48,120,4,2.68,0
TXREF-14572,46.25,7.31,307,2,5.04,0
TXREF-14573,47.19,9.0,591,2,2.37,0
TXREF-14574,14.01,14.69,126,1,13.91,0
TXREF-14575,74.38,19.47,50,1,1.91,0
TXREF-14576,125.49,19.0,232,2,22.45,0
TXREF-14577,43.93,21.99,83,1,7.37,0
TXREF-14578,22.69,14.9,60,4,8.05,0
TXREF-14579,30.98,15.33,1004,2,2.71,0
TXREF-14580,25.72,13.91,3,1,3.62,0
TXREF-14581,26.86,21.48,344,2,6.13,0
TXREF-14582,55.51,22.71,419,3,6.96,0
TXREF-14583,42.57,18.1,44,1,16.4,0
TXREF-14584,71.72,13.43,518,1,26.96,0
TXREF-14585,45.47,13.76,127,4,17.19,0
TXREF-14586,18.69,17.32,232,3,2.82,0
TXREF-14587,24.28,16.53,344,3,42.51,0
TXREF-14588,23.21,13.41,433,2,11.98,0
TXREF-14589,30.44,12.95,593,4,5.17,0
TXREF-14590,126.75,12.93,194,3,2.82,0
TXREF-14591,142.24,20.06,62,2,2.92,0
TXREF-14592,63.58,17.51,151,2,17.8,1
TXREF-14593,37.92,11.81,386,5,12.2,0
TXREF-14594,13.06,16.73,376,1,3.84,0
TXREF-14595,40.79,14.13,176,1,12.93,0
TXREF-14596,19.71,17.53,530,4,3.33,0
TXREF-14597,112.62,19.43,375,1,5.96,0
TXREF-14598,10.95,16.92,1303,4,45.58,0
TXREF-14599,45.92,12.11,238,5,2.39,0
TXREF-14600,18.55,9.89,496,1,7.31,0
TXREF-14601,34.58,14.47,482,3,9.23,0
TXREF-14602,56.24,21.13,274,3,3.91,0
TXREF-14603,72.66,17.87,734,4,12.13,0
TXREF-14604,33.32,10.19,113,4,0.4,0
TXREF-14605,60.22,22.69,75,4,6.78,0
TXREF-14606,21.61,15.91,528,3,12.93,0
TXREF-14607,41.55,15.7,117,3,2.64,0
TXREF-14608,71.64,13.48,315,1,16.2,0
TXREF-14609,44.22,21.99,207,3,3.21,0
TXREF-14610,23.78,21.4,154,2,10.02,0
TXREF-14611,28.48,21.28,355,5,2.24,0
TXREF-14612,72.33,14.96,23,4,2.51,0
TXREF-14613,15.86,20.04,71,4,2.46,0
TXREF-14614,17.64,16.8,50,2,1.73,0
TXREF-14615,53.69,17.97,390,3,2.34,0
TXREF-14616,25.38,11.52,676,6,17.1,0
TXREF-14617,12.23,9.46,633,4,14.03,0
TXREF-14618,92.07,10.09,156,3,1.44,0
TXREF-14619,15.77,11.86,152,1,19.42,0
TXREF-14620,30.16,19.08,848,1,30.96,0
TXREF-14621,22.29,18.15,6,2,9.47,0
TXREF-14622,28.1,21.25,458,1,5.05,0
TXREF-14623,18.41,13.33,1259,2,1.85,0
TXREF-14624,58.22,15.04,78,4,54.59,0
TXREF-14625,37.71,21.94,6,3,2.64,0
TXREF-14626,70.68,1.65,223,2,4.26,1
TXREF-14627,22.45,19.73,955,4,0.62,0
TXREF-14628,161.71,17.5,366,1,21.79,1
TXREF-14629,8.83,14.71,114,2,3.04,0
TXREF-14630,11.12,18.16,56,1,0.7,0
TXREF-14631,123.0,11.84,783,2,3.16,0
TXREF-14632,48.98,9.43,73,1,12.44,0
TXREF-14633,44.51,14.49,45,3,8.03,0
TXREF-14634,47.49,15.06,2321,3,6.59,0
TXREF-14635,52.52,18.36,62,2,12.35,0
TXREF-14636,43.2,21.63,161,3,8.35,1
TXREF-14637,17.37,17.37,1980,4,20.74,0
TXREF-14638,62.75,17.44,236,2,18.67,0
TXREF-14639,56.02,10.71,394,4,2.65,0
TXREF-14640,97.37,21.3,666,5,19.94,1
TXREF-14641,124.0,13.96,107,9,4.26,0
TXREF-14642,44.17,11.74,168,3,8.75,0
TXREF-14643,14.38,17.07,391,2,4.72,0
TXREF-14644,124.74,14.96,1106,1,43.4,0
TXREF-14645,16.73,23.14,476,1,1.45,0
TXREF-14646,44.4,14.0,380,2,11.19,0
TXREF-14647,28.94,10.98,672,2,8.93,0
TXREF-14648,25.53,23.25,2073,1,7.57,0
TXREF-14649,60.36,20.98,83,1,1.56,0
TXREF-14650,41.51,11.56,47,1,1.67,0
TXREF-14651,50.38,9.86,47,3,8.37,0
TXREF-14652,19.35,17.94,278,2,1.87,0
TXREF-14653,30.71,21.99,191,1,58.16,0
TXREF-14654,20.0,14.75,298,2,9.91,0
TXREF-14655,30.16,20.25,371,4,18.07,0
TXREF-14656,31.96,16.44,423,1,1.95,0
TXREF-14657,131.35,15.51,86,2,15.66,0
TXREF-14658,28.88,13.33,598,2,45.64,0
TXREF-14659,7.54,19.49,754,5,8.44,0
TXREF-14660,95.06,21.83,921,2,15.15,0
TXREF-14661,48.11,11.79,312,1,6.86,0
TXREF-14662,31.68,15.16,32,3,3.15,0
TXREF-14663,25.41,14.37,66,2,7.31,0
TXREF-14664,17.61,16.04,365,4,17.93,0
TXREF-14665,140.53,17.82,1184,1,3.76,0
TXREF-14666,36.14,21.71,1198,4,25.34,0
TXREF-14667,9.96,18.64,1580,1,3.73,0
TXREF-14668,44.08,20.08,13,3,6.0,0
TXREF-14669,82.97,12.09,356,2,8.48,0
TXREF-14670,38.96,11.71,77,2,1.96,0
TXREF-14671,18.19,6.83,22,2,1.17,0
TXREF-14672,17.05,14.33,41,2,9.97,0
TXREF-14673,17.98,15.86,319,3,16.47,0
TXREF-14674,104.13,16.92,572,2,3.6,0
TXREF-14675,33.06,10.68,21,1,8.04,0
TXREF-14676,10.39,13.97,240,1,0.98,0
TXREF-14677,45.91,17.49,57,3,1.25,0
TXREF-14678,38.53,14.17,739,2,1.7,0
TXREF-14679,25.2,10.5,69,2,4.57,0
TXREF-14680,16.7,20.47,252,2,4.48,0
TXREF-14681,16.18,11.39,175,2,10.11,0
TXREF-14682,76.12,8.01,652,3,1.89,0
TXREF-14683,41.6,16.18,230,1,71.47,0
TXREF-14684,49.14,14.45,51,3,5.67,0
TXREF-14685,41.52,19.15,95,4,9.73,0
TXREF-14686,44.08,17.14,54,3,61.42,0
TXREF-14687,24.85,16.0,313,3,4.14,0
TXREF-14688,30.02,19.63,216,1,1.42,0
TXREF-14689,80.54,17.27,158,1,1.3,0
TXREF-14690,96.4,16.6,123,1,54.73,0
TXREF-14691,14.44,15.23,56,3,3.14,0
TXREF-14692,29.97,9.58,367,4,2.67,0
TXREF-14693,63.71,13.66,211,4,7.14,0
TXREF-14694,134.98,9.45,29,3,9.53,0
TXREF-14695,125.59,11.38,353,1,46.35,0
TXREF-14696,19.63,20.26,325,2,4.89,0
TXREF-14697,87.19,10.73,26,4,11.35,0
TXREF-14698,36.31,6.5,716,6,4.08,0
TXREF-14699,73.85,16.6,2104,3,9.48,0
TXREF-14700,61.41,11.85,256,1,8.81,0
TXREF-14701,14.01,16.46,179,1,7.21,0
TXREF-14702,51.73,10.26,245,2,58.05,0
TXREF-14703,71.82,12.64,752,3,34.85,0
TXREF-14704,34.31,17.83,667,5,1.91,0
TXREF-14705,29.16,9.77,26,2,5.02,0
TXREF-14706,11.23,13.46,267,2,2.28,0
TXREF-14707,56.95,17.5,9,4,38.63,1
TXREF-14708,40.46,11.7,538,3,2.26,0
TXREF-14709,17.92,21.83,123,1,25.21,0
TXREF-14710,27.53,17.24,532,1,29.44,0
TXREF-14711,38.91,15.71,478,2,1.66,0
TXREF-14712,23.28,19.9,292,3,0.99,0
TXREF-14713,34.88,20.39,372,3,0.7,0
TXREF-14714,9.88,15.48,432,3,18.5,0
TXREF-14715,91.98,13.65,42,1,13.28,0
TXREF-14716,35.21,15.41,488,1,11.03,0
TXREF-14717,15.78,13.26,312,4,23.87,0
TXREF-14718,5.92,18.46,28,3,3.07,0
TXREF-14719,73.04,13.85,1192,1,5.21,0
TXREF-14720,52.03,17.46,254,2,93.11,0
TXREF-14721,40.52,9.31,453,2,10.88,0
TXREF-14722,64.83,18.6,3324,3,0.94,0
TXREF-14723,64.71,12.14,973,3,17.45,0
TXREF-14724,40.04,15.19,197,5,42.17,0
TXREF-14725,28.99,21.61,595,2,2.45,0
TXREF-14726,25.78,11.41,48,2,28.56,0
TXREF-14727,47.14,14.29,151,4,6.62,0
TXREF-14728,95.19,14.02,1815,3,3.89,0
TXREF-14729,32.33,13.04,205,3,3.67,0
TXREF-14730,100.79,13.85,45,3,9.19,0
TXREF-14731,45.54,21.69,489,1,2.61,0
TXREF-14732,45.79,22.78,130,3,4.4,0
TXREF-14733,196.7,16.4,311,3,18.9,1
TXREF-14734,114.43,12.54,55,4,9.91,0
TXREF-14735,116.58,17.79,164,4,12.54,1
TXREF-14736,19.6,14.82,85,3,3.01,0
TXREF-14737,168.74,20.76,237,2,5.15,0
TXREF-14738,32.81,13.42,66,1,12.71,0
TXREF-14739,29.55,18.28,352,2,8.64,0
TXREF-14740,7.35,10.1,252,2,16.83,0
TXREF-14741,44.03,8.64,13,2,7.62,1
TXREF-14742,15.96,15.19,53,3,1.64,0
TXREF-14743,46.71,13.39,52,4,10.17,0
TXREF-14744,15.08,21.07,474,1,1.52,0
TXREF-14745,127.02,11.15,2868,2,5.72,0
TXREF-14746,51.79,20.85,28,2,31.11,0
TXREF-14747,179.74,16.48,4,2,4.44,1
TXREF-14748,16.67,13.05,411,5,2.15,0
TXREF-14749,106.21,16.74,712,2,7.89,0
TXREF-14750,9.51,14.11,410,4,13.0,0
TXREF-14751,40.44,20.01,205,4,3.22,0
TXREF-14752,22.09,19.54,121,4,8.4,0
TXREF-14753,25.22,22.23,429,1,14.15,0
TXREF-14754,24.0,16.56,207,2,0.99,0
TXREF-14755,18.02,13.13,275,4,8.56,0
TXREF-14756,14.06,22.11,871,2,6.16,0
TXREF-14757,25.32,19.79,228,3,2.73,0
TXREF-14758,37.85,20.21,493,6,14.26,0
TXREF-14759,80.47,19.75,229,5,50.62,0
TXREF-14760,43.06,15.5,178,4,2.06,0
TXREF-14761,80.63,9.09,223,4,15.05,1
TXREF-14762,12.01,21.0,148,6,0.65,0
TXREF-14763,25.49,14.25,382,6,0.95,0
TXREF-14764,58.09,21.32,399,1,8.37,0
TXREF-14765,44.57,14.67,177,2,0.56,0
TXREF-14766,18.73,19.75,553,2,4.37,0
TXREF-14767,68.21,17.73,168,2,4.04,0
TXREF-14768,23.75,20.56,242,4,18.87,0
TXREF-14769,19.89,22.31,542,3,0.85,0
TXREF-14770,49.43,23.91,209,5,4.75,1
TXREF-14771,34.97,12.45,131,4,4.95,0
TXREF-14772,23.89,21.41,125,2,1.89,0
TXREF-14773,23.31,18.2,149,3,2.91,0
TXREF-14774,16.11,13.04,583,5,5.42,0
TXREF-14775,26.18,22.44,245,3,45.51,1
TXREF-14776,76.86,15.73,472,3,2.31,0
TXREF-14777,41.52,12.61,91,1,3.91,0
TXREF-14778,69.42,13.04,549,2,44.88,0
TXREF-14779,50.48,17.79,106,4,7.2,0
TXREF-14780,22.4,21.78,264,3,4.38,0
TXREF-14781,10.62,22.73,215,2,29.52,0
TXREF-14782,17.86,19.32,157,1,1.4,0
TXREF-14783,21.47,16.24,20,2,14.54,0
TXREF-14784,20.31,14.77,9,1,0.53,0
TXREF-14785,70.55,17.61,667,2,1.21,0
TXREF-14786,70.02,14.78,159,2,11.29,0
TXREF-14787,171.15,20.28,610,1,2.2,0
TXREF-14788,20.09,15.79,426,2,3.76,0
TXREF-14789,109.97,19.74,1536,5,2.38,0
TXREF-14790,109.48,17.01,65,2,7.06,1
TXREF-14791,29.45,12.66,381,1,49.81,1
TXREF-14792,48.96,14.19,550,2,0.69,0
TXREF-14793,85.06,10.87,484,4,2.25,0
TXREF-14794,33.37,11.24,3066,1,6.63,0
TXREF-14795,31.56,5.91,116,3,2.58,0
TXREF-14796,22.16,15.46,1114,2,8.61,0
TXREF-14797,6.36,1.0,329,2,17.09,0
TXREF-14798,36.63,17.47,2211,2,2.76,0
TXREF-14799,20.88,10.47,146,1,1.7,0
TXREF-14800,16.05,15.41,165,2,22.51,0
TXREF-14801,47.18,22.87,735,3,12.49,0
TXREF-14802,12.24,20.37,638,1,11.68,0
TXREF-14803,62.2,11.92,274,2,6.95,0
TXREF-14804,49.31,12.92,246,4,23.31,0
TXREF-14805,26.1,9.03,180,3,2.67,0
TXREF-14806,33.26,21.14,526,3,11.52,0
TXREF-14807,14.78,14.01,1133,1,25.05,0
TXREF-14808,59.75,14.56,376,1,15.28,0
TXREF-14809,39.84,21.93,692,2,16.11,0
TXREF-14810,42.04,17.93,125,5,2.86,0
TXREF-14811,49.97,14.51,285,2,7.13,0
TXREF-14812,21.92,18.51,1215,2,0.89,0
TXREF-14813,11.66,11.3,26,3,3.51,0
TXREF-14814,69.36,15.57,754,5,6.94,0
TXREF-14815,57.16,22.16,664,3,9.68,0
TXREF-14816,23.68,12.57,470,3,12.85,0
TXREF-14817,46.74,0.29,1808,2,9.5,0
TXREF-14818,86.12,10.66,165,3,5.65,0
TXREF-14819,79.03,20.64,195,1,1.33,0
TXREF-14820,23.19,17.35,35,2,5.22,0
TXREF-14821,11.92,11.58,672,3,5.99,0
TXREF-14822,13.49,11.09,33,1,0.47,0
TXREF-14823,27.81,14.67,359,1,37.68,0
TXREF-14824,99.77,14.02,288,2,35.42,0
TXREF-14825,20.6,13.78,255,2,5.04,0
TXREF-14826,22.66,14.81,534,2,8.91,0
TXREF-14827,22.33,10.77,347,4,14.52,0
TXREF-14828,23.74,11.12,113,2,22.25,0
TXREF-14829,34.53,18.61,900,3,60.71,0
TXREF-14830,13.85,13.53,381,2,34.19,0
TXREF-14831,76.0,15.91,258,2,9.43,0
TXREF-14832,31.37,17.92,556,1,4.7,0
TXREF-14833,207.47,16.71,421,1,20.68,1
TXREF-14834,14.95,9.62,116,2,8.49,0
TXREF-14835,109.37,13.63,1189,1,5.47,0
TXREF-14836,94.8,1.21,4,3,0.51,1
TXREF-14837,25.88,15.67,239,1,1.91,0
TXREF-14838,26.19,14.59,159,2,39.75,0
TXREF-14839,17.93,8.75,106,3,9.02,0
TXREF-14840,18.08,21.08,14,1,5.2,0
TXREF-14841,34.8,14.22,1157,3,2.94,0
TXREF-14842,35.34,22.04,877,1,7.17,0
TXREF-14843,10.98,23.28,94,2,3.68,0
TXREF-14844,181.51,18.45,43,4,14.21,0
TXREF-14845,28.88,7.67,1766,4,2.59,0
TXREF-14846,36.5,12.19,32,5,3.47,0
TXREF-14847,22.18,21.23,919,4,1.05,0
TXREF-14848,28.72,13.58,386,1,3.09,0
TXREF-14849,26.91,18.54,247,3,3.22,0
TXREF-14850,34.74,15.85,170,2,3.61,0
TXREF-14851,34.45,20.92,224,4,19.16,0
TXREF-14852,62.15,18.57,219,1,3.01,0
TXREF-14853,41.0,20.06,599,4,32.33,0
TXREF-14854,57.81,14.4,69,2,9.13,0
TXREF-14855,34.57,19.78,85,3,9.48,0
TXREF-14856,41.12,19.54,793,2,3.46,0
TXREF-14857,29.26,14.17,389,1,4.48,0
TXREF-14858,71.68,12.58,113,5,12.62,0
TXREF-14859,43.92,16.99,521,3,2.76,0
TXREF-14860,31.07,15.38,834,4,47.56,0
TXREF-14861,30.41,10.51,863,3,6.57,0
TXREF-14862,32.18,7.96,57,3,8.45,0
TXREF-14863,35.58,14.46,334,3,4.61,0
TXREF-14864,33.43,9.22,84,4,13.5,0
TXREF-14865,23.28,11.28,198,1,28.34,0
TXREF-14866,60.38,22.62,80,5,22.78,1
TXREF-14867,63.19,23.99,17,3,4.76,1
TXREF-14868,125.76,22.5,539,1,25.18,0
TXREF-14869,22.54,14.04,132,2,1.95,0
TXREF-14870,56.25,12.28,334,4,3.24,0
TXREF-14871,8.81,7.38,13,3,12.26,0
TXREF-14872,63.24,15.47,23,1,43.45,0
TXREF-14873,12.2,20.0,677,2,2.82,0
TXREF-14874,17.14,19.24,106,3,3.62,0
TXREF-14875,44.22,17.73,1385,2,4.7,0
TXREF-14876,22.25,10.19,211,3,44.57,1
TXREF-14877,20.17,11.81,266,3,2.49,0
TXREF-14878,24.56,13.22,132,1,5.54,0
TXREF-14879,58.87,22.04,685,5,19.83,0
TXREF-14880,17.78,19.82,1247,3,2.3,0
TXREF-14881,33.48,15.48,928,1,13.06,0
TXREF-14882,26.51,17.36,202,3,34.77,0
TXREF-14883,62.82,15.61,193,2,0.49,0
TXREF-14884,64.1,20.79,1004,1,16.14,0
TXREF-14885,9.29,12.91,360,4,59.42,0
TXREF-14886,73.88,17.22,164,1,9.19,0
TXREF-14887,22.43,13.39,93,2,5.46,0
TXREF-14888,41.27,14.15,278,2,5.52,0
TXREF-14889,17.71,15.63,1011,1,1.03,0
TXREF-14890,45.48,22.51,369,3,34.23,0
TXREF-14891,218.54,20.94,94,3,3.86,0
TXREF-14892,38.15,11.47,221,6,17.27,0
TXREF-14893,25.0,19.39,418,1,22.87,0
TXREF-14894,29.45,19.23,315,5,4.35,0
TXREF-14895,12.09,22.92,3,2,3.15,0
TXREF-14896,98.82,20.86,694,1,11.61,0
TXREF-14897,43.61,17.46,662,3,40.95,0
TXREF-14898,16.36,16.83,487,1,10.64,0
TXREF-14899,16.75,13.99,262,2,1.96,0
TXREF-14900,35.2,18.98,691,2,3.2,0
TXREF-14901,68.1,21.59,343,1,17.34,0
TXREF-14902,15.2,16.82,211,5,8.64,0
TXREF-14903,77.61,11.68,467,2,2.08,0
TXREF-14904,32.59,15.3,434,4,21.27,0
TXREF-14905,17.82,11.02,436,5,4.53,0
TXREF-14906,24.86,14.06,439,2,9.38,0
TXREF-14907,122.6,13.84,537,1,1.41,0
TXREF-14908,12.81,16.81,196,3,8.17,0
TXREF-14909,20.55,11.85,184,4,2.61,0
TXREF-14910,69.12,23.83,349,4,4.33,1
TXREF-14911,40.68,9.58,162,4,4.31,0
TXREF-14912,19.69,14.75,1,3,2.49,0
TXREF-14913,69.73,14.92,349,4,10.42,0
TXREF-14914,72.16,15.72,290,4,2.97,0
TXREF-14915,44.19,12.35,20,3,7.92,0
TXREF-14916,22.4,14.77,583,3,7.95,0
TXREF-14917,25.03,12.19,143,2,11.23,0
TXREF-14918,42.73,19.99,616,5,3.02,0
TXREF-14919,13.54,19.52,354,2,2.53,0
TXREF-14920,90.56,13.53,8,4,4.75,0
TXREF-14921,118.41,11.88,1072,1,18.22,0
TXREF-14922,29.37,11.44,525,2,3.09,0
TXREF-14923,44.99,9.52,186,1,20.4,0
TXREF-14924,81.76,19.69,474,2,4.26,0
TXREF-14925,142.31,11.85,1005,3,2.76,0
TXREF-14926,106.81,11.45,113,1,11.98,0
TXREF-14927,9.98,19.86,34,2,2.73,0
TXREF-14928,27.74,14.97,468,4,2.07,0
TXREF-14929,49.92,14.07,209,2,10.34,0
TXREF-14930,24.39,14.08,128,1,13.94,0
TXREF-14931,125.66,11.56,598,5,3.49,0
TXREF-14932,112.52,21.13,308,2,5.79,0
TXREF-14933,19.35,11.88,87,2,1.67,0
TXREF-14934,30.97,14.22,267,2,1.19,0
TXREF-14935,20.29,13.55,185,3,1.6,0
TXREF-14936,30.25,8.6,372,2,5.12,0
TXREF-14937,29.6,20.49,179,4,0.82,0
TXREF-14938,69.2,15.84,261,2,15.08,0
TXREF-14939,18.36,21.28,1684,3,4.32,0
TXREF-14940,5.29,15.08,124,2,33.27,0
TXREF-14941,10.97,19.51,551,3,4.88,0
TXREF-14942,16.6,20.03,647,5,1.9,0
TXREF-14943,21.71,21.17,114,1,75.83,0
TXREF-14944,39.84,11.73,440,1,1.19,0
TXREF-14945,16.0,21.25,71,6,5.17,0
TXREF-14946,14.56,8.23,296,2,4.85,0
TXREF-14947,17.83,12.82,371,1,3.63,0
TXREF-14948,15.59,16.12,248,1,2.98,0
TXREF-14949,23.35,16.03,216,2,4.83,0
TXREF-14950,22.65,15.97,127,3,9.57,0
TXREF-14951,57.18,12.35,57,8,3.28,0
TXREF-14952,17.07,21.62,411,2,23.94,0
TXREF-14953,26.91,16.64,106,5,3.47,0
TXREF-14954,23.51,6.87,1445,1,3.32,0
TXREF-14955,62.33,14.97,286,2,8.2,0
TXREF-14956,31.15,20.91,557,2,9.51,0
TXREF-14957,74.18,22.17,681,3,9.66,0
TXREF-14958,15.18,21.4,122,3,6.96,0
TXREF-14959,33.6,11.4,226,2,1.45,0
TXREF-14960,23.0,8.19,332,1,3.02,0
TXREF-14961,14.4,19.02,981,1,8.1,0
TXREF-14962,33.16,17.86,224,3,1.89,0
TXREF-14963,121.23,20.95,1132,2,27.65,0
TXREF-14964,18.84,16.49,223,3,28.43,0
TXREF-14965,31.76,15.1,1286,2,1.6,0
TXREF-14966,13.53,17.92,99,1,2.67,0
TXREF-14967,12.17,12.19,822,3,3.47,0
TXREF-14968,19.75,20.03,198,3,1.27,0
TXREF-14969,25.18,20.18,81,2,2.63,0
TXREF-14970,26.0,15.87,4,3,13.12,0
TXREF-14971,29.58,15.86,237,2,19.55,0
TXREF-14972,10.62,11.54,146,4,5.17,0
TXREF-14973,22.18,12.67,2216,1,2.33,0
TXREF-14974,49.96,10.79,340,3,4.15,0
TXREF-14975,13.09,19.38,520,3,4.46,0
TXREF-14976,26.96,9.01,294,3,6.04,0
TXREF-14977,42.98,16.93,195,3,2.98,0
TXREF-14978,19.82,15.86,272,3,5.59,0
TXREF-14979,44.52,8.87,771,3,9.29,0
TXREF-14980,11.64,17.66,233,3,30.88,0
TXREF-14981,66.0,13.17,594,3,5.63,0
TXREF-14982,45.3,20.78,744,3,17.98,0
TXREF-14983,36.24,15.17,277,1,13.46,0
TXREF-14984,78.25,11.37,127,1,8.02,0
TXREF-14985,27.46,22.52,736,4,7.75,0
TXREF-14986,22.31,12.38,259,1,4.49,0
TXREF-14987,93.53,11.19,1186,2,19.12,0
TXREF-14988,131.02,20.73,819,6,3.32,0
TXREF-14989,21.13,16.55,891,1,15.14,0
TXREF-14990,32.08,15.04,434,4,2.91,0
TXREF-14991,73.88,14.83,142,1,7.32,0
TXREF-14992,32.91,18.87,281,3,20.22,0
TXREF-14993,53.42,14.16,688,2,10.72,0
TXREF-14994,61.06,11.64,243,2,2.7,0
TXREF-14995,23.22,21.97,589,1,4.47,0
TXREF-14996,47.08,19.47,292,2,1.98,0
TXREF-14997,34.66,18.88,155,2,6.82,0
TXREF-14998,14.5,12.2,274,2,20.44,0
TXREF-14999,17.07,9.21,234,4,12.26,0
TXREF-15000,21.76,8.56,31,1,16.1,0
TXREF-15001,67.93,11.97,114,3,12.76,0
TXREF-15002,69.56,14.34,79,2,1.89,0
TXREF-15003,59.74,14.38,1343,2,15.44,0
TXREF-15004,47.79,14.47,1772,3,1.11,0
TXREF-15005,46.86,18.9,224,2,3.04,0
TXREF-15006,42.51,10.68,229,1,13.07,0
TXREF-15007,46.69,17.78,598,2,0.83,0
TXREF-15008,49.02,13.37,1285,3,13.49,0
TXREF-15009,12.66,14.94,333,4,5.79,0
TXREF-15010,19.71,20.72,552,2,5.15,0
TXREF-15011,16.6,15.0,1799,2,2.32,0
TXREF-15012,77.26,19.73,46,3,0.48,0
TXREF-15013,114.54,20.95,269,2,4.81,0
TXREF-15014,7.3,20.25,76,1,11.3,0
TXREF-15015,107.41,11.23,221,2,30.39,1
TXREF-15016,37.06,12.93,320,3,13.19,0
TXREF-15017,72.18,12.33,420,2,40.48,0
TXREF-15018,50.13,10.67,72,2,4.55,0
TXREF-15019,98.21,13.84,779,2,2.16,0
TXREF-15020,40.49,23.07,1440,4,10.36,0
TXREF-15021,13.04,13.52,868,3,35.52,0
TXREF-15022,32.26,13.69,26,1,7.45,0
TXREF-15023,50.46,22.78,406,2,1.38,0
TXREF-15024,29.8,16.07,58,3,3.26,0
TXREF-15025,55.9,21.2,124,2,8.52,0
TXREF-15026,33.2,20.25,444,3,9.92,0
TXREF-15027,22.67,21.86,979,1,4.96,0
TXREF-15028,15.93,10.83,502,3,3.44,0
TXREF-15029,26.26,16.37,161,3,2.44,0
TXREF-15030,40.34,11.3,111,1,4.08,0
TXREF-15031,8.49,19.87,623,2,6.04,0
TXREF-15032,19.85,14.62,24,1,8.31,1
TXREF-15033,8.27,18.93,666,3,2.07,0
TXREF-15034,22.32,16.32,155,1,11.46,0
TXREF-15035,82.44,13.88,941,2,2.03,0
TXREF-15036,14.82,21.18,60,3,2.45,0
TXREF-15037,57.76,18.87,33,3,3.7,0
TXREF-15038,270.74,13.82,5,4,11.48,1
TXREF-15039,99.14,13.07,171,1,34.29,0
TXREF-15040,38.33,2.32,88,2,2.08,0
TXREF-15041,64.59,12.57,258,1,16.5,0
TXREF-15042,12.99,11.59,69,2,2.22,0
TXREF-15043,11.21,18.98,371,3,19.6,0
TXREF-15044,35.54,11.89,102,3,5.73,0
TXREF-15045,46.39,19.28,29,3,1.55,0
TXREF-15046,76.55,10.04,26,2,24.29,0
TXREF-15047,23.12,17.11,115,2,2.97,0
TXREF-15048,40.01,16.14,215,1,2.76,0
TXREF-15049,39.04,11.37,365,4,8.31,0
TXREF-15050,31.67,16.84,175,2,3.11,0
TXREF-15051,33.04,20.84,127,2,4.6,0
TXREF-15052,18.81,12.96,194,3,4.33,0
TXREF-15053,42.58,10.08,407,1,25.5,0
TXREF-15054,40.06,19.17,377,2,0.89,0
TXREF-15055,25.36,19.97,663,1,1.93,0
TXREF-15056,56.22,14.05,1657,3,9.7,0
TXREF-15057,72.97,20.66,309,4,11.8,0
TXREF-15058,56.7,13.32,784,3,6.79,0
TXREF-15059,16.44,16.95,491,2,0.99,0
TXREF-15060,37.4,20.15,589,3,5.09,0
TXREF-15061,18.06,18.18,242,4,1.14,0
TXREF-15062,37.32,11.69,1995,8,61.71,0
TXREF-15063,18.11,14.42,388,6,9.12,0
TXREF-15064,87.32,17.46,193,4,2.98,0
TXREF-15065,61.19,13.51,60,5,45.4,0
TXREF-15066,79.85,14.1,368,4,38.17,0
TXREF-15067,74.24,12.12,89,1,22.27,0
TXREF-15068,28.65,18.99,889,1,21.39,0
TXREF-15069,25.62,18.8,91,1,3.51,0
TXREF-15070,122.0,20.37,42,1,16.3,0
TXREF-15071,30.91,9.15,37,2,3.05,0
TXREF-15072,13.13,8.22,300,2,18.27,0
TXREF-15073,71.91,15.93,220,2,8.76,0
TXREF-15074,38.61,17.68,1050,2,25.3,0
TXREF-15075,102.95,11.5,233,3,9.94,0
TXREF-15076,41.47,14.87,103,3,9.11,0
TXREF-15077,34.32,10.06,133,1,2.36,0
TXREF-15078,104.46,19.84,658,2,1.1,0
TXREF-15079,11.5,19.42,638,1,1.86,0
TXREF-15080,22.84,10.54,437,1,0.29,0
TXREF-15081,18.38,12.83,352,4,5.64,0
TXREF-15082,7.17,16.78,109,4,7.05,0
TXREF-15083,65.28,20.66,604,2,1.7,0
TXREF-15084,23.3,17.73,38,3,31.39,0
TXREF-15085,66.81,17.57,231,2,19.84,0
TXREF-15086,46.07,14.51,210,5,7.03,0
TXREF-15087,53.9,13.4,274,3,12.0,0
TXREF-15088,25.08,19.53,574,3,5.15,0
TXREF-15089,20.08,8.34,95,2,15.03,0
TXREF-15090,37.14,13.94,3,1,4.33,0
TXREF-15091,67.48,11.28,577,2,14.66,0
TXREF-15092,33.57,17.9,272,2,2.71,0
TXREF-15093,21.0,13.36,93,4,55.24,0
TXREF-15094,14.68,16.39,784,5,4.49,0
TXREF-15095,40.33,12.46,225,4,1.41,0
TXREF-15096,23.36,11.84,726,5,1.48,0
TXREF-15097,33.06,23.08,1072,1,10.35,0
TXREF-15098,29.31,18.82,348,5,8.4,0
TXREF-15099,25.28,15.03,850,4,1.97,0
TXREF-15100,43.01,13.7,280,5,14.77,0
TXREF-15101,51.9,16.53,32,3,7.45,0
TXREF-15102,143.31,16.06,75,3,13.77,1
TXREF-15103,60.08,7.03,583,4,2.85,0
TXREF-15104,109.67,13.18,364,2,4.68,0
TXREF-15105,19.31,15.79,129,1,13.53,0
TXREF-15106,10.99,10.74,383,3,55.37,0
TXREF-15107,34.45,8.58,718,1,2.28,0
TXREF-15108,64.57,22.8,257,3,4.27,0
TXREF-15109,57.68,18.91,331,8,0.46,0
TXREF-15110,83.28,20.43,449,3,9.37,0
TXREF-15111,5.61,17.32,46,1,0.79,0
TXREF-15112,85.81,19.9,122,2,2.3,0
TXREF-15113,44.32,7.84,1273,3,5.63,0
TXREF-15114,11.45,12.77,290,3,2.55,0
TXREF-15115,58.61,6.7,329,2,11.8,1
TXREF-15116,39.33,16.12,499,4,16.74,0
TXREF-15117,45.81,11.82,518,2,4.63,0
TXREF-15118,71.48,19.71,1,2,3.03,1
TXREF-15119,47.46,17.67,605,2,1.1,0
TXREF-15120,12.06,9.75,119,1,5.06,0
TXREF-15121,31.41,14.21,588,3,2.82,0
TXREF-15122,10.86,6.71,465,3,3.45,0
TXREF-15123,55.55,18.07,327,1,17.57,0
TXREF-15124,95.25,17.32,573,4,2.92,0
TXREF-15125,14.24,13.06,470,1,0.81,0
TXREF-15126,21.47,9.92,426,2,2.51,0
TXREF-15127,18.44,16.67,292,3,2.6,0
TXREF-15128,25.11,22.81,445,3,0.64,0
TXREF-15129,46.85,13.25,85,4,63.76,0
TXREF-15130,25.3,10.15,160,4,2.09,0
TXREF-15131,55.69,18.35,46,2,4.67,0
TXREF-15132,74.97,10.38,571,5,11.23,0
TXREF-15133,76.96,19.49,94,1,23.69,0
TXREF-15134,15.56,21.86,205,3,10.3,0
TXREF-15135,94.43,13.03,258,2,26.16,0
TXREF-15136,100.04,20.39,606,5,1.49,0
TXREF-15137,106.48,18.03,128,1,2.73,0
TXREF-15138,31.07,10.88,124,3,11.1,0
TXREF-15139,20.26,16.5,782,5,3.1,0
TXREF-15140,17.14,18.59,468,2,1.85,0
TXREF-15141,15.75,22.74,3347,3,2.42,0
TXREF-15142,35.11,22.16,411,3,2.62,0
TXREF-15143,64.1,13.83,656,4,2.11,0
TXREF-15144,89.19,11.93,29,1,4.17,0
TXREF-15145,24.54,11.4,698,3,0.88,0
TXREF-15146,33.86,18.2,1143,2,1.26,0
TXREF-15147,32.3,7.91,333,1,7.52,0
TXREF-15148,22.03,19.37,83,2,2.8,0
TXREF-15149,59.13,22.28,397,3,4.73,0
TXREF-15150,45.21,21.13,8,3,2.44,0
TXREF-15151,38.56,14.85,529,3,16.5,0
TXREF-15152,45.06,12.1,404,1,1.69,0
TXREF-15153,54.22,13.43,83,3,2.77,0
TXREF-15154,53.83,10.38,566,3,14.5,0
TXREF-15155,19.04,15.2,470,3,12.22,0
TXREF-15156,66.38,13.75,739,2,8.73,1
TXREF-15157,41.84,14.6,170,4,5.29,0
TXREF-15158,25.46,18.75,609,2,7.01,0
TXREF-15159,41.21,11.43,511,2,2.49,0
TXREF-15160,44.61,20.81,64,1,1.36,0
TXREF-15161,75.86,8.72,129,5,13.56,0
TXREF-15162,16.39,21.0,21,3,10.69,0
TXREF-15163,90.38,19.7,168,3,5.43,0
TXREF-15164,35.4,21.91,80,3,17.71,0
TXREF-15165,24.18,13.5,139,2,16.5,0
TXREF-15166,23.65,12.15,66,4,5.74,0
TXREF-15167,16.93,21.99,15,1,13.01,0
TXREF-15168,9.94,14.12,325,3,8.21,0
TXREF-15169,56.7,14.95,1398,5,8.36,0
TXREF-15170,144.93,10.35,137,3,3.04,0
TXREF-15171,10.86,16.83,276,2,33.54,0
TXREF-15172,17.56,22.18,102,1,1.93,0
TXREF-15173,59.81,15.43,330,2,1.6,0
TXREF-15174,33.69,16.89,285,1,10.95,0
TXREF-15175,63.48,13.67,625,1,12.29,0
TXREF-15176,32.35,17.87,544,3,40.25,0
TXREF-15177,22.92,18.57,568,1,0.48,0
TXREF-15178,29.59,20.6,239,5,12.09,0
TXREF-15179,6.26,11.82,260,4,6.56,0
TXREF-15180,15.28,22.96,322,1,25.84,0
TXREF-15181,68.91,20.41,372,1,1.56,0
TXREF-15182,82.12,17.14,700,3,13.57,0
TXREF-15183,95.82,8.14,105,1,2.81,0
TXREF-15184,47.82,18.85,129,1,1.84,0
TXREF-15185,6.86,17.84,210,1,29.02,0
TXREF-15186,22.04,15.17,1366,1,9.62,0
TXREF-15187,90.36,11.44,76,3,15.42,0
TXREF-15188,112.01,22.51,375,2,1.43,0
TXREF-15189,92.86,17.08,657,1,18.7,0
TXREF-15190,29.37,20.61,633,2,5.76,0
TXREF-15191,13.59,18.83,98,2,9.77,0
TXREF-15192,33.81,13.31,544,2,2.19,0
TXREF-15193,35.19,9.34,271,6,9.35,0
TXREF-15194,107.47,16.95,11,2,21.27,1
TXREF-15195,41.02,16.97,256,2,3.57,0
TXREF-15196,35.23,20.22,70,4,4.88,0
TXREF-15197,36.71,11.62,144,2,19.62,0
TXREF-15198,46.43,10.57,541,3,1.02,0
TXREF-15199,54.65,15.72,824,1,21.41,0
TXREF-15200,20.66,11.16,1059,3,1.77,0
TXREF-15201,16.26,21.35,41,3,24.63,0
TXREF-15202,93.39,21.07,322,3,35.01,0
TXREF-15203,10.68,20.81,689,4,2.29,0
TXREF-15204,113.2,16.54,134,2,11.48,0
TXREF-15205,8.8,21.76,5,2,4.77,0
TXREF-15206,22.85,21.91,458,4,8.02,0
TXREF-15207,70.09,21.41,207,4,1.17,0
TXREF-15208,34.82,18.79,116,5,1.77,0
TXREF-15209,13.49,22.8,84,2,2.78,0
TXREF-15210,47.32,12.54,628,2,1.92,0
TXREF-15211,36.53,17.79,330,5,2.17,0
TXREF-15212,29.8,9.56,717,2,5.95,0
TXREF-15213,22.22,9.65,205,3,3.06,0
TXREF-15214,33.96,10.24,296,3,6.13,0
TXREF-15215,22.9,15.75,797,2,7.59,0
TXREF-15216,200.91,14.87,729,1,5.49,0
TXREF-15217,29.29,17.64,686,3,1.38,0
TXREF-15218,26.6,8.44,856,1,5.06,0
TXREF-15219,23.57,19.26,1354,2,1.91,0
TXREF-15220,125.14,15.46,709,4,14.18,0
TXREF-15221,10.7,11.21,1012,4,0.62,0
TXREF-15222,45.1,11.44,387,2,1.07,0
TXREF-15223,29.3,17.24,422,2,2.05,0
TXREF-15224,12.49,12.23,180,1,1.52,0
TXREF-15225,19.3,12.61,808,3,6.02,0
TXREF-15226,43.74,13.2,1112,2,8.99,0
TXREF-15227,18.68,13.39,464,2,15.83,0
TXREF-15228,41.97,16.19,607,1,5.79,0
TXREF-15229,120.9,10.13,724,3,1.03,0
TXREF-15230,39.36,13.4,324,3,1.64,0
TXREF-15231,12.22,17.72,1988,2,5.13,0
TXREF-15232,18.92,20.82,360,4,11.25,0
TXREF-15233,28.35,9.66,499,2,3.8,0
TXREF-15234,27.01,15.06,1266,2,2.74,0
TXREF-15235,38.84,13.39,471,2,2.17,0
TXREF-15236,43.6,13.68,691,1,13.58,0
TXREF-15237,121.02,11.47,873,2,1.61,0
TXREF-15238,34.72,16.42,588,1,21.24,0
TXREF-15239,15.19,16.25,12,4,4.06,0
TXREF-15240,79.9,22.07,223,2,7.69,0
TXREF-15241,86.43,9.77,193,4,4.49,0
TXREF-15242,41.16,8.41,64,1,16.63,0
TXREF-15243,29.15,20.58,1036,4,2.66,0
TXREF-15244,54.5,22.69,186,4,3.86,0
TXREF-15245,29.9,12.54,398,2,7.56,0
TXREF-15246,7.92,14.6,10,2,12.65,0
TXREF-15247,52.23,9.54,182,2,8.53,0
TXREF-15248,66.18,15.2,211,1,5.27,0
TXREF-15249,98.26,13.74,75,2,3.12,0
TXREF-15250,20.57,17.44,1065,1,2.66,0
TXREF-15251,40.97,16.74,187,2,26.79,0
TXREF-15252,41.61,17.01,973,4,1.35,0
TXREF-15253,37.02,0.07,179,3,5.72,0
TXREF-15254,37.81,19.13,763,2,3.37,0
TXREF-15255,35.76,15.84,910,1,2.5,0
TXREF-15256,40.55,12.29,407,3,2.62,0
TXREF-15257,59.34,11.41,35,1,1.33,0
TXREF-15258,83.81,11.77,561,2,13.53,0
TXREF-15259,20.2,20.71,487,2,2.85,0
TXREF-15260,30.75,9.74,627,3,11.02,0
TXREF-15261,25.68,14.5,147,2,3.53,0
TXREF-15262,23.17,11.33,105,2,2.4,0
TXREF-15263,10.87,9.99,195,2,6.44,0
TXREF-15264,35.43,20.74,830,5,30.12,0
TXREF-15265,49.16,18.24,9,1,6.89,1
TXREF-15266,31.13,16.44,331,3,10.54,0
TXREF-15267,34.59,19.21,605,2,18.13,0
TXREF-15268,47.05,20.23,150,3,21.67,1
TXREF-15269,96.16,0.09,159,3,3.97,0
TXREF-15270,25.73,17.58,220,2,5.84,0
TXREF-15271,14.98,16.98,228,2,4.39,0
TXREF-15272,32.62,22.73,113,2,5.67,0
TXREF-15273,135.12,14.3,415,3,20.19,0
TXREF-15274,15.09,13.57,173,3,17.17,0
TXREF-15275,55.6,18.34,568,2,9.08,0
TXREF-15276,80.13,20.18,151,2,7.49,0
TXREF-15277,6.34,0.24,424,2,3.25,0
TXREF-15278,46.78,22.01,152,2,6.15,0
TXREF-15279,53.76,10.04,140,2,5.81,0
TXREF-15280,28.72,19.16,268,2,9.93,0
TXREF-15281,21.86,20.8,496,3,3.93,0
TXREF-15282,22.75,22.26,58,3,16.17,1
TXREF-15283,27.48,9.32,2,4,11.71,1
TXREF-15284,28.01,12.3,177,3,2.39,0
TXREF-15285,24.45,22.08,796,1,3.73,0
TXREF-15286,27.17,15.46,1154,3,10.41,0
TXREF-15287,82.05,14.58,581,1,1.58,0
TXREF-15288,14.52,14.68,80,2,8.69,0
TXREF-15289,9.88,17.82,66,2,2.16,0
TXREF-15290,83.0,12.32,407,3,6.92,0
TXREF-15291,30.32,11.33,219,2,188.34,0
TXREF-15292,26.32,18.13,323,2,3.42,0
TXREF-15293,32.13,14.76,171,5,17.83,0
TXREF-15294,40.47,16.26,1100,2,2.54,0
TXREF-15295,23.87,15.75,692,3,4.15,0
TXREF-15296,50.11,18.51,618,4,19.59,0
TXREF-15297,17.41,15.45,665,1,0.86,0
TXREF-15298,28.01,16.64,1605,1,0.44,0
TXREF-15299,7.07,19.18,446,1,2.66,0
TXREF-15300,80.96,10.97,84,2,1.42,0
TXREF-15301,30.67,13.28,233,2,15.59,0
TXREF-15302,56.4,15.89,21,3,3.09,0
TXREF-15303,49.06,16.17,363,2,1.1,0
TXREF-15304,51.72,18.64,336,2,4.14,0
TXREF-15305,34.62,12.53,421,1,13.67,0
TXREF-15306,46.04,14.72,36,1,2.0,0
TXREF-15307,17.42,17.59,180,3,2.69,0
TXREF-15308,14.98,17.34,190,5,11.02,0
TXREF-15309,32.37,18.11,54,2,2.05,0
TXREF-15310,21.34,18.34,220,1,37.79,0
TXREF-15311,97.16,13.89,88,3,4.82,0
TXREF-15312,45.61,19.09,811,2,8.95,0
TXREF-15313,20.78,9.36,116,1,2.65,0
TXREF-15314,28.63,9.96,68,5,6.46,0
TXREF-15315,38.31,14.57,722,1,38.53,0
TXREF-15316,33.15,14.17,276,3,26.16,0
TXREF-15317,42.34,17.99,1346,2,5.27,0
TXREF-15318,36.58,21.7,68,4,1.41,0
TXREF-15319,12.79,19.14,856,7,5.28,0
TXREF-15320,7.4,12.89,179,2,0.41,0
TXREF-15321,26.6,13.33,614,2,12.13,0
TXREF-15322,52.12,14.78,132,4,2.03,0
TXREF-15323,26.82,19.25,90,4,5.58,0
TXREF-15324,84.8,17.41,386,1,4.96,0
TXREF-15325,33.66,13.96,677,1,16.94,0
TXREF-15326,92.5,14.81,501,4,6.37,0
TXREF-15327,79.79,11.39,92,1,4.97,1
TXREF-15328,74.21,17.41,141,2,29.46,0
TXREF-15329,14.64,20.75,1051,1,15.39,0
TXREF-15330,35.25,18.67,231,3,2.57,0
TXREF-15331,83.96,15.28,446,4,10.98,0
TXREF-15332,42.36,13.65,192,2,3.78,0
TXREF-15333,51.89,19.46,1076,3,3.5,0
TXREF-15334,12.82,2.42,47,2,2.3,0
TXREF-15335,138.59,6.85,664,2,2.23,0
TXREF-15336,19.69,22.07,952,2,2.51,0
TXREF-15337,8.28,17.56,1118,4,2.09,0
TXREF-15338,27.04,17.92,958,1,8.27,0
TXREF-15339,5.98,1.64,103,2,3.19,0
TXREF-15340,15.94,19.23,381,1,11.94,0
TXREF-15341,219.67,12.28,635,3,4.29,0
TXREF-15342,26.48,7.87,133,2,19.38,0
TXREF-15343,12.45,12.01,237,1,1.83,0
TXREF-15344,35.45,10.53,511,2,0.63,0
TXREF-15345,18.24,20.46,482,2,6.91,0
TXREF-15346,64.87,18.72,994,3,27.07,0
TXREF-15347,18.35,10.87,294,2,4.95,0
TXREF-15348,42.31,18.27,214,1,8.28,0
TXREF-15349,15.24,16.46,8,4,1.97,0
TXREF-15350,226.17,22.89,232,4,19.68,1
TXREF-15351,50.03,22.3,249,1,5.25,0
TXREF-15352,31.35,10.7,572,1,8.84,0
TXREF-15353,28.19,11.83,233,4,2.1,0
TXREF-15354,23.37,22.55,108,3,2.43,0
TXREF-15355,20.13,9.69,93,1,4.78,0
TXREF-15356,19.73,17.51,90,1,2.87,0
TXREF-15357,116.56,14.87,1366,3,15.72,0
TXREF-15358,23.39,13.6,1513,1,4.2,0
TXREF-15359,7.51,20.77,105,3,7.43,0
TXREF-15360,15.04,16.95,991,2,22.92,0
TXREF-15361,67.89,11.56,505,4,12.17,0
TXREF-15362,29.03,23.03,675,2,30.59,0
TXREF-15363,31.61,13.5,1237,3,1.57,0
TXREF-15364,80.82,8.93,406,1,7.86,0
TXREF-15365,19.89,23.35,85,2,1.03,0
TXREF-15366,54.89,22.15,1139,2,2.17,0
TXREF-15367,21.52,19.6,479,1,5.53,0
TXREF-15368,52.7,15.38,737,1,6.55,0
TXREF-15369,26.27,16.25,18,2,7.77,0
TXREF-15370,29.26,18.5,467,4,6.14,0
TXREF-15371,62.83,11.17,165,4,70.41,1
TXREF-15372,59.65,20.16,340,1,3.17,0
TXREF-15373,30.9,20.93,453,2,2.1,0
TXREF-15374,24.79,16.46,34,1,91.02,1
TXREF-15375,110.1,14.23,215,6,43.95,0
TXREF-15376,53.21,21.01,175,3,14.47,0
TXREF-15377,26.27,14.24,466,1,16.92,0
TXREF-15378,21.75,9.33,144,5,4.02,0
TXREF-15379,72.82,21.95,46,3,4.96,0
TXREF-15380,37.83,17.54,515,7,9.76,0
TXREF-15381,30.95,14.08,1059,4,8.31,0
TXREF-15382,37.82,7.97,330,3,3.11,0
TXREF-15383,44.4,20.38,194,2,13.44,0
TXREF-15384,33.42,22.03,552,2,95.87,0
TXREF-15385,82.82,12.02,555,5,12.61,0
TXREF-15386,86.2,20.01,127,2,73.16,0
TXREF-15387,51.06,14.78,362,3,10.14,0
TXREF-15388,93.67,14.14,140,4,20.29,0
TXREF-15389,35.03,10.82,471,2,8.85,0
TXREF-15390,57.23,14.07,213,1,10.23,0
TXREF-15391,71.75,13.08,348,3,2.88,0
TXREF-15392,72.51,19.52,18,3,2.85,0
TXREF-15393,67.32,13.67,29,2,10.47,0
TXREF-15394,54.84,19.9,1632,3,18.0,0
TXREF-15395,142.47,23.75,122,2,16.99,1
TXREF-15396,23.6,12.97,194,2,21.1,0
TXREF-15397,31.13,20.32,4,1,1.13,0
TXREF-15398,29.83,22.71,293,1,7.39,0
TXREF-15399,26.71,22.05,94,3,16.03,0
TXREF-15400,8.32,20.66,2405,1,0.44,0
TXREF-15401,93.68,21.43,665,1,8.39,0
TXREF-15402,16.63,18.78,315,1,6.21,0
TXREF-15403,39.34,16.3,1365,2,12.36,0
TXREF-15404,12.51,21.51,252,2,2.87,0
TXREF-15405,54.43,9.97,4,4,21.37,0
TXREF-15406,19.78,18.13,635,3,9.86,0
TXREF-15407,15.37,16.2,635,2,6.63,0
TXREF-15408,40.04,18.55,92,3,5.81,0
TXREF-15409,21.02,16.35,685,3,4.95,0
TXREF-15410,23.03,13.47,238,3,7.6,0
TXREF-15411,39.4,21.98,495,3,4.17,0
TXREF-15412,61.93,12.58,549,2,7.81,0
TXREF-15413,19.31,10.33,262,3,6.24,0
TXREF-15414,17.05,14.81,448,2,5.08,0
TXREF-15415,35.41,18.13,429,4,3.0,0
TXREF-15416,51.33,11.3,310,3,10.13,0
TXREF-15417,99.8,8.54,510,4,20.23,0
TXREF-15418,16.1,14.12,1602,4,28.1,0
TXREF-15419,27.69,16.47,413,3,9.22,0
TXREF-15420,81.17,21.43,710,4,15.63,0
TXREF-15421,144.12,17.13,39,3,3.63,1
TXREF-15422,17.03,9.63,130,2,6.96,0
TXREF-15423,20.45,22.27,38,3,7.65,0
TXREF-15424,45.8,7.61,61,1,12.69,0
TXREF-15425,22.97,9.28,394,2,1.54,0
TXREF-15426,20.15,15.98,18,1,2.93,0
TXREF-15427,41.51,17.89,756,4,8.22,0
TXREF-15428,106.23,18.47,938,4,15.35,0
TXREF-15429,13.56,21.67,131,2,16.49,0
TXREF-15430,102.39,10.73,148,4,51.07,0
TXREF-15431,23.02,10.69,240,3,3.25,0
TXREF-15432,44.66,13.03,537,1,17.74,0
TXREF-15433,109.44,12.88,1906,1,2.05,0
TXREF-15434,44.0,21.66,587,3,14.83,0
TXREF-15435,28.1,11.62,135,1,12.8,0
TXREF-15436,58.39,15.82,175,3,14.79,1
TXREF-15437,30.73,21.58,291,1,14.95,0
TXREF-15438,50.67,18.27,356,1,1.85,0
TXREF-15439,30.04,12.43,506,1,22.62,0
TXREF-15440,64.72,15.08,124,4,0.64,0
TXREF-15441,12.76,18.55,655,2,3.85,0
TXREF-15442,16.78,22.01,127,4,9.67,0
TXREF-15443,12.62,13.32,138,1,6.98,0
TXREF-15444,33.43,7.4,247,3,1.6,0
TXREF-15445,11.57,14.27,320,5,10.83,0
TXREF-15446,21.16,15.91,2504,2,76.01,0
TXREF-15447,15.68,13.81,41,2,8.18,0
TXREF-15448,101.02,11.5,1441,2,6.46,0
TXREF-15449,17.06,8.63,998,3,1.88,0
TXREF-15450,13.79,18.44,11,3,1.55,0
TXREF-15451,41.63,14.11,289,3,1.96,0
TXREF-15452,117.27,18.45,90,2,14.65,0
TXREF-15453,32.02,9.36,552,6,10.9,0
TXREF-15454,33.86,12.5,395,3,18.0,0
TXREF-15455,88.18,9.77,490,1,6.57,1
TXREF-15456,65.52,17.28,238,2,3.95,0
TXREF-15457,47.29,17.96,20,4,2.26,0
TXREF-15458,22.89,20.15,537,2,1.08,0
TXREF-15459,48.34,15.67,95,1,4.72,0
TXREF-15460,13.07,18.5,1318,4,3.21,0
TXREF-15461,22.22,15.4,258,3,47.7,0
TXREF-15462,97.58,17.65,376,1,23.6,0
TXREF-15463,88.89,14.16,435,4,2.15,0
TXREF-15464,47.7,15.98,87,3,5.38,0
TXREF-15465,8.68,20.85,524,2,0.35,0
TXREF-15466,14.59,14.7,273,1,7.79,0
TXREF-15467,21.34,14.08,5,2,9.05,0
TXREF-15468,30.76,19.09,853,2,9.52,0
TXREF-15469,14.15,13.52,394,2,13.52,0
TXREF-15470,29.16,20.67,51,2,6.44,0
TXREF-15471,124.27,23.65,1265,1,5.37,0
TXREF-15472,46.46,17.66,501,2,6.56,0
TXREF-15473,40.75,17.34,10,4,2.08,0
TXREF-15474,16.73,22.21,2354,2,5.16,0
TXREF-15475,10.7,20.82,31,2,13.34,0
TXREF-15476,14.38,14.92,283,1,3.74,0
TXREF-15477,10.39,21.27,112,2,29.02,0
TXREF-15478,36.75,21.97,63,1,5.17,0
TXREF-15479,45.9,22.21,251,3,3.74,0
TXREF-15480,17.37,8.8,337,3,2.6,0
TXREF-15481,38.73,15.47,558,2,4.55,0
TXREF-15482,100.25,20.39,290,2,2.73,0
TXREF-15483,142.53,18.36,273,1,7.91,1
TXREF-15484,60.62,18.0,596,5,11.54,0
TXREF-15485,30.7,16.69,220,2,82.16,0
TXREF-15486,59.23,12.09,446,3,2.69,0
TXREF-15487,92.14,11.6,833,2,5.65,0
TXREF-15488,8.21,17.05,111,1,10.11,0
TXREF-15489,101.2,19.27,540,4,10.24,0
TXREF-15490,23.52,17.03,233,1,10.89,0
TXREF-15491,23.68,20.21,30,2,21.88,0
TXREF-15492,26.96,15.39,892,4,3.6,0
TXREF-15493,43.84,16.58,116,4,6.31,0
TXREF-15494,15.64,14.94,32,2,12.43,0
TXREF-15495,28.36,15.82,17,3,1.02,0
TXREF-15496,50.82,18.34,19,3,3.14,0
TXREF-15497,40.75,15.01,301,4,6.63,0
TXREF-15498,45.8,17.82,271,4,15.79,0
TXREF-15499,27.57,13.87,378,1,5.19,0
TXREF-15500,57.37,14.72,249,2,9.38,0
TXREF-15501,74.49,11.71,608,2,0.63,0
TXREF-15502,71.34,10.56,980,2,2.33,0
TXREF-15503,47.36,11.61,247,1,0.99,0
TXREF-15504,68.44,9.37,123,4,7.92,0
TXREF-15505,65.18,10.3,559,4,3.6,0
TXREF-15506,239.15,22.59,45,5,13.52,0
TXREF-15507,83.68,18.72,778,2,7.23,0
TXREF-15508,32.66,15.69,21,1,4.22,0
TXREF-15509,18.06,23.66,40,2,8.76,0
TXREF-15510,28.85,8.04,360,5,10.22,0
TXREF-15511,27.42,12.72,137,1,3.81,0
TXREF-15512,50.31,21.49,325,1,9.73,0
TXREF-15513,21.03,21.16,937,4,1.84,0
TXREF-15514,82.14,14.43,92,2,8.16,0
TXREF-15515,12.8,9.29,327,2,11.42,0
TXREF-15516,10.75,20.29,10,3,5.22,0
TXREF-15517,31.59,14.27,59,2,3.72,0
TXREF-15518,18.98,13.24,969,1,1.33,0
TXREF-15519,14.07,19.04,1539,4,11.64,0
TXREF-15520,22.01,10.88,4,3,2.25,0
TXREF-15521,20.12,17.31,6,2,1.02,0
TXREF-15522,35.07,12.69,130,1,5.93,0
TXREF-15523,22.27,13.94,804,4,1.64,0
TXREF-15524,23.61,11.6,1407,4,1.31,0
TXREF-15525,34.69,11.8,216,3,12.43,0
TXREF-15526,72.26,12.6,1442,1,8.14,0
TXREF-15527,100.38,23.2,285,4,9.61,0
TXREF-15528,38.72,15.11,632,1,36.71,0
TXREF-15529,40.95,14.37,323,4,7.83,0
TXREF-15530,30.51,20.48,258,2,8.22,0
TXREF-15531,49.23,16.11,359,2,3.19,0
TXREF-15532,46.11,18.66,166,1,35.17,0
TXREF-15533,90.43,11.87,596,3,2.45,0
TXREF-15534,8.94,11.49,108,3,44.81,0
TXREF-15535,29.4,17.56,207,2,1.6,0
TXREF-15536,44.44,22.72,155,4,3.58,0
TXREF-15537,34.16,13.57,38,3,15.08,0
TXREF-15538,17.7,16.61,394,2,20.95,0
TXREF-15539,13.66,14.88,501,1,1.41,0
TXREF-15540,62.21,19.81,460,4,8.09,0
TXREF-15541,20.19,13.95,23,3,14.14,0
TXREF-15542,9.84,15.36,83,3,12.46,0
TXREF-15543,64.5,17.51,539,3,12.56,0
TXREF-15544,48.45,6.17,104,2,2.2,0
TXREF-15545,32.03,17.63,53,1,42.86,0
TXREF-15546,18.02,12.38,175,2,1.6,0
TXREF-15547,32.08,20.61,111,3,11.9,0
TXREF-15548,83.53,19.33,61,2,20.88,0
TXREF-15549,10.89,22.12,8,1,29.39,0
TXREF-15550,11.29,12.54,1245,5,25.4,0
TXREF-15551,22.15,13.82,1054,2,25.09,0
TXREF-15552,34.15,9.35,233,4,31.08,0
TXREF-15553,24.35,21.04,57,2,5.33,0
TXREF-15554,55.3,13.86,420,1,3.51,0
TXREF-15555,76.25,23.41,421,3,22.59,0
TXREF-15556,42.55,22.99,1633,3,18.02,0
TXREF-15557,52.12,18.97,201,1,13.92,0
TXREF-15558,42.35,17.02,31,3,5.97,0
TXREF-15559,35.05,18.52,444,4,0.7,0
TXREF-15560,13.72,13.67,787,1,24.61,0
TXREF-15561,16.61,19.56,882,1,10.23,0
TXREF-15562,13.16,21.69,325,2,16.45,0
TXREF-15563,31.28,12.45,923,2,4.08,0
TXREF-15564,41.15,17.57,232,1,6.33,0
TXREF-15565,12.26,18.48,394,4,3.34,0
TXREF-15566,36.68,18.99,89,2,4.46,0
TXREF-15567,18.54,17.6,601,3,7.94,0
TXREF-15568,16.12,12.15,763,2,101.77,0
TXREF-15569,22.19,12.49,23,2,0.8,0
TXREF-15570,15.54,16.3,210,2,10.87,0
TXREF-15571,53.88,10.17,480,1,49.0,0
TXREF-15572,30.85,10.35,242,2,20.87,0
TXREF-15573,62.61,22.49,46,2,37.66,1
TXREF-15574,25.3,11.0,278,1,1.03,0
TXREF-15575,26.0,16.83,709,3,2.12,0
TXREF-15576,134.13,21.63,207,4,10.87,0
TXREF-15577,10.82,12.46,937,3,78.91,0
TXREF-15578,87.78,13.38,62,5,4.2,0
TXREF-15579,114.58,21.51,649,1,1.7,0
TXREF-15580,60.42,0.28,26,2,7.49,0
TXREF-15581,27.44,21.18,115,1,13.0,0
TXREF-15582,97.26,12.36,10,3,9.64,0
TXREF-15583,27.61,10.5,531,2,18.89,0
TXREF-15584,20.94,18.4,1141,3,15.68,0
TXREF-15585,26.32,10.43,350,3,3.48,0
TXREF-15586,23.09,18.95,5,3,18.24,0
TXREF-15587,17.61,23.24,567,2,1.87,0
TXREF-15588,77.42,13.65,184,1,3.7,0
TXREF-15589,19.95,19.74,357,3,27.35,0
TXREF-15590,34.08,8.66,1317,3,1.11,0
TXREF-15591,12.31,8.52,1136,4,3.78,0
TXREF-15592,35.59,11.45,53,2,4.9,0
TXREF-15593,15.15,16.63,257,3,3.25,0
TXREF-15594,14.88,21.43,401,2,8.67,0
TXREF-15595,32.18,13.4,179,1,1.65,0
TXREF-15596,74.52,21.64,840,1,3.22,0
TXREF-15597,47.8,13.59,465,2,2.3,0
TXREF-15598,50.23,21.23,284,2,32.05,0
TXREF-15599,31.7,11.05,217,2,4.11,0
TXREF-15600,27.34,21.98,325,2,28.87,0
TXREF-15601,61.54,20.46,201,2,0.49,0
TXREF-15602,23.21,21.5,679,4,7.05,0
TXREF-15603,63.48,18.82,270,1,20.88,0
TXREF-15604,84.76,8.34,118,1,9.84,0
TXREF-15605,19.0,15.61,299,5,11.35,0
TXREF-15606,21.12,14.77,374,4,1.85,0
TXREF-15607,23.5,13.26,1542,3,5.04,0
TXREF-15608,12.11,19.0,329,4,14.03,0
TXREF-15609,24.83,22.12,963,3,11.07,0
TXREF-15610,88.86,9.36,916,3,24.32,0
TXREF-15611,16.4,14.21,282,4,8.63,0
TXREF-15612,90.39,9.82,493,6,16.17,0
TXREF-15613,25.48,14.28,241,2,29.68,0
TXREF-15614,159.51,21.16,115,3,17.96,0
TXREF-15615,21.31,19.79,1064,1,4.65,0
TXREF-15616,31.39,16.71,543,1,8.46,0
TXREF-15617,18.08,23.08,95,2,15.89,0
TXREF-15618,21.22,17.48,96,4,16.36,0
TXREF-15619,91.24,22.69,15,1,4.78,0
TXREF-15620,48.99,16.25,283,3,5.2,0
TXREF-15621,73.02,15.62,483,4,1.87,0
TXREF-15622,13.5,12.81,198,2,13.14,0
TXREF-15623,55.78,14.38,683,2,11.3,0
TXREF-15624,17.3,13.58,34,3,11.2,0
TXREF-15625,13.29,18.46,368,3,5.6,0
TXREF-15626,41.34,16.59,601,4,24.88,0
TXREF-15627,41.04,12.93,264,2,29.27,0
TXREF-15628,36.18,12.7,59,4,6.52,0
TXREF-15629,58.36,17.06,965,2,2.42,0
TXREF-15630,65.3,18.29,133,4,0.68,0
TXREF-15631,100.3,15.01,741,5,1.68,0
TXREF-15632,14.78,16.11,389,3,14.11,0
TXREF-15633,102.66,18.17,133,3,2.19,0
TXREF-15634,135.0,13.44,265,2,11.46,0
TXREF-15635,26.74,14.27,1113,2,2.01,0
TXREF-15636,10.47,15.56,567,2,1.44,0
TXREF-15637,12.86,12.63,1338,1,10.58,0
TXREF-15638,24.96,19.44,1101,3,5.26,0
TXREF-15639,148.44,22.18,354,1,3.01,0
TXREF-15640,35.24,14.2,167,3,11.95,0
TXREF-15641,22.32,20.13,2,3,39.05,0
TXREF-15642,21.25,8.04,75,2,3.15,0
TXREF-15643,13.43,14.69,72,2,5.8,0
TXREF-15644,65.35,11.89,353,3,3.45,0
TXREF-15645,32.58,14.0,453,2,10.56,0
TXREF-15646,157.89,10.14,81,2,7.33,0
TXREF-15647,54.72,12.81,451,3,3.82,0
TXREF-15648,63.28,14.08,1803,1,50.27,0
TXREF-15649,29.24,14.76,48,3,1.16,0
TXREF-15650,15.87,16.87,287,3,6.68,0
TXREF-15651,18.56,6.56,366,1,12.62,0
TXREF-15652,12.99,13.6,104,2,4.01,0
TXREF-15653,67.05,18.62,37,2,10.19,0
TXREF-15654,26.39,13.79,1070,1,9.01,0
TXREF-15655,69.12,14.1,916,2,21.74,0
TXREF-15656,38.39,11.34,2662,2,21.9,0
TXREF-15657,28.2,9.05,419,2,5.29,0
TXREF-15658,15.0,20.58,85,3,18.26,0
TXREF-15659,43.26,10.82,212,2,35.22,0
TXREF-15660,29.74,15.29,138,4,8.74,0
TXREF-15661,66.66,11.0,14,3,4.09,0
TXREF-15662,20.8,16.22,49,2,3.59,0
TXREF-15663,54.25,19.71,267,2,14.35,0
TXREF-15664,113.46,14.05,226,6,2.65,0
TXREF-15665,42.36,13.21,90,2,3.72,0
TXREF-15666,61.28,12.7,41,2,8.43,0
TXREF-15667,52.55,13.25,127,1,2.63,0
TXREF-15668,136.54,17.69,354,2,6.05,1
TXREF-15669,45.49,9.09,518,3,17.06,0
TXREF-15670,57.63,16.22,199,7,1.9,0
TXREF-15671,33.92,17.38,220,1,9.27,0
TXREF-15672,19.93,16.62,67,1,12.83,0
TXREF-15673,14.59,18.3,305,3,25.26,0
TXREF-15674,86.68,13.81,38,3,6.79,0
TXREF-15675,16.84,9.78,613,3,5.62,0
TXREF-15676,59.56,10.45,14,2,4.49,0
TXREF-15677,46.97,13.04,390,2,2.45,0
TXREF-15678,67.41,16.43,935,4,24.01,0
TXREF-15679,24.03,13.19,682,3,7.97,0
TXREF-15680,19.7,12.94,551,1,6.51,0
TXREF-15681,45.72,15.27,427,4,6.58,0
TXREF-15682,28.21,14.09,458,2,4.47,0
TXREF-15683,14.35,12.59,743,3,3.45,0
TXREF-15684,140.57,10.8,792,4,5.12,0
TXREF-15685,19.69,17.03,938,3,2.59,0
TXREF-15686,17.02,19.09,1942,1,4.96,0
TXREF-15687,29.24,10.62,340,4,3.85,0
TXREF-15688,85.8,21.93,510,1,5.19,0
TXREF-15689,7.32,22.14,736,2,1.2,0
TXREF-15690,80.83,10.36,71,4,23.79,0
TXREF-15691,18.06,15.17,165,4,6.71,0
TXREF-15692,42.12,18.42,67,6,3.99,0
TXREF-15693,21.4,18.66,107,3,3.92,0
TXREF-15694,146.08,19.69,894,4,30.92,0
TXREF-15695,38.08,18.35,476,3,3.51,0
TXREF-15696,20.91,15.68,51,1,22.22,0
TXREF-15697,28.03,10.41,126,4,3.21,0
TXREF-15698,37.13,18.97,474,1,11.99,0
TXREF-15699,39.56,20.23,165,1,12.12,0
TXREF-15700,47.75,9.19,442,3,26.59,0
TXREF-15701,34.78,19.17,275,3,8.11,0
TXREF-15702,12.92,20.54,213,2,4.41,0
TXREF-15703,27.25,12.5,200,3,22.62,0
TXREF-15704,53.88,15.31,1100,2,14.03,0
TXREF-15705,21.49,22.27,32,5,0.93,0
TXREF-15706,56.51,11.48,47,6,32.78,0
TXREF-15707,35.62,14.98,99,4,2.52,0
TXREF-15708,29.76,12.11,4,4,12.7,0
TXREF-15709,82.25,12.85,1740,3,6.48,0
TXREF-15710,9.96,9.15,255,2,0.23,0
TXREF-15711,21.41,16.09,720,2,35.51,0
TXREF-15712,84.55,9.71,166,2,18.26,1
TXREF-15713,130.01,18.93,1042,2,4.12,0
TXREF-15714,180.53,11.82,184,1,80.71,0
TXREF-15715,36.1,23.28,139,1,5.1,0
TXREF-15716,48.41,18.77,962,3,5.07,0
TXREF-15717,62.71,10.85,298,1,4.03,0
TXREF-15718,87.19,12.16,443,1,12.37,0
TXREF-15719,43.62,20.78,360,4,11.08,0
TXREF-15720,67.82,12.75,576,2,5.55,0
TXREF-15721,48.47,9.85,577,3,4.09,0
TXREF-15722,50.7,15.71,983,1,16.31,0
TXREF-15723,17.97,11.8,618,1,3.15,0
TXREF-15724,27.47,19.76,424,2,11.52,0
TXREF-15725,23.89,21.2,352,3,8.04,0
TXREF-15726,14.79,15.83,576,3,0.59,0
TXREF-15727,10.6,12.01,1185,3,6.81,0
TXREF-15728,25.66,20.14,51,2,2.33,0
TXREF-15729,28.79,17.69,281,2,7.78,0
TXREF-15730,37.55,11.74,394,2,9.16,0
TXREF-15731,51.94,12.36,359,2,24.71,0
TXREF-15732,39.86,17.2,380,3,8.96,0
TXREF-15733,28.93,22.08,622,3,9.38,0
TXREF-15734,18.01,9.19,984,5,3.09,0
TXREF-15735,65.46,10.78,797,1,4.02,0
TXREF-15736,32.35,16.23,400,3,21.48,0
TXREF-15737,25.47,10.24,836,1,3.03,0
TXREF-15738,30.44,16.58,132,2,3.54,0
TXREF-15739,20.54,20.19,422,3,5.24,0
TXREF-15740,23.76,15.19,129,6,36.85,0
TXREF-15741,23.22,11.05,95,4,2.99,0
TXREF-15742,28.31,20.0,153,2,59.4,0
TXREF-15743,55.82,23.11,99,3,33.15,0
TXREF-15744,46.67,14.32,654,4,25.21,0
TXREF-15745,106.02,15.55,1503,2,3.73,0
TXREF-15746,83.3,11.44,194,2,5.1,0
TXREF-15747,142.4,11.68,231,1,4.13,0
TXREF-15748,52.07,19.73,233,1,16.82,0
TXREF-15749,51.47,20.69,74,1,6.88,0
TXREF-15750,24.51,5.72,2,2,6.96,1
TXREF-15751,63.1,20.86,773,1,3.92,0
TXREF-15752,21.71,22.69,186,2,13.11,0
TXREF-15753,12.08,17.39,117,1,6.91,0
TXREF-15754,104.48,19.27,67,1,1.65,0
TXREF-15755,14.16,22.36,1787,3,6.43,0
TXREF-15756,47.75,16.11,31,4,2.61,0
TXREF-15757,18.47,18.05,17,3,1.31,0
TXREF-15758,78.35,15.13,74,3,0.66,0
TXREF-15759,86.43,13.4,88,2,1.38,0
TXREF-15760,50.96,15.24,110,1,30.69,0
TXREF-15761,85.4,11.66,169,1,1.78,0
TXREF-15762,35.0,20.34,276,4,11.96,0
TXREF-15763,173.92,6.35,1226,3,58.78,0
TXREF-15764,59.58,15.83,1345,2,1.92,0
TXREF-15765,18.2,15.02,2625,2,5.09,0
TXREF-15766,36.6,15.19,114,4,47.27,0
TXREF-15767,31.19,10.21,140,3,22.99,0
TXREF-15768,29.07,21.1,91,3,30.61,0
TXREF-15769,10.56,0.97,92,2,3.8,0
TXREF-15770,46.0,18.29,91,2,17.08,1
TXREF-15771,12.84,14.7,170,3,3.22,0
TXREF-15772,5.65,16.58,508,3,3.35,0
TXREF-15773,27.18,12.53,513,4,64.05,0
TXREF-15774,20.2,15.06,339,3,14.62,0
TXREF-15775,18.72,21.62,22,5,31.45,0
TXREF-15776,3.73,17.55,149,4,1.31,0
TXREF-15777,18.87,21.54,462,3,3.11,0
TXREF-15778,30.72,8.77,1117,3,1.21,0
TXREF-15779,22.05,19.02,27,2,5.52,0
TXREF-15780,46.01,21.08,16,2,48.16,1
TXREF-15781,94.89,20.09,615,1,4.71,0
TXREF-15782,50.49,14.05,1213,1,7.51,0
TXREF-15783,72.89,10.69,227,1,11.0,0
TXREF-15784,77.37,20.02,1617,3,6.7,0
TXREF-15785,16.72,13.6,684,1,6.0,0
TXREF-15786,47.76,18.73,204,1,3.52,0
TXREF-15787,71.27,12.93,1382,3,4.99,0
TXREF-15788,25.43,14.46,53,1,7.22,0
TXREF-15789,19.7,12.2,72,5,9.69,0
TXREF-15790,51.0,21.22,155,2,28.49,0
TXREF-15791,11.98,17.81,151,3,3.03,0
TXREF-15792,15.91,17.29,969,3,15.35,0
TXREF-15793,21.54,11.48,619,4,4.8,0
TXREF-15794,48.15,19.38,894,2,7.07,0
TXREF-15795,40.76,13.06,113,3,2.36,0
TXREF-15796,73.21,22.05,55,3,6.19,0
TXREF-15797,17.93,19.81,503,2,5.96,0
TXREF-15798,17.25,17.37,77,2,10.43,0
TXREF-15799,50.77,10.72,82,2,1.69,0
TXREF-15800,19.59,11.35,59,3,2.1,0
TXREF-15801,22.54,13.74,398,3,21.02,0
TXREF-15802,9.14,20.75,507,4,2.2,0
TXREF-15803,42.92,17.52,312,2,5.63,0
TXREF-15804,105.61,21.99,14,3,2.78,0
TXREF-15805,16.59,16.13,266,4,6.31,0
TXREF-15806,72.65,10.32,268,3,6.0,0
TXREF-15807,33.36,21.53,278,2,9.46,0
TXREF-15808,9.77,15.63,19,3,2.11,0
TXREF-15809,18.28,18.47,213,3,2.19,0
TXREF-15810,17.49,18.32,404,2,33.13,0
TXREF-15811,27.72,15.06,106,2,33.81,0
TXREF-15812,47.09,15.11,1325,2,1.84,0
TXREF-15813,131.79,18.31,585,2,9.22,0
TXREF-15814,12.42,8.96,790,3,1.33,0
TXREF-15815,24.56,19.85,1155,4,3.65,0
TXREF-15816,18.26,11.64,104,4,20.59,0
TXREF-15817,13.97,14.83,168,2,3.42,0
TXREF-15818,37.29,12.41,10,3,23.16,0
TXREF-15819,34.85,10.3,587,1,0.86,0
TXREF-15820,9.43,15.48,907,2,17.23,0
TXREF-15821,35.27,14.76,183,3,7.33,0
TXREF-15822,14.62,13.66,277,6,9.51,0
TXREF-15823,35.11,13.51,82,3,2.16,0
TXREF-15824,86.84,18.88,140,2,1.22,0
TXREF-15825,48.59,21.02,44,4,3.73,0
TXREF-15826,39.56,18.01,188,2,143.63,0
TXREF-15827,23.79,14.89,35,2,3.35,0
TXREF-15828,36.53,20.46,446,1,2.44,1
TXREF-15829,52.22,16.01,333,4,3.93,0
TXREF-15830,48.63,16.15,69,3,6.37,0
TXREF-15831,32.41,16.47,156,3,4.1,0
TXREF-15832,40.71,10.35,143,3,6.48,0
TXREF-15833,13.49,23.22,273,3,6.73,0
TXREF-15834,20.52,19.0,26,2,12.36,0
TXREF-15835,57.94,16.45,79,5,5.48,0
TXREF-15836,63.83,21.14,33,1,7.46,0
TXREF-15837,37.24,11.4,39,3,1.07,0
TXREF-15838,100.97,13.67,864,1,3.89,0
TXREF-15839,50.19,10.96,416,3,3.32,0
TXREF-15840,29.43,12.88,273,1,2.93,0
TXREF-15841,14.47,12.9,334,5,8.92,0
TXREF-15842,98.09,15.32,662,1,3.24,0
TXREF-15843,60.62,16.85,262,5,1.99,0
TXREF-15844,127.08,17.89,753,1,27.04,0
TXREF-15845,165.69,11.91,1093,3,4.46,0
TXREF-15846,13.78,15.15,61,6,13.54,0
TXREF-15847,13.81,10.49,910,1,3.5,0
TXREF-15848,4.43,18.47,611,1,2.41,0
TXREF-15849,67.44,14.14,537,7,1.31,0
TXREF-15850,55.85,23.27,360,2,37.05,0
TXREF-15851,37.35,15.79,334,1,12.95,0
TXREF-15852,14.4,13.5,1591,3,2.7,0
TXREF-15853,32.65,14.49,42,1,61.0,0
TXREF-15854,39.77,17.92,234,3,0.92,0
TXREF-15855,61.16,12.63,308,3,7.19,0
TXREF-15856,42.37,16.72,1354,2,1.43,0
TXREF-15857,56.14,18.62,280,3,1.67,0
TXREF-15858,31.84,20.75,534,3,0.26,0
TXREF-15859,81.51,13.4,110,2,5.41,0
TXREF-15860,54.86,10.89,210,3,9.53,0
TXREF-15861,14.81,11.73,931,1,15.95,0
TXREF-15862,94.65,19.9,386,2,10.38,0
TXREF-15863,84.13,19.29,625,3,6.71,0
TXREF-15864,48.67,21.4,1014,2,22.0,0
TXREF-15865,42.61,21.86,457,1,20.37,0
TXREF-15866,114.92,9.6,186,2,2.69,0
TXREF-15867,10.74,12.83,156,2,13.68,0
TXREF-15868,85.09,18.42,84,2,13.73,0
TXREF-15869,24.71,21.14,81,4,1.97,0
TXREF-15870,76.59,16.51,570,4,7.24,0
TXREF-15871,37.97,0.59,378,4,1.34,0
TXREF-15872,14.23,15.05,123,2,4.23,0
TXREF-15873,24.35,7.09,1,2,11.55,0
TXREF-15874,72.65,10.48,471,2,14.83,0
TXREF-15875,29.92,14.98,40,1,2.47,0
TXREF-15876,22.25,14.06,179,2,7.35,0
TXREF-15877,22.15,13.45,222,3,18.88,0
TXREF-15878,55.28,20.86,723,5,4.87,0
TXREF-15879,122.79,11.49,38,2,4.36,0
TXREF-15880,7.45,15.2,16,2,25.77,0
TXREF-15881,261.52,18.46,1335,1,12.82,0
TXREF-15882,40.31,19.54,445,1,8.2,0
TXREF-15883,52.87,21.04,90,2,0.93,0
TXREF-15884,25.43,10.94,718,2,8.05,0
TXREF-15885,34.73,21.8,843,3,4.33,0
TXREF-15886,39.99,13.0,842,2,2.33,0
TXREF-15887,16.36,20.17,481,2,6.32,0
TXREF-15888,19.49,13.74,176,3,23.53,0
TXREF-15889,81.69,13.28,273,2,62.78,0
TXREF-15890,11.39,18.65,759,1,13.74,0
TXREF-15891,47.82,18.7,749,2,2.0,0
TXREF-15892,26.66,14.4,35,4,4.09,0
TXREF-15893,17.43,22.11,344,2,3.84,0
TXREF-15894,144.0,16.16,1322,4,2.37,0
TXREF-15895,17.51,20.84,36,3,13.5,0
TXREF-15896,15.43,0.74,109,1,3.95,0
TXREF-15897,30.43,9.89,17,4,1.43,0
TXREF-15898,20.02,15.04,154,2,7.33,0
TXREF-15899,34.97,13.67,235,1,40.34,0
TXREF-15900,38.93,18.13,301,1,10.12,0
TXREF-15901,41.22,16.42,30,3,3.24,0
TXREF-15902,31.84,17.75,954,4,39.83,0
TXREF-15903,21.0,12.11,585,1,5.65,0
TXREF-15904,55.33,19.4,100,3,7.48,0
TXREF-15905,32.12,9.42,354,3,7.88,0
TXREF-15906,24.37,15.89,277,3,42.06,0
TXREF-15907,101.05,11.15,242,1,5.56,0
TXREF-15908,31.9,11.95,272,1,3.37,0
TXREF-15909,76.42,14.19,106,1,20.74,0
TXREF-15910,84.21,12.72,158,3,37.74,1
TXREF-15911,87.98,4.84,132,2,5.67,0
TXREF-15912,57.26,22.56,865,2,3.99,0
TXREF-15913,34.8,16.5,363,3,10.03,0
TXREF-15914,33.24,13.48,91,4,0.48,0
TXREF-15915,29.2,0.07,559,1,3.88,0
TXREF-15916,7.31,12.81,586,4,1.51,0
TXREF-15917,58.41,8.52,261,3,1.11,0
TXREF-15918,41.51,19.06,175,1,1.28,0
TXREF-15919,63.08,16.57,556,2,5.8,0
TXREF-15920,32.0,17.41,733,3,2.52,0
TXREF-15921,56.19,15.91,369,1,1.45,0
TXREF-15922,12.91,15.21,1562,4,6.04,0
TXREF-15923,15.0,16.5,131,2,4.87,0
TXREF-15924,5.85,16.29,81,2,9.7,0
TXREF-15925,31.6,11.49,6,1,9.92,0
TXREF-15926,19.96,14.71,450,4,4.23,0
TXREF-15927,18.17,13.05,160,1,12.57,0
TXREF-15928,44.3,13.09,75,2,3.0,0
TXREF-15929,25.63,17.65,398,1,3.98,0
TXREF-15930,12.41,19.04,448,6,6.86,0
TXREF-15931,217.51,6.49,90,2,13.43,0
TXREF-15932,33.9,13.18,147,3,4.16,0
TXREF-15933,15.96,20.64,297,4,1.22,0
TXREF-15934,21.49,17.72,378,2,20.14,0
TXREF-15935,30.73,17.37,305,3,2.56,0
TXREF-15936,30.69,4.43,878,1,11.92,0
TXREF-15937,88.9,16.63,272,4,2.18,0
TXREF-15938,32.88,17.08,103,1,0.6,0
TXREF-15939,132.39,17.47,498,5,3.85,0
TXREF-15940,25.5,13.6,359,4,14.82,0
TXREF-15941,47.32,18.9,167,6,1.55,0
TXREF-15942,72.66,21.25,435,4,4.55,0
TXREF-15943,82.31,14.32,724,2,13.11,0
TXREF-15944,89.53,15.63,398,1,9.72,0
TXREF-15945,28.62,9.43,642,1,277.23,1
TXREF-15946,34.68,12.2,588,3,12.68,0
TXREF-15947,5.84,8.59,47,3,7.92,0
TXREF-15948,30.23,13.47,93,2,4.17,0
TXREF-15949,76.38,11.47,371,3,3.17,0
TXREF-15950,66.4,14.66,961,3,6.53,0
TXREF-15951,32.71,16.03,557,1,11.76,0
TXREF-15952,118.32,18.44,189,5,1.06,0
TXREF-15953,26.4,21.46,1283,4,3.83,0
TXREF-15954,20.79,14.66,682,6,1.66,0
TXREF-15955,24.85,12.99,304,2,1.92,0
TXREF-15956,15.52,20.69,425,4,24.04,0
TXREF-15957,54.5,19.5,41,2,8.31,1
TXREF-15958,42.85,22.07,44,4,21.63,1
TXREF-15959,54.01,12.42,746,3,18.52,0
TXREF-15960,25.83,19.06,269,3,2.87,0
TXREF-15961,33.39,11.01,374,4,4.58,0
TXREF-15962,7.25,12.51,178,1,20.09,0
TXREF-15963,45.64,15.38,1358,2,1.84,0
TXREF-15964,37.38,13.6,377,3,7.07,0
TXREF-15965,15.76,7.85,37,3,3.09,0
TXREF-15966,32.29,17.16,459,1,2.95,0
TXREF-15967,28.91,19.96,51,2,7.4,0
TXREF-15968,124.0,17.78,378,2,5.78,0
TXREF-15969,16.22,17.11,1057,5,3.02,0
TXREF-15970,44.2,6.69,617,2,8.02,0
TXREF-15971,15.87,16.56,259,1,23.0,0
TXREF-15972,23.3,15.25,114,2,0.66,0
TXREF-15973,42.49,9.25,279,1,2.22,0
TXREF-15974,29.9,22.27,263,2,2.29,0
TXREF-15975,34.66,9.9,1087,2,16.18,0
TXREF-15976,44.24,18.37,356,3,8.57,0
TXREF-15977,24.4,11.93,12,5,5.04,0
TXREF-15978,65.8,9.14,900,6,1.18,0
TXREF-15979,27.94,20.79,127,2,38.37,0
TXREF-15980,32.45,9.05,594,1,1.96,0
TXREF-15981,45.16,20.33,124,4,1.6,0
TXREF-15982,40.99,12.05,164,2,0.27,0
TXREF-15983,55.36,12.54,586,2,2.5,0
TXREF-15984,43.74,16.24,616,3,3.69,0
TXREF-15985,48.8,14.19,315,4,3.89,0
TXREF-15986,27.54,17.21,518,2,11.15,0
TXREF-15987,16.13,15.19,140,2,8.13,0
TXREF-15988,12.45,8.65,153,7,9.95,0
TXREF-15989,10.46,21.87,1055,2,1.87,0
TXREF-15990,123.86,14.75,116,4,15.02,0
TXREF-15991,7.08,12.0,767,2,6.8,0
TXREF-15992,82.23,20.64,436,4,4.35,0
TXREF-15993,19.28,15.95,619,3,1.61,0
TXREF-15994,81.8,17.01,594,3,7.74,0
TXREF-15995,7.13,17.13,256,2,13.3,0
TXREF-15996,29.39,12.66,675,3,13.9,0
TXREF-15997,99.18,19.36,348,4,3.83,0
TXREF-15998,58.18,15.01,617,3,13.33,0
TXREF-15999,27.31,12.22,236,4,0.6,0
TXREF-16000,8.59,10.09,86,1,4.7,0
TXREF-16001,13.43,14.08,423,2,26.33,0
TXREF-16002,94.65,15.88,520,3,7.18,0
TXREF-16003,27.09,14.05,451,2,2.18,0
TXREF-16004,33.06,13.42,859,1,0.79,0
TXREF-16005,42.7,14.09,1343,3,2.79,0
TXREF-16006,13.63,13.08,115,3,4.21,0
TXREF-16007,46.68,18.96,149,2,10.11,0
TXREF-16008,25.74,14.86,794,4,10.11,0
TXREF-16009,43.01,17.97,77,5,11.71,0
TXREF-16010,22.96,18.17,206,4,7.91,0
TXREF-16011,11.22,13.37,8,3,10.86,0
TXREF-16012,25.59,22.15,134,2,19.95,0
TXREF-16013,55.22,12.04,74,3,10.78,0
TXREF-16014,46.23,17.02,75,3,8.12,0
TXREF-16015,35.6,14.26,24,1,6.11,1
TXREF-16016,66.46,8.62,307,3,7.99,0
TXREF-16017,30.07,15.98,83,3,5.88,0
TXREF-16018,36.25,8.94,22,2,4.32,0
TXREF-16019,24.64,16.22,496,1,147.1,0
TXREF-16020,69.32,12.48,355,4,2.85,0
TXREF-16021,42.94,14.28,430,2,4.82,0
TXREF-16022,23.31,13.92,1,2,2.25,0
TXREF-16023,11.92,13.53,474,1,66.69,0
TXREF-16024,77.14,14.67,462,5,9.56,0
TXREF-16025,20.37,14.26,1467,2,24.25,0
TXREF-16026,36.67,19.98,813,4,61.32,0
TXREF-16027,189.4,22.86,123,3,10.5,1
TXREF-16028,62.0,14.79,160,2,14.37,1
TXREF-16029,111.06,11.73,618,3,29.76,0
TXREF-16030,23.63,15.22,358,5,4.44,0
TXREF-16031,75.27,17.43,631,5,4.17,0
TXREF-16032,35.49,17.68,172,2,8.17,0
TXREF-16033,45.31,9.25,69,1,4.48,0
TXREF-16034,149.16,11.3,160,3,3.11,0
TXREF-16035,28.48,23.6,638,3,4.85,0
TXREF-16036,35.3,15.34,61,2,9.45,0
TXREF-16037,18.17,20.25,826,2,7.86,0
TXREF-16038,66.0,16.19,347,2,2.54,0
TXREF-16039,23.25,10.88,115,3,3.78,0
TXREF-16040,72.7,15.7,166,1,4.11,0
TXREF-16041,10.61,15.86,391,4,1.49,0
TXREF-16042,51.68,14.68,127,4,6.85,0
TXREF-16043,21.9,14.1,444,1,2.36,0
TXREF-16044,58.91,18.8,1085,3,36.42,0
TXREF-16045,34.48,21.08,131,2,7.86,0
TXREF-16046,23.68,18.86,87,1,8.77,0
TXREF-16047,26.36,15.74,415,2,12.92,0
TXREF-16048,18.87,12.82,575,2,1.97,0
TXREF-16049,63.64,15.45,312,4,8.08,0
TXREF-16050,16.36,18.49,1228,2,4.1,0
TXREF-16051,28.72,19.44,490,1,9.64,0
TXREF-16052,44.64,12.08,147,3,5.21,0
TXREF-16053,111.24,12.96,71,4,3.51,0
TXREF-16054,34.58,14.12,673,1,1.52,0
TXREF-16055,29.24,15.97,325,2,0.6,0
TXREF-16056,42.39,23.97,740,3,20.79,1
TXREF-16057,7.82,19.78,248,2,4.06,0
TXREF-16058,14.69,15.35,431,2,7.25,0
TXREF-16059,26.57,16.5,705,5,6.1,0
TXREF-16060,20.84,13.88,72,1,0.4,0
TXREF-16061,10.99,19.66,64,4,2.54,0
TXREF-16062,64.56,13.34,83,3,10.76,0
TXREF-16063,41.97,11.94,291,3,17.33,0
TXREF-16064,38.51,16.9,9,2,5.81,0
TXREF-16065,21.12,13.82,795,5,1.81,0
TXREF-16066,36.86,14.78,525,1,14.93,0
TXREF-16067,50.42,17.14,848,4,26.1,0
TXREF-16068,28.77,14.44,118,4,7.8,0
TXREF-16069,47.95,13.52,464,3,3.94,0
TXREF-16070,19.63,12.29,689,1,1.92,0
TXREF-16071,37.34,17.4,1037,2,5.59,0
TXREF-16072,79.25,18.31,71,5,12.19,0
TXREF-16073,84.53,13.84,909,3,2.73,0
TXREF-16074,90.55,14.92,607,4,9.13,0
TXREF-16075,42.76,21.15,139,1,2.96,1
TXREF-16076,35.61,17.24,100,5,4.41,0
TXREF-16077,25.2,13.78,177,4,50.28,0
TXREF-16078,9.47,18.4,239,5,1.37,0
TXREF-16079,13.22,13.2,123,4,8.9,0
TXREF-16080,30.85,15.19,31,3,6.91,0
TXREF-16081,32.2,18.3,440,4,5.63,0
TXREF-16082,96.24,20.7,241,3,9.13,0
TXREF-16083,89.72,16.66,1442,2,9.51,0
TXREF-16084,21.24,13.17,202,2,6.53,0
TXREF-16085,62.75,14.37,1093,2,3.6,0
TXREF-16086,24.69,13.15,246,3,11.92,0
TXREF-16087,56.91,17.39,21,2,2.52,0
TXREF-16088,62.2,17.93,271,1,5.82,0
TXREF-16089,85.14,14.47,159,3,9.08,0
TXREF-16090,24.42,14.59,568,2,2.0,0
TXREF-16091,72.26,13.27,81,3,7.03,0
TXREF-16092,9.04,12.38,42,2,1.58,0
TXREF-16093,88.52,14.31,1128,2,8.71,0
TXREF-16094,34.19,14.02,253,5,4.65,0
TXREF-16095,34.72,20.89,219,5,15.01,0
TXREF-16096,8.03,10.93,120,1,4.7,0
TXREF-16097,26.32,18.65,142,3,2.94,0
TXREF-16098,92.38,13.53,128,1,3.14,0
TXREF-16099,25.6,22.04,406,1,6.85,0
TXREF-16100,58.19,10.59,1359,4,3.38,0
TXREF-16101,35.69,21.22,8,2,8.44,0
TXREF-16102,74.82,10.93,18,2,35.26,0
TXREF-16103,39.96,15.19,495,1,1.71,0
TXREF-16104,17.8,14.88,21,4,5.08,0
TXREF-16105,36.26,21.05,308,2,8.56,0
TXREF-16106,110.26,7.39,131,3,2.08,0
TXREF-16107,49.81,20.91,89,1,11.28,1
TXREF-16108,32.01,14.97,82,3,0.73,0
TXREF-16109,176.64,14.87,376,3,9.25,0
TXREF-16110,80.21,11.66,18,1,0.85,0
TXREF-16111,62.68,17.35,117,2,4.96,0
TXREF-16112,43.75,12.79,405,3,3.01,0
TXREF-16113,58.9,11.59,119,3,2.66,0
TXREF-16114,60.29,19.86,229,3,4.2,0
TXREF-16115,7.23,9.93,211,2,5.65,0
TXREF-16116,46.26,18.66,1416,1,6.7,0
TXREF-16117,31.01,22.32,578,5,9.13,0
TXREF-16118,24.29,18.82,23,5,1.73,0
TXREF-16119,30.24,10.92,1179,2,56.7,0
TXREF-16120,11.36,12.04,623,6,2.03,0
TXREF-16121,9.49,15.13,125,3,21.18,0
TXREF-16122,85.41,7.61,590,2,67.01,0
TXREF-16123,48.56,18.34,42,3,30.83,0
TXREF-16124,6.13,22.83,116,2,5.01,0
TXREF-16125,22.99,12.6,292,3,14.35,0
TXREF-16126,65.63,14.83,650,1,11.15,0
TXREF-16127,28.46,14.16,170,3,2.14,0
TXREF-16128,85.32,10.92,225,3,0.75,0
TXREF-16129,74.13,19.51,547,2,10.6,0
TXREF-16130,13.11,5.76,440,5,10.81,0
TXREF-16131,31.4,21.67,207,3,5.07,0
TXREF-16132,25.21,11.96,697,3,11.93,0
TXREF-16133,12.8,10.96,1398,1,6.66,0
TXREF-16134,12.22,17.9,469,3,26.07,0
TXREF-16135,19.49,20.51,80,4,0.32,0
TXREF-16136,21.94,18.98,98,2,99.18,0
TXREF-16137,42.69,13.11,150,2,3.29,0
TXREF-16138,73.84,19.97,941,2,2.7,0
TXREF-16139,50.39,19.81,139,3,38.62,1
TXREF-16140,59.76,13.31,3,2,2.17,0
TXREF-16141,28.73,11.75,389,1,19.54,0
TXREF-16142,53.74,14.76,304,5,35.46,0
TXREF-16143,31.29,12.56,590,3,14.69,0
TXREF-16144,25.33,17.06,649,4,22.63,0
TXREF-16145,136.44,13.54,34,2,15.32,0
TXREF-16146,6.5,12.64,249,5,12.0,0
TXREF-16147,9.04,17.11,545,2,1.61,0
TXREF-16148,45.86,14.73,444,5,9.63,0
TXREF-16149,28.77,16.48,34,1,2.98,0
TXREF-16150,12.37,17.68,139,2,11.87,0
TXREF-16151,16.29,13.06,552,4,4.57,0
TXREF-16152,17.89,14.12,85,4,35.16,0
TXREF-16153,66.19,16.7,1256,2,2.25,0
TXREF-16154,83.34,23.23,302,2,9.36,0
TXREF-16155,113.35,13.67,1400,2,5.92,0
TXREF-16156,11.09,13.28,315,2,29.54,0
TXREF-16157,13.01,21.42,463,1,5.98,0
TXREF-16158,12.38,22.4,480,2,2.4,0
TXREF-16159,88.06,17.51,121,1,1.87,0
TXREF-16160,47.01,11.64,1154,2,3.65,0
TXREF-16161,36.88,12.53,545,1,2.2,0
TXREF-16162,41.07,11.87,205,2,12.94,0
TXREF-16163,33.42,17.94,205,3,3.52,0
TXREF-16164,15.53,7.33,156,3,1.35,0
TXREF-16165,50.37,18.43,867,4,6.32,0
TXREF-16166,30.45,18.53,1435,2,0.76,0
TXREF-16167,14.67,12.19,727,4,23.38,0
TXREF-16168,52.64,17.29,44,2,3.51,0
TXREF-16169,25.62,20.71,1385,1,35.63,0
TXREF-16170,41.01,19.29,7,1,16.36,0
TXREF-16171,31.82,21.48,512,4,5.31,0
TXREF-16172,66.14,21.02,2313,3,18.26,0
TXREF-16173,40.79,9.0,857,4,1.05,0
TXREF-16174,18.43,14.61,464,2,4.78,0
TXREF-16175,43.9,19.9,233,3,5.51,0
TXREF-16176,44.94,12.34,1033,5,3.49,0
TXREF-16177,50.31,21.2,178,1,1.94,0
TXREF-16178,73.39,21.01,392,3,7.11,0
TXREF-16179,22.34,17.15,588,2,14.26,0
TXREF-16180,56.31,15.64,120,2,6.71,0
TXREF-16181,10.06,19.2,92,3,6.64,0
TXREF-16182,31.93,12.33,669,2,3.37,0
TXREF-16183,28.57,11.73,594,2,6.41,0
TXREF-16184,98.74,12.24,370,2,1.46,0
TXREF-16185,31.11,17.93,1069,4,3.11,0
TXREF-16186,53.93,13.74,480,4,1.13,0
TXREF-16187,9.79,20.25,172,3,5.74,0
TXREF-16188,27.02,17.93,765,2,18.4,0
TXREF-16189,18.93,19.88,59,3,3.42,0
TXREF-16190,206.93,15.68,1091,2,2.34,0
TXREF-16191,21.54,16.83,47,3,4.63,0
TXREF-16192,36.7,10.17,462,3,5.74,0
TXREF-16193,38.14,11.46,813,4,4.26,0
TXREF-16194,11.08,20.68,84,3,2.77,0
TXREF-16195,23.84,15.88,13,1,1.03,0
TXREF-16196,46.59,18.3,346,3,6.04,0
TXREF-16197,37.03,18.17,87,1,20.67,0
TXREF-16198,6.64,21.73,1900,5,4.08,0
TXREF-16199,23.14,20.8,141,4,2.6,0
TXREF-16200,72.6,19.05,802,5,5.13,0
TXREF-16201,53.17,21.95,68,2,2.69,0
TXREF-16202,83.68,21.66,392,2,9.45,0
TXREF-16203,17.12,15.46,30,2,2.81,0
TXREF-16204,87.56,15.73,229,2,62.18,0
TXREF-16205,33.72,17.17,1313,3,7.11,0
TXREF-16206,109.55,21.18,342,3,1.48,0
TXREF-16207,34.9,20.24,278,1,8.69,0
TXREF-16208,7.97,14.37,69,2,1.62,0
TXREF-16209,64.17,15.11,386,2,4.15,0
TXREF-16210,25.3,20.66,432,3,1.58,0
TXREF-16211,26.55,21.4,1084,2,0.94,0
TXREF-16212,12.23,18.93,12,1,30.66,0
TXREF-16213,111.94,13.15,849,2,2.69,0
TXREF-16214,23.92,13.11,471,3,2.68,0
TXREF-16215,108.2,13.48,135,4,1.88,0
TXREF-16216,25.52,13.02,6,4,3.76,0
TXREF-16217,17.85,20.01,577,2,8.28,0
TXREF-16218,90.02,21.4,14,1,1.96,0
TXREF-16219,33.02,9.49,783,3,2.85,0
TXREF-16220,33.26,21.97,552,1,4.1,0
TXREF-16221,13.84,15.46,219,2,0.69,0
TXREF-16222,25.04,9.51,698,1,14.19,0
TXREF-16223,47.4,23.01,481,2,15.55,0
TXREF-16224,13.66,19.36,201,2,4.67,0
TXREF-16225,23.61,18.74,187,3,12.7,0
TXREF-16226,25.72,20.18,51,2,20.67,0
TXREF-16227,36.52,8.23,406,4,1.02,0
TXREF-16228,101.02,16.07,783,3,0.15,0
TXREF-16229,28.05,17.09,1661,2,9.21,0
TXREF-16230,21.18,11.77,681,3,3.5,0
TXREF-16231,251.49,13.77,136,3,2.32,1
TXREF-16232,25.49,18.08,4,5,16.18,0
TXREF-16233,30.35,19.72,4,1,23.34,1
TXREF-16234,26.91,13.18,1,4,24.34,0
TXREF-16235,28.52,19.98,139,4,5.18,0
TXREF-16236,36.82,15.01,107,1,25.42,0
TXREF-16237,67.56,21.72,390,2,2.48,0
TXREF-16238,46.57,18.26,1368,1,1.99,0
TXREF-16239,75.6,11.34,540,4,4.89,0
TXREF-16240,73.83,14.74,724,4,5.15,0
TXREF-16241,40.45,21.01,221,2,15.11,0
TXREF-16242,45.65,9.18,44,1,9.4,0
TXREF-16243,77.35,17.94,19,3,1.71,0
TXREF-16244,15.64,16.65,198,2,3.87,0
TXREF-16245,210.34,14.11,46,2,7.14,0
TXREF-16246,24.07,13.16,2071,2,8.63,0
TXREF-16247,27.04,14.0,588,1,2.56,0
TXREF-16248,14.55,16.26,723,2,13.19,0
TXREF-16249,14.86,0.2,519,1,6.72,1
TXREF-16250,70.2,11.86,141,3,1.13,0
TXREF-16251,178.49,12.35,137,1,4.92,0
TXREF-16252,23.14,13.96,190,4,7.44,0
TXREF-16253,44.7,11.02,68,2,9.1,0
TXREF-16254,40.79,15.07,334,2,22.13,0
TXREF-16255,71.53,11.46,380,3,12.41,0
TXREF-16256,172.0,18.24,60,5,39.98,0
TXREF-16257,104.07,20.4,241,1,19.82,0
TXREF-16258,29.32,20.21,590,2,3.3,0
TXREF-16259,50.94,14.46,10,3,2.83,0
TXREF-16260,54.72,16.72,317,2,7.08,0
TXREF-16261,34.31,22.97,339,1,23.42,0
TXREF-16262,15.81,18.61,809,4,0.89,0
TXREF-16263,19.59,14.9,612,3,16.2,0
TXREF-16264,79.57,13.16,339,2,11.31,0
TXREF-16265,85.71,18.02,195,2,4.09,0
TXREF-16266,29.98,18.06,107,1,8.02,0
TXREF-16267,42.01,19.0,446,4,3.01,0
TXREF-16268,82.44,14.85,2,4,12.65,0
TXREF-16269,10.21,20.94,922,1,3.59,0
TXREF-16270,25.24,21.91,362,3,6.6,0
TXREF-16271,148.84,20.55,1298,3,2.99,0
TXREF-16272,43.19,12.52,72,3,22.12,0
TXREF-16273,15.44,9.85,346,2,6.08,0
TXREF-16274,37.88,20.49,548,2,3.19,0
TXREF-16275,72.63,16.11,587,2,1.41,0
TXREF-16276,5.56,15.66,1021,3,7.46,0
TXREF-16277,39.52,12.85,205,3,0.92,0
TXREF-16278,26.63,11.3,523,3,8.92,0
TXREF-16279,10.67,21.08,480,1,1.17,0
TXREF-16280,36.93,14.44,312,3,4.33,0
TXREF-16281,31.56,18.05,227,1,7.37,0
TXREF-16282,34.21,7.79,115,3,0.48,0
TXREF-16283,27.09,19.48,1020,2,23.03,0
TXREF-16284,16.69,12.66,73,3,4.06,0
TXREF-16285,12.21,20.17,183,3,10.67,0
TXREF-16286,21.17,11.74,182,2,3.31,0
TXREF-16287,64.63,14.5,413,1,22.22,0
TXREF-16288,41.17,17.11,302,2,13.92,0
TXREF-16289,33.12,16.67,931,2,2.28,0
TXREF-16290,16.47,13.14,42,3,10.43,0
TXREF-16291,26.6,15.63,484,1,12.1,0
TXREF-16292,59.19,16.16,13,2,2.29,0
TXREF-16293,50.07,13.53,123,1,12.4,0
TXREF-16294,24.69,10.44,184,4,4.24,0
TXREF-16295,5.31,12.0,246,2,50.51,0
TXREF-16296,21.42,12.79,61,1,2.05,0
TXREF-16297,24.59,22.78,242,4,11.4,0
TXREF-16298,18.12,19.1,1400,5,8.03,0
TXREF-16299,25.86,16.9,451,2,6.89,0
TXREF-16300,62.67,11.39,308,2,8.02,0
TXREF-16301,33.89,19.88,107,3,9.62,0
TXREF-16302,70.99,13.75,122,2,97.57,1
TXREF-16303,11.75,16.15,121,4,13.58,0
TXREF-16304,27.95,11.0,106,2,22.29,0
TXREF-16305,8.62,12.55,764,1,0.83,0
TXREF-16306,25.61,17.32,786,2,14.02,0
TXREF-16307,16.4,11.19,756,3,2.36,0
TXREF-16308,87.58,14.18,543,2,4.83,0
TXREF-16309,46.76,15.23,1282,3,10.53,1
TXREF-16310,72.29,10.73,578,2,26.03,1
TXREF-16311,25.56,8.31,418,3,364.59,0
TXREF-16312,16.71,20.06,120,2,2.25,0
TXREF-16313,16.33,20.3,309,2,3.74,0
TXREF-16314,42.15,15.47,193,2,42.12,0
TXREF-16315,128.16,16.08,2110,6,6.25,0
TXREF-16316,46.85,11.17,699,2,1.85,0
TXREF-16317,26.58,18.7,656,2,1.37,0
TXREF-16318,30.39,23.12,317,4,11.83,0
TXREF-16319,34.04,17.72,274,4,9.99,0
TXREF-16320,149.78,15.94,673,2,8.72,0
TXREF-16321,84.62,16.02,215,4,0.42,0
TXREF-16322,41.98,15.9,204,2,1.62,0
TXREF-16323,37.68,15.8,678,4,38.16,0
TXREF-16324,43.19,14.91,595,3,12.63,0
TXREF-16325,49.69,17.1,11,1,5.56,0
TXREF-16326,25.85,11.68,238,3,6.5,0
TXREF-16327,18.96,13.24,248,2,16.33,0
TXREF-16328,73.2,0.66,387,3,58.66,1
TXREF-16329,35.37,14.55,1,4,0.85,0
TXREF-16330,68.93,12.96,857,5,15.44,0
TXREF-16331,113.89,19.2,79,4,5.96,1
TXREF-16332,50.65,19.76,57,4,6.87,0
TXREF-16333,45.07,9.84,392,2,5.52,0
TXREF-16334,348.69,20.51,547,1,6.96,0
TXREF-16335,40.41,14.44,291,4,11.92,0
TXREF-16336,15.88,16.28,14,1,5.59,0
TXREF-16337,28.43,17.47,162,1,6.4,0
TXREF-16338,106.4,22.0,116,3,15.3,0
TXREF-16339,13.71,8.14,123,3,7.98,0
TXREF-16340,20.25,19.09,212,2,5.59,0
TXREF-16341,77.22,16.37,201,2,7.24,0
TXREF-16342,28.63,22.39,1040,2,23.7,0
TXREF-16343,32.16,15.18,668,2,2.5,0
TXREF-16344,75.4,11.78,528,2,13.48,0
TXREF-16345,20.78,14.43,278,5,9.7,0
TXREF-16346,12.09,11.14,238,2,12.48,0
TXREF-16347,12.81,18.0,101,2,16.3,0
TXREF-16348,52.93,14.15,285,4,2.3,0
TXREF-16349,41.95,17.37,417,4,9.2,0
TXREF-16350,21.14,21.28,21,5,38.38,0
TXREF-16351,15.11,21.37,545,2,9.49,0
TXREF-16352,28.65,21.25,90,2,8.98,0
TXREF-16353,77.78,14.08,1057,2,6.51,0
TXREF-16354,19.07,19.37,567,3,2.23,0
TXREF-16355,21.6,22.49,48,3,1.84,0
TXREF-16356,14.77,15.15,802,2,3.56,0
TXREF-16357,26.72,15.1,531,2,16.39,0
TXREF-16358,44.41,17.36,1033,2,71.44,0
TXREF-16359,159.64,15.99,346,2,2.5,0
TXREF-16360,40.72,15.26,649,1,0.38,0
TXREF-16361,33.49,23.46,549,5,3.38,0
TXREF-16362,64.8,9.67,298,3,114.57,0
TXREF-16363,57.47,11.59,1152,2,52.26,0
TXREF-16364,22.97,20.56,597,1,2.59,0
TXREF-16365,182.63,20.93,348,5,3.29,0
TXREF-16366,34.21,15.32,138,2,7.08,0
TXREF-16367,41.27,17.85,632,3,12.96,0
TXREF-16368,51.78,21.34,447,2,9.37,0
TXREF-16369,44.66,11.98,892,6,26.64,0
TXREF-16370,104.41,20.34,45,1,13.35,0
TXREF-16371,22.77,8.0,143,3,43.34,0
TXREF-16372,61.19,20.08,686,2,8.41,0
TXREF-16373,39.19,6.49,161,3,22.08,0
TXREF-16374,70.64,15.05,10,2,4.1,0
TXREF-16375,29.82,19.4,416,4,5.7,0
TXREF-16376,27.05,13.58,92,3,8.02,0
TXREF-16377,58.97,20.33,116,6,7.82,0
TXREF-16378,45.05,11.86,167,3,1.35,0
TXREF-16379,19.29,16.22,975,2,1.14,0
TXREF-16380,91.73,9.4,150,4,13.51,0
TXREF-16381,58.99,17.57,1181,1,127.78,0
TXREF-16382,33.0,11.4,126,2,20.79,0
TXREF-16383,24.85,8.62,25,2,17.28,0
TXREF-16384,45.25,22.31,14,2,9.73,1
TXREF-16385,56.01,18.25,492,1,6.36,0
TXREF-16386,11.05,16.59,33,4,4.48,0
TXREF-16387,45.63,12.24,410,6,6.92,0
TXREF-16388,55.69,13.2,866,2,6.04,0
TXREF-16389,6.4,22.84,44,4,2.48,0
TXREF-16390,40.1,17.67,89,4,30.88,0
TXREF-16391,57.4,15.44,19,4,8.63,0
TXREF-16392,52.89,20.64,517,2,2.93,0
TXREF-16393,62.04,21.35,227,3,6.12,0
TXREF-16394,27.5,17.27,1244,1,2.4,0
TXREF-16395,16.47,15.13,40,4,16.7,0
TXREF-16396,9.53,17.49,392,2,15.07,0
TXREF-16397,76.43,13.92,11,4,3.58,0
TXREF-16398,57.75,17.68,27,1,3.21,0
TXREF-16399,80.75,18.69,300,1,1.67,0
TXREF-16400,20.65,18.97,287,2,9.59,0
TXREF-16401,62.1,15.21,270,1,8.92,0
TXREF-16402,11.8,17.89,59,2,9.52,0
TXREF-16403,18.61,13.53,215,3,1.59,0
TXREF-16404,38.12,17.58,661,3,3.31,0
TXREF-16405,56.12,14.32,7,1,12.31,0
TXREF-16406,116.62,20.55,347,4,12.76,0
TXREF-16407,29.29,17.84,485,3,4.65,0
TXREF-16408,18.67,16.29,358,2,2.1,0
TXREF-16409,17.99,11.63,104,1,6.86,0
TXREF-16410,21.22,17.55,845,2,18.2,0
TXREF-16411,172.28,21.81,1010,2,7.2,0
TXREF-16412,60.04,21.29,269,5,4.08,0
TXREF-16413,77.56,20.1,812,2,3.78,0
TXREF-16414,29.31,13.0,1821,1,2.53,0
TXREF-16415,34.77,14.61,185,1,0.94,0
TXREF-16416,57.6,13.11,101,4,7.2,0
TXREF-16417,24.19,13.13,75,4,2.42,0
TXREF-16418,28.23,21.72,7,3,29.65,1
TXREF-16419,21.42,23.98,1606,1,9.17,0
TXREF-16420,25.22,20.37,371,3,14.84,0
TXREF-16421,36.06,14.49,651,1,6.08,0
TXREF-16422,19.27,10.08,243,4,7.28,0
TXREF-16423,42.77,9.96,621,1,12.59,0
TXREF-16424,42.73,13.74,657,3,2.69,0
TXREF-16425,30.6,19.82,920,2,5.61,0
TXREF-16426,19.19,19.86,196,1,25.7,0
TXREF-16427,37.55,12.84,7,3,17.26,0
TXREF-16428,24.2,19.01,546,3,1.14,0
TXREF-16429,36.0,17.91,515,2,1.0,0
TXREF-16430,76.76,21.38,512,4,1.98,0
TXREF-16431,14.12,16.08,1456,3,1.2,0
TXREF-16432,166.49,12.17,52,2,9.07,0
TXREF-16433,33.04,21.83,20,1,7.44,0
TXREF-16434,46.83,20.06,363,2,5.79,0
TXREF-16435,20.25,11.24,549,2,9.01,0
TXREF-16436,79.23,15.69,563,1,9.29,0
TXREF-16437,31.8,6.27,1124,3,10.27,0
TXREF-16438,26.21,18.05,290,2,14.0,0
TXREF-16439,23.0,20.17,123,4,20.86,0
TXREF-16440,28.69,13.73,29,3,11.83,1
TXREF-16441,47.05,21.53,509,4,1.85,0
TXREF-16442,39.43,10.88,693,2,25.84,0
TXREF-16443,33.83,10.63,7,1,31.1,1
TXREF-16444,20.86,15.67,42,1,5.69,0
TXREF-16445,20.01,23.82,194,3,2.61,0
TXREF-16446,24.98,11.17,410,2,4.18,0
TXREF-16447,48.49,15.73,202,2,3.65,0
TXREF-16448,56.08,15.79,61,6,55.01,0
TXREF-16449,61.8,12.79,99,3,1.79,0
TXREF-16450,34.78,0.17,939,4,20.24,0
TXREF-16451,45.89,13.88,605,3,38.57,0
TXREF-16452,30.84,15.17,423,1,28.31,0
TXREF-16453,9.93,19.5,1731,5,8.11,0
TXREF-16454,29.8,12.1,811,2,3.58,0
TXREF-16455,26.57,15.49,314,3,0.55,0
TXREF-16456,16.48,19.91,943,2,7.78,0
TXREF-16457,23.14,11.54,373,4,5.5,0
TXREF-16458,38.37,18.46,53,1,3.93,0
TXREF-16459,15.4,22.78,211,3,5.16,0
TXREF-16460,20.87,14.93,707,7,11.06,0
TXREF-16461,106.11,9.95,1294,4,0.42,0
TXREF-16462,10.98,12.47,151,2,15.35,0
TXREF-16463,30.51,11.58,225,2,5.14,0
TXREF-16464,15.03,15.22,935,3,8.78,0
TXREF-16465,20.26,14.98,1205,2,2.1,0
TXREF-16466,30.19,11.96,569,1,7.85,0
TXREF-16467,17.1,19.94,75,3,47.56,0
TXREF-16468,52.63,14.27,244,4,21.97,0
TXREF-16469,92.1,12.54,1209,2,1.69,0
TXREF-16470,63.82,10.09,180,2,5.37,0
TXREF-16471,72.8,11.14,230,2,10.86,0
TXREF-16472,12.89,23.94,514,1,22.26,0
TXREF-16473,29.22,23.66,7,2,4.18,0
TXREF-16474,48.74,21.9,130,1,21.61,0
TXREF-16475,65.19,19.25,282,4,2.37,0
TXREF-16476,123.03,15.2,126,1,5.28,0
TXREF-16477,75.17,16.69,611,1,27.05,0
TXREF-16478,66.39,15.57,257,3,4.36,0
TXREF-16479,231.87,16.07,394,3,1.87,0
TXREF-16480,37.31,22.38,248,3,9.16,0
TXREF-16481,28.27,20.38,262,3,5.73,0
TXREF-16482,39.56,23.05,473,3,1.02,0
TXREF-16483,18.01,19.08,595,2,14.16,0
TXREF-16484,36.55,15.27,199,3,8.09,0
TXREF-16485,10.04,21.3,217,2,1.21,0
TXREF-16486,23.78,14.35,40,3,17.32,0
TXREF-16487,32.04,17.76,756,3,7.78,0
TXREF-16488,68.97,9.87,65,3,28.35,1
TXREF-16489,77.48,0.76,19,2,8.56,0
TXREF-16490,17.4,21.27,1399,3,4.21,0
TXREF-16491,155.2,13.76,1217,2,6.38,0
TXREF-16492,38.74,14.15,375,1,5.9,0
TXREF-16493,41.38,11.63,239,2,8.13,0
TXREF-16494,10.86,20.0,316,6,7.36,0
TXREF-16495,22.28,19.79,76,2,2.16,0
TXREF-16496,74.13,8.53,27,3,5.88,0
TXREF-16497,39.34,13.08,124,2,17.25,0
TXREF-16498,37.62,13.81,226,1,8.41,0
TXREF-16499,41.0,19.9,400,5,1.23,0
TXREF-16500,12.32,20.17,421,4,22.26,0
TXREF-16501,32.47,19.74,40,1,3.43,0
TXREF-16502,95.97,16.6,374,5,0.58,0
TXREF-16503,76.13,16.36,293,3,23.89,1
TXREF-16504,31.81,15.17,293,4,1.04,0
TXREF-16505,107.32,15.71,53,1,2.47,0
TXREF-16506,14.06,13.29,98,2,2.33,0
TXREF-16507,17.29,14.32,277,3,1.56,0
TXREF-16508,133.19,0.21,305,7,0.71,0
TXREF-16509,52.78,19.42,34,3,5.64,0
TXREF-16510,28.28,9.74,299,2,12.73,0
TXREF-16511,33.45,16.23,1112,2,34.82,0
TXREF-16512,19.48,16.8,257,4,10.24,0
TXREF-16513,42.48,14.49,329,4,4.74,0
TXREF-16514,40.13,7.99,1433,1,8.44,0
TXREF-16515,35.32,18.12,628,4,25.5,0
TXREF-16516,15.1,19.36,116,3,2.97,0
TXREF-16517,42.12,13.01,325,5,3.96,0
TXREF-16518,23.78,17.8,53,1,61.59,0
TXREF-16519,17.12,7.52,48,2,6.57,0
TXREF-16520,86.67,14.36,9,2,12.57,1
TXREF-16521,166.04,20.79,2568,4,0.75,0
TXREF-16522,140.99,18.77,207,3,1.49,0
TXREF-16523,55.59,14.78,276,3,39.62,0
TXREF-16524,28.75,11.23,80,2,10.19,0
TXREF-16525,33.09,17.64,19,2,0.4,0
TXREF-16526,46.62,16.93,404,1,4.09,0
TXREF-16527,25.72,15.63,452,5,11.73,0
TXREF-16528,89.98,20.51,56,1,1.41,0
TXREF-16529,8.04,12.52,139,2,2.44,0
TXREF-16530,28.14,13.23,669,1,3.67,0
TXREF-16531,61.98,16.91,46,1,5.96,0
TXREF-16532,18.94,21.05,345,1,3.94,0
TXREF-16533,29.29,19.95,9,2,13.39,0
TXREF-16534,53.38,20.04,587,2,36.54,0
TXREF-16535,103.87,21.05,546,2,7.31,0
TXREF-16536,13.71,18.94,320,2,4.91,0
TXREF-16537,13.0,11.97,832,2,3.06,0
TXREF-16538,17.62,14.76,90,1,4.38,0
TXREF-16539,11.51,21.8,915,1,8.91,0
TXREF-16540,12.11,16.1,144,3,4.79,0
TXREF-16541,17.28,12.85,132,5,9.24,0
TXREF-16542,84.62,11.43,208,3,10.51,0
TXREF-16543,27.81,18.21,175,2,14.53,0
TXREF-16544,35.61,18.32,2282,5,16.11,0
TXREF-16545,17.5,7.87,109,2,37.19,0
TXREF-16546,54.93,22.26,429,3,1.39,0
TXREF-16547,134.36,12.16,2224,2,4.03,0
TXREF-16548,18.37,18.78,469,6,7.64,0
TXREF-16549,120.52,10.2,172,2,2.82,0
TXREF-16550,45.26,18.59,47,1,2.11,0
TXREF-16551,35.24,22.94,1113,2,18.75,0
TXREF-16552,46.44,14.72,174,1,15.73,0
TXREF-16553,46.12,19.43,49,1,8.07,0
TXREF-16554,132.57,19.03,1,2,6.31,0
TXREF-16555,50.63,11.97,616,4,17.06,0
TXREF-16556,51.4,19.54,70,1,18.14,0
TXREF-16557,25.7,12.18,14,1,2.7,0
TXREF-16558,63.7,11.53,100,5,6.17,0
TXREF-16559,17.48,14.6,70,3,8.32,0
TXREF-16560,37.66,19.2,114,2,4.04,0
TXREF-16561,277.54,23.95,218,1,1.99,0
TXREF-16562,5.74,11.44,697,3,1.02,0
TXREF-16563,41.18,22.6,162,4,10.37,0
TXREF-16564,42.33,11.06,70,2,2.95,0
TXREF-16565,29.54,20.18,1254,2,6.41,0
TXREF-16566,30.05,10.35,7,3,7.04,0
TXREF-16567,37.18,14.84,591,2,9.76,0
TXREF-16568,29.04,15.6,60,2,5.42,0
TXREF-16569,40.85,14.45,232,3,6.54,0
TXREF-16570,24.51,14.26,2111,3,1.87,0
TXREF-16571,149.32,21.38,669,2,2.57,0
TXREF-16572,29.04,15.34,714,3,10.43,0
TXREF-16573,52.46,13.45,1116,4,3.44,0
TXREF-16574,21.51,11.84,351,2,3.36,0
TXREF-16575,68.16,17.55,9,5,35.44,0
TXREF-16576,59.03,13.43,618,1,9.76,0
TXREF-16577,47.08,13.37,803,1,6.71,0
TXREF-16578,16.62,14.24,110,2,7.99,0
TXREF-16579,20.25,9.49,18,1,9.3,0
TXREF-16580,117.22,20.95,186,3,17.2,0
TXREF-16581,20.09,16.66,22,4,20.81,0
TXREF-16582,55.23,21.07,4,1,29.34,0
TXREF-16583,17.63,20.81,1391,3,4.12,0
TXREF-16584,71.95,12.21,887,3,8.94,0
TXREF-16585,21.24,20.35,571,2,10.02,0
TXREF-16586,17.4,17.92,281,3,101.92,0
TXREF-16587,20.84,21.66,193,3,17.8,0
TXREF-16588,23.37,13.28,95,2,14.59,0
TXREF-16589,46.59,19.1,330,2,3.96,0
TXREF-16590,36.6,18.07,76,3,2.0,0
TXREF-16591,15.82,17.11,222,3,16.44,0
TXREF-16592,34.12,17.66,29,1,25.9,0
TXREF-16593,15.28,10.52,1125,2,10.32,0
TXREF-16594,55.33,14.66,356,2,1.74,0
TXREF-16595,63.14,11.53,828,3,10.46,0
TXREF-16596,34.22,10.44,434,2,13.5,0
TXREF-16597,42.33,14.52,704,3,1.8,0
TXREF-16598,122.92,12.68,625,2,19.8,0
TXREF-16599,31.08,13.47,493,3,7.31,0
TXREF-16600,17.64,12.4,158,2,30.67,0
TXREF-16601,52.83,9.99,483,4,0.98,0
TXREF-16602,15.4,19.43,79,1,2.98,0
TXREF-16603,29.92,14.5,215,2,9.2,0
TXREF-16604,22.62,9.38,184,3,69.56,0
TXREF-16605,21.0,14.58,902,2,23.51,0
TXREF-16606,29.08,18.87,739,5,1.76,0
TXREF-16607,66.55,17.07,181,1,1.89,0
TXREF-16608,77.18,12.34,927,1,10.3,0
TXREF-16609,67.82,12.42,458,6,3.26,0
TXREF-16610,44.35,19.15,158,2,0.99,0
TXREF-16611,28.92,11.62,448,3,5.1,0
TXREF-16612,6.37,22.95,265,2,10.69,0
TXREF-16613,45.36,9.3,99,1,4.01,0
TXREF-16614,6.75,12.58,154,3,6.16,0
TXREF-16615,8.72,15.1,297,3,5.78,0
TXREF-16616,30.99,12.68,535,5,6.21,0
TXREF-16617,42.12,14.7,496,2,5.03,0
TXREF-16618,25.16,19.19,1183,2,1.7,0
TXREF-16619,105.17,20.99,326,3,9.97,0
TXREF-16620,48.56,13.78,298,4,2.18,0
TXREF-16621,29.09,16.82,138,1,4.12,0
TXREF-16622,94.46,13.47,5,2,5.34,0
TXREF-16623,107.43,12.44,8,3,1.68,0
TXREF-16624,50.35,10.43,40,4,7.6,0
TXREF-16625,19.92,14.28,462,4,2.51,0
TXREF-16626,23.43,22.84,139,3,2.82,0
TXREF-16627,12.28,9.92,67,2,3.94,0
TXREF-16628,33.77,13.08,83,3,75.84,0
TXREF-16629,16.35,12.93,1864,5,8.21,0
TXREF-16630,27.47,14.79,78,5,35.55,0
TXREF-16631,42.0,14.84,472,4,2.47,0
TXREF-16632,8.35,15.72,6,1,12.62,0
TXREF-16633,14.01,19.9,858,1,2.99,0
TXREF-16634,24.17,1.15,198,1,6.91,0
TXREF-16635,33.52,11.04,391,3,1.88,0
TXREF-16636,24.4,14.79,871,1,8.36,0
TXREF-16637,28.65,18.65,684,5,11.04,0
TXREF-16638,20.94,9.32,20,1,9.94,0
TXREF-16639,12.26,15.06,395,3,7.18,0
TXREF-16640,23.69,13.36,422,5,3.59,0
TXREF-16641,29.86,20.67,1326,2,0.61,0
TXREF-16642,27.84,16.01,12,3,0.85,0
TXREF-16643,37.73,21.22,5,5,2.44,0
TXREF-16644,47.07,15.56,88,1,8.15,0
TXREF-16645,56.87,19.97,696,4,2.01,0
TXREF-16646,22.06,16.56,474,1,1.3,0
TXREF-16647,11.19,18.44,1334,1,17.8,0
TXREF-16648,86.97,14.32,139,3,2.08,0
TXREF-16649,45.95,20.59,184,4,3.38,1
TXREF-16650,17.51,19.46,63,3,8.35,0
TXREF-16651,42.52,16.53,697,4,2.32,0
TXREF-16652,75.11,13.87,724,1,3.62,0
TXREF-16653,120.91,10.16,37,2,6.16,0
TXREF-16654,41.7,17.05,315,3,7.8,0
TXREF-16655,74.66,20.95,2044,2,21.57,0
TXREF-16656,14.57,15.36,84,7,1.09,0
TXREF-16657,33.92,8.03,22,1,0.52,0
TXREF-16658,27.35,14.35,294,4,7.03,0
TXREF-16659,44.55,13.78,107,5,21.23,0
TXREF-16660,111.06,7.71,44,4,4.55,1
TXREF-16661,41.68,21.05,121,3,4.66,0
TXREF-16662,17.72,10.48,216,2,3.27,0
TXREF-16663,14.02,22.54,57,2,13.15,0
TXREF-16664,113.86,20.7,74,1,3.72,0
TXREF-16665,50.4,17.65,155,1,3.71,0
TXREF-16666,48.07,10.65,988,2,5.63,0
TXREF-16667,27.18,18.12,127,1,1.71,0
TXREF-16668,42.22,17.14,691,2,7.54,0
TXREF-16669,17.11,16.67,1729,3,0.62,0
TXREF-16670,46.01,0.22,35,1,11.75,0
TXREF-16671,14.94,12.36,193,2,8.82,0
TXREF-16672,26.88,12.26,36,1,10.33,0
TXREF-16673,21.91,14.43,368,2,2.28,0
TXREF-16674,3.34,12.86,10,2,15.67,0
TXREF-16675,27.12,12.14,12,2,6.02,0
TXREF-16676,18.23,14.17,730,2,15.78,0
TXREF-16677,29.92,16.25,446,1,6.48,0
TXREF-16678,34.86,7.24,477,6,8.91,0
TXREF-16679,124.33,23.37,114,2,3.77,1
TXREF-16680,43.35,9.51,37,6,1.3,0
TXREF-16681,44.28,13.51,1015,2,3.48,0
TXREF-16682,49.74,15.38,412,1,7.86,0
TXREF-16683,65.22,20.84,83,2,4.26,0
TXREF-16684,48.28,12.61,145,4,2.24,0
TXREF-16685,42.64,14.34,107,6,4.41,0
TXREF-16686,58.1,8.62,144,3,3.13,0
TXREF-16687,6.07,11.25,4,1,6.08,0
TXREF-16688,156.67,14.66,982,2,26.9,0
TXREF-16689,109.36,9.65,290,4,38.5,0
TXREF-16690,40.7,17.96,92,3,3.69,0
TXREF-16691,12.59,1.89,83,3,6.15,0
TXREF-16692,83.22,11.11,377,1,0.5,0
TXREF-16693,21.12,20.23,8,3,5.42,0
TXREF-16694,51.13,16.69,396,1,2.18,0
TXREF-16695,13.82,21.86,177,1,6.43,0
TXREF-16696,172.95,17.77,1461,3,0.8,0
TXREF-16697,12.32,21.05,357,2,3.13,0
TXREF-16698,36.59,13.26,527,4,0.92,0
TXREF-16699,7.55,16.34,612,4,3.39,0
TXREF-16700,33.8,11.72,675,2,54.49,0
TXREF-16701,25.63,15.42,1453,1,1.58,0
TXREF-16702,78.95,12.95,789,2,1.44,0
TXREF-16703,25.63,15.96,95,1,4.14,0
TXREF-16704,79.03,20.78,71,3,1.71,0
TXREF-16705,16.65,14.9,72,1,16.22,0
TXREF-16706,28.42,22.62,841,2,1.68,0
TXREF-16707,28.83,18.36,934,5,0.93,0
TXREF-16708,49.74,15.79,817,4,8.25,0
TXREF-16709,45.39,14.82,44,4,18.26,0
TXREF-16710,58.56,9.3,187,4,5.55,0
TXREF-16711,42.19,12.32,834,1,2.16,0
TXREF-16712,56.04,21.01,952,1,7.42,0
TXREF-16713,18.24,19.37,254,7,8.63,0
TXREF-16714,46.06,16.0,752,1,17.38,0
TXREF-16715,110.82,14.77,387,3,8.44,0
TXREF-16716,10.39,14.9,112,2,0.53,0
TXREF-16717,49.51,18.04,29,3,4.28,0
TXREF-16718,56.67,15.55,556,3,2.6,0
TXREF-16719,99.69,10.07,57,3,3.5,0
TXREF-16720,58.72,14.65,35,4,0.25,0
TXREF-16721,37.42,22.58,420,2,2.63,0
TXREF-16722,47.45,21.64,597,3,1.14,0
TXREF-16723,20.51,17.8,527,5,9.23,0
TXREF-16724,26.33,13.54,415,3,4.39,0
TXREF-16725,13.31,17.45,314,3,7.03,0
TXREF-16726,101.56,21.93,102,2,12.81,0
TXREF-16727,48.14,8.89,1986,1,2.73,0
TXREF-16728,18.0,8.2,111,3,5.83,0
TXREF-16729,42.32,19.89,928,1,10.1,0
TXREF-16730,80.22,8.52,455,4,38.25,0
TXREF-16731,71.15,19.23,79,5,38.28,0
TXREF-16732,17.85,23.14,1270,4,10.44,0
TXREF-16733,3.65,8.35,684,3,2.5,0
TXREF-16734,46.28,10.54,449,2,76.81,0
TXREF-16735,18.38,10.01,55,1,21.15,0
TXREF-16736,54.49,21.2,959,3,18.61,0
TXREF-16737,69.01,20.46,323,4,24.95,0
TXREF-16738,77.62,21.5,103,1,3.65,0
TXREF-16739,122.27,15.85,35,4,1.45,0
TXREF-16740,84.79,15.75,1226,4,5.51,0
TXREF-16741,122.69,23.21,5,2,9.77,0
TXREF-16742,93.97,20.47,707,1,5.43,0
TXREF-16743,100.05,21.38,342,2,2.51,0
TXREF-16744,33.8,19.13,490,2,62.0,0
TXREF-16745,13.76,14.68,127,2,18.02,0
TXREF-16746,207.94,11.93,1011,3,4.19,0
TXREF-16747,36.43,17.23,15,3,144.34,1
TXREF-16748,84.32,0.91,946,3,0.91,0
TXREF-16749,23.42,10.87,53,1,1.92,0
TXREF-16750,69.69,11.47,385,1,17.27,0
TXREF-16751,5.99,9.04,274,2,14.1,0
TXREF-16752,25.91,23.86,387,2,1.26,0
TXREF-16753,32.43,16.27,533,2,10.38,0
TXREF-16754,48.57,12.59,210,3,2.8,0
TXREF-16755,75.33,13.22,52,2,1.68,0
TXREF-16756,15.83,20.11,392,3,19.16,0
TXREF-16757,55.99,17.0,442,1,2.79,0
TXREF-16758,84.2,18.31,661,4,8.75,0
TXREF-16759,188.49,6.83,175,2,1.14,0
TXREF-16760,57.9,15.75,18,4,0.41,0
TXREF-16761,25.01,14.8,169,2,0.28,0
TXREF-16762,13.93,9.99,21,2,12.84,0
TXREF-16763,129.93,10.66,1409,1,2.39,0
TXREF-16764,59.2,20.48,613,5,2.97,0
TXREF-16765,34.27,9.71,201,1,3.08,0
TXREF-16766,10.85,11.44,221,1,2.5,0
TXREF-16767,17.81,18.6,314,2,5.9,0
TXREF-16768,54.85,15.84,269,2,22.6,1
TXREF-16769,44.91,11.74,348,3,1.15,0
TXREF-16770,8.57,12.57,112,5,2.79,0
TXREF-16771,54.9,17.28,197,1,20.55,0
TXREF-16772,11.25,23.58,414,3,1.52,0
TXREF-16773,92.29,21.43,218,3,2.89,0
TXREF-16774,40.45,15.25,153,2,6.12,0
TXREF-16775,24.94,15.33,1187,3,2.92,0
TXREF-16776,71.02,12.4,45,3,0.96,0
TXREF-16777,44.9,10.59,155,5,1.99,0
TXREF-16778,90.37,18.86,1032,2,5.51,0
TXREF-16779,36.89,11.26,990,3,4.49,0
TXREF-16780,38.47,10.43,323,2,5.95,0
TXREF-16781,28.35,14.06,133,4,12.4,0
TXREF-16782,42.07,11.63,38,2,49.73,1
TXREF-16783,118.22,18.95,452,4,10.72,0
TXREF-16784,24.24,19.82,129,4,29.95,0
TXREF-16785,55.51,17.78,123,3,4.3,0
TXREF-16786,18.47,15.44,317,2,2.23,0
TXREF-16787,7.86,18.09,23,3,10.26,0
TXREF-16788,40.42,20.14,208,1,2.79,0
TXREF-16789,45.45,18.22,748,2,9.32,0
TXREF-16790,32.16,12.98,136,3,15.33,0
TXREF-16791,11.86,15.69,442,2,4.03,0
TXREF-16792,43.34,14.73,230,2,4.75,0
TXREF-16793,42.17,11.84,337,7,4.44,0
TXREF-16794,18.36,9.08,255,2,3.3,0
TXREF-16795,13.14,13.94,594,3,2.18,0
TXREF-16796,29.03,11.67,30,5,4.22,0
TXREF-16797,55.71,14.09,510,3,5.68,0
TXREF-16798,46.99,0.16,472,2,0.54,0
TXREF-16799,18.46,0.21,321,3,4.92,0
TXREF-16800,38.42,13.14,110,3,5.15,0
TXREF-16801,65.94,18.02,77,3,0.75,0
TXREF-16802,14.96,16.22,707,4,13.58,0
TXREF-16803,36.43,15.35,457,3,17.92,0
TXREF-16804,91.34,20.7,214,3,14.34,0
TXREF-16805,13.9,22.09,230,1,1.42,0
TXREF-16806,80.0,11.85,192,7,45.72,0
TXREF-16807,111.7,13.47,568,5,3.63,0
TXREF-16808,29.67,23.93,743,2,4.53,0
TXREF-16809,27.2,19.04,108,1,3.07,0
TXREF-16810,73.25,17.28,1459,3,3.4,0
TXREF-16811,30.45,10.75,93,2,21.16,0
TXREF-16812,6.4,19.33,305,1,8.74,0
TXREF-16813,32.42,13.85,58,5,4.5,0
TXREF-16814,48.85,11.03,206,2,6.57,0
TXREF-16815,59.31,13.35,36,2,0.31,0
TXREF-16816,18.47,17.87,908,4,4.53,0
TXREF-16817,28.67,15.46,658,4,1.69,0
TXREF-16818,70.34,23.7,123,2,2.21,0
TXREF-16819,33.34,10.15,652,1,11.12,0
TXREF-16820,11.58,10.06,173,1,9.33,0
TXREF-16821,84.87,11.66,350,3,2.33,0
TXREF-16822,29.84,17.11,860,2,11.32,0
TXREF-16823,76.38,10.4,36,5,7.03,0
TXREF-16824,12.75,12.63,401,3,11.19,0
TXREF-16825,31.91,20.64,351,4,4.85,0
TXREF-16826,50.25,19.18,59,1,1.61,0
TXREF-16827,32.7,18.96,642,2,2.12,0
TXREF-16828,14.85,8.26,292,3,4.86,0
TXREF-16829,6.24,19.36,2652,3,3.3,0
TXREF-16830,104.25,14.29,106,3,3.96,0
TXREF-16831,41.62,14.25,459,3,12.62,0
TXREF-16832,80.65,17.29,589,2,0.4,0
TXREF-16833,67.94,16.25,598,1,10.15,0
TXREF-16834,53.5,21.29,93,6,17.04,0
TXREF-16835,27.62,12.04,652,3,4.75,0
TXREF-16836,49.53,20.1,40,7,7.92,1
TXREF-16837,97.65,9.74,4,1,12.79,1
TXREF-16838,36.96,17.19,726,6,5.53,0
TXREF-16839,136.9,18.6,844,1,6.73,0
TXREF-16840,11.83,13.97,1065,2,3.35,0
TXREF-16841,10.95,14.96,432,2,1.48,0
TXREF-16842,70.91,13.96,222,2,0.98,0
TXREF-16843,19.31,14.32,680,3,15.69,0
TXREF-16844,151.59,19.89,30,1,2.87,0
TXREF-16845,91.18,19.12,756,1,3.25,0
TXREF-16846,109.19,15.56,62,2,1.15,0
TXREF-16847,65.81,14.04,476,3,6.04,0
TXREF-16848,17.93,11.72,256,2,16.13,0
TXREF-16849,10.54,12.39,1246,3,1.14,0
TXREF-16850,102.17,19.86,1088,3,8.26,0
TXREF-16851,11.83,19.76,178,3,6.69,0
TXREF-16852,108.97,18.97,123,3,1.82,0
TXREF-16853,56.38,19.34,344,3,3.91,0
TXREF-16854,32.95,9.94,202,1,4.07,0
TXREF-16855,47.86,23.23,32,2,4.48,0
TXREF-16856,48.67,19.87,734,2,18.42,0
TXREF-16857,30.09,15.32,1163,4,19.17,0
TXREF-16858,97.17,13.74,604,1,4.54,0
TXREF-16859,94.8,11.13,96,5,10.8,0
TXREF-16860,38.94,15.43,496,7,2.75,0
TXREF-16861,22.6,13.68,634,2,1.26,0
TXREF-16862,89.15,16.01,97,3,4.41,0
TXREF-16863,8.12,1.4,1101,2,6.21,0
TXREF-16864,47.92,9.24,89,3,8.17,0
TXREF-16865,59.29,17.31,344,2,3.41,0
TXREF-16866,19.17,23.48,934,4,25.09,0
TXREF-16867,70.18,19.99,608,6,7.16,1
TXREF-16868,34.16,21.38,82,1,6.83,0
TXREF-16869,23.5,17.15,326,2,2.02,0
TXREF-16870,69.65,14.02,159,6,15.21,0
TXREF-16871,15.93,12.71,556,3,3.06,0
TXREF-16872,65.09,12.36,2,2,27.2,1
TXREF-16873,8.35,10.68,798,2,3.03,0
TXREF-16874,42.76,23.97,1017,3,10.92,0
TXREF-16875,35.93,22.14,980,2,77.16,0
TXREF-16876,23.6,21.92,538,1,25.59,0
TXREF-16877,46.09,13.28,117,3,17.66,0
TXREF-16878,32.87,8.36,326,3,16.51,0
TXREF-16879,74.39,18.76,126,2,2.33,0
TXREF-16880,52.11,3.2,749,1,6.23,0
TXREF-16881,48.23,13.74,137,1,7.12,0
TXREF-16882,42.95,14.75,1080,3,18.44,0
TXREF-16883,24.78,6.62,21,3,29.97,0
TXREF-16884,28.01,15.41,61,3,9.9,0
TXREF-16885,41.63,18.28,212,2,7.83,0
TXREF-16886,30.73,13.2,502,5,3.04,0
TXREF-16887,77.5,18.3,622,2,5.28,0
TXREF-16888,37.24,14.46,309,4,23.36,0
TXREF-16889,45.64,12.88,32,2,4.92,1
TXREF-16890,12.68,17.23,161,4,1.65,0
TXREF-16891,68.66,19.55,215,2,9.18,0
TXREF-16892,22.91,15.29,839,3,7.04,0
TXREF-16893,16.43,11.17,48,2,9.91,0
TXREF-16894,113.89,12.44,120,4,3.89,0
TXREF-16895,57.53,20.53,941,3,2.2,0
TXREF-16896,70.35,12.55,271,2,6.02,0
TXREF-16897,48.29,19.45,112,1,8.38,0
TXREF-16898,32.56,20.17,831,2,30.21,0
TXREF-16899,28.47,19.42,1130,3,10.58,0
TXREF-16900,61.01,15.38,138,3,10.23,0
TXREF-16901,78.68,12.74,98,1,6.81,1
TXREF-16902,33.15,15.8,343,2,2.4,0
TXREF-16903,154.82,13.22,341,2,4.49,0
TXREF-16904,30.2,18.62,211,2,5.2,0
TXREF-16905,12.76,17.78,130,2,28.6,0
TXREF-16906,10.08,10.27,73,2,1.63,0
TXREF-16907,10.33,17.54,512,2,7.35,0
TXREF-16908,25.84,7.59,1770,3,2.17,0
TXREF-16909,29.46,13.45,172,1,12.77,0
TXREF-16910,56.91,16.56,278,2,3.02,0
TXREF-16911,34.1,6.98,148,3,15.33,0
TXREF-16912,63.89,19.37,429,1,16.34,0
TXREF-16913,35.96,9.21,43,3,4.61,0
TXREF-16914,35.15,8.1,425,5,5.08,0
TXREF-16915,22.97,10.59,433,2,5.08,0
TXREF-16916,96.96,13.41,1356,2,4.1,0
TXREF-16917,11.56,11.74,10,3,2.65,0
TXREF-16918,43.25,17.54,332,5,11.87,0
TXREF-16919,30.55,21.8,673,3,32.05,0
TXREF-16920,61.12,12.44,54,1,12.07,0
TXREF-16921,34.3,9.81,271,4,11.93,0
TXREF-16922,35.03,14.72,151,3,6.54,0
TXREF-16923,28.73,19.34,1340,2,7.89,0
TXREF-16924,94.93,21.11,212,3,3.99,0
TXREF-16925,34.87,12.13,440,1,15.55,0
TXREF-16926,143.76,10.61,80,2,7.05,0
TXREF-16927,42.35,17.79,466,1,12.86,0
TXREF-16928,35.36,16.97,260,2,38.23,1
TXREF-16929,31.35,12.57,424,2,9.56,0
TXREF-16930,52.26,12.08,1208,3,9.27,0
TXREF-16931,22.79,20.67,535,5,2.85,0
TXREF-16932,38.66,13.07,395,1,12.8,0
TXREF-16933,35.02,17.26,519,2,3.1,0
TXREF-16934,44.0,14.13,910,3,11.13,0
TXREF-16935,44.79,18.12,2625,1,14.53,0
TXREF-16936,46.5,11.7,298,4,16.63,0
TXREF-16937,37.28,6.6,4,1,16.05,0
TXREF-16938,107.73,22.34,558,1,4.32,0
TXREF-16939,47.19,14.69,238,2,1.97,0
TXREF-16940,227.31,20.99,532,2,17.9,1
TXREF-16941,36.09,11.48,122,1,12.52,0
TXREF-16942,69.44,9.64,2360,4,1.82,0
TXREF-16943,20.64,14.5,41,2,38.62,0
TXREF-16944,95.45,7.63,118,1,9.97,0
TXREF-16945,20.97,20.19,317,3,9.37,0
TXREF-16946,48.34,17.27,19,1,1.52,0
TXREF-16947,28.78,15.44,406,2,1.56,0
TXREF-16948,48.2,14.82,253,2,20.84,0
TXREF-16949,29.4,19.58,336,4,11.95,0
TXREF-16950,19.72,19.92,601,2,35.91,0
TXREF-16951,28.63,7.91,43,2,30.76,0
TXREF-16952,105.63,13.52,217,3,1.23,0
TXREF-16953,48.74,16.19,54,3,2.76,0
TXREF-16954,13.76,22.03,87,2,1.96,0
TXREF-16955,76.61,19.97,307,1,0.88,0
TXREF-16956,18.32,17.28,234,2,9.27,0
TXREF-16957,59.45,18.33,459,3,0.81,0
TXREF-16958,51.85,10.54,168,2,8.2,0
TXREF-16959,54.26,19.72,65,2,29.07,0
TXREF-16960,132.2,18.07,223,5,4.75,0
TXREF-16961,19.17,21.67,514,2,30.42,0
TXREF-16962,54.04,14.39,57,2,17.62,0
TXREF-16963,86.22,23.34,138,1,3.88,0
TXREF-16964,21.91,12.91,122,1,16.1,0
TXREF-16965,20.35,21.86,673,2,27.64,0
TXREF-16966,28.31,15.8,576,2,220.66,0
TXREF-16967,43.98,11.8,1002,2,7.85,0
TXREF-16968,12.61,23.87,525,4,9.08,0
TXREF-16969,51.78,12.27,161,2,45.78,0
TXREF-16970,12.63,11.98,1296,5,6.24,0
TXREF-16971,88.34,8.83,151,3,17.98,0
TXREF-16972,50.4,18.1,268,5,7.23,0
TXREF-16973,138.03,15.57,647,4,12.35,0
TXREF-16974,56.35,17.01,343,1,1.1,0
TXREF-16975,27.95,16.1,278,1,18.63,0
TXREF-16976,19.59,15.28,484,2,3.79,0
TXREF-16977,41.35,15.91,723,1,41.06,0
TXREF-16978,34.06,16.23,435,3,1.81,0
TXREF-16979,81.78,20.63,312,2,24.47,0
TXREF-16980,17.84,18.49,811,5,14.71,0
TXREF-16981,149.16,19.74,353,2,16.16,0
TXREF-16982,87.17,8.81,1102,3,16.54,0
TXREF-16983,30.07,15.06,38,2,1.47,0
TXREF-16984,127.03,19.22,148,3,13.97,0
TXREF-16985,19.81,16.87,573,2,11.14,0
TXREF-16986,40.37,19.32,36,3,7.49,0
TXREF-16987,13.89,20.45,11,4,2.77,0
TXREF-16988,131.57,15.12,2,4,2.05,1
TXREF-16989,10.63,14.75,248,1,2.83,0
TXREF-16990,12.34,9.83,175,5,2.6,0
TXREF-16991,22.04,18.21,127,4,11.41,0
TXREF-16992,90.2,10.23,217,3,6.03,0
TXREF-16993,69.23,12.83,77,3,6.18,0
TXREF-16994,38.01,17.07,236,2,30.39,0
TXREF-16995,72.5,12.81,332,4,8.46,0
TXREF-16996,32.04,18.86,5,1,11.45,0
TXREF-16997,47.19,14.38,248,2,16.37,0
TXREF-16998,114.35,14.21,1437,2,21.45,0
TXREF-16999,29.15,14.37,191,4,25.27,0
TXREF-17000,20.05,14.68,488,4,10.6,0
TXREF-17001,48.85,18.44,96,2,13.58,0
TXREF-17002,59.32,11.13,963,2,13.69,0
TXREF-17003,37.69,17.26,32,3,13.35,0
TXREF-17004,71.7,23.64,268,7,0.33,0
TXREF-17005,30.12,17.34,374,3,3.3,0
TXREF-17006,38.16,15.08,449,3,31.09,0
TXREF-17007,45.59,15.05,230,2,9.92,0
TXREF-17008,42.82,23.19,617,1,24.77,0
TXREF-17009,111.23,6.2,297,3,6.39,0
TXREF-17010,45.43,22.65,432,2,9.23,0
TXREF-17011,27.97,7.93,420,2,3.14,0
TXREF-17012,50.91,20.43,138,2,8.96,0
TXREF-17013,71.98,22.5,1862,4,16.49,1
TXREF-17014,60.79,4.87,195,2,1.24,0
TXREF-17015,58.41,12.21,349,4,1.3,0
TXREF-17016,11.84,20.26,99,3,10.59,0
TXREF-17017,5.79,14.14,195,3,25.53,0
TXREF-17018,87.2,13.89,887,2,3.65,0
TXREF-17019,47.75,20.95,154,1,2.88,0
TXREF-17020,34.28,16.92,129,2,2.3,0
TXREF-17021,57.39,22.65,247,3,7.74,0
TXREF-17022,139.44,17.81,940,1,4.27,0
TXREF-17023,96.33,16.34,350,2,26.98,0
TXREF-17024,69.6,20.8,328,2,3.74,0
TXREF-17025,18.39,12.36,1255,3,1.99,0
TXREF-17026,20.19,12.29,291,2,2.03,0
TXREF-17027,6.25,17.07,1404,1,7.95,0
TXREF-17028,54.93,19.3,213,1,7.01,0
TXREF-17029,77.34,10.26,322,2,5.16,0
TXREF-17030,82.02,19.79,612,3,3.5,0
TXREF-17031,56.62,20.59,46,4,5.38,0
TXREF-17032,31.16,12.88,63,1,49.19,0
TXREF-17033,23.19,18.49,727,1,0.69,0
TXREF-17034,19.22,18.5,262,2,3.0,0
TXREF-17035,30.95,22.23,439,3,2.6,0
TXREF-17036,17.22,15.37,377,4,2.73,0
TXREF-17037,123.26,14.81,444,2,9.92,0
TXREF-17038,13.63,15.24,215,3,3.41,0
TXREF-17039,30.21,13.11,354,3,1.6,0
TXREF-17040,8.64,10.42,187,2,2.47,0
TXREF-17041,43.1,9.02,533,2,7.8,0
TXREF-17042,34.75,15.91,648,2,7.79,0
TXREF-17043,26.93,17.61,489,1,8.52,0
TXREF-17044,17.79,15.46,91,3,2.49,0
TXREF-17045,34.88,11.35,426,3,3.34,0
TXREF-17046,23.52,18.83,73,5,7.46,0
TXREF-17047,31.55,14.25,1314,1,14.16,0
TXREF-17048,142.5,18.09,298,1,6.3,0
TXREF-17049,39.41,16.73,312,2,0.72,0
TXREF-17050,51.09,22.13,312,2,53.75,0
TXREF-17051,24.92,21.03,825,1,7.7,0
TXREF-17052,19.79,11.61,113,2,3.93,0
TXREF-17053,34.24,5.64,1061,3,2.06,0
TXREF-17054,211.2,19.52,51,1,94.6,1
TXREF-17055,28.31,12.8,72,3,10.49,1
TXREF-17056,45.16,17.33,588,2,27.3,0
TXREF-17057,19.17,11.88,269,4,3.5,0
TXREF-17058,4.79,17.29,272,3,4.0,0
TXREF-17059,19.71,21.26,548,5,1.67,0
TXREF-17060,193.27,20.75,687,4,23.35,1
TXREF-17061,53.45,14.56,466,1,46.84,1
TXREF-17062,113.46,15.59,151,2,0.71,0
TXREF-17063,27.1,20.33,101,3,3.64,0
TXREF-17064,6.38,14.13,153,2,43.23,0
TXREF-17065,15.67,11.3,119,3,2.98,0
TXREF-17066,46.33,18.7,612,2,3.21,0
TXREF-17067,41.31,9.8,616,2,8.83,0
TXREF-17068,34.55,11.37,426,3,29.09,0
TXREF-17069,23.77,12.65,982,4,10.6,0
TXREF-17070,68.48,21.64,224,4,7.07,0
TXREF-17071,24.26,16.45,528,3,65.98,0
TXREF-17072,43.45,11.27,190,5,4.42,0
TXREF-17073,40.07,20.34,180,4,1.88,0
TXREF-17074,26.7,15.65,187,5,6.29,0
TXREF-17075,18.46,14.88,83,3,4.2,0
TXREF-17076,25.59,16.23,214,2,3.89,0
TXREF-17077,134.16,14.19,339,4,7.13,0
TXREF-17078,77.55,14.55,14,1,11.62,1
TXREF-17079,72.58,9.03,1686,2,3.2,0
TXREF-17080,19.76,18.47,87,3,2.99,0
TXREF-17081,12.36,12.57,358,5,0.44,0
TXREF-17082,76.67,10.04,32,3,2.89,0
TXREF-17083,66.78,12.39,665,1,19.21,0
TXREF-17084,38.43,12.52,239,2,5.72,0
TXREF-17085,26.66,11.44,70,3,5.03,0
TXREF-17086,12.13,20.47,1442,2,8.16,0
TXREF-17087,65.01,17.12,967,1,3.95,0
TXREF-17088,81.78,7.73,343,3,64.99,0
TXREF-17089,21.35,23.08,657,2,2.67,0
TXREF-17090,20.1,12.58,439,3,15.55,0
TXREF-17091,85.08,19.81,91,2,23.91,0
TXREF-17092,21.93,19.46,709,3,4.33,0
TXREF-17093,125.33,11.4,1168,2,19.0,0
TXREF-17094,32.18,19.63,1441,3,2.54,0
TXREF-17095,26.36,17.81,635,3,2.81,0
TXREF-17096,35.96,19.03,60,2,11.99,0
TXREF-17097,26.35,22.86,422,5,4.34,0
TXREF-17098,78.33,12.63,48,2,30.44,0
TXREF-17099,65.88,13.93,1099,2,24.32,0
TXREF-17100,76.21,18.14,99,6,2.76,1
TXREF-17101,39.76,19.17,227,1,2.64,0
TXREF-17102,25.06,14.67,182,1,1.23,0
TXREF-17103,34.59,16.04,496,2,26.7,0
TXREF-17104,25.62,11.18,3,3,5.48,0
TXREF-17105,100.08,19.45,153,2,20.4,0
TXREF-17106,71.64,11.99,213,3,29.88,0
TXREF-17107,32.59,18.71,525,1,14.71,0
TXREF-17108,17.87,18.2,10,1,0.69,0
TXREF-17109,105.57,17.86,60,2,27.27,1
TXREF-17110,38.41,7.47,163,3,6.63,0
TXREF-17111,31.7,17.69,332,1,3.06,0
TXREF-17112,106.25,13.43,385,2,4.5,0
TXREF-17113,24.12,9.4,109,2,1.87,0
TXREF-17114,27.67,14.3,967,3,4.47,0
TXREF-17115,29.48,20.22,462,6,1.1,0
TXREF-17116,13.49,18.1,933,1,9.31,0
TXREF-17117,43.7,19.68,36,4,11.9,0
TXREF-17118,20.11,21.19,30,3,36.44,0
TXREF-17119,23.08,21.74,46,2,1.3,0
TXREF-17120,20.96,19.95,118,2,0.9,0
TXREF-17121,22.81,7.63,620,3,1.1,0
TXREF-17122,19.03,16.93,266,3,3.76,0
TXREF-17123,41.6,16.0,1200,5,2.9,0
TXREF-17124,31.12,20.48,547,3,2.49,0
TXREF-17125,36.04,15.59,410,5,20.56,0
TXREF-17126,189.56,20.54,12,3,8.75,0
TXREF-17127,31.12,18.28,432,2,4.34,0
TXREF-17128,53.82,18.11,300,3,11.31,0
TXREF-17129,58.41,20.12,452,2,1.31,0
TXREF-17130,33.27,16.73,232,3,2.6,0
TXREF-17131,42.4,6.46,76,2,2.05,0
TXREF-17132,35.34,21.76,67,2,5.31,0
TXREF-17133,40.28,16.56,683,2,23.25,0
TXREF-17134,22.82,5.86,427,3,8.18,0
TXREF-17135,24.39,15.22,48,4,10.94,0
TXREF-17136,35.24,7.64,468,1,10.88,0
TXREF-17137,8.42,12.04,274,3,2.55,0
TXREF-17138,102.22,16.17,423,2,1.31,0
TXREF-17139,164.98,19.93,55,3,20.25,1
TXREF-17140,39.36,18.02,92,1,4.53,0
TXREF-17141,56.21,14.2,1193,1,24.42,0
TXREF-17142,75.82,13.88,354,2,12.08,0
TXREF-17143,13.41,17.52,386,5,5.96,0
TXREF-17144,67.92,22.67,1925,6,199.85,0
TXREF-17145,25.61,1.08,56,2,4.93,0
TXREF-17146,181.15,14.34,916,3,1.02,0
TXREF-17147,30.4,13.78,223,2,3.57,0
TXREF-17148,66.95,22.8,354,3,4.58,0
TXREF-17149,30.62,11.87,593,2,2.29,0
TXREF-17150,169.29,11.34,343,2,7.4,0
TXREF-17151,24.07,22.18,269,2,2.27,0
TXREF-17152,80.55,7.15,283,1,58.32,0
TXREF-17153,54.66,18.75,312,6,5.43,0
TXREF-17154,46.58,20.16,428,1,3.38,0
TXREF-17155,41.05,13.24,834,2,15.78,0
TXREF-17156,21.54,18.09,227,3,8.44,0
TXREF-17157,5.41,13.55,52,3,1.54,0
TXREF-17158,75.46,15.65,560,2,11.01,0
TXREF-17159,24.48,9.45,504,2,1.26,0
TXREF-17160,80.81,18.47,463,1,6.94,0
TXREF-17161,44.85,13.61,52,4,1.38,0
TXREF-17162,82.61,10.74,1387,4,17.07,0
TXREF-17163,62.01,10.74,150,3,15.75,0
TXREF-17164,5.9,19.41,60,2,7.58,0
TXREF-17165,54.2,12.12,765,3,4.1,0
TXREF-17166,27.18,10.81,67,1,4.82,0
TXREF-17167,80.54,12.61,22,2,1.35,0
TXREF-17168,53.29,14.15,94,1,10.69,0
TXREF-17169,53.74,22.91,661,3,8.18,0
TXREF-17170,28.62,15.42,116,1,1.69,0
TXREF-17171,18.05,14.75,444,1,11.57,0
TXREF-17172,25.49,16.07,105,2,23.77,0
TXREF-17173,9.53,13.13,19,3,4.64,0
TXREF-17174,22.76,20.63,282,1,2.35,0
TXREF-17175,12.13,12.44,1251,1,3.79,0
TXREF-17176,12.36,18.33,624,3,3.21,0
TXREF-17177,37.86,20.12,472,3,5.73,0
TXREF-17178,51.14,9.43,34,3,4.09,0
TXREF-17179,34.03,8.67,159,2,3.79,0
TXREF-17180,24.31,14.97,564,3,5.2,0
TXREF-17181,17.6,17.72,393,1,10.1,0
TXREF-17182,27.71,10.32,19,1,5.43,0
TXREF-17183,19.26,11.19,73,2,2.86,0
TXREF-17184,33.27,15.24,582,2,6.56,0
TXREF-17185,11.64,13.99,93,1,6.3,0
TXREF-17186,57.68,12.13,502,3,16.97,1
TXREF-17187,23.14,0.18,242,3,3.18,0
TXREF-17188,45.65,14.99,1319,2,5.33,0
TXREF-17189,65.94,20.81,202,3,20.75,0
TXREF-17190,44.08,20.41,113,2,7.12,0
TXREF-17191,61.89,14.08,571,2,1.28,0
TXREF-17192,7.86,21.68,254,3,42.32,0
TXREF-17193,24.41,20.16,620,3,5.54,0
TXREF-17194,77.03,17.63,114,2,11.23,0
TXREF-17195,50.23,9.8,116,3,10.84,0
TXREF-17196,131.75,13.03,89,2,14.47,0
TXREF-17197,118.77,15.17,635,2,13.91,0
TXREF-17198,43.19,13.75,711,5,21.28,0
TXREF-17199,29.04,7.73,36,1,2.29,0
TXREF-17200,17.46,18.49,1148,1,11.88,0
TXREF-17201,24.72,23.29,171,2,1.95,0
TXREF-17202,25.95,15.79,844,2,1.87,0
TXREF-17203,22.71,22.31,193,2,2.78,0
TXREF-17204,17.97,14.43,355,2,3.69,0
TXREF-17205,46.49,10.17,155,1,7.4,0
TXREF-17206,118.11,13.49,249,6,2.42,0
TXREF-17207,68.17,20.49,259,2,10.34,0
TXREF-17208,27.6,22.66,537,3,4.07,0
TXREF-17209,72.25,17.97,94,1,9.22,0
TXREF-17210,44.68,18.45,667,1,0.51,0
TXREF-17211,33.81,15.72,558,5,1.67,0
TXREF-17212,32.32,21.93,1,1,7.87,0
TXREF-17213,30.15,18.75,608,3,5.81,0
TXREF-17214,55.63,12.89,629,1,55.96,0
TXREF-17215,38.5,14.17,108,1,69.91,0
TXREF-17216,20.61,13.22,515,4,0.66,0
TXREF-17217,19.9,7.18,67,2,1.61,0
TXREF-17218,43.39,18.07,768,2,2.01,0
TXREF-17219,47.4,16.16,530,2,1.3,0
TXREF-17220,27.79,23.97,96,2,4.02,0
TXREF-17221,15.41,17.21,156,3,17.16,0
TXREF-17222,85.69,13.03,14,2,10.19,1
TXREF-17223,73.54,17.16,134,2,12.45,0
TXREF-17224,8.32,14.24,384,2,1.66,0
TXREF-17225,91.33,9.66,47,3,3.09,0
TXREF-17226,29.95,14.08,218,1,4.53,0
TXREF-17227,39.92,11.12,24,1,4.53,0
TXREF-17228,79.01,21.32,1183,2,1.12,0
TXREF-17229,114.41,23.36,109,3,1.05,0
TXREF-17230,71.67,15.25,322,2,3.58,0
TXREF-17231,41.41,18.79,203,2,3.6,0
TXREF-17232,12.93,22.16,133,4,4.31,0
TXREF-17233,8.09,22.28,216,1,4.2,0
TXREF-17234,65.51,16.04,871,2,3.37,0
TXREF-17235,91.49,11.33,718,2,9.27,0
TXREF-17236,19.36,13.01,718,2,1.8,0
TXREF-17237,28.67,15.68,374,2,17.29,0
TXREF-17238,23.31,19.42,325,2,3.25,0
TXREF-17239,22.86,15.88,493,3,4.99,0
TXREF-17240,75.49,9.51,113,3,4.0,0
TXREF-17241,40.74,17.0,678,3,4.84,0
TXREF-17242,29.52,12.82,438,2,6.41,0
TXREF-17243,235.9,15.98,93,2,14.57,0
TXREF-17244,12.39,15.56,301,1,5.08,0
TXREF-17245,51.65,17.49,1,1,5.43,0
TXREF-17246,16.36,13.25,256,4,11.41,0
TXREF-17247,31.08,12.89,22,5,2.18,0
TXREF-17248,38.75,10.45,147,3,2.18,0
TXREF-17249,63.95,12.26,18,2,10.04,0
TXREF-17250,28.85,18.98,121,1,15.92,0
TXREF-17251,26.73,11.39,713,4,10.79,0
TXREF-17252,28.48,15.01,10,3,6.14,0
TXREF-17253,16.0,18.7,4,5,2.66,0
TXREF-17254,54.89,12.58,365,3,22.67,0
TXREF-17255,42.63,9.79,819,2,2.47,0
TXREF-17256,47.62,16.37,328,2,9.11,0
TXREF-17257,33.11,21.37,724,5,1.91,0
TXREF-17258,30.3,18.27,130,2,49.19,0
TXREF-17259,81.16,14.27,160,1,2.46,0
TXREF-17260,72.65,11.67,166,1,7.08,0
TXREF-17261,96.41,12.21,64,4,0.88,0
TXREF-17262,45.53,10.22,209,4,71.66,0
TXREF-17263,92.2,17.24,463,2,23.88,0
TXREF-17264,25.8,19.88,926,3,13.45,0
TXREF-17265,30.13,20.07,95,2,2.65,0
TXREF-17266,82.31,17.34,116,1,14.76,0
TXREF-17267,63.9,23.81,76,3,2.08,0
TXREF-17268,28.24,18.06,83,3,15.05,0
TXREF-17269,16.39,8.13,137,2,0.94,0
TXREF-17270,30.06,20.35,620,4,3.07,0
TXREF-17271,21.26,12.69,1591,3,1.49,0
TXREF-17272,120.5,19.82,638,3,6.58,0
TXREF-17273,60.17,14.2,245,1,0.76,0
TXREF-17274,20.06,14.07,495,3,13.22,0
TXREF-17275,16.41,13.66,7,1,11.98,0
TXREF-17276,19.88,19.0,108,4,4.86,0
TXREF-17277,23.28,18.75,599,2,8.64,0
TXREF-17278,30.88,16.77,397,1,14.38,0
TXREF-17279,77.67,20.8,98,3,3.04,0
TXREF-17280,17.36,16.84,2310,1,4.31,0
TXREF-17281,180.99,10.75,681,2,4.39,0
TXREF-17282,17.65,16.26,153,4,2.92,0
TXREF-17283,12.62,19.49,8,3,6.94,0
TXREF-17284,117.4,19.45,21,2,22.08,0
TXREF-17285,90.13,13.32,152,2,6.48,0
TXREF-17286,30.53,21.34,493,5,4.43,0
TXREF-17287,45.81,12.75,72,2,24.45,0
TXREF-17288,46.65,21.56,747,2,10.48,0
TXREF-17289,38.41,15.44,486,3,3.11,0
TXREF-17290,13.69,20.51,179,3,18.28,0
TXREF-17291,5.83,14.45,702,3,2.66,0
TXREF-17292,18.95,12.56,1762,2,3.52,0
TXREF-17293,128.72,15.29,290,1,1.5,0
TXREF-17294,132.41,0.56,142,1,28.69,0
TXREF-17295,28.83,20.25,116,3,12.36,0
TXREF-17296,17.47,14.15,45,1,18.74,0
TXREF-17297,42.53,13.29,1025,4,7.56,0
TXREF-17298,47.75,17.29,277,1,0.59,0
TXREF-17299,53.65,9.55,264,1,23.35,0
TXREF-17300,5.64,19.41,787,1,13.12,0
TXREF-17301,338.18,17.76,237,3,3.81,0
TXREF-17302,78.68,19.78,1637,3,6.93,0
TXREF-17303,30.19,18.86,339,2,5.14,0
TXREF-17304,20.75,12.32,332,4,8.23,0
TXREF-17305,70.87,12.62,203,3,9.21,0
TXREF-17306,49.73,21.33,95,4,13.74,0
TXREF-17307,37.2,15.99,89,4,42.69,0
TXREF-17308,48.42,10.81,404,5,3.31,0
TXREF-17309,32.1,13.65,510,1,11.74,0
TXREF-17310,46.49,22.82,256,3,1.37,0
TXREF-17311,58.73,10.32,143,3,2.19,0
TXREF-17312,44.58,10.66,106,2,1.15,0
TXREF-17313,42.93,14.41,572,1,12.27,0
TXREF-17314,94.9,14.35,576,3,2.4,0
TXREF-17315,11.02,22.61,12,4,7.47,0
TXREF-17316,19.6,22.49,113,1,13.13,0
TXREF-17317,35.49,0.66,377,1,7.29,0
TXREF-17318,20.58,18.18,201,3,3.4,0
TXREF-17319,26.18,13.67,1092,4,1.13,0
TXREF-17320,87.99,17.51,803,1,2.13,0
TXREF-17321,31.27,8.58,489,2,11.92,0
TXREF-17322,9.33,15.03,597,1,18.73,1
TXREF-17323,25.67,18.79,7,2,3.11,0
TXREF-17324,36.3,13.56,887,3,22.54,0
TXREF-17325,35.82,12.28,24,1,72.21,0
TXREF-17326,51.95,20.41,50,3,32.6,0
TXREF-17327,48.99,16.38,1025,2,4.26,0
TXREF-17328,31.5,19.07,2180,3,11.99,0
TXREF-17329,14.75,16.24,501,1,4.58,0
TXREF-17330,25.34,15.02,184,4,19.99,0
TXREF-17331,22.23,13.17,63,2,1.93,0
TXREF-17332,28.35,13.3,405,2,22.67,0
TXREF-17333,57.26,21.11,21,2,0.51,0
TXREF-17334,46.57,19.41,477,3,20.24,0
TXREF-17335,63.01,15.11,14,6,2.59,0
TXREF-17336,26.4,10.98,336,4,2.65,0
TXREF-17337,103.13,12.61,87,2,3.48,1
TXREF-17338,56.51,19.89,301,2,0.78,0
TXREF-17339,37.74,7.95,498,3,8.64,0
TXREF-17340,53.75,10.28,622,3,2.06,0
TXREF-17341,21.4,21.25,50,4,6.0,0
TXREF-17342,7.63,18.08,504,2,11.71,0
TXREF-17343,22.49,17.19,1640,3,3.12,0
TXREF-17344,59.63,10.3,22,3,2.23,0
TXREF-17345,36.88,21.43,863,1,4.34,0
TXREF-17346,31.55,11.0,629,2,2.0,0
TXREF-17347,18.91,18.02,437,1,3.37,0
TXREF-17348,8.51,13.46,163,4,2.23,0
TXREF-17349,97.11,16.57,671,1,10.12,0
TXREF-17350,29.97,13.19,3146,2,13.14,0
TXREF-17351,25.55,9.94,184,4,5.52,0
TXREF-17352,21.46,11.3,227,2,4.38,0
TXREF-17353,85.91,12.95,261,5,4.79,0
TXREF-17354,65.67,16.46,30,2,6.0,0
TXREF-17355,17.35,13.41,147,2,28.54,0
TXREF-17356,80.52,16.03,76,3,0.6,0
TXREF-17357,31.36,13.74,398,2,0.46,0
TXREF-17358,22.43,14.76,288,3,3.11,0
TXREF-17359,28.18,21.21,1210,3,2.92,0
TXREF-17360,19.81,11.81,1470,3,2.6,0
TXREF-17361,13.45,18.66,144,1,29.13,0
TXREF-17362,60.87,15.93,1037,2,14.65,0
TXREF-17363,29.7,13.07,778,1,23.97,0
TXREF-17364,54.29,21.23,2033,3,3.01,0
TXREF-17365,42.81,15.54,239,1,1.03,0
TXREF-17366,51.67,19.38,58,2,14.53,0
TXREF-17367,7.98,18.87,30,2,7.35,0
TXREF-17368,18.65,15.54,242,3,4.25,0
TXREF-17369,52.45,13.33,535,2,7.0,0
TXREF-17370,13.9,7.22,269,2,17.38,0
TXREF-17371,45.54,20.25,93,3,25.09,0
TXREF-17372,12.79,13.35,43,5,4.97,0
TXREF-17373,35.23,17.2,128,1,12.37,0
TXREF-17374,110.96,21.05,66,1,50.45,0
TXREF-17375,60.81,13.05,704,1,6.77,0
TXREF-17376,9.18,14.52,166,1,2.55,0
TXREF-17377,64.12,20.61,54,3,3.62,0
TXREF-17378,129.28,19.42,8,4,3.74,1
TXREF-17379,260.83,16.68,537,6,3.97,0
TXREF-17380,49.01,15.65,382,3,25.38,0
TXREF-17381,13.03,20.95,255,5,7.49,0
TXREF-17382,47.61,11.56,313,2,4.74,0
TXREF-17383,109.85,17.3,282,2,2.79,0
TXREF-17384,30.43,15.95,716,4,2.04,0
TXREF-17385,73.78,12.72,153,2,4.19,0
TXREF-17386,19.02,10.53,34,4,26.91,0
TXREF-17387,45.52,8.96,147,2,23.52,0
TXREF-17388,5.8,14.09,249,2,1.58,0
TXREF-17389,17.56,13.2,449,3,2.39,0
TXREF-17390,34.66,17.79,247,3,25.88,0
TXREF-17391,26.8,17.18,102,2,1.38,0
TXREF-17392,13.65,14.12,640,2,1.96,0
TXREF-17393,24.29,13.74,863,3,5.99,0
TXREF-17394,44.14,10.31,74,3,3.74,0
TXREF-17395,32.72,17.4,94,1,36.59,0
TXREF-17396,36.37,13.82,195,2,3.2,0
TXREF-17397,58.97,20.62,160,1,3.33,0
TXREF-17398,27.19,17.77,261,1,7.85,0
TXREF-17399,92.63,19.39,528,1,13.45,0
TXREF-17400,17.08,11.35,715,2,5.67,1
TXREF-17401,139.51,21.9,403,3,9.95,0
TXREF-17402,77.59,20.46,1196,5,14.95,0
TXREF-17403,26.94,19.25,251,3,2.67,0
TXREF-17404,28.27,17.97,518,4,11.69,0
TXREF-17405,40.4,18.91,565,2,1.77,0
TXREF-17406,53.57,15.04,1098,2,5.54,0
TXREF-17407,76.56,12.18,66,2,2.58,0
TXREF-17408,13.26,13.95,502,1,4.18,0
TXREF-17409,47.7,13.12,240,3,36.06,0
TXREF-17410,7.58,11.59,6,2,18.53,0
TXREF-17411,30.64,20.56,823,2,20.65,0
TXREF-17412,99.17,11.96,211,2,1.31,0
TXREF-17413,12.54,15.84,339,2,22.51,0
TXREF-17414,11.01,13.03,762,1,4.51,0
TXREF-17415,40.81,8.5,816,2,26.18,0
TXREF-17416,94.53,15.99,25,2,4.97,0
TXREF-17417,44.0,16.04,90,2,2.32,0
TXREF-17418,8.83,21.21,85,7,23.55,0
TXREF-17419,10.36,20.13,653,3,5.81,0
TXREF-17420,37.35,14.59,299,3,1.47,0
TXREF-17421,14.89,16.39,57,4,1.59,0
TXREF-17422,38.41,17.26,83,2,8.99,0
TXREF-17423,40.09,17.06,31,1,2.7,0
TXREF-17424,24.47,15.02,98,2,4.71,0
TXREF-17425,128.59,22.24,1811,4,88.7,1
TXREF-17426,53.26,16.7,382,2,2.27,0
TXREF-17427,83.29,13.76,356,2,8.33,0
TXREF-17428,67.55,9.87,679,2,0.65,0
TXREF-17429,31.25,21.25,43,4,0.87,0
TXREF-17430,30.27,20.23,122,2,2.46,0
TXREF-17431,28.1,20.06,1290,2,5.08,0
TXREF-17432,56.85,21.91,651,3,3.4,0
TXREF-17433,21.8,13.62,291,3,3.24,0
TXREF-17434,120.55,14.15,135,3,39.98,0
TXREF-17435,20.35,12.71,736,3,1.38,0
TXREF-17436,40.63,15.98,78,4,8.47,0
TXREF-17437,29.52,14.9,252,3,1.83,0
TXREF-17438,25.16,11.96,737,4,3.35,0
TXREF-17439,166.35,10.76,331,2,5.27,0
TXREF-17440,25.38,12.71,351,2,2.04,0
TXREF-17441,27.96,11.3,12,2,47.34,1
TXREF-17442,21.58,13.26,223,5,4.96,0
TXREF-17443,35.86,14.45,153,3,5.31,0
TXREF-17444,32.36,12.4,372,4,5.52,0
TXREF-17445,15.55,18.65,261,3,20.7,0
TXREF-17446,25.65,17.71,552,3,1.74,0
TXREF-17447,54.0,13.27,173,1,5.37,0
TXREF-17448,72.92,10.91,504,3,30.05,0
TXREF-17449,35.42,13.9,549,3,2.39,0
TXREF-17450,36.32,13.57,48,4,16.02,0
TXREF-17451,26.85,13.8,126,1,5.02,0
TXREF-17452,24.25,12.73,190,3,21.78,0
TXREF-17453,17.96,18.46,293,2,30.32,0
TXREF-17454,11.35,14.11,284,2,2.98,0
TXREF-17455,20.99,12.88,488,1,4.34,0
TXREF-17456,66.75,18.38,128,2,0.89,0
TXREF-17457,25.65,14.3,604,3,2.57,0
TXREF-17458,27.14,13.78,345,4,3.43,0
TXREF-17459,26.76,14.23,102,4,1.86,0
TXREF-17460,85.3,12.73,469,2,7.47,0
TXREF-17461,17.84,20.27,247,5,2.07,0
TXREF-17462,42.5,0.42,58,5,7.55,0
TXREF-17463,33.14,18.79,180,3,1.32,0
TXREF-17464,36.56,11.15,80,2,6.27,0
TXREF-17465,41.51,11.83,494,2,16.03,0
TXREF-17466,36.28,9.88,20,4,3.6,0
TXREF-17467,61.62,8.58,619,2,0.56,0
TXREF-17468,34.09,15.61,107,2,9.71,0
TXREF-17469,122.24,18.08,25,2,13.84,1
TXREF-17470,35.95,15.78,551,2,5.65,0
TXREF-17471,10.21,23.29,191,2,1.78,0
TXREF-17472,55.12,21.62,78,2,18.27,0
TXREF-17473,46.17,14.61,98,2,7.09,1
TXREF-17474,35.64,17.9,39,3,10.55,1
TXREF-17475,28.88,19.11,650,3,12.23,0
TXREF-17476,7.59,11.44,356,5,5.59,0
TXREF-17477,8.57,6.7,247,3,5.04,0
TXREF-17478,114.0,18.74,381,4,1.83,1
TXREF-17479,22.84,9.98,178,3,3.64,0
TXREF-17480,69.77,12.86,544,1,3.82,0
TXREF-17481,10.98,13.59,402,5,2.78,0
TXREF-17482,16.38,12.49,75,3,9.94,0
TXREF-17483,56.75,22.01,229,4,4.96,0
TXREF-17484,32.34,11.63,414,2,3.7,0
TXREF-17485,51.27,15.22,612,2,9.32,0
TXREF-17486,34.47,22.45,153,1,6.84,0
TXREF-17487,29.98,21.45,1287,2,36.12,0
TXREF-17488,21.34,19.68,271,1,22.04,0
TXREF-17489,14.74,10.63,24,3,2.07,0
TXREF-17490,95.58,10.27,96,1,9.26,0
TXREF-17491,107.6,14.93,115,2,10.66,0
TXREF-17492,16.48,12.69,271,5,21.64,0
TXREF-17493,15.72,15.19,123,1,2.07,0
TXREF-17494,27.1,15.22,322,3,7.27,0
TXREF-17495,44.48,20.16,435,3,4.23,0
TXREF-17496,30.54,16.37,61,1,1.65,0
TXREF-17497,49.88,14.91,662,2,18.13,0
TXREF-17498,33.6,18.89,107,2,16.31,0
TXREF-17499,32.06,13.57,588,3,9.48,0
TXREF-17500,197.83,16.46,71,2,5.1,0
TXREF-17501,23.85,12.98,417,2,6.62,0
TXREF-17502,113.38,20.77,567,3,3.46,0
TXREF-17503,98.67,18.77,86,1,2.21,0
TXREF-17504,50.05,0.13,1589,3,1.2,0
TXREF-17505,8.7,13.27,331,2,7.67,0
TXREF-17506,35.6,21.07,356,3,6.14,0
TXREF-17507,24.03,12.08,255,3,10.38,0
TXREF-17508,35.32,14.4,261,3,2.56,0
TXREF-17509,16.19,16.2,100,3,0.56,0
TXREF-17510,60.01,9.68,490,2,5.9,0
TXREF-17511,70.75,16.06,182,4,11.86,1
TXREF-17512,80.84,16.99,69,3,0.73,0
TXREF-17513,26.44,15.83,601,3,1.02,0
TXREF-17514,16.24,13.58,296,1,2.6,0
TXREF-17515,44.84,21.51,1187,1,1.8,0
TXREF-17516,123.27,18.16,387,2,19.74,0
TXREF-17517,36.6,17.0,248,2,26.2,0
TXREF-17518,48.21,14.08,272,2,7.22,0
TXREF-17519,29.4,20.82,237,1,9.85,0
TXREF-17520,24.23,20.73,89,1,7.54,0
TXREF-17521,55.92,17.12,340,3,2.49,0
TXREF-17522,32.25,16.79,20,2,17.32,1
TXREF-17523,46.55,15.29,525,3,14.81,0
TXREF-17524,50.17,11.9,661,5,11.97,0
TXREF-17525,44.71,10.47,1359,3,10.85,0
TXREF-17526,52.02,14.76,138,4,1.85,0
TXREF-17527,18.84,16.68,383,3,6.63,0
TXREF-17528,18.03,10.02,476,1,6.09,0
TXREF-17529,33.76,13.72,731,3,7.95,0
TXREF-17530,34.35,13.52,621,2,4.6,0
TXREF-17531,23.9,13.8,159,2,2.27,0
TXREF-17532,41.41,15.57,355,1,0.89,0
TXREF-17533,66.95,8.36,335,1,9.94,0
TXREF-17534,81.86,20.07,617,1,1.0,0
TXREF-17535,96.24,12.44,496,2,1.91,0
TXREF-17536,13.51,18.78,179,4,12.4,0
TXREF-17537,15.07,21.58,159,3,8.42,0
TXREF-17538,28.26,22.65,34,2,8.86,0
TXREF-17539,36.89,14.15,116,4,15.01,0
TXREF-17540,29.32,21.5,1071,3,39.17,0
TXREF-17541,23.39,18.67,299,1,12.29,0
TXREF-17542,27.96,15.44,790,4,2.76,0
TXREF-17543,49.3,14.91,234,2,12.94,0
TXREF-17544,13.37,10.01,236,3,5.49,0
TXREF-17545,188.15,20.34,469,1,1.86,0
TXREF-17546,35.34,18.87,54,1,45.84,0
TXREF-17547,74.19,14.94,23,3,13.19,0
TXREF-17548,22.93,17.17,13,2,1.5,0
TXREF-17549,52.64,14.16,239,2,11.44,0
TXREF-17550,37.41,17.91,2635,3,10.91,0
TXREF-17551,64.52,17.4,395,1,4.33,0
TXREF-17552,30.17,17.29,747,3,2.65,0
TXREF-17553,106.39,9.94,174,1,8.91,0
TXREF-17554,11.89,16.43,380,1,0.69,0
TXREF-17555,68.96,11.94,1161,1,38.11,0
TXREF-17556,37.92,15.43,290,4,0.24,0
TXREF-17557,16.72,13.18,160,1,11.45,0
TXREF-17558,141.95,13.91,337,3,2.86,0
TXREF-17559,131.77,10.21,559,3,2.46,0
TXREF-17560,7.82,22.86,603,3,4.3,0
TXREF-17561,39.54,22.09,47,4,5.45,0
TXREF-17562,57.86,12.27,273,2,24.88,0
TXREF-17563,47.85,14.01,981,6,3.78,0
TXREF-17564,103.67,15.74,249,2,62.29,0
TXREF-17565,89.25,19.25,23,2,8.97,0
TXREF-17566,42.14,19.96,481,4,8.33,0
TXREF-17567,179.38,19.8,509,3,4.96,0
TXREF-17568,68.34,15.3,126,4,1.65,0
TXREF-17569,27.03,16.21,360,2,3.15,0
TXREF-17570,23.39,20.38,299,3,16.08,0
TXREF-17571,85.22,16.3,161,1,5.68,0
TXREF-17572,19.67,21.57,645,2,4.84,0
TXREF-17573,25.92,17.47,322,3,12.29,0
TXREF-17574,29.3,12.8,1012,3,3.62,0
TXREF-17575,44.97,14.97,809,1,0.56,0
TXREF-17576,30.29,20.72,314,4,2.55,0
TXREF-17577,13.49,17.66,610,3,6.26,0
TXREF-17578,80.37,15.26,97,3,6.37,0
TXREF-17579,26.02,9.56,164,3,1.55,0
TXREF-17580,149.06,20.69,160,3,17.66,0
TXREF-17581,43.33,16.67,11,3,10.28,0
TXREF-17582,86.69,12.24,789,3,13.65,0
TXREF-17583,54.83,10.36,586,2,2.81,0
TXREF-17584,89.73,17.04,1025,3,27.43,0
TXREF-17585,52.49,10.74,396,4,11.77,0
TXREF-17586,41.24,16.56,56,2,3.58,0
TXREF-17587,76.49,17.42,295,2,9.8,0
TXREF-17588,208.49,11.92,1157,1,15.01,0
TXREF-17589,28.67,11.64,674,3,38.04,0
TXREF-17590,61.7,12.5,7,1,6.09,1
TXREF-17591,34.68,10.84,411,1,15.88,0
TXREF-17592,50.12,14.73,248,1,17.54,0
TXREF-17593,35.89,15.19,716,2,6.27,0
TXREF-17594,7.36,16.33,1558,4,12.96,0
TXREF-17595,30.14,11.33,325,2,21.34,0
TXREF-17596,71.5,16.69,683,1,1.45,0
TXREF-17597,20.07,10.84,247,5,14.62,0
TXREF-17598,67.56,16.69,640,3,12.71,0
TXREF-17599,39.73,21.33,391,4,4.05,0
TXREF-17600,30.33,20.55,827,1,64.17,0
TXREF-17601,66.83,12.33,20,4,2.89,0
TXREF-17602,56.85,15.92,360,3,20.76,0
TXREF-17603,47.12,17.16,697,4,37.87,0
TXREF-17604,72.35,9.94,81,1,5.53,0
TXREF-17605,40.3,16.67,42,3,33.56,0
TXREF-17606,10.65,12.24,82,1,3.21,0
TXREF-17607,26.52,13.02,481,3,0.57,0
TXREF-17608,9.5,11.86,394,4,2.27,0
TXREF-17609,55.89,19.16,600,1,5.42,0
TXREF-17610,66.37,10.26,978,2,12.79,0
TXREF-17611,68.58,15.38,80,1,21.3,0
TXREF-17612,49.51,12.0,196,1,5.12,0
TXREF-17613,69.89,17.49,13,3,27.15,0
TXREF-17614,11.19,21.43,41,2,1.4,0
TXREF-17615,32.22,20.55,57,3,25.52,0
TXREF-17616,12.57,14.45,1012,2,6.68,0
TXREF-17617,26.9,17.03,720,2,5.84,0
TXREF-17618,111.46,17.32,175,3,3.36,0
TXREF-17619,76.49,13.2,43,1,1.71,0
TXREF-17620,56.08,16.9,196,6,1.3,0
TXREF-17621,30.55,12.73,96,2,6.81,0
TXREF-17622,17.02,21.18,1334,6,5.35,0
TXREF-17623,39.83,6.99,641,3,3.08,0
TXREF-17624,77.45,15.21,172,6,2.36,0
TXREF-17625,46.76,13.97,505,1,3.36,0
TXREF-17626,11.12,13.85,1758,7,60.71,0
TXREF-17627,37.54,14.91,389,2,1.26,0
TXREF-17628,8.78,14.19,1200,1,0.99,0
TXREF-17629,62.12,14.7,154,1,2.46,0
TXREF-17630,21.14,15.31,671,1,9.21,0
TXREF-17631,14.43,19.6,528,5,3.13,0
TXREF-17632,62.73,21.65,225,6,8.11,0
TXREF-17633,52.08,19.16,216,4,8.87,0
TXREF-17634,41.15,22.19,36,2,14.12,1
TXREF-17635,168.68,23.82,780,2,8.88,0
TXREF-17636,54.99,14.15,408,2,5.88,0
TXREF-17637,21.88,18.39,18,4,26.81,0
TXREF-17638,50.59,16.94,872,2,1.47,0
TXREF-17639,28.33,19.36,570,2,1.0,0
TXREF-17640,86.67,15.19,138,2,4.14,0
TXREF-17641,42.62,7.5,113,3,6.68,0
TXREF-17642,45.77,18.17,487,2,7.97,0
TXREF-17643,12.32,16.03,2,1,4.91,0
TXREF-17644,36.39,18.69,490,2,10.41,0
TXREF-17645,33.43,20.63,457,3,6.66,0
TXREF-17646,16.65,10.11,481,2,4.95,0
TXREF-17647,29.68,14.05,1091,2,10.02,0
TXREF-17648,47.64,23.64,940,3,2.68,0
TXREF-17649,34.7,20.07,436,3,5.36,0
TXREF-17650,12.59,11.68,361,2,40.58,0
TXREF-17651,28.6,12.7,62,5,5.81,0
TXREF-17652,24.85,21.79,279,6,34.23,0
TXREF-17653,40.02,12.23,216,2,23.59,0
TXREF-17654,37.02,16.16,908,4,19.61,0
TXREF-17655,25.88,12.55,641,2,4.02,0
TXREF-17656,25.17,0.73,590,3,3.39,0
TXREF-17657,36.54,11.23,1746,5,6.73,0
TXREF-17658,69.64,11.32,54,4,3.14,1
TXREF-17659,42.55,12.81,72,5,10.39,0
TXREF-17660,96.99,12.26,377,2,11.97,1
TXREF-17661,78.72,13.03,325,1,21.17,0
TXREF-17662,102.27,15.68,177,2,1.65,0
TXREF-17663,93.26,19.84,1144,2,1.41,0
TXREF-17664,107.27,12.11,324,2,1.22,0
TXREF-17665,15.18,10.84,113,3,1.0,0
TXREF-17666,55.49,14.03,58,1,38.94,0
TXREF-17667,83.7,11.28,125,4,5.33,0
TXREF-17668,95.33,8.77,261,3,15.89,0
TXREF-17669,19.99,17.41,1901,2,2.95,0
TXREF-17670,55.89,14.26,102,5,9.21,0
TXREF-17671,36.75,14.57,402,2,5.22,0
TXREF-17672,131.62,17.11,249,1,1.08,0
TXREF-17673,12.82,12.13,273,2,43.85,0
TXREF-17674,20.01,9.47,992,3,17.16,0
TXREF-17675,9.45,13.93,12,1,0.9,0
TXREF-17676,38.63,18.67,1174,1,2.91,0
TXREF-17677,177.68,14.43,198,3,23.46,0
TXREF-17678,33.72,11.87,1861,3,14.34,0
TXREF-17679,37.44,11.27,582,2,4.13,0
TXREF-17680,51.74,0.77,642,2,56.33,0
TXREF-17681,32.02,19.15,246,4,8.84,0
TXREF-17682,45.31,19.6,1105,2,1.26,0
TXREF-17683,46.17,11.0,614,1,16.32,0
TXREF-17684,18.94,11.14,209,3,1.97,0
TXREF-17685,32.53,11.89,733,2,9.85,0
TXREF-17686,59.39,12.55,542,1,10.07,0
TXREF-17687,67.94,19.76,50,2,1.32,0
TXREF-17688,88.67,22.26,306,3,4.52,0
TXREF-17689,44.32,17.96,1070,2,110.23,0
TXREF-17690,44.98,13.06,229,1,1.25,0
TXREF-17691,59.75,10.04,112,3,0.62,0
TXREF-17692,22.69,21.46,1664,3,8.38,0
TXREF-17693,22.03,21.16,303,4,16.35,0
TXREF-17694,31.82,17.65,63,3,9.79,0
TXREF-17695,13.9,14.91,388,2,5.33,0
TXREF-17696,46.66,17.72,162,1,4.27,0
TXREF-17697,74.09,15.69,4,2,21.58,1
TXREF-17698,20.88,22.18,613,2,8.35,0
TXREF-17699,47.62,15.74,131,2,5.63,0
TXREF-17700,22.13,20.11,158,1,6.22,0
TXREF-17701,16.74,12.6,51,6,6.91,0
TXREF-17702,152.93,12.78,27,3,6.58,0
TXREF-17703,16.92,14.12,53,1,4.54,0
TXREF-17704,13.86,14.17,210,2,1.4,0
TXREF-17705,40.63,15.84,1142,2,3.31,0
TXREF-17706,42.24,15.47,123,2,0.93,0
TXREF-17707,56.28,12.15,573,3,3.8,0
TXREF-17708,147.07,20.73,109,4,18.65,0
TXREF-17709,19.89,15.74,251,5,18.87,1
TXREF-17710,22.95,21.01,2,3,2.72,0
TXREF-17711,110.87,21.7,753,2,38.27,0
TXREF-17712,68.45,13.94,232,4,16.22,0
TXREF-17713,61.93,19.12,90,3,33.05,0
TXREF-17714,22.77,9.55,287,1,1.58,0
TXREF-17715,78.31,21.96,391,3,3.17,0
TXREF-17716,62.07,11.15,595,4,1.42,0
TXREF-17717,39.9,11.97,174,2,24.19,0
TXREF-17718,22.85,16.9,557,3,20.2,0
TXREF-17719,37.59,13.27,165,4,0.56,0
TXREF-17720,114.08,22.31,1043,5,8.62,0
TXREF-17721,15.84,15.66,231,3,28.26,0
TXREF-17722,19.57,22.17,661,1,2.1,0
TXREF-17723,22.15,15.66,113,3,1.73,0
TXREF-17724,25.9,13.24,952,1,9.23,0
TXREF-17725,34.42,21.06,228,1,3.02,0
TXREF-17726,69.42,21.6,95,6,30.15,0
TXREF-17727,48.53,15.3,1645,1,1.91,0
TXREF-17728,36.37,14.63,843,2,13.68,0
TXREF-17729,42.5,19.66,342,3,5.97,0
TXREF-17730,54.56,17.33,334,4,5.53,0
TXREF-17731,10.37,17.38,736,4,11.61,0
TXREF-17732,75.3,0.97,149,2,2.73,0
TXREF-17733,19.2,11.76,355,2,1.53,0
TXREF-17734,25.3,9.68,164,1,2.02,1
TXREF-17735,44.48,18.4,594,3,3.0,0
TXREF-17736,32.97,12.02,523,1,11.81,0
TXREF-17737,49.43,13.25,476,2,2.05,0
TXREF-17738,38.56,15.08,706,6,13.65,0
TXREF-17739,28.27,23.11,384,3,18.97,0
TXREF-17740,104.66,12.69,917,3,6.41,0
TXREF-17741,57.96,19.07,578,3,23.24,0
TXREF-17742,43.27,12.81,2,8,7.35,0
TXREF-17743,57.32,7.77,357,2,15.56,0
TXREF-17744,20.95,12.9,734,4,1.77,0
TXREF-17745,166.64,14.15,2005,1,15.44,0
TXREF-17746,15.91,3.53,1089,5,9.23,0
TXREF-17747,37.77,17.86,955,4,18.79,0
TXREF-17748,28.33,13.68,183,3,11.26,0
TXREF-17749,27.56,17.34,808,2,6.22,0
TXREF-17750,25.1,18.24,1273,3,1.52,0
TXREF-17751,19.97,16.44,914,1,8.02,0
TXREF-17752,81.91,16.83,50,4,7.6,0
TXREF-17753,14.62,11.92,122,1,1.63,0
TXREF-17754,70.68,9.66,270,1,2.35,0
TXREF-17755,55.53,14.42,564,3,2.04,0
TXREF-17756,26.46,19.71,165,3,8.9,0
TXREF-17757,51.08,15.81,1420,5,3.04,0
TXREF-17758,31.07,12.2,969,2,5.49,0
TXREF-17759,15.76,13.61,353,4,12.41,0
TXREF-17760,15.88,14.06,117,2,6.33,0
TXREF-17761,55.81,17.09,310,2,7.42,0
TXREF-17762,53.76,18.25,337,2,15.88,0
TXREF-17763,41.44,17.05,261,1,11.39,0
TXREF-17764,26.26,18.17,126,2,6.97,0
TXREF-17765,30.35,19.8,394,2,5.32,0
TXREF-17766,27.54,19.43,242,2,44.92,0
TXREF-17767,9.9,12.11,293,4,26.88,0
TXREF-17768,36.38,18.91,199,1,0.96,0
TXREF-17769,50.71,20.62,91,1,2.61,0
TXREF-17770,36.55,21.57,177,2,10.02,0
TXREF-17771,124.44,21.99,425,3,26.34,1
TXREF-17772,16.89,16.84,337,1,2.28,0
TXREF-17773,21.63,18.62,472,3,2.51,0
TXREF-17774,38.31,15.47,586,5,4.64,0
TXREF-17775,41.49,20.43,291,1,14.9,0
TXREF-17776,8.86,10.97,712,3,5.56,0
TXREF-17777,53.73,15.14,1575,1,5.64,0
TXREF-17778,41.63,16.03,833,2,5.32,0
TXREF-17779,7.57,13.43,168,2,3.21,0
TXREF-17780,32.01,20.85,620,1,3.39,0
TXREF-17781,19.45,9.3,105,3,0.83,0
TXREF-17782,25.12,19.68,353,2,0.89,0
TXREF-17783,13.28,12.79,371,4,20.11,0
TXREF-17784,46.98,23.79,311,2,5.6,0
TXREF-17785,123.78,18.49,67,4,3.35,0
TXREF-17786,42.13,10.3,688,4,2.73,0
TXREF-17787,7.35,14.41,680,1,0.67,0
TXREF-17788,42.76,14.89,198,2,6.92,0
TXREF-17789,30.26,0.09,827,6,1.08,0
TXREF-17790,15.76,16.97,189,3,2.46,0
TXREF-17791,44.91,11.86,135,2,3.63,0
TXREF-17792,65.59,14.18,94,1,2.08,0
TXREF-17793,21.51,17.78,105,7,17.36,0
TXREF-17794,10.66,21.44,228,4,11.95,0
TXREF-17795,8.18,11.88,13,1,2.87,0
TXREF-17796,21.56,16.38,331,2,16.17,0
TXREF-17797,31.13,23.77,328,3,5.58,0
TXREF-17798,24.01,22.77,122,3,48.12,0
TXREF-17799,21.29,20.4,470,1,3.04,0
TXREF-17800,52.4,10.84,61,4,4.88,0
TXREF-17801,48.58,7.56,1078,4,9.3,0
TXREF-17802,40.19,11.49,189,3,14.81,0
TXREF-17803,62.67,21.08,463,2,63.26,0
TXREF-17804,21.7,12.37,186,2,16.97,0
TXREF-17805,15.83,19.7,199,2,22.32,0
TXREF-17806,23.9,14.02,45,2,55.61,0
TXREF-17807,22.74,10.17,38,2,18.88,0
TXREF-17808,7.95,21.58,384,4,18.93,0
TXREF-17809,23.5,17.88,1882,2,12.12,0
TXREF-17810,77.13,18.26,166,1,0.96,0
TXREF-17811,61.97,13.17,819,1,3.42,0
TXREF-17812,50.81,16.86,307,1,11.82,0
TXREF-17813,38.27,18.23,27,1,6.76,0
TXREF-17814,98.81,12.9,265,2,0.64,0
TXREF-17815,16.23,2.59,174,3,8.37,0
TXREF-17816,17.38,12.93,49,3,6.55,0
TXREF-17817,78.22,9.96,453,2,0.5,0
TXREF-17818,35.51,16.67,118,1,52.33,1
TXREF-17819,21.47,11.35,22,2,5.52,0
TXREF-17820,51.8,12.34,77,4,4.28,0
TXREF-17821,25.39,17.39,1392,2,1.19,0
TXREF-17822,19.05,15.72,404,2,8.13,0
TXREF-17823,18.67,14.56,1063,4,8.87,0
TXREF-17824,43.88,0.51,923,4,7.49,0
TXREF-17825,40.37,10.28,592,3,0.94,0
TXREF-17826,103.76,15.27,1048,1,14.41,0
TXREF-17827,28.25,19.77,89,4,3.44,0
TXREF-17828,27.91,19.95,2083,4,12.14,0
TXREF-17829,98.15,12.48,129,1,18.96,0
TXREF-17830,70.79,12.38,1987,2,3.41,0
TXREF-17831,38.64,14.69,142,2,2.63,0
TXREF-17832,11.31,19.08,570,6,1.15,0
TXREF-17833,19.4,14.29,87,4,17.15,0
TXREF-17834,16.3,9.56,895,3,1.56,0
TXREF-17835,35.74,21.31,253,2,24.9,0
TXREF-17836,24.14,14.57,1169,1,19.4,0
TXREF-17837,110.4,15.87,481,3,13.52,0
TXREF-17838,11.23,15.09,857,4,4.29,0
TXREF-17839,15.09,10.43,285,4,10.92,0
TXREF-17840,41.52,19.58,136,1,10.25,0
TXREF-17841,50.68,13.97,844,3,5.5,0
TXREF-17842,5.4,7.92,551,1,3.65,0
TXREF-17843,9.98,17.02,467,2,4.89,0
TXREF-17844,28.8,22.03,554,1,2.49,0
TXREF-17845,92.42,21.15,143,3,14.91,0
TXREF-17846,135.53,10.92,952,1,77.75,0
TXREF-17847,25.83,0.29,1,3,2.46,1
TXREF-17848,30.79,11.64,177,3,10.67,0
TXREF-17849,19.06,13.46,239,3,10.63,0
TXREF-17850,54.92,14.59,441,2,30.26,0
TXREF-17851,104.64,16.75,104,4,5.44,0
TXREF-17852,86.0,17.26,417,1,3.87,0
TXREF-17853,34.09,16.33,58,2,3.15,0
TXREF-17854,19.03,22.17,735,2,44.99,0
TXREF-17855,35.02,19.31,12,1,24.72,0
TXREF-17856,94.08,16.08,225,1,1.81,0
TXREF-17857,26.09,12.91,45,2,32.04,0
TXREF-17858,9.42,22.66,665,2,6.07,0
TXREF-17859,26.86,14.37,1138,4,5.99,0
TXREF-17860,28.48,23.92,519,1,1.85,0
TXREF-17861,9.38,14.93,55,2,24.56,0
TXREF-17862,41.14,16.43,711,1,5.03,0
TXREF-17863,50.12,20.06,1566,1,9.46,0
TXREF-17864,132.84,8.97,640,2,1.2,0
TXREF-17865,13.34,17.16,832,4,7.54,0
TXREF-17866,58.91,18.3,20,1,0.82,0
TXREF-17867,69.83,13.63,150,2,6.28,0
TXREF-17868,50.61,16.6,619,1,3.61,0
TXREF-17869,16.86,8.79,245,1,2.12,0
TXREF-17870,16.17,12.01,166,5,13.08,0
TXREF-17871,37.34,22.97,991,5,2.67,0
TXREF-17872,37.15,19.52,162,2,9.57,0
TXREF-17873,23.27,21.69,2372,1,6.7,0
TXREF-17874,88.23,14.51,396,5,5.89,0
TXREF-17875,26.09,12.06,655,2,65.3,0
TXREF-17876,8.9,20.88,127,3,13.97,0
TXREF-17877,29.63,12.7,20,4,15.35,0
TXREF-17878,49.2,9.89,6,2,4.76,0
TXREF-17879,44.53,13.3,10,3,6.78,0
TXREF-17880,44.28,13.96,321,2,1.06,0
TXREF-17881,102.07,12.14,2722,5,2.84,0
TXREF-17882,15.6,12.4,363,3,4.17,0
TXREF-17883,25.66,20.53,162,4,7.77,0
TXREF-17884,105.89,16.62,348,3,1.32,0
TXREF-17885,8.44,22.74,627,3,10.01,0
TXREF-17886,33.49,22.71,514,4,5.63,0
TXREF-17887,84.34,10.18,252,3,7.87,0
TXREF-17888,83.44,16.98,149,2,19.71,1
TXREF-17889,56.0,16.8,712,2,1.67,0
TXREF-17890,57.03,13.72,810,3,4.55,0
TXREF-17891,16.45,20.16,131,3,4.72,0
TXREF-17892,93.57,23.18,297,3,2.56,0
TXREF-17893,14.67,7.13,180,2,6.02,0
TXREF-17894,15.32,23.11,363,3,4.41,0
TXREF-17895,46.03,14.48,407,2,5.99,0
TXREF-17896,24.41,15.33,97,1,4.02,0
TXREF-17897,40.4,14.97,289,2,1.56,0
TXREF-17898,47.47,16.92,294,2,3.16,0
TXREF-17899,125.24,13.74,186,3,2.01,1
TXREF-17900,47.57,22.6,139,2,1.52,0
TXREF-17901,22.3,21.09,277,2,6.16,0
TXREF-17902,56.66,19.46,113,5,5.1,0
TXREF-17903,19.13,19.15,173,3,7.37,0
TXREF-17904,67.19,21.38,681,3,7.17,0
TXREF-17905,36.47,13.83,64,2,17.59,0
TXREF-17906,46.45,21.89,669,2,33.95,0
TXREF-17907,9.66,15.09,459,2,7.54,0
TXREF-17908,6.89,19.74,340,4,0.89,0
TXREF-17909,11.81,18.26,62,2,4.09,0
TXREF-17910,122.36,15.45,235,3,18.89,0
TXREF-17911,15.23,14.22,11,3,3.93,0
TXREF-17912,58.98,13.69,124,4,1.08,0
TXREF-17913,21.93,11.6,110,2,7.04,0
TXREF-17914,29.29,21.41,107,2,3.03,0
TXREF-17915,33.71,20.13,145,2,1.28,0
TXREF-17916,113.7,16.33,115,4,7.51,1
TXREF-17917,53.03,22.94,1,1,2.82,0
TXREF-17918,45.93,19.69,36,4,25.78,0
TXREF-17919,88.55,12.88,528,1,3.52,0
TXREF-17920,22.07,5.54,636,2,53.89,0
TXREF-17921,75.13,10.1,256,1,3.22,0
TXREF-17922,66.62,22.67,71,3,28.03,0
TXREF-17923,66.07,17.71,23,3,5.49,1
TXREF-17924,31.14,22.04,276,3,31.54,0
TXREF-17925,25.41,8.95,391,3,8.33,0
TXREF-17926,18.61,20.15,202,4,14.14,0
TXREF-17927,19.47,23.93,906,6,47.16,0
TXREF-17928,17.99,21.99,288,3,0.26,0
TXREF-17929,45.34,10.44,210,6,17.83,0
TXREF-17930,29.54,12.43,2,2,5.76,0
TXREF-17931,47.49,16.83,17,3,11.4,1
TXREF-17932,49.47,20.17,11,2,1.63,0
TXREF-17933,16.23,11.89,166,4,9.39,0
TXREF-17934,15.88,10.8,16,2,70.56,1
TXREF-17935,29.53,17.27,501,1,6.55,0
TXREF-17936,19.92,9.97,13,4,3.48,0
TXREF-17937,18.47,10.2,1108,2,10.77,0
TXREF-17938,118.02,20.62,448,3,11.43,1
TXREF-17939,11.54,20.67,85,3,0.71,0
TXREF-17940,149.4,23.34,284,2,27.29,1
TXREF-17941,42.86,12.82,352,3,1.5,0
TXREF-17942,70.82,14.36,219,3,3.12,0
TXREF-17943,65.05,19.05,102,4,5.41,0
TXREF-17944,54.28,19.94,52,1,16.72,0
TXREF-17945,115.18,16.57,901,3,26.51,0
TXREF-17946,15.97,17.75,582,1,5.74,0
TXREF-17947,31.11,1.6,29,4,1.83,0
TXREF-17948,18.84,13.55,274,4,6.39,0
TXREF-17949,10.27,21.01,185,3,2.19,0
TXREF-17950,21.63,12.39,195,3,1.09,0
TXREF-17951,134.05,10.55,367,1,1.72,0
TXREF-17952,30.73,19.32,340,2,2.07,0
TXREF-17953,145.2,6.96,114,3,4.04,0
TXREF-17954,156.3,13.51,69,4,8.32,0
TXREF-17955,300.81,13.76,149,3,5.27,0
TXREF-17956,137.27,13.63,480,1,52.9,0
TXREF-17957,190.16,9.04,1701,4,3.85,0
TXREF-17958,44.0,10.21,103,4,8.99,0
TXREF-17959,41.03,17.07,712,4,1.04,0
TXREF-17960,43.05,16.9,48,1,24.89,1
TXREF-17961,34.81,12.66,85,3,6.72,0
TXREF-17962,38.77,11.02,732,2,1.78,0
TXREF-17963,59.83,8.29,136,1,0.39,0
TXREF-17964,24.89,17.01,194,3,7.06,0
TXREF-17965,12.91,17.2,309,3,15.21,0
TXREF-17966,45.23,21.5,450,1,11.24,0
TXREF-17967,21.14,6.24,186,2,7.63,0
TXREF-17968,22.78,14.44,37,3,9.88,0
TXREF-17969,31.41,14.85,64,5,4.11,0
TXREF-17970,26.63,23.78,972,4,25.69,0
TXREF-17971,77.42,13.89,337,4,7.96,0
TXREF-17972,30.87,19.22,400,3,1.75,0
TXREF-17973,80.28,14.08,194,2,13.7,0
TXREF-17974,40.38,11.12,353,3,4.41,0
TXREF-17975,32.66,13.96,909,3,1.48,0
TXREF-17976,39.01,19.82,649,2,3.3,0
TXREF-17977,13.74,19.86,19,6,5.62,0
TXREF-17978,44.41,8.03,158,2,5.15,0
TXREF-17979,64.16,17.88,371,3,5.59,0
TXREF-17980,71.05,16.57,630,1,2.95,0
TXREF-17981,13.15,12.96,293,3,3.92,0
TXREF-17982,11.66,12.87,513,4,27.19,0
TXREF-17983,23.65,21.24,397,3,25.28,0
TXREF-17984,94.34,17.28,415,4,0.98,0
TXREF-17985,40.82,19.55,1065,2,1.81,0
TXREF-17986,19.93,21.18,198,2,6.88,0
TXREF-17987,12.23,14.19,8,2,4.99,0
TXREF-17988,21.27,10.3,91,2,4.76,0
TXREF-17989,20.26,12.33,89,2,1.7,0
TXREF-17990,68.28,15.83,29,2,6.28,0
TXREF-17991,72.17,18.61,78,4,1.33,0
TXREF-17992,16.35,10.64,385,3,36.4,0
TXREF-17993,59.88,14.82,348,1,34.88,1
TXREF-17994,55.62,20.44,804,2,12.5,0
TXREF-17995,14.89,13.53,1193,1,21.68,0
TXREF-17996,32.77,13.48,386,4,11.5,0
TXREF-17997,44.5,19.9,321,1,0.11,0
TXREF-17998,39.16,20.5,333,5,1.84,0
TXREF-17999,10.16,15.52,377,3,78.91,0
TXREF-18000,38.26,12.62,427,2,15.12,0
TXREF-18001,55.04,12.1,253,3,3.72,0
TXREF-18002,108.56,13.39,258,3,7.72,0
TXREF-18003,21.51,17.09,171,1,2.97,0
TXREF-18004,23.51,20.36,158,3,12.03,0
TXREF-18005,29.95,6.28,9,3,12.77,0
TXREF-18006,42.93,13.32,133,2,8.19,0
TXREF-18007,37.33,13.58,510,3,10.55,0
TXREF-18008,53.79,10.29,94,4,2.37,0
TXREF-18009,15.48,12.78,361,2,3.68,0
TXREF-18010,46.33,17.58,321,2,47.66,1
TXREF-18011,20.4,17.81,812,2,11.93,0
TXREF-18012,31.4,12.29,4,1,18.88,0
TXREF-18013,119.08,15.68,13,4,8.09,0
TXREF-18014,12.72,21.32,2292,3,8.42,0
TXREF-18015,28.47,17.14,75,3,33.3,0
TXREF-18016,13.91,14.74,193,1,1.2,0
TXREF-18017,38.87,18.89,1105,1,7.01,0
TXREF-18018,74.05,17.82,419,1,2.7,0
TXREF-18019,39.34,14.67,1689,2,14.52,0
TXREF-18020,32.01,11.08,431,1,40.63,0
TXREF-18021,90.6,18.35,402,4,16.32,0
TXREF-18022,44.17,12.91,5,2,5.02,0
TXREF-18023,62.81,18.77,129,3,12.75,1
TXREF-18024,58.26,13.61,80,4,3.06,0
TXREF-18025,4.39,20.38,852,2,2.19,0
TXREF-18026,32.94,12.05,403,1,2.18,0
TXREF-18027,16.02,16.93,1154,3,0.97,0
TXREF-18028,19.16,13.72,222,1,4.73,0
TXREF-18029,100.66,17.87,179,4,14.92,0
TXREF-18030,26.58,19.18,14,2,0.73,0
TXREF-18031,136.0,7.59,20,2,1.22,0
TXREF-18032,12.63,13.79,321,3,10.75,0
TXREF-18033,15.95,11.14,1,2,4.37,0
TXREF-18034,60.27,15.64,229,2,9.89,0
TXREF-18035,27.23,16.21,95,2,4.95,0
TXREF-18036,43.44,12.49,2366,3,2.92,0
TXREF-18037,32.11,12.33,574,4,18.87,0
TXREF-18038,31.42,14.65,19,4,8.42,0
TXREF-18039,27.96,9.93,325,4,11.43,0
TXREF-18040,39.62,15.07,712,4,2.39,0
TXREF-18041,55.26,11.38,583,3,1.7,0
TXREF-18042,111.32,16.35,230,3,17.85,0
TXREF-18043,30.09,9.78,220,3,4.84,0
TXREF-18044,26.22,12.18,1144,3,41.32,0
TXREF-18045,23.9,11.6,143,3,12.56,0
TXREF-18046,100.31,22.45,142,2,9.49,0
TXREF-18047,57.23,18.4,751,2,15.26,0
TXREF-18048,8.87,21.97,476,1,0.79,0
TXREF-18049,8.59,20.21,1021,3,25.24,0
TXREF-18050,19.15,15.38,733,1,14.79,0
TXREF-18051,41.09,20.98,114,3,1.78,0
TXREF-18052,33.98,23.96,174,2,0.38,0
TXREF-18053,50.43,14.07,570,2,11.24,0
TXREF-18054,30.68,19.48,1312,2,5.08,0
TXREF-18055,95.22,13.45,104,2,4.26,0
TXREF-18056,60.7,19.39,148,3,22.28,0
TXREF-18057,36.81,11.86,704,2,0.79,0
TXREF-18058,79.41,17.12,322,2,22.42,0
TXREF-18059,10.62,23.38,523,2,2.68,0
TXREF-18060,32.74,15.93,733,2,10.83,0
TXREF-18061,38.44,13.73,29,4,6.01,0
TXREF-18062,53.7,18.84,759,4,4.27,0
TXREF-18063,10.13,19.66,260,2,25.26,0
TXREF-18064,28.86,18.19,6,5,8.57,0
TXREF-18065,46.45,11.59,736,4,7.35,0
TXREF-18066,49.09,20.94,661,2,7.67,0
TXREF-18067,81.78,11.71,3,2,17.06,1
TXREF-18068,60.24,16.12,174,1,30.89,1
TXREF-18069,33.32,9.01,635,3,5.65,0
TXREF-18070,56.6,13.32,1604,2,30.75,0
TXREF-18071,30.11,19.88,67,5,2.07,0
TXREF-18072,38.69,9.39,5,2,3.7,0
TXREF-18073,61.7,17.86,537,1,5.12,0
TXREF-18074,33.7,10.07,816,2,8.86,0
TXREF-18075,45.18,22.46,240,2,2.63,0
TXREF-18076,69.56,11.27,217,2,1.77,0
TXREF-18077,58.13,17.65,229,1,2.24,0
TXREF-18078,84.61,17.26,166,1,2.76,0
TXREF-18079,186.14,22.74,326,2,6.5,0
TXREF-18080,57.75,11.48,419,4,21.87,1
TXREF-18081,24.97,19.86,1268,3,6.83,0
TXREF-18082,50.33,11.46,234,2,2.48,0
TXREF-18083,48.79,11.58,88,3,3.69,0
TXREF-18084,54.15,11.76,326,3,22.3,0
TXREF-18085,102.15,11.88,1022,3,5.84,0
TXREF-18086,10.35,13.71,1408,1,1.65,0
TXREF-18087,103.54,11.32,738,2,2.56,0
TXREF-18088,131.93,14.74,152,3,123.62,1
TXREF-18089,52.41,5.65,206,3,2.17,0
TXREF-18090,53.32,23.59,59,1,1.57,0
TXREF-18091,29.25,10.51,67,1,2.43,0
TXREF-18092,34.97,20.91,764,2,18.68,0
TXREF-18093,57.54,20.92,251,2,11.33,0
TXREF-18094,54.94,17.02,121,3,4.11,0
TXREF-18095,58.49,15.61,2089,4,2.41,0
TXREF-18096,54.66,20.56,509,4,1.54,0
TXREF-18097,66.48,11.71,564,5,14.15,0
TXREF-18098,61.34,16.51,384,4,1.03,0
TXREF-18099,16.65,19.74,1232,1,1.38,0
TXREF-18100,63.39,13.91,426,2,7.76,0
TXREF-18101,132.71,8.89,146,2,36.34,0
TXREF-18102,34.15,11.75,916,2,12.99,0
TXREF-18103,102.48,15.79,57,3,9.08,1
TXREF-18104,17.99,19.53,105,2,2.28,0
TXREF-18105,34.08,18.95,19,4,33.87,0
TXREF-18106,21.94,20.68,808,1,12.99,0
TXREF-18107,93.98,14.29,781,2,5.13,0
TXREF-18108,113.43,9.09,210,3,11.97,0
TXREF-18109,32.41,21.37,1680,4,2.57,0
TXREF-18110,80.9,22.39,173,3,0.97,0
TXREF-18111,114.26,12.56,192,2,15.9,0
TXREF-18112,34.0,10.66,145,1,6.37,0
TXREF-18113,38.22,17.26,250,2,14.19,0
TXREF-18114,59.04,9.74,472,5,10.51,0
TXREF-18115,18.98,14.55,23,1,3.67,0
TXREF-18116,37.69,21.89,602,3,6.04,1
TXREF-18117,162.85,14.51,64,1,9.66,0
TXREF-18118,24.29,20.94,940,5,11.76,0
TXREF-18119,64.38,10.37,438,2,0.4,0
TXREF-18120,50.76,11.47,924,2,41.91,0
TXREF-18121,30.94,12.52,91,2,3.81,0
TXREF-18122,40.84,0.53,167,2,22.98,1
TXREF-18123,122.96,15.62,510,1,1.43,0
TXREF-18124,51.86,16.22,286,2,8.21,0
TXREF-18125,58.04,17.3,420,1,5.29,0
TXREF-18126,110.24,14.25,87,2,11.48,0
TXREF-18127,28.27,17.36,469,4,7.92,0
TXREF-18128,16.38,8.02,105,3,2.53,0
TXREF-18129,124.36,14.89,410,6,4.97,1
TXREF-18130,38.41,15.37,288,3,1.7,0
TXREF-18131,66.25,17.26,115,2,0.97,0
TXREF-18132,20.11,10.3,272,1,7.72,0
TXREF-18133,46.05,19.71,257,2,3.94,0
TXREF-18134,15.8,10.74,480,2,1.41,0
TXREF-18135,36.45,17.8,100,2,3.37,0
TXREF-18136,21.83,15.72,96,2,3.52,0
TXREF-18137,18.51,10.96,86,4,15.11,0
TXREF-18138,27.99,20.13,485,1,4.42,0
TXREF-18139,6.68,14.92,1437,2,4.06,0
TXREF-18140,15.1,21.32,186,2,4.32,0
TXREF-18141,61.15,20.79,1234,5,1.83,0
TXREF-18142,44.72,16.98,734,3,10.91,0
TXREF-18143,16.06,15.25,419,2,5.9,0
TXREF-18144,51.65,20.05,726,3,10.07,0
TXREF-18145,18.5,20.49,155,2,2.3,0
TXREF-18146,58.55,20.85,150,2,4.78,0
TXREF-18147,32.03,11.63,304,5,1.16,0
TXREF-18148,27.55,15.77,231,4,2.96,0
TXREF-18149,32.6,12.63,94,2,4.25,0
TXREF-18150,219.83,18.07,1508,1,5.15,0
TXREF-18151,20.16,12.74,782,6,9.02,0
TXREF-18152,40.98,17.46,293,3,10.12,0
TXREF-18153,61.1,11.34,517,1,14.27,0
TXREF-18154,17.41,18.28,803,3,59.73,0
TXREF-18155,11.05,18.38,78,2,0.62,0
TXREF-18156,22.58,12.19,294,2,10.76,0
TXREF-18157,60.15,18.65,82,3,2.77,0
TXREF-18158,27.21,14.86,2,4,8.15,1
TXREF-18159,29.48,15.65,36,2,2.77,0
TXREF-18160,67.07,18.11,454,3,13.38,0
TXREF-18161,19.48,17.11,637,2,4.33,0
TXREF-18162,32.66,15.65,415,4,29.91,0
TXREF-18163,11.71,16.12,868,5,9.6,0
TXREF-18164,43.86,9.94,226,1,9.09,1
TXREF-18165,41.07,13.87,6,6,0.64,0
TXREF-18166,61.73,10.48,687,4,2.24,0
TXREF-18167,15.26,13.94,278,3,18.78,0
TXREF-18168,30.32,21.4,289,2,15.91,0
TXREF-18169,13.87,13.98,231,1,3.09,0
TXREF-18170,29.16,5.98,74,4,5.69,0
TXREF-18171,101.18,10.65,264,3,1.71,0
TXREF-18172,27.63,22.24,1098,2,6.21,0
TXREF-18173,13.02,12.27,355,3,3.98,0
TXREF-18174,21.34,15.79,639,2,13.65,0
TXREF-18175,10.91,10.14,571,2,9.67,0
TXREF-18176,13.7,15.22,346,3,2.63,0
TXREF-18177,56.44,15.38,67,1,5.54,0
TXREF-18178,12.29,16.53,538,4,0.72,0
TXREF-18179,43.59,11.9,74,1,4.3,0
TXREF-18180,35.46,16.5,281,2,14.21,0
TXREF-18181,23.74,18.82,1059,2,9.92,0
TXREF-18182,41.0,6.73,741,3,0.98,0
TXREF-18183,17.72,17.86,1026,3,7.17,0
TXREF-18184,63.78,8.22,860,6,7.12,0
TXREF-18185,21.06,11.25,256,4,6.64,0
TXREF-18186,26.36,20.75,390,3,22.13,0
TXREF-18187,24.2,13.79,136,3,17.86,0
TXREF-18188,57.19,15.21,455,4,6.06,0
TXREF-18189,51.52,16.9,331,1,17.46,0
TXREF-18190,5.27,14.84,387,3,14.68,0
TXREF-18191,41.81,21.6,131,1,1.58,0
TXREF-18192,9.91,10.55,211,3,2.64,0
TXREF-18193,27.23,17.38,973,3,6.19,0
TXREF-18194,32.2,20.16,382,2,8.88,0
TXREF-18195,27.02,18.89,1517,4,6.05,0
TXREF-18196,49.93,21.85,199,3,3.04,0
TXREF-18197,58.47,16.4,122,3,28.32,0
TXREF-18198,19.95,22.2,490,1,7.31,0
TXREF-18199,19.43,18.91,390,1,5.95,0
TXREF-18200,33.92,20.99,148,2,5.46,0
TXREF-18201,11.46,14.43,340,2,0.93,0
TXREF-18202,24.69,14.78,439,1,1.68,0
TXREF-18203,91.89,10.28,1753,3,26.41,0
TXREF-18204,11.77,15.26,1403,2,11.79,0
TXREF-18205,27.25,15.11,287,2,7.8,0
TXREF-18206,22.73,11.79,86,4,0.74,0
TXREF-18207,147.49,13.78,120,1,2.31,1
TXREF-18208,23.64,9.79,490,6,1.61,0
TXREF-18209,24.64,12.73,78,1,97.6,0
TXREF-18210,16.57,17.07,79,1,18.7,0
TXREF-18211,35.05,17.14,27,1,4.94,0
TXREF-18212,42.29,16.46,14,2,0.31,0
TXREF-18213,18.4,17.07,445,4,26.18,0
TXREF-18214,70.94,17.12,78,4,1.9,1
TXREF-18215,42.32,11.94,1001,5,6.16,0
TXREF-18216,64.29,15.09,276,2,8.66,0
TXREF-18217,27.49,17.48,1344,2,1.27,0
TXREF-18218,41.48,9.59,117,2,16.18,0
TXREF-18219,29.86,9.57,324,1,16.15,0
TXREF-18220,99.44,9.39,179,3,22.14,0
TXREF-18221,37.85,8.29,261,4,49.19,0
TXREF-18222,35.03,18.26,606,2,1.63,0
TXREF-18223,25.03,21.56,127,2,5.98,0
TXREF-18224,24.01,18.84,233,3,9.48,0
TXREF-18225,41.31,12.6,1518,3,3.26,0
TXREF-18226,62.81,9.15,616,4,2.51,0
TXREF-18227,21.27,14.53,722,3,8.19,0
TXREF-18228,38.14,13.4,30,2,1.65,0
TXREF-18229,39.75,11.5,251,2,13.55,0
TXREF-18230,45.06,12.12,530,3,3.81,0
TXREF-18231,10.18,17.41,4,2,13.21,0
TXREF-18232,17.89,9.49,1291,3,10.58,0
TXREF-18233,13.02,8.67,190,1,0.5,0
TXREF-18234,35.65,15.49,16,5,10.26,0
TXREF-18235,18.2,12.04,577,2,7.33,0
TXREF-18236,24.35,18.97,1531,4,1.28,0
TXREF-18237,14.73,23.86,722,1,45.83,0
TXREF-18238,26.04,13.68,630,1,13.19,0
TXREF-18239,15.5,16.52,1073,2,9.07,0
TXREF-18240,60.08,0.51,815,4,1.88,0
TXREF-18241,49.16,21.02,219,4,7.1,0
TXREF-18242,38.79,12.83,739,4,32.2,0
TXREF-18243,28.01,17.29,810,2,22.58,0
TXREF-18244,8.03,16.33,99,6,3.14,0
TXREF-18245,25.03,14.57,397,2,5.98,0
TXREF-18246,20.12,12.85,291,2,55.38,0
TXREF-18247,41.6,22.44,629,3,2.26,0
TXREF-18248,54.39,19.65,58,4,24.68,0
TXREF-18249,43.98,22.41,509,2,7.24,1
TXREF-18250,86.43,19.61,1,2,6.23,0
TXREF-18251,23.12,13.08,410,4,3.26,0
TXREF-18252,22.44,15.29,237,3,3.99,0
TXREF-18253,73.5,17.81,224,2,2.47,0
TXREF-18254,39.24,21.99,221,1,24.2,0
TXREF-18255,29.14,6.21,267,1,3.59,0
TXREF-18256,131.56,22.28,531,4,2.45,0
TXREF-18257,52.77,10.15,42,2,33.74,0
TXREF-18258,30.35,18.62,838,3,6.73,0
TXREF-18259,21.24,13.7,585,3,2.07,0
TXREF-18260,90.48,17.4,1496,3,14.82,0
TXREF-18261,40.41,15.96,812,3,9.8,0
TXREF-18262,35.43,15.94,286,2,5.15,0
TXREF-18263,56.65,23.55,667,2,7.37,0
TXREF-18264,65.61,15.62,222,2,7.92,0
TXREF-18265,51.72,18.37,379,5,6.58,0
TXREF-18266,65.79,9.37,180,2,27.79,0
TXREF-18267,48.18,23.94,25,2,4.44,0
TXREF-18268,51.91,15.13,37,3,6.04,0
TXREF-18269,20.56,14.31,41,1,13.57,1
TXREF-18270,128.18,18.6,607,4,4.18,0
TXREF-18271,14.32,16.33,280,1,1.68,0
TXREF-18272,43.5,17.07,261,3,1.2,0
TXREF-18273,13.3,16.62,782,3,1.19,0
TXREF-18274,32.44,16.45,445,1,1.56,0
TXREF-18275,23.07,17.93,15,2,1.56,0
TXREF-18276,38.39,22.73,500,1,11.3,0
TXREF-18277,44.53,22.25,545,2,0.8,0
TXREF-18278,17.49,23.83,76,3,3.36,0
TXREF-18279,34.08,13.77,29,2,27.79,0
TXREF-18280,94.96,16.68,106,4,2.86,0
TXREF-18281,13.53,23.62,223,3,36.43,0
TXREF-18282,18.82,14.89,309,3,22.85,0
TXREF-18283,64.7,18.07,452,1,1.5,0
TXREF-18284,36.81,13.51,788,1,3.18,0
TXREF-18285,38.82,12.46,266,3,5.7,0
TXREF-18286,72.68,20.92,2131,3,3.81,0
TXREF-18287,19.65,18.53,754,1,4.81,0
TXREF-18288,23.95,23.08,335,1,10.21,1
TXREF-18289,21.92,4.11,28,2,9.93,0
TXREF-18290,27.09,17.69,361,4,0.77,0
TXREF-18291,91.33,19.79,43,5,10.36,0
TXREF-18292,10.23,14.16,220,3,20.9,0
TXREF-18293,14.73,17.08,123,4,4.6,0
TXREF-18294,13.02,18.04,228,2,2.16,0
TXREF-18295,95.51,11.98,452,3,6.71,0
TXREF-18296,22.37,12.86,333,4,39.89,0
TXREF-18297,27.52,15.57,541,3,34.81,0
TXREF-18298,10.89,16.81,231,6,26.47,0
TXREF-18299,28.82,19.23,944,2,12.08,0
TXREF-18300,64.97,23.3,902,6,3.21,0
TXREF-18301,41.77,23.24,426,6,10.39,1
TXREF-18302,32.21,21.37,314,3,4.87,0
TXREF-18303,11.28,17.96,70,1,11.53,0
TXREF-18304,27.49,18.54,1010,2,14.31,0
TXREF-18305,38.7,3.68,212,5,3.63,1
TXREF-18306,17.05,13.27,182,2,5.43,0
TXREF-18307,55.79,19.99,1008,3,5.81,0
TXREF-18308,65.84,16.01,107,2,2.53,0
TXREF-18309,23.79,13.1,126,2,1.21,0
TXREF-18310,58.71,13.7,765,4,23.32,0
TXREF-18311,32.17,17.82,594,3,4.89,0
TXREF-18312,79.51,18.84,58,1,33.39,0
TXREF-18313,150.59,12.18,223,1,16.97,0
TXREF-18314,15.84,20.0,245,1,28.34,0
TXREF-18315,60.58,13.14,121,1,20.96,0
TXREF-18316,89.08,5.52,674,2,14.89,0
TXREF-18317,17.31,12.67,100,4,10.27,0
TXREF-18318,23.01,23.43,780,4,9.62,0
TXREF-18319,22.82,10.66,233,3,12.31,0
TXREF-18320,31.64,18.59,788,2,8.33,0
TXREF-18321,26.93,21.45,248,4,9.41,0
TXREF-18322,30.18,19.52,706,5,19.21,0
TXREF-18323,63.65,12.38,213,1,9.32,0
TXREF-18324,8.89,22.22,627,1,4.5,0
TXREF-18325,17.27,23.01,21,2,7.35,1
TXREF-18326,56.39,15.02,226,2,1.85,0
TXREF-18327,51.83,17.79,56,3,14.6,0
TXREF-18328,16.25,8.48,174,1,8.73,0
TXREF-18329,52.09,17.68,6,2,11.62,0
TXREF-18330,90.5,10.2,127,6,3.48,0
TXREF-18331,33.61,15.24,248,1,6.35,0
TXREF-18332,16.85,10.22,57,3,0.52,0
TXREF-18333,65.36,12.53,1,3,3.11,1
TXREF-18334,120.37,9.91,162,2,2.15,0
TXREF-18335,18.39,12.31,46,2,4.47,0
TXREF-18336,35.81,13.36,120,3,3.85,0
TXREF-18337,76.32,10.32,659,1,12.37,1
TXREF-18338,37.83,15.01,204,3,4.82,0
TXREF-18339,9.89,15.43,1161,2,17.96,0
TXREF-18340,47.91,19.45,89,2,0.68,0
TXREF-18341,17.21,16.97,440,1,11.83,0
TXREF-18342,13.94,17.76,627,3,12.97,0
TXREF-18343,10.03,8.34,91,2,32.96,0
TXREF-18344,82.03,21.6,261,4,0.86,0
TXREF-18345,19.09,13.05,898,2,1.09,0
TXREF-18346,44.26,19.72,267,2,8.43,0
TXREF-18347,52.82,21.92,2659,1,2.87,0
TXREF-18348,39.12,22.76,293,1,6.5,0
TXREF-18349,43.1,12.12,715,3,7.09,0
TXREF-18350,45.8,15.74,571,2,13.82,0
TXREF-18351,38.45,13.37,20,2,14.44,0
TXREF-18352,20.14,18.87,365,2,20.97,0
TXREF-18353,18.89,16.03,537,4,9.37,0
TXREF-18354,32.28,22.69,662,3,1.79,0
TXREF-18355,31.79,18.17,1030,4,40.29,0
TXREF-18356,47.42,19.98,143,4,62.8,0
TXREF-18357,76.95,8.1,195,3,5.74,0
TXREF-18358,44.59,21.51,329,4,7.37,0
TXREF-18359,19.42,21.19,119,2,15.77,0
TXREF-18360,7.24,21.54,104,5,2.53,0
TXREF-18361,20.01,18.34,1066,2,29.49,0
TXREF-18362,13.22,15.93,490,4,5.72,0
TXREF-18363,20.58,11.62,718,2,1.47,0
TXREF-18364,41.45,20.91,292,3,6.87,0
TXREF-18365,36.99,12.71,24,5,4.26,0
TXREF-18366,132.67,16.44,42,4,4.14,0
TXREF-18367,49.29,15.29,226,1,2.17,0
TXREF-18368,137.63,18.54,636,3,3.85,0
TXREF-18369,58.26,19.15,1186,2,45.54,0
TXREF-18370,76.07,11.29,1322,3,1.48,0
TXREF-18371,26.89,21.88,175,1,2.96,0
TXREF-18372,16.06,15.48,312,2,4.49,0
TXREF-18373,25.2,13.7,683,4,5.45,0
TXREF-18374,34.52,20.15,1356,1,1.46,0
TXREF-18375,22.15,15.57,1996,2,4.46,0
TXREF-18376,16.93,23.46,97,4,2.87,0
TXREF-18377,47.0,13.55,263,3,47.26,0
TXREF-18378,16.88,12.88,197,3,3.62,0
TXREF-18379,11.54,11.67,277,2,8.14,0
TXREF-18380,15.52,13.73,679,4,13.97,0
TXREF-18381,29.41,9.85,225,2,6.57,0
TXREF-18382,17.06,15.52,187,2,21.16,0
TXREF-18383,29.54,18.49,347,2,8.37,0
TXREF-18384,53.64,14.16,867,1,118.79,1
TXREF-18385,52.65,17.03,69,4,13.44,0
TXREF-18386,21.63,14.5,498,4,17.22,0
TXREF-18387,13.61,10.73,274,2,7.57,0
TXREF-18388,23.0,20.42,333,4,1.78,0
TXREF-18389,55.82,6.25,2045,1,59.65,0
TXREF-18390,66.04,14.03,335,3,5.83,0
TXREF-18391,44.88,11.54,548,2,9.34,0
TXREF-18392,82.68,19.06,588,3,43.97,0
TXREF-18393,120.91,14.69,604,2,68.66,0
TXREF-18394,24.58,22.18,245,3,7.6,0
TXREF-18395,101.53,14.12,344,5,18.74,0
TXREF-18396,28.86,11.57,86,5,1.77,0
TXREF-18397,72.55,8.53,428,6,10.52,0
TXREF-18398,57.98,17.54,630,1,7.54,0
TXREF-18399,8.39,11.33,735,3,17.68,0
TXREF-18400,17.36,15.97,113,4,0.56,0
TXREF-18401,14.45,18.15,573,3,11.76,0
TXREF-18402,9.65,17.37,292,3,15.56,0
TXREF-18403,65.57,20.5,215,2,6.45,0
TXREF-18404,154.4,12.55,210,1,4.84,0
TXREF-18405,28.92,20.76,96,4,3.95,0
TXREF-18406,64.39,21.79,258,2,3.6,0
TXREF-18407,101.39,16.44,695,6,6.77,0
TXREF-18408,40.45,16.8,292,4,2.3,0
TXREF-18409,34.18,22.91,1218,1,32.77,1
TXREF-18410,29.17,18.9,80,3,2.24,0
TXREF-18411,51.27,11.74,709,2,5.52,0
TXREF-18412,65.35,18.7,20,3,12.58,0
TXREF-18413,48.55,8.29,398,3,0.95,0
TXREF-18414,47.36,19.65,1019,1,2.96,0
TXREF-18415,33.55,21.3,685,1,5.32,0
TXREF-18416,11.06,14.0,1679,2,10.65,0
TXREF-18417,66.44,13.99,85,1,2.54,0
TXREF-18418,13.81,12.34,131,3,1.29,0
TXREF-18419,54.38,15.73,377,1,9.95,0
TXREF-18420,59.99,10.11,262,1,49.24,0
TXREF-18421,15.32,13.54,254,4,12.19,0
TXREF-18422,22.47,15.38,747,2,4.79,0
TXREF-18423,160.37,17.26,255,4,5.35,0
TXREF-18424,32.88,14.02,163,1,6.0,0
TXREF-18425,14.46,14.69,127,1,3.59,0
TXREF-18426,61.97,8.37,1180,5,12.84,0
TXREF-18427,19.96,8.66,195,3,7.48,0
TXREF-18428,8.73,14.43,328,2,1.88,0
TXREF-18429,50.61,12.05,211,1,8.08,0
TXREF-18430,17.99,12.25,551,2,16.4,0
TXREF-18431,43.87,19.99,575,6,8.01,0
TXREF-18432,19.39,20.93,1146,2,6.04,0
TXREF-18433,57.93,6.28,127,3,1.78,0
TXREF-18434,39.73,19.3,420,3,77.01,0
TXREF-18435,5.4,17.87,45,4,4.24,0
TXREF-18436,45.84,17.83,938,2,4.2,0
TXREF-18437,28.26,10.41,883,3,3.1,0
TXREF-18438,96.55,21.36,307,5,2.88,0
TXREF-18439,46.27,9.94,123,4,1.78,0
TXREF-18440,60.01,13.81,851,2,8.58,0
TXREF-18441,20.87,12.89,1391,5,1.7,0
TXREF-18442,19.71,10.55,1230,4,5.98,0
TXREF-18443,34.18,15.61,968,3,16.32,0
TXREF-18444,26.85,13.17,647,1,15.42,0
TXREF-18445,91.23,19.51,753,1,4.07,0
TXREF-18446,31.17,14.27,1897,2,43.34,0
TXREF-18447,14.41,20.84,62,2,27.13,0
TXREF-18448,19.19,8.2,769,2,3.88,0
TXREF-18449,69.74,20.71,363,3,63.33,1
TXREF-18450,30.86,18.57,2,1,6.33,0
TXREF-18451,29.7,18.9,434,2,14.45,0
TXREF-18452,74.69,14.03,109,4,0.71,0
TXREF-18453,18.02,18.53,142,3,4.85,0
TXREF-18454,6.96,18.78,496,2,1.78,0
TXREF-18455,18.84,18.25,61,1,9.35,0
TXREF-18456,41.44,18.03,168,2,2.22,0
TXREF-18457,29.09,17.74,266,4,3.27,0
TXREF-18458,11.32,15.32,182,3,6.14,0
TXREF-18459,72.35,12.81,106,1,1.01,0
TXREF-18460,39.16,19.58,1014,2,9.19,0
TXREF-18461,46.07,23.46,299,3,1.6,0
TXREF-18462,47.09,21.28,366,4,5.5,0
TXREF-18463,13.67,14.86,711,2,5.22,0
TXREF-18464,43.3,15.54,514,4,16.47,0
TXREF-18465,66.91,12.07,125,1,4.47,0
TXREF-18466,79.12,18.78,360,5,1.29,0
TXREF-18467,58.52,20.17,63,2,0.61,0
TXREF-18468,50.37,15.73,945,2,27.22,0
TXREF-18469,9.96,13.13,95,2,6.48,0
TXREF-18470,34.44,17.36,706,5,56.07,0
TXREF-18471,17.48,20.72,1126,2,6.83,0
TXREF-18472,87.63,13.73,496,2,3.05,0
TXREF-18473,78.56,17.86,308,1,70.77,1
TXREF-18474,17.56,8.49,544,4,2.9,0
TXREF-18475,33.68,21.91,1074,2,4.38,0
TXREF-18476,41.63,18.01,69,1,66.68,0
TXREF-18477,66.59,15.2,1072,1,9.94,0
TXREF-18478,10.42,20.85,463,6,7.75,0
TXREF-18479,7.09,13.96,929,4,10.88,0
TXREF-18480,35.78,11.72,911,3,16.19,0
TXREF-18481,5.63,13.92,47,3,61.7,0
TXREF-18482,39.02,22.15,328,2,2.65,0
TXREF-18483,53.32,13.43,480,2,7.42,0
TXREF-18484,84.77,20.66,55,2,14.09,0
TXREF-18485,22.24,15.96,178,1,18.03,0
TXREF-18486,39.1,23.51,6,1,5.96,1
TXREF-18487,55.65,6.49,392,2,1.13,0
TXREF-18488,14.93,13.3,345,2,17.95,0
TXREF-18489,67.29,16.02,465,3,4.08,0
TXREF-18490,42.42,13.11,27,3,5.22,0
TXREF-18491,22.51,14.97,684,4,5.94,0
TXREF-18492,38.54,13.28,600,5,7.15,0
TXREF-18493,31.49,14.74,659,4,0.92,0
TXREF-18494,61.05,18.48,589,4,32.77,0
TXREF-18495,26.86,22.58,20,2,1.45,0
TXREF-18496,41.0,9.85,140,3,8.22,0
TXREF-18497,22.26,21.86,314,6,14.65,0
TXREF-18498,17.72,15.42,533,2,0.52,0
TXREF-18499,39.39,17.74,768,2,5.86,0
TXREF-18500,18.25,8.69,102,3,7.97,0
TXREF-18501,61.96,20.41,165,4,3.38,0
TXREF-18502,53.33,21.59,496,5,14.71,0
TXREF-18503,20.07,13.14,525,2,3.67,0
TXREF-18504,40.61,20.76,290,2,1.46,0
TXREF-18505,20.0,11.36,842,5,12.99,0
TXREF-18506,10.97,11.93,88,3,5.05,0
TXREF-18507,22.65,11.75,396,1,2.38,0
TXREF-18508,33.57,21.31,1189,1,1.91,0
TXREF-18509,50.67,20.4,218,2,1.83,0
TXREF-18510,38.77,13.29,544,4,16.2,0
TXREF-18511,66.92,14.46,155,3,14.0,0
TXREF-18512,17.18,19.41,198,2,6.26,0
TXREF-18513,26.54,12.48,266,3,19.84,0
TXREF-18514,113.74,18.63,569,1,19.31,0
TXREF-18515,8.67,19.33,625,2,5.17,0
TXREF-18516,25.14,13.17,561,3,3.31,0
TXREF-18517,16.1,15.38,366,1,43.41,0
TXREF-18518,30.24,8.76,46,2,4.65,0
TXREF-18519,25.46,14.86,69,2,8.65,0
TXREF-18520,53.71,13.8,54,2,7.2,0
TXREF-18521,41.85,20.64,344,2,8.88,0
TXREF-18522,13.6,14.1,301,3,11.09,0
TXREF-18523,22.79,1.03,661,2,1.11,0
TXREF-18524,34.81,9.8,508,2,2.63,0
TXREF-18525,59.28,19.38,209,3,5.56,0
TXREF-18526,200.68,17.04,20,5,3.2,0
TXREF-18527,57.74,12.76,580,4,4.74,0
TXREF-18528,16.79,8.37,324,4,1.01,0
TXREF-18529,32.54,23.48,825,3,4.97,0
TXREF-18530,39.66,21.5,137,2,9.06,0
TXREF-18531,23.95,19.88,247,2,7.18,0
TXREF-18532,48.84,16.44,110,3,8.69,0
TXREF-18533,6.78,10.96,221,2,7.28,0
TXREF-18534,51.85,20.36,564,4,6.55,0
TXREF-18535,24.7,13.18,411,1,7.7,0
TXREF-18536,32.17,14.77,158,4,1.77,0
TXREF-18537,100.02,14.29,365,5,27.89,0
TXREF-18538,14.04,19.15,282,2,1.99,0
TXREF-18539,42.37,22.67,310,6,4.75,0
TXREF-18540,61.66,19.39,842,4,5.47,0
TXREF-18541,39.36,8.39,487,6,9.66,0
TXREF-18542,10.89,18.3,862,2,18.07,0
TXREF-18543,92.05,13.51,530,3,19.82,0
TXREF-18544,29.9,15.27,436,1,14.37,0
TXREF-18545,23.81,18.42,387,3,0.59,0
TXREF-18546,27.84,12.48,4,2,6.04,0
TXREF-18547,26.44,14.12,139,4,3.74,0
TXREF-18548,14.78,8.02,356,1,20.86,0
TXREF-18549,39.2,21.38,308,2,11.32,0
TXREF-18550,22.65,11.09,694,5,22.62,0
TXREF-18551,56.43,13.01,43,4,7.72,0
TXREF-18552,50.54,19.76,696,2,8.61,0
TXREF-18553,112.22,15.66,3,5,27.14,0
TXREF-18554,29.89,19.62,282,2,1.67,0
TXREF-18555,19.52,16.57,893,4,8.86,0
TXREF-18556,12.08,13.88,148,2,25.23,0
TXREF-18557,168.88,18.05,74,2,2.92,1
TXREF-18558,56.08,18.68,61,3,4.55,0
TXREF-18559,21.15,19.14,309,3,5.14,0
TXREF-18560,117.81,23.6,481,1,2.0,0
TXREF-18561,92.43,23.1,316,4,3.61,0
TXREF-18562,13.16,18.32,1707,4,2.74,0
TXREF-18563,20.24,18.16,639,2,3.64,0
TXREF-18564,31.65,22.3,922,4,0.88,0
TXREF-18565,16.11,17.13,26,3,9.22,0
TXREF-18566,32.47,1.17,64,2,8.23,0
TXREF-18567,58.13,15.74,41,3,2.91,0
TXREF-18568,12.95,23.22,384,1,5.56,0
TXREF-18569,42.99,20.49,818,3,1.43,0
TXREF-18570,80.75,16.64,240,4,14.63,0
TXREF-18571,46.44,7.61,325,1,11.65,0
TXREF-18572,32.97,11.41,290,5,21.2,0
TXREF-18573,21.52,21.27,118,1,3.93,0
TXREF-18574,63.32,13.72,629,1,30.19,0
TXREF-18575,14.92,14.51,295,3,11.65,0
TXREF-18576,41.46,13.97,327,1,38.78,0
TXREF-18577,35.46,12.69,1154,4,17.04,0
TXREF-18578,78.29,14.12,317,1,2.13,0
TXREF-18579,22.88,21.29,65,2,9.06,0
TXREF-18580,24.33,18.43,275,4,38.02,0
TXREF-18581,14.24,16.52,1369,2,2.5,0
TXREF-18582,47.7,19.16,56,2,6.77,0
TXREF-18583,25.66,10.27,14,2,4.33,0
TXREF-18584,18.71,20.43,120,4,3.2,0
TXREF-18585,20.04,18.8,70,1,4.56,0
TXREF-18586,51.25,22.88,469,1,10.86,0
TXREF-18587,15.73,15.24,750,4,4.21,0
TXREF-18588,16.77,3.85,322,3,0.82,0
TXREF-18589,66.38,22.74,719,5,6.82,0
TXREF-18590,30.89,14.22,26,5,31.51,0
TXREF-18591,69.26,16.82,556,6,5.76,0
TXREF-18592,26.88,16.49,42,4,11.64,0
TXREF-18593,34.79,11.88,88,1,3.48,0
TXREF-18594,38.96,8.44,179,1,9.64,0
TXREF-18595,94.52,15.9,83,1,13.56,1
TXREF-18596,89.14,19.95,112,2,3.87,1
TXREF-18597,79.86,18.56,134,1,2.87,0
TXREF-18598,22.14,23.07,805,3,11.31,0
TXREF-18599,17.11,18.62,63,4,13.91,0
TXREF-18600,60.21,16.48,470,1,13.9,0
TXREF-18601,93.81,13.11,622,3,31.06,0
TXREF-18602,80.42,7.31,223,2,4.49,0
TXREF-18603,35.14,13.44,690,3,10.28,0
TXREF-18604,58.79,20.69,38,4,5.09,0
TXREF-18605,59.54,6.46,209,2,2.94,0
TXREF-18606,38.75,16.07,334,3,9.06,0
TXREF-18607,39.99,17.75,258,5,5.0,0
TXREF-18608,37.36,7.76,852,6,8.15,0
TXREF-18609,19.74,15.67,1140,2,20.14,0
TXREF-18610,21.24,20.64,379,3,19.8,0
TXREF-18611,21.01,13.06,1,4,0.54,0
TXREF-18612,11.01,9.59,809,2,7.04,0
TXREF-18613,38.58,18.26,237,6,8.71,0
TXREF-18614,33.81,9.68,270,3,15.16,0
TXREF-18615,60.26,7.76,276,5,3.67,0
TXREF-18616,86.29,19.21,891,6,5.52,0
TXREF-18617,90.33,15.54,86,3,4.26,0
TXREF-18618,96.67,19.58,735,4,3.22,0
TXREF-18619,20.18,11.54,197,3,3.09,0
TXREF-18620,12.42,15.69,444,2,1.24,0
TXREF-18621,68.04,21.83,833,3,2.23,0
TXREF-18622,94.17,6.62,321,2,2.06,0
TXREF-18623,106.73,15.66,233,1,4.66,0
TXREF-18624,49.36,17.78,70,3,8.71,0
TXREF-18625,8.27,17.01,44,1,2.6,0
TXREF-18626,45.3,13.25,8,3,15.56,0
TXREF-18627,51.93,20.06,209,3,0.83,0
TXREF-18628,85.75,11.73,538,2,7.29,0
TXREF-18629,97.45,13.47,542,3,2.95,1
TXREF-18630,67.02,15.06,1336,3,6.59,0
TXREF-18631,22.81,14.16,15,2,6.9,0
TXREF-18632,16.59,23.29,1048,3,7.19,0
TXREF-18633,51.13,14.29,165,3,18.95,0
TXREF-18634,19.68,19.02,893,3,3.64,0
TXREF-18635,100.7,16.58,849,1,3.43,0
TXREF-18636,10.2,13.76,447,5,2.18,0
TXREF-18637,52.36,21.67,1591,4,3.63,0
TXREF-18638,43.82,11.66,286,2,6.97,1
TXREF-18639,30.0,17.04,135,2,2.47,0
TXREF-18640,17.88,8.9,33,3,0.41,0
TXREF-18641,7.89,21.69,997,2,12.66,0
TXREF-18642,23.74,13.9,684,3,2.83,0
TXREF-18643,24.05,9.59,196,2,4.26,0
TXREF-18644,77.51,20.41,118,3,1.12,0
TXREF-18645,19.81,22.25,72,3,2.47,0
TXREF-18646,48.23,16.74,944,5,2.3,0
TXREF-18647,13.73,9.17,110,2,3.47,0
TXREF-18648,49.19,13.24,73,2,0.44,0
TXREF-18649,6.95,20.47,140,1,7.66,0
TXREF-18650,157.37,12.08,304,2,16.21,0
TXREF-18651,31.45,11.35,224,2,8.3,0
TXREF-18652,4.66,20.75,5,1,7.48,0
TXREF-18653,20.76,11.55,916,1,5.81,0
TXREF-18654,18.53,14.11,257,4,14.07,0
TXREF-18655,21.71,16.84,1178,3,0.79,0
TXREF-18656,26.77,15.15,233,2,46.2,0
TXREF-18657,21.6,18.16,1895,3,7.86,0
TXREF-18658,19.34,12.4,1144,3,16.21,0
TXREF-18659,15.12,15.04,427,4,1.95,0
TXREF-18660,62.91,0.31,312,2,1.54,0
TXREF-18661,82.67,23.12,58,2,4.19,0
TXREF-18662,28.98,11.66,929,2,2.42,0
TXREF-18663,34.37,18.88,321,4,2.58,0
TXREF-18664,15.47,11.26,332,1,3.99,0
TXREF-18665,36.64,12.18,384,1,4.7,0
TXREF-18666,41.08,12.85,1906,2,3.09,0
TXREF-18667,29.73,15.45,629,2,13.05,0
TXREF-18668,46.3,10.52,17,1,10.87,0
TXREF-18669,43.48,20.28,481,5,7.56,0
TXREF-18670,16.3,11.94,300,2,34.32,0
TXREF-18671,82.19,14.16,43,3,5.79,0
TXREF-18672,29.98,11.0,580,5,24.93,0
TXREF-18673,116.33,14.84,368,2,8.36,0
TXREF-18674,47.12,12.85,517,6,2.44,0
TXREF-18675,143.89,16.11,159,1,6.22,1
TXREF-18676,81.14,14.2,513,2,1.39,0
TXREF-18677,41.0,22.45,54,2,10.75,0
TXREF-18678,20.68,14.39,448,1,3.86,0
TXREF-18679,21.01,10.1,728,1,25.31,0
TXREF-18680,51.1,19.54,1262,5,2.33,0
TXREF-18681,38.59,14.07,575,1,3.75,0
TXREF-18682,22.78,11.09,242,3,1.85,0
TXREF-18683,63.42,18.85,1004,3,13.29,0
TXREF-18684,35.8,13.01,163,3,28.17,0
TXREF-18685,63.69,11.94,534,3,9.42,0
TXREF-18686,17.25,14.58,211,1,3.2,0
TXREF-18687,71.49,18.88,100,1,1.96,0
TXREF-18688,49.93,17.09,181,2,14.62,0
TXREF-18689,82.45,16.45,235,1,1.69,0
TXREF-18690,70.37,14.42,510,4,32.37,0
TXREF-18691,32.75,15.89,116,2,15.83,0
TXREF-18692,30.91,12.4,4,2,7.1,1
TXREF-18693,125.69,9.19,48,5,9.12,0
TXREF-18694,28.24,23.17,45,3,25.44,0
TXREF-18695,59.67,21.1,1249,1,1.12,0
TXREF-18696,26.45,7.48,165,1,10.99,0
TXREF-18697,9.11,10.61,1023,3,1.32,0
TXREF-18698,14.39,10.06,251,1,2.87,0
TXREF-18699,46.63,10.63,136,6,21.93,0
TXREF-18700,57.67,18.27,1230,5,8.39,0
TXREF-18701,46.74,15.64,210,2,3.07,0
TXREF-18702,79.45,17.09,141,1,14.48,0
TXREF-18703,46.14,18.28,217,2,4.69,0
TXREF-18704,19.92,17.47,1282,3,24.98,0
TXREF-18705,53.4,14.09,307,1,1.46,0
TXREF-18706,39.34,18.85,178,3,3.43,1
TXREF-18707,23.0,10.06,74,1,13.94,0
TXREF-18708,48.92,20.04,2369,3,6.03,0
TXREF-18709,36.86,10.72,868,2,0.5,0
TXREF-18710,22.52,17.97,983,1,0.44,0
TXREF-18711,30.63,18.22,27,1,6.36,0
TXREF-18712,96.33,17.8,24,2,78.16,1
TXREF-18713,94.09,9.51,113,2,3.89,0
TXREF-18714,39.86,12.07,426,3,7.16,0
TXREF-18715,36.28,8.29,92,3,33.14,0
TXREF-18716,12.41,15.16,689,1,7.14,0
TXREF-18717,120.05,19.38,2378,2,1.56,0
TXREF-18718,73.42,16.42,164,3,3.31,0
TXREF-18719,59.82,14.1,532,1,5.22,0
TXREF-18720,6.77,7.18,108,3,29.24,0
TXREF-18721,35.85,20.56,189,1,40.37,0
TXREF-18722,31.77,14.26,337,3,27.48,0
TXREF-18723,56.92,15.49,1153,1,47.21,0
TXREF-18724,25.16,6.91,1199,1,20.13,0
TXREF-18725,29.46,13.73,350,2,6.84,0
TXREF-18726,54.38,10.74,566,3,4.52,0
TXREF-18727,19.95,21.05,431,3,23.64,0
TXREF-18728,23.03,11.9,1618,3,1.25,0
TXREF-18729,40.01,14.4,36,2,12.93,0
TXREF-18730,91.26,11.74,105,2,2.46,0
TXREF-18731,62.31,7.64,171,2,7.91,0
TXREF-18732,75.51,14.37,230,4,1.45,0
TXREF-18733,36.44,22.32,1033,2,90.36,1
TXREF-18734,102.15,22.59,282,2,1.48,0
TXREF-18735,9.94,13.01,439,4,2.44,0
TXREF-18736,149.31,12.89,448,3,9.28,0
TXREF-18737,163.9,14.14,567,4,11.72,0
TXREF-18738,48.36,21.78,47,5,8.1,0
TXREF-18739,63.39,18.63,1436,4,3.45,0
TXREF-18740,33.87,20.27,33,3,6.41,0
TXREF-18741,29.94,16.62,376,6,1.98,0
TXREF-18742,22.42,19.07,265,3,7.93,0
TXREF-18743,33.61,13.95,241,4,7.21,0
TXREF-18744,51.95,12.01,417,1,3.11,0
TXREF-18745,47.1,9.4,381,4,8.92,0
TXREF-18746,145.53,16.07,206,4,2.28,0
TXREF-18747,37.42,11.11,72,1,4.03,0
TXREF-18748,11.92,21.51,377,3,3.07,0
TXREF-18749,113.74,18.82,124,3,4.99,0
TXREF-18750,14.45,19.58,183,2,0.63,0
TXREF-18751,23.27,8.67,455,2,11.35,0
TXREF-18752,42.34,21.96,844,2,3.53,0
TXREF-18753,47.01,19.6,188,3,1.17,0
TXREF-18754,12.3,9.8,50,1,8.36,0
TXREF-18755,20.34,20.09,234,3,1.0,0
TXREF-18756,11.99,17.71,500,3,1.03,0
TXREF-18757,54.47,9.35,74,4,6.18,0
TXREF-18758,81.62,14.99,75,2,1.08,0
TXREF-18759,14.44,17.25,319,4,7.91,0
TXREF-18760,71.3,13.79,139,1,8.34,0
TXREF-18761,68.04,0.91,217,3,2.45,0
TXREF-18762,21.66,21.0,338,4,63.07,0
TXREF-18763,8.35,17.9,521,3,9.0,0
TXREF-18764,16.1,12.01,244,3,16.87,0
TXREF-18765,22.68,11.24,576,4,3.74,0
TXREF-18766,105.64,17.37,513,1,1.01,0
TXREF-18767,31.97,15.45,189,5,22.94,0
TXREF-18768,16.86,15.88,252,5,5.12,0
TXREF-18769,38.72,11.88,298,2,1.72,0
TXREF-18770,13.7,23.39,718,4,7.95,0
TXREF-18771,50.42,10.5,307,1,11.49,0
TXREF-18772,17.22,14.79,2274,1,50.36,0
TXREF-18773,19.12,14.36,1802,3,1.23,0
TXREF-18774,45.62,14.38,449,1,3.92,0
TXREF-18775,122.75,16.5,17,2,30.52,1
TXREF-18776,169.42,10.74,1211,2,3.3,0
TXREF-18777,16.47,20.78,382,4,132.09,0
TXREF-18778,22.66,21.65,33,3,3.07,0
TXREF-18779,50.46,19.81,7,3,0.63,0
TXREF-18780,80.76,20.59,1154,4,0.94,0
TXREF-18781,7.33,20.04,634,1,45.89,0
TXREF-18782,37.07,23.59,1044,4,9.21,0
TXREF-18783,24.51,12.86,642,1,20.57,0
TXREF-18784,8.71,10.34,262,2,3.82,0
TXREF-18785,13.29,16.97,286,5,1.9,0
TXREF-18786,23.13,17.24,269,1,3.27,0
TXREF-18787,36.32,16.62,2014,4,0.46,0
TXREF-18788,71.94,13.8,1414,3,0.44,0
TXREF-18789,44.93,21.25,158,3,21.07,0
TXREF-18790,68.87,17.63,137,2,2.92,0
TXREF-18791,35.49,23.44,455,2,2.61,0
TXREF-18792,20.96,13.83,586,5,2.01,0
TXREF-18793,30.5,14.85,417,4,26.93,0
TXREF-18794,57.44,8.2,425,3,1.9,0
TXREF-18795,73.22,19.98,598,4,14.48,0
TXREF-18796,31.3,19.18,21,2,2.54,0
TXREF-18797,17.83,10.32,220,2,25.02,0
TXREF-18798,44.33,15.85,360,2,12.84,0
TXREF-18799,49.11,9.24,49,3,1.38,0
TXREF-18800,84.57,14.27,410,3,3.58,0
TXREF-18801,21.36,6.97,71,3,1.83,0
TXREF-18802,21.52,19.39,171,2,5.62,0
TXREF-18803,60.01,12.44,168,3,6.81,0
TXREF-18804,25.96,17.7,10,7,8.48,0
TXREF-18805,25.18,19.34,1229,2,10.39,0
TXREF-18806,85.88,19.41,319,1,3.17,0
TXREF-18807,12.97,20.73,412,3,2.43,0
TXREF-18808,153.0,14.26,448,1,6.21,0
TXREF-18809,22.4,15.24,1374,4,2.94,0
TXREF-18810,64.98,15.23,357,3,2.26,0
TXREF-18811,32.19,10.22,241,5,21.68,0
TXREF-18812,42.33,17.67,1382,4,16.26,0
TXREF-18813,28.81,16.21,266,2,8.18,0
TXREF-18814,64.5,16.36,3,2,9.38,0
TXREF-18815,27.11,16.16,336,3,3.39,0
TXREF-18816,23.05,15.45,606,5,3.92,0
TXREF-18817,128.46,17.22,84,4,3.96,0
TXREF-18818,35.56,13.95,111,5,1.14,0
TXREF-18819,21.4,12.4,12,5,4.6,0
TXREF-18820,11.91,20.93,69,3,8.86,0
TXREF-18821,133.38,9.41,668,1,9.49,0
TXREF-18822,23.4,19.98,1394,4,0.59,0
TXREF-18823,153.63,21.48,798,1,14.03,0
TXREF-18824,46.39,18.9,635,3,7.0,0
TXREF-18825,38.59,18.89,273,3,0.97,0
TXREF-18826,39.34,9.98,123,1,4.03,0
TXREF-18827,171.65,12.89,396,3,2.19,0
TXREF-18828,7.18,19.42,436,1,6.46,0
TXREF-18829,40.62,13.0,74,1,0.56,0
TXREF-18830,28.76,14.21,334,1,17.87,0
TXREF-18831,29.86,13.44,285,5,2.84,0
TXREF-18832,38.76,16.26,1185,2,6.77,0
TXREF-18833,28.74,7.42,40,3,1.94,0
TXREF-18834,39.86,13.35,280,3,2.62,0
TXREF-18835,34.23,21.16,520,3,2.53,0
TXREF-18836,13.52,19.06,6,3,6.76,0
TXREF-18837,45.81,15.1,315,2,16.21,0
TXREF-18838,58.3,16.52,338,3,13.5,0
TXREF-18839,23.56,15.45,480,3,12.64,0
TXREF-18840,133.6,19.69,164,2,10.37,0
TXREF-18841,91.07,12.61,76,3,4.44,0
TXREF-18842,63.92,22.0,275,5,26.31,0
TXREF-18843,63.36,22.27,1621,4,2.75,0
TXREF-18844,35.58,13.25,603,2,2.45,0
TXREF-18845,79.19,17.63,344,2,11.29,0
TXREF-18846,107.87,14.92,13,1,2.43,0
TXREF-18847,62.29,10.16,305,4,1.71,0
TXREF-18848,23.09,16.4,603,3,12.45,0
TXREF-18849,33.83,12.4,170,1,18.26,0
TXREF-18850,52.62,12.97,300,2,2.47,0
TXREF-18851,63.64,13.2,102,5,3.25,0
TXREF-18852,32.92,16.35,1619,2,8.04,0
TXREF-18853,23.15,19.94,1003,3,3.6,0
TXREF-18854,108.92,13.49,1018,4,10.69,0
TXREF-18855,16.09,13.31,452,1,3.87,0
TXREF-18856,17.68,7.45,604,3,13.6,0
TXREF-18857,13.39,11.73,135,2,54.31,0
TXREF-18858,17.65,10.97,28,4,9.38,0
TXREF-18859,85.46,15.0,139,2,1.49,0
TXREF-18860,87.55,13.66,100,3,13.69,1
TXREF-18861,33.01,19.08,622,2,2.29,0
TXREF-18862,49.77,14.49,278,2,3.25,0
TXREF-18863,34.55,13.78,621,3,1.09,0
TXREF-18864,14.76,5.87,660,3,10.94,0
TXREF-18865,171.92,21.24,49,3,3.42,0
TXREF-18866,93.67,19.57,208,2,5.22,0
TXREF-18867,44.93,19.99,1175,2,7.89,0
TXREF-18868,18.8,15.13,285,3,1.25,0
TXREF-18869,29.61,12.96,230,3,2.21,0
TXREF-18870,21.15,8.87,944,2,9.61,0
TXREF-18871,37.35,22.55,73,2,9.78,0
TXREF-18872,43.52,20.35,93,2,4.71,0
TXREF-18873,27.23,3.5,151,4,5.82,0
TXREF-18874,12.22,20.68,556,2,0.96,0
TXREF-18875,161.59,17.6,32,2,2.99,0
TXREF-18876,41.31,9.62,352,2,12.8,1
TXREF-18877,48.36,16.63,48,2,6.58,0
TXREF-18878,25.68,16.37,667,4,24.28,0
TXREF-18879,11.31,11.99,178,2,8.82,0
TXREF-18880,32.79,16.91,580,1,6.44,0
TXREF-18881,27.59,18.82,576,2,46.01,0
TXREF-18882,58.02,14.67,225,1,3.31,0
TXREF-18883,66.84,11.7,413,2,11.85,0
TXREF-18884,60.39,15.29,334,3,1.1,0
TXREF-18885,70.92,20.18,361,2,5.56,0
TXREF-18886,127.57,18.56,969,1,1.29,0
TXREF-18887,46.09,0.24,651,2,1.7,0
TXREF-18888,76.82,19.57,267,5,3.5,0
TXREF-18889,49.68,10.34,257,1,7.54,0
TXREF-18890,8.86,13.58,1931,3,5.01,0
TXREF-18891,31.15,13.48,2168,2,16.5,0
TXREF-18892,18.64,20.58,59,1,0.49,0
TXREF-18893,41.13,16.52,156,4,16.12,0
TXREF-18894,19.7,11.02,681,1,1.69,0
TXREF-18895,53.84,18.68,631,1,1.44,0
TXREF-18896,70.55,11.57,695,3,13.27,0
TXREF-18897,82.81,20.53,1,1,5.87,0
TXREF-18898,111.71,13.11,683,2,3.78,0
TXREF-18899,10.42,20.15,308,4,23.57,0
TXREF-18900,14.68,13.45,67,3,11.16,0
TXREF-18901,286.58,13.83,15,2,10.7,1
TXREF-18902,72.01,19.01,204,3,1.1,0
TXREF-18903,40.92,11.06,333,6,3.91,0
TXREF-18904,35.63,14.16,287,4,9.06,0
TXREF-18905,33.42,15.73,233,5,1.34,0
TXREF-18906,8.65,21.21,704,3,5.89,0
TXREF-18907,19.96,14.14,1066,5,1.99,0
TXREF-18908,32.12,13.7,477,2,7.59,0
TXREF-18909,20.79,16.71,1033,4,9.22,0
TXREF-18910,22.84,14.57,330,2,8.17,0
TXREF-18911,219.71,17.09,148,8,4.48,0
TXREF-18912,29.04,15.25,131,2,2.63,0
TXREF-18913,42.53,16.08,493,4,11.31,0
TXREF-18914,41.46,17.63,344,3,3.08,0
TXREF-18915,53.22,13.01,605,2,20.59,0
TXREF-18916,24.69,21.17,456,3,25.06,0
TXREF-18917,85.44,13.5,971,2,2.31,0
TXREF-18918,47.91,9.52,1191,1,16.2,0
TXREF-18919,13.78,12.95,106,3,12.68,0
TXREF-18920,32.22,11.69,265,3,1.78,0
TXREF-18921,30.76,15.2,456,1,1.99,0
TXREF-18922,29.75,18.47,314,5,2.09,0
TXREF-18923,50.23,14.41,249,1,2.18,0
TXREF-18924,54.98,20.53,384,3,14.83,0
TXREF-18925,50.5,18.75,978,2,32.98,0
TXREF-18926,44.43,14.94,248,3,0.38,0
TXREF-18927,37.03,20.63,302,6,10.37,0
TXREF-18928,7.4,13.43,176,3,13.76,0
TXREF-18929,60.95,9.0,230,3,14.9,0
TXREF-18930,49.48,10.23,516,1,24.6,0
TXREF-18931,17.13,13.37,334,4,1.88,0
TXREF-18932,42.61,16.55,124,4,5.43,0
TXREF-18933,55.51,13.38,1397,2,12.45,0
TXREF-18934,80.91,17.79,43,3,9.49,0
TXREF-18935,50.27,19.55,272,1,7.29,0
TXREF-18936,43.88,20.82,209,2,5.01,0
TXREF-18937,68.83,20.8,62,3,4.36,1
TXREF-18938,27.92,8.77,193,1,3.41,0
TXREF-18939,46.84,20.93,1025,2,6.05,0
TXREF-18940,22.26,13.89,379,3,33.47,1
TXREF-18941,77.43,13.25,195,3,10.83,1
TXREF-18942,10.92,13.97,123,2,4.39,0
TXREF-18943,62.68,11.44,70,1,10.14,0
TXREF-18944,35.26,18.8,165,1,1.73,0
TXREF-18945,69.76,11.79,422,4,1.39,0
TXREF-18946,19.85,21.21,29,3,6.24,0
TXREF-18947,37.14,9.59,14,4,35.04,0
TXREF-18948,36.37,11.66,532,2,169.92,0
TXREF-18949,47.58,11.76,6,1,7.87,1
TXREF-18950,16.37,11.54,16,5,2.55,0
TXREF-18951,55.04,13.44,323,3,3.39,0
TXREF-18952,9.22,10.43,3,2,6.28,0
TXREF-18953,21.52,19.1,635,4,4.43,0
TXREF-18954,11.3,13.51,640,4,2.07,0
TXREF-18955,63.2,15.2,44,1,0.96,0
TXREF-18956,46.44,16.76,200,3,40.2,1
TXREF-18957,48.34,19.63,545,2,54.65,0
TXREF-18958,100.55,20.81,1107,5,9.84,0
TXREF-18959,27.73,13.21,358,1,12.1,0
TXREF-18960,54.0,10.57,113,2,6.12,0
TXREF-18961,36.51,15.08,167,2,14.86,0
TXREF-18962,32.72,23.26,17,3,1.39,0
TXREF-18963,89.19,14.45,598,2,11.67,0
TXREF-18964,155.86,14.21,379,1,6.66,0
TXREF-18965,25.52,21.62,70,2,3.61,0
TXREF-18966,63.45,8.02,67,1,1.86,0
TXREF-18967,43.81,22.0,305,4,2.69,0
TXREF-18968,44.19,20.92,565,3,5.79,0
TXREF-18969,41.59,16.23,366,3,4.97,0
TXREF-18970,27.39,17.6,687,1,0.64,0
TXREF-18971,2.63,17.7,205,2,3.74,0
TXREF-18972,105.12,23.39,563,4,6.16,0
TXREF-18973,21.11,15.41,1266,3,8.02,0
TXREF-18974,29.26,20.08,166,4,2.92,0
TXREF-18975,29.71,7.51,433,2,31.82,0
TXREF-18976,19.8,20.37,24,4,9.54,0
TXREF-18977,41.39,18.12,77,2,39.4,0
TXREF-18978,33.72,14.43,481,4,20.32,0
TXREF-18979,20.78,16.18,1608,4,12.69,0
TXREF-18980,38.76,18.12,19,4,4.26,0
TXREF-18981,33.99,11.12,791,4,13.33,0
TXREF-18982,67.9,14.75,549,2,11.98,0
TXREF-18983,13.26,21.01,231,5,14.42,0
TXREF-18984,19.49,17.53,358,3,1.26,0
TXREF-18985,58.69,21.09,246,3,51.88,1
TXREF-18986,21.96,12.26,1358,2,14.11,0
TXREF-18987,18.17,12.64,2225,2,24.0,0
TXREF-18988,22.76,18.14,1582,2,10.31,0
TXREF-18989,32.37,12.9,250,1,11.55,0
TXREF-18990,32.46,15.93,93,2,14.41,0
TXREF-18991,29.93,13.23,844,5,24.39,0
TXREF-18992,16.6,7.08,1468,3,21.17,0
TXREF-18993,60.74,18.09,398,3,24.85,0
TXREF-18994,90.46,17.61,112,2,6.52,0
TXREF-18995,8.8,12.06,407,3,1.75,0
TXREF-18996,11.38,22.47,6,2,1.82,0
TXREF-18997,71.67,17.9,972,2,2.49,0
TXREF-18998,107.8,19.24,601,1,15.75,0
TXREF-18999,7.52,18.34,164,4,1.45,0
TXREF-19000,62.62,19.14,152,2,49.78,1
TXREF-19001,113.21,16.46,128,1,48.63,0
TXREF-19002,18.71,18.51,180,2,1.07,0
TXREF-19003,108.57,12.9,424,1,7.16,0
TXREF-19004,30.63,15.41,222,1,2.5,0
TXREF-19005,43.66,7.13,153,3,2.83,0
TXREF-19006,20.74,18.17,1275,4,2.74,0
TXREF-19007,71.57,15.6,200,2,1.06,0
TXREF-19008,63.49,22.18,1168,3,11.94,0
TXREF-19009,120.52,12.76,70,2,5.94,0
TXREF-19010,98.22,12.06,872,2,11.09,0
TXREF-19011,34.58,12.86,113,2,13.07,0
TXREF-19012,326.37,23.08,1267,1,7.03,0
TXREF-19013,92.07,6.6,519,3,0.71,0
TXREF-19014,51.38,14.92,125,2,21.12,0
TXREF-19015,16.98,14.1,167,1,13.13,0
TXREF-19016,11.57,14.79,297,4,6.68,0
TXREF-19017,12.3,13.6,240,3,11.3,0
TXREF-19018,17.77,17.81,167,3,5.64,0
TXREF-19019,93.85,10.49,180,2,39.23,1
TXREF-19020,49.44,20.64,167,3,4.66,0
TXREF-19021,22.38,11.94,58,2,3.63,0
TXREF-19022,31.57,16.59,616,4,5.96,0
TXREF-19023,28.92,10.54,315,1,4.57,0
TXREF-19024,61.93,13.95,501,1,13.38,0
TXREF-19025,18.49,12.59,291,1,13.24,0
TXREF-19026,44.78,22.35,356,3,31.7,0
TXREF-19027,43.21,12.91,1966,3,2.29,0
TXREF-19028,18.89,19.62,369,3,7.45,0
TXREF-19029,109.22,20.17,874,1,3.86,0
TXREF-19030,28.14,14.76,144,3,7.15,0
TXREF-19031,17.03,12.68,556,1,2.27,0
TXREF-19032,64.33,9.75,326,3,26.68,1
TXREF-19033,36.21,18.05,982,1,2.81,0
TXREF-19034,46.72,18.64,342,1,2.94,0
TXREF-19035,14.84,23.12,191,3,20.46,0
TXREF-19036,62.49,12.59,933,3,30.38,0
TXREF-19037,166.36,14.5,95,1,16.77,1
TXREF-19038,14.02,5.67,1585,2,10.65,0
TXREF-19039,44.93,10.0,269,3,4.75,0
TXREF-19040,19.78,9.72,592,2,1.75,0
TXREF-19041,241.41,11.87,320,1,48.27,0
TXREF-19042,84.99,14.83,860,2,14.2,0
TXREF-19043,42.65,17.29,496,2,66.0,0
TXREF-19044,14.38,11.88,478,6,3.47,0
TXREF-19045,17.12,12.52,178,5,54.62,0
TXREF-19046,59.58,13.62,672,4,4.39,0
TXREF-19047,13.05,11.42,64,2,8.3,0
TXREF-19048,13.35,15.4,921,1,4.62,0
TXREF-19049,35.04,21.74,1081,1,31.28,0
TXREF-19050,38.32,18.78,310,1,2.67,0
TXREF-19051,45.77,16.05,6,3,5.35,1
TXREF-19052,25.37,18.06,1591,2,67.28,0
TXREF-19053,67.53,14.83,6,3,4.67,0
TXREF-19054,18.72,21.42,466,2,20.98,0
TXREF-19055,54.66,8.28,332,2,17.82,0
TXREF-19056,40.62,9.98,711,3,4.26,0
TXREF-19057,53.65,13.78,740,4,9.53,0
TXREF-19058,81.54,6.57,131,1,12.86,0
TXREF-19059,25.08,21.05,913,1,2.58,0
TXREF-19060,21.63,16.71,126,2,1.88,0
TXREF-19061,10.32,15.27,784,2,1.6,0
TXREF-19062,8.14,18.08,171,2,7.04,0
TXREF-19063,30.67,13.26,36,1,50.36,0
TXREF-19064,32.22,12.63,367,3,3.08,0
TXREF-19065,15.93,21.9,219,2,5.05,0
TXREF-19066,18.59,14.73,95,4,16.89,0
TXREF-19067,104.26,9.04,247,4,21.78,1
TXREF-19068,65.41,18.68,428,2,4.07,1
TXREF-19069,14.04,11.64,365,2,5.17,0
TXREF-19070,25.32,17.39,1622,4,3.0,0
TXREF-19071,46.63,21.51,25,3,3.79,0
TXREF-19072,22.17,10.31,267,3,3.04,0
TXREF-19073,19.45,18.14,114,3,9.06,0
TXREF-19074,27.29,17.46,249,3,2.11,0
TXREF-19075,76.35,21.7,843,5,4.02,0
TXREF-19076,81.5,16.26,1147,2,2.62,0
TXREF-19077,20.5,14.66,41,1,4.45,0
TXREF-19078,48.5,7.37,660,1,14.31,0
TXREF-19079,34.65,7.21,722,3,3.81,0
TXREF-19080,16.85,11.33,504,2,5.57,0
TXREF-19081,28.11,9.8,120,2,10.86,0
TXREF-19082,14.01,21.88,654,2,39.17,0
TXREF-19083,80.43,9.8,138,4,2.74,0
TXREF-19084,106.46,13.61,385,2,12.28,1
TXREF-19085,25.9,11.14,626,2,3.18,0
TXREF-19086,21.82,17.56,50,3,12.05,0
TXREF-19087,74.39,21.45,281,1,2.23,0
TXREF-19088,83.57,16.54,717,1,5.36,0
TXREF-19089,15.61,8.6,713,1,2.56,0
TXREF-19090,31.29,23.64,1989,3,58.86,0
TXREF-19091,33.37,22.99,76,4,4.41,0
TXREF-19092,19.99,15.45,2056,1,4.42,0
TXREF-19093,45.97,20.8,115,5,0.98,0
TXREF-19094,21.03,12.4,610,2,8.61,0
TXREF-19095,23.59,12.75,22,5,2.27,0
TXREF-19096,32.36,0.31,1183,4,3.02,0
TXREF-19097,11.92,20.93,437,1,0.52,0
TXREF-19098,7.92,22.59,37,4,4.87,0
TXREF-19099,67.43,20.33,1373,1,1.39,0
TXREF-19100,20.43,9.97,556,1,4.05,0
TXREF-19101,161.92,22.18,276,4,3.06,1
TXREF-19102,143.99,23.43,625,3,3.59,0
TXREF-19103,24.18,17.62,288,2,2.27,0
TXREF-19104,187.56,13.36,4,3,3.93,1
TXREF-19105,68.38,21.28,165,2,0.88,0
TXREF-19106,21.88,11.62,560,2,1.3,0
TXREF-19107,5.43,8.43,1054,2,1.45,0
TXREF-19108,57.14,15.4,424,1,59.31,0
TXREF-19109,35.61,13.19,852,3,25.49,0
TXREF-19110,47.49,15.43,173,3,18.54,0
TXREF-19111,29.53,14.49,435,3,18.2,0
TXREF-19112,15.28,19.49,134,4,3.06,0
TXREF-19113,25.6,20.82,32,2,2.12,0
TXREF-19114,57.9,9.87,92,4,30.26,0
TXREF-19115,26.97,0.36,426,3,20.8,0
TXREF-19116,26.86,13.8,236,3,13.2,0
TXREF-19117,11.66,19.47,437,4,4.39,0
TXREF-19118,37.18,11.23,476,2,27.46,0
TXREF-19119,15.63,9.75,434,1,6.42,0
TXREF-19120,67.45,12.68,166,1,2.23,0
TXREF-19121,20.52,15.95,74,4,10.02,0
TXREF-19122,28.14,5.05,1519,3,50.16,0
TXREF-19123,165.35,16.8,109,1,2.64,0
TXREF-19124,27.92,13.33,6,2,5.58,0
TXREF-19125,25.35,18.25,285,2,3.09,0
TXREF-19126,53.07,12.82,343,3,2.61,0
TXREF-19127,9.63,11.63,126,3,15.19,0
TXREF-19128,85.68,10.08,1188,1,2.17,0
TXREF-19129,71.21,7.8,1263,3,3.71,0
TXREF-19130,50.79,16.34,425,3,5.33,0
TXREF-19131,3.06,12.21,793,2,120.75,0
TXREF-19132,28.88,12.75,7,5,0.89,0
TXREF-19133,13.92,21.43,434,1,5.98,0
TXREF-19134,78.21,14.18,29,2,0.95,0
TXREF-19135,74.28,17.85,1691,2,8.72,0
TXREF-19136,46.03,16.15,513,2,4.17,0
TXREF-19137,14.64,18.75,527,1,8.89,0
TXREF-19138,102.09,15.61,17,2,9.1,1
TXREF-19139,28.82,11.23,705,2,6.88,0
TXREF-19140,127.72,9.29,308,3,4.76,0
TXREF-19141,42.14,19.51,93,2,8.62,0
TXREF-19142,50.14,21.5,1208,2,8.6,0
TXREF-19143,24.99,16.64,119,2,151.73,0
TXREF-19144,95.87,11.57,157,3,15.69,1
TXREF-19145,53.95,11.92,1419,1,26.4,0
TXREF-19146,98.38,18.51,215,6,1.13,0
TXREF-19147,39.56,12.61,111,3,11.65,0
TXREF-19148,33.65,19.48,24,2,4.04,0
TXREF-19149,53.44,13.53,16,4,19.59,0
TXREF-19150,98.36,17.74,955,2,18.72,0
TXREF-19151,72.39,15.22,64,7,9.8,1
TXREF-19152,38.46,16.26,463,4,1.18,0
TXREF-19153,9.14,13.43,221,2,8.94,0
TXREF-19154,62.39,13.64,103,2,12.47,0
TXREF-19155,12.36,15.34,150,2,2.35,0
TXREF-19156,35.7,16.55,81,3,29.7,0
TXREF-19157,32.03,15.68,617,3,12.28,0
TXREF-19158,12.54,8.34,12,2,3.71,0
TXREF-19159,45.52,20.66,1921,3,7.07,0
TXREF-19160,164.2,11.9,146,2,60.46,0
TXREF-19161,27.8,12.25,447,2,29.94,0
TXREF-19162,60.43,19.88,448,2,19.36,0
TXREF-19163,189.82,19.43,384,3,14.83,1
TXREF-19164,64.79,13.26,953,5,9.39,0
TXREF-19165,21.88,20.31,47,5,20.93,0
TXREF-19166,41.29,10.49,792,2,27.23,1
TXREF-19167,49.21,17.94,846,1,7.14,0
TXREF-19168,97.74,2.04,202,4,1.57,0
TXREF-19169,83.44,14.67,44,3,3.68,0
TXREF-19170,4.74,18.43,139,2,0.84,0
TXREF-19171,18.79,22.53,732,3,1.69,0
TXREF-19172,33.1,22.06,104,3,2.52,0
TXREF-19173,16.76,13.33,167,3,1.36,0
TXREF-19174,2.43,11.95,384,5,6.56,0
TXREF-19175,20.65,9.75,14,2,28.54,0
TXREF-19176,34.72,19.07,180,4,88.59,0
TXREF-19177,23.85,17.65,194,2,3.36,0
TXREF-19178,16.98,12.47,126,2,1.42,0
TXREF-19179,35.87,15.75,42,1,11.54,0
TXREF-19180,44.57,14.41,438,4,32.68,0
TXREF-19181,24.84,12.87,971,4,10.82,0
TXREF-19182,93.47,17.09,49,2,17.34,0
TXREF-19183,36.29,20.83,329,1,11.41,0
TXREF-19184,18.59,17.74,146,3,17.16,0
TXREF-19185,15.49,21.85,259,2,4.84,0
TXREF-19186,29.86,14.21,110,2,4.96,0
TXREF-19187,77.61,22.79,214,1,1.29,0
TXREF-19188,19.24,21.38,493,3,0.55,0
TXREF-19189,53.47,9.01,318,2,8.99,0
TXREF-19190,37.27,12.84,13,5,15.96,0
TXREF-19191,146.22,21.4,16,2,3.17,1
TXREF-19192,46.11,17.09,541,2,8.99,0
TXREF-19193,21.06,15.65,206,4,30.04,0
TXREF-19194,59.16,19.27,1350,2,4.13,0
TXREF-19195,60.61,15.67,656,4,2.25,0
TXREF-19196,26.16,13.66,435,2,18.32,0
TXREF-19197,15.06,18.21,243,3,48.35,0
TXREF-19198,51.21,13.82,678,6,9.88,0
TXREF-19199,36.44,19.67,431,3,6.78,0
TXREF-19200,11.68,16.06,690,2,1.49,0
TXREF-19201,41.81,13.04,1011,2,1.3,0
TXREF-19202,22.01,22.39,671,3,22.54,0
TXREF-19203,11.69,20.94,329,4,4.44,0
TXREF-19204,27.02,14.83,534,3,4.19,0
TXREF-19205,87.68,12.95,254,4,2.8,0
TXREF-19206,83.08,12.74,147,3,9.44,0
TXREF-19207,68.83,10.56,219,1,15.11,0
TXREF-19208,42.26,18.27,100,5,2.89,0
TXREF-19209,53.46,18.0,849,2,6.16,0
TXREF-19210,37.38,12.6,477,1,9.24,0
TXREF-19211,15.71,16.0,19,1,3.65,0
TXREF-19212,18.14,19.4,540,3,3.26,0
TXREF-19213,22.48,15.2,495,4,3.1,0
TXREF-19214,95.49,13.66,39,3,2.82,0
TXREF-19215,75.58,13.94,601,4,5.79,0
TXREF-19216,16.0,17.64,921,2,8.52,0
TXREF-19217,36.18,15.24,251,1,8.7,0
TXREF-19218,26.05,14.62,362,3,2.61,0
TXREF-19219,31.13,14.85,137,1,217.0,0
TXREF-19220,23.67,9.43,349,2,22.39,0
TXREF-19221,95.78,20.14,243,1,5.63,0
TXREF-19222,34.34,11.2,217,2,8.87,0
TXREF-19223,40.68,15.26,428,2,10.21,0
TXREF-19224,40.91,11.65,112,2,11.48,0
TXREF-19225,16.61,15.89,572,2,2.84,0
TXREF-19226,37.64,16.51,665,4,16.99,0
TXREF-19227,74.8,10.33,76,3,40.35,0
TXREF-19228,100.52,13.07,11,2,12.47,0
TXREF-19229,15.23,21.06,194,2,6.77,0
TXREF-19230,11.67,6.73,405,2,11.95,0
TXREF-19231,36.41,14.53,267,1,4.11,0
TXREF-19232,77.37,10.77,190,2,30.8,1
TXREF-19233,45.1,18.41,12,2,4.12,0
TXREF-19234,56.82,16.61,331,2,2.15,0
TXREF-19235,13.07,14.59,1378,1,5.98,0
TXREF-19236,23.06,16.94,589,3,1.98,0
TXREF-19237,7.16,14.78,19,2,7.35,0
TXREF-19238,31.42,14.02,148,5,3.91,0
TXREF-19239,7.33,12.08,518,3,9.3,0
TXREF-19240,90.88,20.15,380,6,0.58,0
TXREF-19241,106.64,21.58,68,4,3.72,0
TXREF-19242,38.52,21.05,211,5,10.27,0
TXREF-19243,11.72,7.95,73,4,10.06,0
TXREF-19244,45.63,17.29,92,3,18.05,0
TXREF-19245,132.76,20.23,488,3,1.75,0
TXREF-19246,49.03,18.67,563,1,8.09,0
TXREF-19247,81.71,22.23,9,2,1.1,1
TXREF-19248,24.55,13.57,725,3,3.44,0
TXREF-19249,18.59,20.16,757,2,2.07,0
TXREF-19250,33.08,12.78,809,1,3.44,0
TXREF-19251,8.7,14.27,298,3,7.54,0
TXREF-19252,177.71,19.48,80,2,7.61,1
TXREF-19253,38.5,17.68,60,4,20.33,0
TXREF-19254,64.98,20.35,352,4,4.22,0
TXREF-19255,24.97,10.57,318,4,1.75,0
TXREF-19256,11.46,13.94,27,4,5.85,0
TXREF-19257,97.18,11.78,166,2,52.1,1
TXREF-19258,15.5,12.95,1190,2,0.68,0
TXREF-19259,44.75,13.83,271,2,16.89,0
TXREF-19260,47.9,9.71,1431,3,68.5,1
TXREF-19261,36.72,18.67,67,3,2.37,0
TXREF-19262,19.79,21.06,516,3,3.62,0
TXREF-19263,31.26,11.98,1143,3,13.69,0
TXREF-19264,17.57,13.94,272,1,2.63,0
TXREF-19265,62.34,16.03,1631,5,67.61,1
TXREF-19266,52.54,22.81,1357,1,1.17,0
TXREF-19267,34.28,20.02,1085,3,8.74,0
TXREF-19268,23.12,13.24,405,2,11.15,0
TXREF-19269,158.74,17.8,694,2,3.86,0
TXREF-19270,13.63,9.73,417,3,13.15,0
TXREF-19271,11.45,20.31,131,2,12.85,0
TXREF-19272,32.82,19.39,318,4,5.04,0
TXREF-19273,28.91,12.62,15,3,1.92,0
TXREF-19274,76.73,21.44,3,3,3.62,1
TXREF-19275,55.43,13.85,249,5,18.88,0
TXREF-19276,35.56,18.04,162,2,15.05,0
TXREF-19277,49.91,20.39,137,1,6.74,0
TXREF-19278,49.26,23.76,758,2,7.22,0
TXREF-19279,158.31,8.07,944,6,7.45,0
TXREF-19280,41.78,12.5,104,2,8.56,0
TXREF-19281,21.32,17.19,1155,1,5.34,0
TXREF-19282,40.16,11.49,371,5,2.55,0
TXREF-19283,5.28,9.93,165,3,62.15,0
TXREF-19284,34.0,21.37,328,3,17.9,0
TXREF-19285,76.47,12.05,330,2,9.79,0
TXREF-19286,53.71,16.4,1304,2,4.66,0
TXREF-19287,43.16,15.22,168,2,4.79,0
TXREF-19288,55.56,15.83,50,1,5.88,0
TXREF-19289,77.04,14.09,28,2,39.97,0
TXREF-19290,97.14,12.02,352,3,2.34,0
TXREF-19291,48.05,11.52,55,3,7.24,1
TXREF-19292,27.73,15.38,222,1,3.09,0
TXREF-19293,6.58,0.66,473,2,1.69,0
TXREF-19294,70.41,10.99,63,2,31.39,0
TXREF-19295,50.45,10.74,29,1,4.47,1
TXREF-19296,38.86,10.37,276,3,1.77,0
TXREF-19297,21.21,16.66,487,5,7.07,0
TXREF-19298,69.75,13.87,322,4,6.69,0
TXREF-19299,28.93,14.58,309,2,1.86,0
TXREF-19300,33.96,12.37,77,3,27.18,0
TXREF-19301,33.44,15.98,676,2,30.67,0
TXREF-19302,48.13,13.08,64,3,5.33,0
TXREF-19303,15.23,9.06,1096,1,20.59,0
TXREF-19304,52.2,20.44,169,1,2.83,0
TXREF-19305,20.72,20.09,11,2,2.88,0
TXREF-19306,21.25,13.01,777,1,40.71,0
TXREF-19307,65.85,21.78,309,1,8.7,0
TXREF-19308,17.01,9.38,343,2,9.95,0
TXREF-19309,65.76,20.25,90,2,1.85,0
TXREF-19310,37.45,18.09,250,3,1.38,0
TXREF-19311,10.63,13.5,81,4,23.36,0
TXREF-19312,92.98,17.65,170,1,0.38,0
TXREF-19313,43.53,19.96,94,4,13.95,0
TXREF-19314,46.24,18.45,474,4,64.35,0
TXREF-19315,71.9,13.68,260,2,5.97,0
TXREF-19316,102.46,5.81,322,1,12.73,0
TXREF-19317,40.24,11.37,17,5,6.77,0
TXREF-19318,54.3,14.53,35,1,44.71,0
TXREF-19319,45.48,23.01,267,4,51.72,0
TXREF-19320,27.2,9.76,211,4,1.6,0
TXREF-19321,11.13,16.96,1547,4,13.16,0
TXREF-19322,40.64,18.18,381,1,1.89,0
TXREF-19323,93.96,22.72,138,4,12.7,0
TXREF-19324,52.98,16.8,2,2,7.71,1
TXREF-19325,16.14,16.32,16,3,10.18,0
TXREF-19326,76.72,10.87,463,1,42.48,0
TXREF-19327,27.86,11.67,73,3,1.5,0
TXREF-19328,7.72,19.77,221,3,22.36,0
TXREF-19329,72.45,10.43,162,2,1.13,0
TXREF-19330,17.63,22.9,1354,4,9.88,0
TXREF-19331,125.48,19.25,76,2,10.02,1
TXREF-19332,79.55,12.18,58,7,46.32,1
TXREF-19333,29.55,20.73,250,2,3.98,0
TXREF-19334,48.46,20.11,1213,3,1.83,0
TXREF-19335,199.38,14.44,152,2,73.4,0
TXREF-19336,71.52,17.47,663,6,10.29,0
TXREF-19337,41.33,12.5,215,2,1.61,0
TXREF-19338,278.72,19.22,1517,2,16.83,1
TXREF-19339,37.89,21.81,22,2,6.47,0
TXREF-19340,52.93,11.11,3,1,2.67,0
TXREF-19341,17.74,21.17,218,2,10.85,0
TXREF-19342,10.42,17.32,116,3,31.36,0
TXREF-19343,28.3,20.7,41,2,4.41,0
TXREF-19344,35.79,13.25,153,4,3.27,0
TXREF-19345,44.13,20.12,433,3,2.94,0
TXREF-19346,12.53,12.86,147,1,3.37,0
TXREF-19347,56.02,20.3,69,2,1.84,0
TXREF-19348,19.15,17.67,1800,2,10.43,0
TXREF-19349,53.96,9.52,625,1,15.19,0
TXREF-19350,68.25,13.75,49,1,8.34,0
TXREF-19351,26.19,14.27,30,1,7.2,0
TXREF-19352,17.39,22.42,2200,4,19.87,0
TXREF-19353,105.79,8.99,135,2,2.14,0
TXREF-19354,65.27,14.22,12,3,8.45,1
TXREF-19355,38.84,16.2,702,1,12.8,0
TXREF-19356,100.21,11.83,714,2,5.48,0
TXREF-19357,36.96,10.22,251,1,11.28,0
TXREF-19358,22.27,18.02,903,5,36.01,0
TXREF-19359,16.92,15.69,428,2,3.2,0
TXREF-19360,32.21,12.84,29,3,9.67,0
TXREF-19361,60.68,16.95,1079,2,5.0,0
TXREF-19362,94.69,14.77,928,2,49.25,0
TXREF-19363,35.41,19.73,120,4,1.6,0
TXREF-19364,83.38,19.85,52,1,2.51,0
TXREF-19365,29.84,9.55,541,1,16.42,0
TXREF-19366,19.83,11.89,568,1,8.58,0
TXREF-19367,13.59,16.85,139,4,3.19,0
TXREF-19368,24.18,14.99,129,2,1.94,0
TXREF-19369,13.97,13.03,125,3,6.08,0
TXREF-19370,147.95,22.95,155,4,12.87,0
TXREF-19371,47.77,22.55,475,3,1.45,0
TXREF-19372,32.5,19.18,715,1,13.22,0
TXREF-19373,120.28,13.67,429,1,6.41,0
TXREF-19374,13.63,14.67,796,2,35.53,0
TXREF-19375,31.54,10.9,66,3,15.35,0
TXREF-19376,146.9,12.33,13,4,3.73,1
TXREF-19377,31.38,12.46,996,1,49.64,0
TXREF-19378,202.7,15.79,1259,4,14.22,0
TXREF-19379,61.29,14.82,572,3,96.54,0
TXREF-19380,89.15,12.94,280,1,1.89,0
TXREF-19381,91.02,12.82,47,2,9.69,0
TXREF-19382,34.85,7.7,43,3,3.67,0
TXREF-19383,24.5,19.14,364,4,2.99,0
TXREF-19384,32.04,7.33,755,4,5.88,0
TXREF-19385,17.11,15.35,97,2,4.41,0
TXREF-19386,33.2,19.36,8,2,9.56,0
TXREF-19387,34.7,13.15,39,2,10.98,0
TXREF-19388,117.48,13.97,167,3,6.9,0
TXREF-19389,53.37,11.88,160,1,11.51,0
TXREF-19390,190.77,21.34,1219,2,19.95,0
TXREF-19391,7.35,9.8,403,4,1.28,0
TXREF-19392,14.49,15.05,2951,1,1.73,0
TXREF-19393,26.95,11.83,41,2,2.48,0
TXREF-19394,101.96,12.63,58,1,2.2,0
TXREF-19395,32.17,12.72,183,1,11.26,0
TXREF-19396,12.1,13.47,288,3,29.91,0
TXREF-19397,29.18,15.61,137,3,1.54,0
TXREF-19398,14.7,13.89,157,1,1.0,0
TXREF-19399,12.76,16.99,244,1,5.72,0
TXREF-19400,146.81,17.34,204,6,6.72,0
TXREF-19401,27.03,14.99,213,2,0.82,0
TXREF-19402,39.44,16.18,304,3,106.16,0
TXREF-19403,32.56,20.48,450,2,3.94,0
TXREF-19404,29.05,9.48,2193,4,24.06,0
TXREF-19405,19.01,17.44,498,3,6.13,0
TXREF-19406,27.84,18.94,365,2,5.91,0
TXREF-19407,44.38,15.39,393,2,6.78,0
TXREF-19408,96.68,20.09,1155,1,17.05,0
TXREF-19409,68.87,19.68,300,1,8.26,0
TXREF-19410,14.47,12.92,99,2,10.15,0
TXREF-19411,70.93,13.17,11,4,3.72,0
TXREF-19412,49.02,21.76,772,1,13.09,0
TXREF-19413,22.2,12.0,335,2,2.73,0
TXREF-19414,39.69,22.68,303,1,15.39,0
TXREF-19415,52.56,16.52,230,1,68.42,0
TXREF-19416,36.01,14.15,172,2,6.83,0
TXREF-19417,49.19,9.49,418,1,9.06,0
TXREF-19418,18.7,14.81,181,3,1.52,0
TXREF-19419,146.18,10.21,399,1,35.9,1
TXREF-19420,8.68,23.52,131,4,2.85,0
TXREF-19421,52.78,5.99,915,2,27.09,1
TXREF-19422,45.33,20.0,481,3,2.2,0
TXREF-19423,55.31,12.64,453,5,24.43,0
TXREF-19424,20.9,8.59,654,4,3.83,0
TXREF-19425,80.79,13.95,271,3,19.79,0
TXREF-19426,32.21,14.05,480,3,6.76,0
TXREF-19427,14.82,17.32,817,2,1.85,0
TXREF-19428,15.83,23.06,81,2,26.43,0
TXREF-19429,38.08,18.33,325,4,9.24,0
TXREF-19430,11.03,16.55,1000,2,1.5,0
TXREF-19431,127.28,13.2,1560,3,14.69,0
TXREF-19432,74.09,15.37,176,5,9.53,0
TXREF-19433,129.71,9.81,36,1,4.62,0
TXREF-19434,120.23,18.03,131,2,4.95,0
TXREF-19435,27.02,11.57,314,2,15.62,0
TXREF-19436,18.62,23.49,928,2,2.82,0
TXREF-19437,5.06,14.24,280,3,3.39,0
TXREF-19438,25.98,16.12,935,1,6.73,0
TXREF-19439,124.12,14.84,70,3,1.73,0
TXREF-19440,19.18,19.78,637,5,7.63,0
TXREF-19441,29.93,9.01,120,3,1.68,0
TXREF-19442,23.35,20.73,516,5,11.4,0
TXREF-19443,45.6,20.8,29,2,2.64,0
TXREF-19444,87.88,20.91,22,4,4.34,0
TXREF-19445,11.49,10.72,948,2,25.15,0
TXREF-19446,13.19,17.76,734,3,5.08,0
TXREF-19447,101.53,20.53,251,3,1.45,0
TXREF-19448,59.02,13.3,642,3,10.19,0
TXREF-19449,28.88,16.48,868,2,3.03,0
TXREF-19450,119.0,14.37,246,3,9.97,0
TXREF-19451,13.03,15.96,1208,2,7.45,0
TXREF-19452,68.07,15.03,1630,3,11.37,0
TXREF-19453,33.14,15.74,66,2,14.73,0
TXREF-19454,53.88,12.56,237,3,2.24,0
TXREF-19455,6.24,18.72,625,3,6.28,0
TXREF-19456,28.86,10.12,756,3,37.35,0
TXREF-19457,59.17,13.72,166,2,3.16,0
TXREF-19458,33.26,17.51,235,2,3.67,0
TXREF-19459,85.95,13.51,326,2,2.64,0
TXREF-19460,83.91,12.62,71,4,9.46,0
TXREF-19461,17.46,21.32,63,1,4.49,0
TXREF-19462,63.01,18.54,809,5,1.79,0
TXREF-19463,17.04,21.71,844,3,9.21,0
TXREF-19464,36.19,10.89,1260,1,4.56,0
TXREF-19465,55.84,7.49,981,3,5.08,0
TXREF-19466,19.08,16.27,126,2,8.27,0
TXREF-19467,61.35,18.05,309,2,13.68,0
TXREF-19468,24.19,15.27,213,3,14.61,0
TXREF-19469,22.92,8.53,50,1,2.53,0
TXREF-19470,57.9,14.51,56,2,14.32,0
TXREF-19471,19.07,12.44,49,3,32.1,0
TXREF-19472,18.38,14.52,472,2,2.23,0
TXREF-19473,73.67,20.22,34,1,6.71,1
TXREF-19474,37.64,21.56,807,4,1.35,0
TXREF-19475,12.22,15.84,155,1,2.92,0
TXREF-19476,64.46,13.85,563,1,16.97,0
TXREF-19477,25.98,15.33,819,1,3.2,0
TXREF-19478,12.68,11.69,1203,4,24.83,0
TXREF-19479,5.72,19.1,8,1,2.15,0
TXREF-19480,66.72,13.38,31,3,2.5,0
TXREF-19481,18.74,20.67,286,7,1.2,0
TXREF-19482,14.22,20.34,119,3,8.67,0
TXREF-19483,55.17,6.86,154,3,16.21,0
TXREF-19484,62.19,12.26,291,1,73.31,0
TXREF-19485,19.75,15.96,382,2,9.06,0
TXREF-19486,67.16,17.92,327,3,5.5,0
TXREF-19487,152.86,22.67,376,1,5.83,0
TXREF-19488,91.8,22.57,593,1,6.32,0
TXREF-19489,82.07,13.84,335,1,12.85,0
TXREF-19490,43.65,14.93,287,3,10.27,0
TXREF-19491,25.29,18.99,1655,4,7.29,0
TXREF-19492,33.44,16.95,1527,3,23.88,0
TXREF-19493,47.81,16.97,30,2,42.85,0
TXREF-19494,14.08,18.25,320,2,6.96,0
TXREF-19495,20.01,10.57,72,2,8.58,0
TXREF-19496,12.45,20.76,136,2,19.06,0
TXREF-19497,41.24,2.28,547,3,27.57,1
TXREF-19498,36.96,16.24,161,2,12.55,0
TXREF-19499,21.76,21.14,481,4,8.57,0
TXREF-19500,62.85,15.83,202,2,5.8,0
TXREF-19501,16.41,20.99,34,4,5.15,0
TXREF-19502,21.19,11.95,112,2,0.87,0
TXREF-19503,61.07,17.15,238,4,6.13,0
TXREF-19504,67.95,16.32,538,4,3.22,0
TXREF-19505,19.63,13.02,358,5,3.09,0
TXREF-19506,41.14,11.34,67,4,1.76,0
TXREF-19507,19.87,17.04,897,2,14.71,0
TXREF-19508,30.2,16.8,40,1,21.31,0
TXREF-19509,38.61,16.05,183,2,0.62,0
TXREF-19510,52.12,20.14,817,2,5.75,0
TXREF-19511,43.76,19.96,543,3,8.27,0
TXREF-19512,42.38,13.95,91,3,22.91,1
TXREF-19513,16.01,18.5,214,6,4.35,0
TXREF-19514,46.04,11.09,486,2,2.2,0
TXREF-19515,51.77,14.15,319,2,2.49,0
TXREF-19516,57.17,19.23,537,2,46.53,0
TXREF-19517,20.74,23.35,209,3,49.76,0
TXREF-19518,67.3,13.59,270,3,7.99,0
TXREF-19519,13.49,19.6,137,2,23.02,0
TXREF-19520,25.53,19.55,756,4,10.5,0
TXREF-19521,28.55,22.13,106,2,2.41,0
TXREF-19522,14.03,9.03,247,4,4.01,0
TXREF-19523,28.24,10.95,149,3,3.06,0
TXREF-19524,40.83,14.67,549,2,5.69,0
TXREF-19525,9.35,8.94,96,2,15.67,0
TXREF-19526,26.2,20.38,143,4,6.75,0
TXREF-19527,9.89,15.79,229,3,8.49,0
TXREF-19528,151.4,13.77,594,3,2.19,0
TXREF-19529,40.57,11.08,888,3,9.57,0
TXREF-19530,38.11,12.97,700,1,21.55,0
TXREF-19531,41.14,19.56,1057,2,4.44,0
TXREF-19532,53.8,18.1,306,3,0.91,0
TXREF-19533,70.41,13.66,84,3,1.43,0
TXREF-19534,11.29,16.61,140,2,1.68,0
TXREF-19535,89.42,14.39,1163,2,12.34,0
TXREF-19536,85.37,8.32,345,2,3.61,0
TXREF-19537,33.19,7.75,340,1,8.02,0
TXREF-19538,31.96,11.09,109,2,4.44,0
TXREF-19539,3.73,8.96,287,6,28.38,0
TXREF-19540,14.22,14.87,298,4,20.18,0
TXREF-19541,50.58,21.52,790,1,9.95,0
TXREF-19542,82.64,15.36,366,4,8.01,0
TXREF-19543,58.84,15.41,1588,5,14.72,0
TXREF-19544,32.97,16.21,956,2,1.63,0
TXREF-19545,139.3,11.02,139,2,6.94,0
TXREF-19546,71.79,21.55,44,1,2.53,0
TXREF-19547,26.22,17.74,695,4,73.5,0
TXREF-19548,167.52,16.28,640,2,1.99,0
TXREF-19549,15.81,17.91,1259,1,8.27,0
TXREF-19550,12.06,16.31,17,3,15.43,0
TXREF-19551,25.71,13.43,736,2,6.84,0
TXREF-19552,20.16,15.81,644,2,7.47,0
TXREF-19553,26.77,9.09,138,2,4.73,0
TXREF-19554,61.84,20.67,129,3,2.63,0
TXREF-19555,33.97,15.49,310,1,5.23,0
TXREF-19556,34.61,18.18,661,5,28.53,0
TXREF-19557,36.32,10.06,192,2,17.07,0
TXREF-19558,6.59,14.05,358,3,8.96,0
TXREF-19559,11.69,21.94,4,2,45.99,0
TXREF-19560,26.38,12.03,243,4,83.67,0
TXREF-19561,18.97,12.91,96,5,12.0,0
TXREF-19562,29.46,15.96,22,2,3.79,0
TXREF-19563,95.68,14.35,232,1,6.05,0
TXREF-19564,33.0,14.36,925,3,6.94,0
TXREF-19565,13.44,10.86,159,1,1.09,0
TXREF-19566,19.67,13.9,61,1,6.68,0
TXREF-19567,119.3,12.73,97,3,2.2,0
TXREF-19568,104.94,18.26,176,2,3.12,0
TXREF-19569,53.47,12.27,374,1,7.29,0
TXREF-19570,11.3,13.91,53,2,8.95,0
TXREF-19571,43.42,18.96,273,3,2.31,0
TXREF-19572,45.89,14.04,302,2,0.67,0
TXREF-19573,35.46,12.83,325,4,6.63,0
TXREF-19574,23.09,11.02,75,2,6.84,0
TXREF-19575,26.81,7.76,1204,2,101.5,0
TXREF-19576,21.96,17.03,217,4,6.3,0
TXREF-19577,15.26,23.39,1230,1,10.17,0
TXREF-19578,93.08,11.42,151,4,3.93,0
TXREF-19579,65.71,2.61,165,2,2.89,0
TXREF-19580,28.36,10.72,274,3,25.69,0
TXREF-19581,44.86,13.02,185,3,1.43,0
TXREF-19582,46.09,12.3,158,1,5.17,0
TXREF-19583,188.08,23.18,162,2,58.24,1
TXREF-19584,65.25,16.07,77,1,14.9,0
TXREF-19585,63.5,19.63,106,2,14.88,0
TXREF-19586,35.78,23.71,339,3,4.4,0
TXREF-19587,25.46,19.75,452,3,2.65,0
TXREF-19588,94.21,14.2,503,3,6.76,0
TXREF-19589,55.68,12.11,122,1,2.38,0
TXREF-19590,19.16,14.77,303,1,18.71,0
TXREF-19591,48.27,17.18,22,3,3.87,0
TXREF-19592,63.62,17.38,53,3,3.34,1
TXREF-19593,7.7,22.64,370,1,63.53,0
TXREF-19594,17.92,9.92,114,3,12.26,0
TXREF-19595,45.2,17.2,8,3,1.79,0
TXREF-19596,8.71,13.08,57,4,8.46,0
TXREF-19597,9.76,6.96,821,2,4.71,0
TXREF-19598,28.65,18.89,302,2,2.37,0
TXREF-19599,49.6,21.27,205,2,3.04,0
TXREF-19600,51.28,13.0,645,3,16.47,0
TXREF-19601,108.78,16.45,140,2,8.03,0
TXREF-19602,36.94,11.03,239,4,6.04,0
TXREF-19603,26.62,20.52,299,3,1.47,0
TXREF-19604,13.58,14.91,342,2,29.77,0
TXREF-19605,26.39,9.88,526,2,1.28,0
TXREF-19606,57.94,12.98,307,1,3.43,0
TXREF-19607,59.86,15.58,146,4,0.82,0
TXREF-19608,42.12,14.13,1271,1,10.4,0
TXREF-19609,51.62,15.21,1263,2,3.0,0
TXREF-19610,87.27,12.12,125,3,10.67,1
TXREF-19611,36.75,15.78,787,2,4.55,0
TXREF-19612,93.17,12.72,1423,3,8.2,0
TXREF-19613,20.63,22.15,1081,3,6.37,0
TXREF-19614,33.02,9.78,405,2,2.07,0
TXREF-19615,24.63,22.63,874,3,14.85,0
TXREF-19616,61.61,10.96,505,4,8.45,0
TXREF-19617,16.77,18.07,960,2,173.21,0
TXREF-19618,27.61,16.65,191,3,0.93,0
TXREF-19619,9.13,11.09,5,2,19.41,0
TXREF-19620,53.41,15.92,104,2,27.31,0
TXREF-19621,85.43,20.21,253,1,3.12,0
TXREF-19622,67.07,14.88,184,3,11.05,0
TXREF-19623,62.5,14.47,110,4,24.01,1
TXREF-19624,63.71,12.88,123,3,26.77,0
TXREF-19625,57.61,12.62,348,2,1.1,0
TXREF-19626,54.18,15.09,439,2,8.39,0
TXREF-19627,56.76,11.11,458,4,46.1,0
TXREF-19628,21.71,21.03,49,1,20.74,0
TXREF-19629,30.14,18.86,557,4,7.03,0
TXREF-19630,36.62,20.34,101,3,8.64,0
TXREF-19631,27.34,9.82,372,1,8.41,0
TXREF-19632,11.27,10.79,60,1,9.83,0
TXREF-19633,14.31,7.16,1083,1,3.93,0
TXREF-19634,41.08,16.91,43,2,1.89,0
TXREF-19635,66.83,18.86,87,2,3.57,0
TXREF-19636,35.05,10.52,397,4,6.01,0
TXREF-19637,254.85,16.08,960,4,3.59,0
TXREF-19638,17.95,20.89,113,1,4.28,0
TXREF-19639,47.96,9.07,257,1,20.38,0
TXREF-19640,88.21,12.03,818,2,8.81,0
TXREF-19641,74.98,9.0,29,3,5.4,0
TXREF-19642,55.79,17.04,812,1,9.61,0
TXREF-19643,75.23,13.69,190,2,2.64,0
TXREF-19644,36.23,12.73,218,2,5.72,0
TXREF-19645,115.27,14.73,144,2,7.97,0
TXREF-19646,87.7,12.22,79,3,3.2,0
TXREF-19647,18.85,12.71,418,1,18.7,0
TXREF-19648,43.88,21.01,71,2,5.39,0
TXREF-19649,11.43,22.42,539,7,3.46,0
TXREF-19650,104.13,12.5,584,3,2.62,0
TXREF-19651,40.91,21.23,292,4,2.8,0
TXREF-19652,91.94,19.41,87,5,2.05,0
TXREF-19653,32.18,20.58,209,3,19.45,0
TXREF-19654,9.15,15.87,631,3,9.24,0
TXREF-19655,232.5,9.2,191,3,6.44,1
TXREF-19656,38.26,18.51,633,2,4.67,0
TXREF-19657,16.94,18.27,59,2,1.26,0
TXREF-19658,79.44,12.94,250,3,12.31,1
TXREF-19659,150.78,11.11,214,4,2.46,0
TXREF-19660,30.09,20.37,14,2,1.46,0
TXREF-19661,32.41,19.37,634,3,19.03,0
TXREF-19662,41.32,19.0,280,6,6.98,0
TXREF-19663,15.64,21.01,1704,2,0.42,0
TXREF-19664,21.17,15.1,314,2,1.8,0
TXREF-19665,125.59,18.77,153,1,19.53,1
TXREF-19666,31.65,13.23,212,1,6.58,0
TXREF-19667,19.05,21.2,300,5,2.77,0
TXREF-19668,25.14,14.73,240,2,10.39,0
TXREF-19669,75.37,20.14,354,1,1.87,0
TXREF-19670,8.39,18.6,843,1,4.88,0
TXREF-19671,41.82,13.56,141,4,82.73,0
TXREF-19672,204.96,18.88,6,4,59.31,1
TXREF-19673,150.26,13.99,60,4,3.57,0
TXREF-19674,52.6,12.25,432,3,6.32,0
TXREF-19675,89.82,13.09,1239,2,12.49,0
TXREF-19676,89.2,15.84,58,4,19.76,0
TXREF-19677,31.8,11.49,126,2,3.98,0
TXREF-19678,67.75,18.28,137,7,4.05,0
TXREF-19679,126.19,9.38,205,1,4.31,0
TXREF-19680,14.01,11.37,511,4,1.54,0
TXREF-19681,52.73,14.75,198,3,1.89,0
TXREF-19682,45.16,17.33,668,2,5.74,0
TXREF-19683,37.5,16.92,108,2,2.99,0
TXREF-19684,35.18,15.38,41,3,4.12,0
TXREF-19685,41.13,9.11,79,5,12.22,0
TXREF-19686,43.69,11.24,140,4,6.81,0
TXREF-19687,77.9,13.37,567,4,4.1,0
TXREF-19688,49.06,19.93,78,1,32.43,0
TXREF-19689,30.63,12.22,178,5,17.57,0
TXREF-19690,19.02,19.85,38,5,5.44,0
TXREF-19691,24.78,18.63,1089,1,2.55,0
TXREF-19692,42.02,20.28,615,1,8.18,0
TXREF-19693,20.94,10.39,1442,4,4.7,0
TXREF-19694,68.79,14.73,114,2,3.35,0
TXREF-19695,47.45,13.84,559,3,3.46,0
TXREF-19696,79.31,12.4,14,1,7.15,0
TXREF-19697,21.98,14.0,638,2,3.69,0
TXREF-19698,19.14,11.04,35,4,3.15,1
TXREF-19699,78.88,12.36,578,3,7.34,0
TXREF-19700,38.23,13.88,79,1,14.29,0
TXREF-19701,30.09,7.49,11,2,461.42,1
TXREF-19702,57.57,17.06,710,4,4.18,0
TXREF-19703,56.05,9.61,231,3,26.78,0
TXREF-19704,14.1,11.0,35,1,18.57,0
TXREF-19705,94.34,17.2,47,1,4.64,0
TXREF-19706,25.91,15.82,213,1,0.86,0
TXREF-19707,118.39,14.28,109,3,5.59,0
TXREF-19708,13.33,8.53,354,2,1.6,0
TXREF-19709,43.75,12.06,419,3,4.26,0
TXREF-19710,30.46,19.74,624,3,3.99,0
TXREF-19711,8.4,13.54,378,1,9.32,0
TXREF-19712,55.92,20.13,362,4,1.93,0
TXREF-19713,8.71,20.38,1515,2,8.24,0
TXREF-19714,28.22,18.31,51,4,8.27,0
TXREF-19715,77.1,12.29,697,3,5.51,0
TXREF-19716,23.77,17.89,588,5,9.55,0
TXREF-19717,18.16,12.11,252,2,4.02,0
TXREF-19718,61.95,5.6,686,5,1.62,0
TXREF-19719,29.09,10.0,418,4,4.65,0
TXREF-19720,26.01,6.41,231,2,3.63,0
TXREF-19721,87.18,0.28,342,3,16.56,1
TXREF-19722,15.02,23.05,2,5,9.18,1
TXREF-19723,25.01,8.9,1066,1,20.61,0
TXREF-19724,64.96,11.27,161,3,4.49,0
TXREF-19725,14.34,9.44,199,2,2.14,0
TXREF-19726,124.99,13.59,121,4,21.64,1
TXREF-19727,29.78,11.27,458,3,15.77,0
TXREF-19728,65.34,17.23,571,3,15.02,0
TXREF-19729,65.25,14.54,70,2,7.78,0
TXREF-19730,31.2,19.14,274,3,5.58,0
TXREF-19731,24.66,12.54,1614,5,9.4,0
TXREF-19732,33.75,21.72,952,3,7.94,0
TXREF-19733,58.16,20.32,493,1,20.1,0
TXREF-19734,17.11,12.31,24,3,17.53,0
TXREF-19735,14.64,21.71,15,2,5.29,0
TXREF-19736,101.35,23.16,541,4,8.01,0
TXREF-19737,20.51,21.07,263,1,4.45,0
TXREF-19738,44.92,8.67,880,2,2.43,0
TXREF-19739,30.1,20.03,494,3,33.56,0
TXREF-19740,31.07,7.39,1088,2,35.42,0
TXREF-19741,97.5,15.97,838,2,10.48,0
TXREF-19742,32.74,9.75,528,5,8.35,0
TXREF-19743,26.93,13.18,932,3,2.63,0
TXREF-19744,28.67,16.85,1012,1,1.71,0
TXREF-19745,24.23,20.0,1543,4,1.4,0
TXREF-19746,21.49,22.25,1583,2,12.06,0
TXREF-19747,24.3,17.88,107,2,30.17,0
TXREF-19748,115.3,20.36,49,2,11.18,0
TXREF-19749,58.11,9.99,300,2,7.16,0
TXREF-19750,27.15,15.55,296,4,1.76,0
TXREF-19751,70.58,13.13,407,6,2.25,0
TXREF-19752,11.1,13.53,268,1,25.11,0
TXREF-19753,93.74,9.16,31,2,24.08,0
TXREF-19754,88.46,12.3,9,1,1.34,1
TXREF-19755,174.19,12.65,342,3,20.41,0
TXREF-19756,72.12,18.58,439,2,3.53,0
TXREF-19757,47.69,10.3,337,2,2.79,0
TXREF-19758,88.2,6.37,227,1,3.12,0
TXREF-19759,22.19,13.98,527,6,15.57,0
TXREF-19760,26.19,9.98,594,3,2.44,0
TXREF-19761,33.24,13.55,374,2,12.14,0
TXREF-19762,93.28,16.11,159,1,6.91,0
TXREF-19763,18.8,22.5,18,1,7.94,0
TXREF-19764,17.41,19.58,1377,1,3.5,0
TXREF-19765,41.28,18.95,144,2,3.87,0
TXREF-19766,58.36,16.71,238,3,29.93,1
TXREF-19767,20.98,21.66,676,2,9.83,0
TXREF-19768,56.41,16.33,63,3,13.84,0
TXREF-19769,93.25,10.79,18,2,2.7,0
TXREF-19770,82.63,23.24,417,1,20.22,1
TXREF-19771,44.9,9.06,1048,4,5.27,0
TXREF-19772,32.61,15.74,72,1,34.6,0
TXREF-19773,121.47,19.79,1376,3,3.69,0
TXREF-19774,35.2,14.31,1436,2,2.68,0
TXREF-19775,68.52,17.07,378,3,12.02,0
TXREF-19776,142.59,11.37,246,3,10.43,0
TXREF-19777,63.52,13.92,1193,2,1.41,0
TXREF-19778,16.98,14.97,7,3,3.43,0
TXREF-19779,14.27,13.04,494,3,7.65,0
TXREF-19780,28.1,16.29,204,1,7.83,0
TXREF-19781,58.02,15.06,1421,3,7.77,0
TXREF-19782,47.95,19.33,473,2,3.62,0
TXREF-19783,170.56,18.12,779,5,25.48,0
TXREF-19784,47.62,15.8,345,2,1.53,0
TXREF-19785,27.5,11.3,132,3,23.04,0
TXREF-19786,15.39,20.77,70,2,7.61,0
TXREF-19787,81.44,13.3,3386,8,9.88,0
TXREF-19788,34.66,23.35,250,4,4.74,0
TXREF-19789,11.77,6.92,661,1,34.94,0
TXREF-19790,35.38,11.44,261,3,8.05,0
TXREF-19791,17.0,12.15,590,2,0.86,0
TXREF-19792,25.62,9.4,604,1,5.53,0
TXREF-19793,34.97,10.73,11,2,10.53,0
TXREF-19794,18.14,14.44,190,2,4.65,0
TXREF-19795,24.51,21.84,904,3,1.58,0
TXREF-19796,20.37,23.46,1288,2,1.57,0
TXREF-19797,20.77,9.59,1055,3,1.97,0
TXREF-19798,16.85,21.57,974,1,19.45,0
TXREF-19799,24.59,9.19,699,3,5.93,0
TXREF-19800,18.28,18.67,121,2,17.58,0
TXREF-19801,53.11,18.63,270,1,7.98,0
TXREF-19802,40.23,21.84,589,1,4.93,0
TXREF-19803,82.29,18.05,733,7,1.24,0
TXREF-19804,135.43,16.73,121,2,7.0,0
TXREF-19805,56.69,15.9,1021,2,3.15,0
TXREF-19806,48.12,20.0,856,3,5.05,0
TXREF-19807,59.33,21.11,185,5,25.56,0
TXREF-19808,48.71,7.51,340,3,2.29,0
TXREF-19809,36.09,21.32,1048,1,38.14,0
TXREF-19810,34.09,0.16,388,3,5.38,0
TXREF-19811,16.68,15.76,378,2,22.57,0
TXREF-19812,63.69,16.29,77,3,5.15,0
TXREF-19813,34.04,16.35,449,3,2.05,0
TXREF-19814,98.85,19.24,24,2,7.28,0
TXREF-19815,67.28,12.21,762,5,1.62,0
TXREF-19816,22.18,10.95,73,1,5.64,0
TXREF-19817,85.42,17.8,66,2,3.22,0
TXREF-19818,5.51,21.65,220,1,2.9,0
TXREF-19819,139.74,19.96,63,1,21.82,0
TXREF-19820,13.28,11.55,156,4,19.84,0
TXREF-19821,49.72,12.78,475,3,1.59,0
TXREF-19822,47.36,13.39,286,2,9.83,0
TXREF-19823,78.18,9.07,142,3,2.68,0
TXREF-19824,27.48,9.08,1761,2,6.4,0
TXREF-19825,7.43,16.92,152,2,36.89,0
TXREF-19826,27.5,8.5,41,2,18.99,0
TXREF-19827,29.73,19.58,39,2,3.03,0
TXREF-19828,7.96,13.7,462,1,6.33,0
TXREF-19829,35.97,10.71,96,2,7.81,0
TXREF-19830,16.04,15.34,32,3,9.0,0
TXREF-19831,55.55,21.26,116,2,4.24,0
TXREF-19832,29.16,12.93,558,1,2.5,0
TXREF-19833,142.88,13.34,592,1,5.7,0
TXREF-19834,28.95,9.95,371,3,7.76,0
TXREF-19835,47.46,11.98,1131,4,4.33,0
TXREF-19836,29.86,18.88,160,2,3.82,0
TXREF-19837,10.82,14.59,734,2,9.3,0
TXREF-19838,30.04,15.28,98,3,1.3,0
TXREF-19839,59.89,11.48,724,4,0.94,0
TXREF-19840,53.7,9.77,224,2,4.03,0
TXREF-19841,28.19,13.23,42,1,15.86,1
TXREF-19842,12.2,20.7,13,3,15.57,0
TXREF-19843,55.37,19.57,510,3,3.14,0
TXREF-19844,47.09,9.99,42,2,4.88,0
TXREF-19845,63.9,22.26,98,3,35.0,0
TXREF-19846,28.58,16.08,2843,3,36.43,0
TXREF-19847,10.35,13.58,548,4,5.11,0
TXREF-19848,51.13,12.02,311,1,2.96,0
TXREF-19849,34.58,16.15,195,1,3.93,0
TXREF-19850,94.82,8.74,750,1,3.49,0
TXREF-19851,35.54,9.7,204,3,7.85,0
TXREF-19852,33.69,17.58,129,3,2.78,0
TXREF-19853,47.01,21.3,350,5,0.91,0
TXREF-19854,22.65,16.19,278,3,10.82,0
TXREF-19855,21.88,15.51,85,2,4.78,0
TXREF-19856,32.44,12.14,135,2,43.6,0
TXREF-19857,17.94,12.21,16,2,2.63,0
TXREF-19858,29.52,22.26,219,2,2.93,0
TXREF-19859,140.68,18.39,300,4,3.96,0
TXREF-19860,73.75,15.36,1,1,0.47,1
TXREF-19861,43.46,17.07,319,2,7.55,0
TXREF-19862,106.4,11.07,46,2,3.46,0
TXREF-19863,19.22,15.97,198,7,11.65,0
TXREF-19864,209.16,11.85,658,3,12.3,1
TXREF-19865,24.99,21.54,19,4,4.81,0
TXREF-19866,147.34,15.97,309,1,7.79,0
TXREF-19867,146.87,12.3,388,2,7.7,1
TXREF-19868,9.85,21.26,1256,2,0.2,0
TXREF-19869,100.11,15.16,141,2,63.93,1
TXREF-19870,28.38,13.57,17,3,0.57,0
TXREF-19871,23.13,14.44,1072,3,2.16,0
TXREF-19872,50.79,16.1,396,2,1.34,0
TXREF-19873,16.85,18.18,425,4,8.89,0
TXREF-19874,49.97,22.35,265,1,14.4,0
TXREF-19875,17.68,15.7,569,1,35.05,0
TXREF-19876,39.55,12.4,196,4,1.46,0
TXREF-19877,91.05,12.89,1060,4,4.57,0
TXREF-19878,45.98,15.45,227,1,1.73,0
TXREF-19879,26.87,12.84,63,3,26.07,0
TXREF-19880,51.41,15.44,812,2,8.48,0
TXREF-19881,12.65,11.39,254,3,11.66,0
TXREF-19882,19.03,20.17,531,2,3.33,0
TXREF-19883,25.54,14.62,454,2,17.52,0
TXREF-19884,61.35,14.41,373,2,27.59,0
TXREF-19885,46.63,12.46,207,5,5.43,0
TXREF-19886,51.18,20.12,149,2,2.91,0
TXREF-19887,34.13,9.99,59,2,1.57,0
TXREF-19888,19.74,18.28,399,1,6.11,0
TXREF-19889,101.64,16.73,236,2,6.68,0
TXREF-19890,21.06,14.77,153,3,12.92,0
TXREF-19891,47.07,12.15,729,6,5.92,0
TXREF-19892,32.11,12.25,220,3,12.0,0
TXREF-19893,52.21,13.07,404,2,32.95,0
TXREF-19894,22.51,14.33,605,3,0.85,0
TXREF-19895,74.29,23.14,118,4,1.27,0
TXREF-19896,93.91,21.37,692,5,4.95,0
TXREF-19897,71.08,17.27,280,2,1.47,0
TXREF-19898,39.0,16.97,107,2,5.16,0
TXREF-19899,25.45,15.65,180,1,45.58,0
TXREF-19900,265.58,9.02,531,1,26.31,1
TXREF-19901,17.05,14.58,53,4,12.56,0
TXREF-19902,65.66,14.38,569,4,1.27,0
TXREF-19903,44.24,19.83,124,3,8.77,0
TXREF-19904,33.28,19.44,932,2,2.49,0
TXREF-19905,39.78,17.97,103,3,7.71,0
TXREF-19906,24.11,11.39,187,4,6.22,0
TXREF-19907,47.35,11.47,1447,3,4.52,0
TXREF-19908,43.73,13.06,260,2,41.84,0
TXREF-19909,239.35,18.17,7,2,3.45,0
TXREF-19910,75.26,15.33,304,3,1.91,0
TXREF-19911,50.47,15.66,600,3,4.01,0
TXREF-19912,52.69,20.33,49,1,3.25,0
TXREF-19913,130.9,17.39,713,4,8.87,0
TXREF-19914,17.31,11.73,474,1,12.36,0
TXREF-19915,30.52,20.1,1026,5,3.26,0
TXREF-19916,8.82,11.51,393,2,23.26,0
TXREF-19917,52.06,9.12,2002,3,1.97,0
TXREF-19918,64.12,10.54,219,3,2.85,0
TXREF-19919,17.0,17.37,70,2,24.51,0
TXREF-19920,97.83,12.8,2611,1,1.87,0
TXREF-19921,20.75,20.95,1462,4,8.56,0
TXREF-19922,27.21,19.7,942,4,1.77,0
TXREF-19923,37.94,15.21,146,2,32.44,0
TXREF-19924,109.71,13.14,104,1,5.99,0
TXREF-19925,18.77,15.43,867,3,7.81,0
TXREF-19926,42.94,12.47,483,1,3.35,0
TXREF-19927,60.82,20.68,100,2,4.96,0
TXREF-19928,52.42,22.99,25,1,4.87,0
TXREF-19929,53.83,13.74,212,5,29.42,0
TXREF-19930,60.24,13.13,861,2,11.9,0
TXREF-19931,23.35,14.08,188,2,5.73,0
TXREF-19932,117.35,20.8,110,1,15.32,0
TXREF-19933,32.14,12.42,253,8,1.22,0
TXREF-19934,29.21,18.55,584,2,6.64,0
TXREF-19935,91.86,14.6,45,4,9.46,0
TXREF-19936,22.11,15.62,24,4,6.39,0
TXREF-19937,43.84,13.76,662,1,4.74,0
TXREF-19938,20.69,11.16,219,3,2.36,0
TXREF-19939,213.55,14.28,5,2,6.11,1
TXREF-19940,183.5,16.15,812,6,0.76,0
TXREF-19941,32.16,9.73,650,2,12.94,0
TXREF-19942,50.62,9.77,45,4,13.58,0
TXREF-19943,34.94,11.88,25,6,15.72,0
TXREF-19944,27.09,13.38,16,4,32.54,0
TXREF-19945,37.94,6.97,558,3,2.02,0
TXREF-19946,33.81,15.84,108,2,4.84,0
TXREF-19947,11.65,13.42,95,2,1.86,0
TXREF-19948,42.07,6.48,1698,3,10.33,0
TXREF-19949,33.77,19.76,292,2,18.97,0
TXREF-19950,43.59,13.04,306,4,1.97,0
TXREF-19951,32.92,8.33,579,2,5.71,0
TXREF-19952,26.86,17.11,14,2,18.12,0
TXREF-19953,65.36,14.6,230,2,9.87,0
TXREF-19954,51.1,16.17,427,2,0.51,0
TXREF-19955,95.12,10.71,53,2,2.43,0
TXREF-19956,49.71,21.45,157,2,6.16,0
TXREF-19957,30.2,11.89,223,3,9.9,0
TXREF-19958,54.28,13.38,423,2,16.45,0
TXREF-19959,8.36,19.11,123,1,1.42,0
TXREF-19960,158.32,23.11,1848,1,41.21,0
TXREF-19961,42.42,16.59,216,2,6.85,0
TXREF-19962,167.81,14.45,198,3,4.53,1
TXREF-19963,18.62,12.52,211,2,37.59,0
TXREF-19964,15.57,16.7,259,3,7.89,0
TXREF-19965,45.3,0.43,1047,2,2.16,0
TXREF-19966,45.2,17.16,190,2,2.54,0
TXREF-19967,44.41,18.28,206,1,12.14,0
TXREF-19968,39.8,13.25,106,2,3.84,0
TXREF-19969,22.15,21.82,600,4,1.12,0
TXREF-19970,11.95,14.01,423,5,3.06,0
TXREF-19971,42.69,13.58,683,2,13.82,0
TXREF-19972,13.83,18.57,175,3,2.21,0
TXREF-19973,12.92,11.71,16,3,5.11,0
TXREF-19974,26.47,17.89,479,4,151.15,0
TXREF-19975,47.47,14.35,423,2,6.98,0
TXREF-19976,145.65,17.83,191,4,2.44,0
TXREF-19977,70.46,16.61,1463,1,7.64,0
TXREF-19978,97.7,19.71,56,3,9.17,0
TXREF-19979,55.74,18.0,62,3,13.92,0
TXREF-19980,45.34,14.06,445,2,8.42,0
TXREF-19981,211.49,10.84,594,2,14.62,0
TXREF-19982,13.43,12.88,353,3,25.19,0
TXREF-19983,25.85,13.81,609,2,12.74,0
TXREF-19984,27.35,12.36,236,3,27.92,0
TXREF-19985,66.25,18.38,52,2,3.21,0
TXREF-19986,17.21,16.99,625,5,0.14,0
TXREF-19987,60.32,8.46,628,3,0.57,0
TXREF-19988,52.84,13.53,1053,2,3.37,0
TXREF-19989,62.53,4.71,328,3,2.52,0
TXREF-19990,61.72,21.71,1221,5,10.11,0
TXREF-19991,105.38,13.67,148,1,2.48,0
TXREF-19992,33.6,21.79,321,3,20.64,0
TXREF-19993,50.99,18.72,981,3,0.69,0
TXREF-19994,20.48,16.98,331,5,9.22,0
TXREF-19995,17.38,23.85,115,2,14.07,0
TXREF-19996,124.05,10.74,2003,2,14.15,0
TXREF-19997,19.4,10.49,1,8,7.78,0
TXREF-19998,55.24,18.89,183,4,151.34,1
TXREF-19999,51.03,11.09,698,1,1.58,0
TXREF-20000,81.12,12.77,350,2,5.07,0
